; HEADER_BLOCK_START
; generated by ElegooSlicer 1.5.3.5 on 2026-09-27 at 12:26:14
; total layer number: 9
; filament_density: 1.25
; filament_diameter: 1.75
; max_z_height: 1.80
; HEADER_BLOCK_END

; filament: 1
; HEADER_BLOCK_END

; external perimeters extrusion width = 0.42mm
; perimeters extrusion width = 0.45mm
; infill extrusion width = 0.45mm
; solid infill extrusion width = 0.42mm
; top infill extrusion width = 0.42mm
; first layer extrusion width = 0.50mm

; EXECUTABLE_BLOCK_START
M73 P0 R20
M106 S0
M106 P2 S0
;TYPE:Custom
;===== CC2_START_GCODE ================
;===== date: 2026-01-16-001 =====================

G90
M104 S140
M140 S60
M190 S60 A
M106 S0
BED_MESH_CALIBRATE mesh_min=88,103 mesh_max=168,153 ALGORITHM=bicubic PROBE_COUNT=5,4 ADAPTIVE=0 ADAPTIVE_MARGIN=0 FROM_SLICER=1
M204 S2000 ;Call exterior wall print acceleration
G28
M109 S210
M6211 A1 L200 T0 Q210 R210 S210
T0


G180 S7
G1 X127 Y-1.2 F20000
G1 Z0.5 F900
M73 P8 R18
M109 S210
M83
G92 E0 ;Reset Extruder
G1 E6 F251.567 
M106 S200
G1 X87 E20 F1200 
G1 F6000
G1 X82 E0.8

M106 S0
G180 S8
G1 F20000
G92 E0 ;Reset Extruder
SET_PRINT_STATS_INFO TOTAL_LAYER=9 CURRENT_LAYER=0
;LAYER_COUNT:9
;LAYER:0
G90
G21
M83 ; use relative distances for extrusion
; filament start gcode
M106 P3 S200


SET_PRESSURE_ADVANCE ADVANCE=0.04; Override pressure advance value
M106 P2 S0
;LAYER_CHANGE
;Z:0.2
;HEIGHT:0.2
;BEFORE_LAYER_CHANGE
;0.2
G92 E0

G1 E-.8 F1800
M73 L1
;LAYER:1
SET_PRINT_STATS_INFO TOTAL_LAYER=9 CURRENT_LAYER=1
;_SET_FAN_SPEED_CHANGING_LAYER
SET_VELOCITY_LIMIT ACCEL=500
G1 X125.79 Y110.481 F30000
G1 Z.6
G1 Z.2
G1 E.8 F1800
;TYPE:Inner wall
;WIDTH:0.5
G1 F3000
G1 X125.484 Y110.116 E.01755
G1 X125.193 Y109.874 E.01397
G1 X124.862 Y109.695 E.01387
G1 X124.598 Y109.605 E.01028
G1 X124.23 Y109.544 E.01374
G1 X123.858 Y109.556 E.01375
G1 X123.578 Y109.611 E.01052
G1 X123.209 Y109.753 E.01457
G1 X122.825 Y110.011 E.01704
G1 X122.61 Y110.227 E.01125
G1 X122.387 Y110.56 E.01476
G1 X122.053 Y110.151 E.01947
G1 X121.764 Y109.913 E.0138
G1 X121.433 Y109.736 E.01382
G1 X121.084 Y109.629 E.01346
G1 X120.815 Y109.594 E.01002
G1 X120.453 Y109.605 E.01335
G1 X120.088 Y109.69 E.0138
G1 X119.747 Y109.844 E.01381
G1 X119.442 Y110.062 E.01381
G1 X119.186 Y110.335 E.01381
G1 X118.943 Y110.723 E.01688
G1 X118.671 Y110.316 E.01807
G1 X118.411 Y110.071 E.01316
G1 X118.173 Y109.914 E.01051
G1 X117.781 Y109.753 E.01563
G1 X117.421 Y109.693 E.01347
G1 X117.077 Y109.704 E.01267
G1 X116.807 Y109.758 E.01014
G1 X116.416 Y109.92 E.0156
G1 X116.188 Y110.073 E.01015
G1 X115.936 Y110.309 E.01274
G1 X115.724 Y110.609 E.01351
M73 P9 R18
G1 X115.44 Y111.252 E.02593
G1 X115.308 Y110.817 E.01676
G1 X115.088 Y110.488 E.01457
G1 X114.91 Y110.312 E.00923
G1 X114.677 Y110.147 E.01056
G1 X114.389 Y110.017 E.01165
G1 X114.016 Y109.943 E.01403
G1 X113.699 Y109.952 E.01167
G1 X113.401 Y110.021 E.01127
G1 X113.122 Y110.147 E.01128
G1 X112.873 Y110.325 E.01128
G1 X112.664 Y110.548 E.01128
G1 X112.502 Y110.807 E.01128
G1 X112.385 Y111.116 E.01217
G1 X112.339 Y111.581 E.01724
G1 X112.393 Y111.907 E.01217
G1 X112.502 Y112.193 E.01128
G1 X112.664 Y112.452 E.01128
G1 X112.874 Y112.677 E.01134
G1 X113.131 Y112.857 E.01156
G1 X113.412 Y112.983 E.01138
G1 X113.773 Y113.055 E.01357
G1 X114.027 Y113.055 E.00935
G1 X114.389 Y112.983 E.0136
G1 X114.7 Y112.843 E.01257
G1 X115.07 Y112.539 E.01765
G1 X115.288 Y112.212 E.0145
G1 X115.464 Y111.788 E.01692
G1 X115.693 Y112.333 E.02179
G1 X115.924 Y112.677 E.01529
G1 X116.126 Y112.877 E.01046
G1 X116.407 Y113.076 E.0127
G1 X116.807 Y113.242 E.01598
G1 X117.088 Y113.298 E.01056
G1 X117.512 Y113.298 E.0156
G1 X117.793 Y113.242 E.01056
G1 X118.184 Y113.08 E.0156
G1 X118.412 Y112.927 E.01015
G1 X118.671 Y112.684 E.01309
G1 X118.943 Y112.278 E.01802
G1 X119.187 Y112.667 E.01696
G1 X119.452 Y112.946 E.01416
G1 X119.748 Y113.156 E.01339
G1 X120.088 Y113.31 E.01377
G1 X120.464 Y113.397 E.01422
G1 X120.936 Y113.397 E.01739
G1 X121.312 Y113.31 E.01422
G1 X121.653 Y113.156 E.01381
G1 X121.958 Y112.938 E.01381
G1 X122.214 Y112.665 E.01382
G1 X122.37 Y112.415 E.01086
G1 X122.61 Y112.774 E.01591
G1 X122.826 Y112.99 E.01128
G1 X123.22 Y113.253 E.01747
G1 X123.58 Y113.389 E.01417
G1 X123.869 Y113.447 E.01087
G1 X124.354 Y113.447 E.0179
G1 X124.841 Y113.317 E.01858
G1 X125.192 Y113.127 E.0147
G1 X125.494 Y112.877 E.01445
G1 X125.771 Y112.519 E.01668
G1 X125.99 Y112.823 E.01381
G1 X126.274 Y113.092 E.01441
G1 X126.609 Y113.302 E.01461
G1 X126.979 Y113.442 E.01459
G1 X127.359 Y113.505 E.01418
G1 X127.67 Y113.503 E.01147
G1 X128.137 Y113.408 E.01756
G1 X128.497 Y113.245 E.01456
G1 X128.754 Y113.071 E.01146
G1 X129.09 Y112.733 E.01756
G1 X129.303 Y112.389 E.01491
G1 X129.442 Y112.02 E.01453
G1 X129.506 Y111.631 E.01453
G1 X129.493 Y111.238 E.01453
G1 X129.404 Y110.854 E.01453
G1 X129.241 Y110.495 E.01453
G1 X129.012 Y110.174 E.01453
G1 X128.724 Y109.905 E.01453
G1 X128.389 Y109.697 E.01453
G1 X128.02 Y109.558 E.01453
G1 X127.631 Y109.494 E.01454
G1 X127.239 Y109.506 E.01446
G1 X126.863 Y109.594 E.01425
G1 X126.575 Y109.716 E.01154
G1 X126.179 Y109.986 E.01767
G1 X125.896 Y110.293 E.01538
G1 X125.81 Y110.446 E.0065
G1 X126.118 Y110.83 F30000
;TYPE:Outer wall
G1 F3000
G1 X126.019 Y111.128 E.01156
G1 X126.009 Y111.772 E.02376
G1 X126.077 Y112.074 E.0114
G1 X126.21 Y112.346 E.01116
G1 X126.336 Y112.52 E.00795
G1 X126.555 Y112.729 E.01116
G1 X126.813 Y112.891 E.01123
G1 X127.098 Y112.998 E.01123
G1 X127.395 Y113.047 E.01109
G1 X127.623 Y113.046 E.00839
G1 X127.995 Y112.97 E.01402
G1 X128.273 Y112.845 E.01122
G1 X128.461 Y112.717 E.00839
G1 X128.729 Y112.447 E.01401
G1 X128.891 Y112.186 E.01135
G1 X128.998 Y111.901 E.01121
G1 X129.048 Y111.601 E.01121
G1 X129.038 Y111.298 E.01121
G1 X128.969 Y111.001 E.01121
G1 X128.843 Y110.724 E.01121
G1 X128.666 Y110.477 E.01121
G1 X128.444 Y110.269 E.01121
G1 X128.186 Y110.109 E.01121
G1 X127.901 Y110.002 E.01121
G1 X127.601 Y109.952 E.01122
G1 X127.299 Y109.962 E.01114
G1 X127.005 Y110.03 E.01115
G1 X126.794 Y110.119 E.00841
G1 X126.48 Y110.334 E.01405
G1 X126.268 Y110.563 E.0115
G1 X126.138 Y110.795 E.00981
G1 E-.728 F1800
;WIPE_START
G1 F30000
G1 X126.019 Y111.128 E-.02118
G1 X126.009 Y111.772 E-.03867
G1 X126.053 Y111.97 E-.01216
;WIPE_END
G1 X125.474 Y112.061 Z.6
G1 Z.2
G1 E.8 F1800
G1 F3000
G1 X125.532 Y111.857 E.00779
G1 X125.547 Y111.418 E.01622
G1 X125.53 Y111.134 E.01048
G1 X125.432 Y110.841 E.01141
G1 X125.292 Y110.598 E.01033
G1 X125.16 Y110.441 E.00754
G1 X124.936 Y110.254 E.01078
G1 X124.679 Y110.115 E.01077
G1 X124.486 Y110.05 E.00749
G1 X124.2 Y110.002 E.01071
G1 X123.91 Y110.011 E.0107
G1 X123.705 Y110.052 E.00769
G1 X123.421 Y110.161 E.01123
G1 X123.117 Y110.365 E.01349
G1 X122.965 Y110.518 E.00795
G1 X122.756 Y110.831 E.01387
G1 X122.65 Y111.11 E.01102
G1 X122.604 Y111.397 E.0107
G1 X122.604 Y111.615 E.00804
G1 X122.654 Y111.901 E.01071
G1 X122.756 Y112.17 E.01059
G1 X122.965 Y112.482 E.01386
G1 X123.118 Y112.635 E.00796
G1 X123.431 Y112.844 E.01388
G1 X123.706 Y112.948 E.01085
G1 X123.914 Y112.99 E.00782
G1 X124.294 Y112.99 E.01403
G1 X124.671 Y112.889 E.01438
G1 X124.935 Y112.746 E.01104
G1 X125.163 Y112.557 E.01094
G1 X125.346 Y112.321 E.011
G1 X125.456 Y112.096 E.00923
G1 E-.728 F1800
;WIPE_START
G1 F30000
G1 X125.532 Y111.857 E-.01504
G1 X125.547 Y111.418 E-.0264
G1 X125.53 Y111.134 E-.01705
G1 X125.458 Y110.921 E-.01351
;WIPE_END
G1 X122.123 Y111.788 Z.6
G1 Z.2
G1 E.8 F1800
G1 F3000
G1 X122.147 Y111.502 E.01057
G1 X122.124 Y111.22 E.01044
G1 X122.041 Y110.947 E.01053
G1 X121.908 Y110.696 E.01046
G1 X121.728 Y110.475 E.0105
G1 X121.508 Y110.294 E.01049
G1 X121.257 Y110.16 E.01049
G1 X120.987 Y110.078 E.0104
G1 X120.792 Y110.052 E.00725
G1 X120.512 Y110.061 E.01032
G1 X120.235 Y110.125 E.01048
G1 X119.976 Y110.242 E.01049
G1 X119.745 Y110.408 E.01049
G1 X119.55 Y110.615 E.01049
G1 X119.399 Y110.856 E.01049
G1 X119.3 Y111.119 E.01034
G1 X119.26 Y111.32 E.00758
G1 X119.26 Y111.68 E.01327
G1 X119.303 Y111.892 E.00796
G1 X119.404 Y112.153 E.01033
G1 X119.55 Y112.386 E.01013
G1 X119.753 Y112.599 E.01084
G1 X119.976 Y112.758 E.01012
G1 X120.235 Y112.875 E.01048
G1 X120.516 Y112.94 E.01064
G1 X120.884 Y112.94 E.01354
G1 X121.165 Y112.875 E.01064
G1 X121.424 Y112.758 E.01049
G1 X121.655 Y112.592 E.01049
G1 X121.85 Y112.385 E.01049
G1 X122.003 Y112.14 E.01064
G1 X122.11 Y111.825 E.01226
G1 E-.728 F1800
;WIPE_START
G1 F30000
G1 X122.147 Y111.502 E-.01953
G1 X122.124 Y111.22 E-.01699
G1 X122.041 Y110.947 E-.01714
G1 X121.908 Y110.696 E-.01703
G1 X121.894 Y110.679 E-.00131
;WIPE_END
G1 X118.507 Y110.894 Z.6
G1 Z.2
G1 E.8 F1800
G1 F3000
G1 X118.32 Y110.613 E.01243
G1 X118.127 Y110.431 E.00979
G1 X117.958 Y110.32 E.00743
G1 X117.655 Y110.196 E.01209
G1 X117.39 Y110.152 E.00991
G1 X117.129 Y110.16 E.00961
G1 X116.941 Y110.197 E.00709
G1 X116.633 Y110.325 E.01228
G1 X116.473 Y110.432 E.0071
G1 X116.282 Y110.611 E.00964
G1 X116.124 Y110.835 E.01012
G1 X116.015 Y111.08 E.00989
G1 X115.953 Y111.393 E.01176
G1 X115.953 Y111.607 E.00789
G1 X116.018 Y111.926 E.01199
G1 X116.097 Y112.115 E.00756
G1 X116.278 Y112.384 E.01197
G1 X116.421 Y112.526 E.00741
G1 X116.63 Y112.674 E.00942
G1 X116.941 Y112.803 E.01242
G1 X117.133 Y112.841 E.00724
G1 X117.467 Y112.841 E.01228
G1 X117.659 Y112.803 E.00724
G1 X117.967 Y112.675 E.01228
G1 X118.127 Y112.568 E.0071
G1 X118.32 Y112.387 E.00977
G1 X118.508 Y112.106 E.01245
G1 X118.585 Y111.916 E.00757
G1 X118.648 Y111.597 E.01197
G1 X118.647 Y111.392 E.00756
G1 X118.582 Y111.075 E.01194
G1 X118.523 Y110.93 E.00575
G1 E-.728 F1800
;WIPE_START
G1 F30000
G1 X118.32 Y110.613 E-.02259
G1 X118.127 Y110.431 E-.01594
G1 X117.958 Y110.32 E-.01209
G1 X117.655 Y110.196 E-.01967
G1 X117.627 Y110.191 E-.00172
;WIPE_END
G1 X114.994 Y111.63 Z.6
G1 Z.2
G1 E.8 F1800
G1 F3000
G1 X114.993 Y111.353 E.01021
G1 X114.89 Y111.014 E.01305
G1 X114.734 Y110.781 E.01036
G1 X114.615 Y110.664 E.00615
G1 X114.448 Y110.545 E.00755
G1 X114.248 Y110.455 E.00809
G1 X113.978 Y110.401 E.01018
G1 X113.758 Y110.408 E.00809
G1 X113.548 Y110.456 E.00795
G1 X113.351 Y110.545 E.00796
G1 X113.175 Y110.671 E.00796
G1 X113.028 Y110.828 E.00796
G1 X112.913 Y111.011 E.00796
G1 X112.834 Y111.221 E.00827
G1 X112.8 Y111.566 E.01277
G1 X112.837 Y111.787 E.00827
G1 X112.913 Y111.989 E.00796
G1 X113.028 Y112.172 E.00796
G1 X113.176 Y112.33 E.00798
G1 X113.358 Y112.458 E.00821
G1 X113.552 Y112.545 E.00784
G1 X113.818 Y112.598 E.01001
G1 X113.982 Y112.598 E.00604
G1 X114.248 Y112.545 E.01002
G1 X114.457 Y112.451 E.00842
G1 X114.727 Y112.229 E.01292
G1 X114.883 Y111.996 E.01034
G1 X114.945 Y111.848 E.00592
G1 X114.985 Y111.669 E.00674
G1 E-.728 F1800
;WIPE_START
G1 F30000
G1 X114.993 Y111.353 E-.01897
G1 X114.89 Y111.014 E-.02124
G1 X114.734 Y110.781 E-.01686
G1 X114.615 Y110.664 E-.01001
G1 X114.549 Y110.616 E-.00492
;WIPE_END
G1 X122.172 Y110.979 Z.6
G1 X137.296 Y111.699 Z.6
G1 Z.2
G1 E.8 F1800
;TYPE:Inner wall
G1 F3000
G1 X137.221 Y112.449 E.02781
G1 X137.197 Y112.984 E.01974
G1 X137.192 Y116.307 E.12251
G1 X148.808 Y116.307 E.42825
G1 X148.803 Y112.984 E.12251
G1 X148.779 Y112.449 E.01974
G1 X148.684 Y111.5 E.03517
G1 X148.779 Y110.551 E.03517
G1 X148.803 Y110.016 E.01974
G1 X148.808 Y106.693 E.12251
G1 X137.192 Y106.693 E.42825
G1 X137.197 Y110.016 E.12251
G1 X137.221 Y110.551 E.01974
G1 X137.316 Y111.5 E.03517
G1 X137.3 Y111.659 E.00588
G1 X137.752 Y111.729 F30000
;TYPE:Outer wall
G1 F3000
G1 X137.677 Y112.482 E.02792
G1 X137.654 Y112.994 E.01891
G1 X137.65 Y115.85 E.10528
G1 X148.35 Y115.85 E.3945
G1 X148.346 Y112.994 E.10528
G1 X148.323 Y112.482 E.01891
G1 X148.248 Y111.729 E.02792
G1 X137.792 Y111.729 E.38544
G1 X137.752 Y111.271 F30000
G1 F3000
G1 X148.248 Y111.271 E.38691
G1 X148.323 Y110.518 E.02792
G1 X148.346 Y110.006 E.01891
G1 X148.35 Y107.15 E.10528
G1 X137.65 Y107.15 E.3945
G1 X137.654 Y110.006 E.10528
G1 X137.677 Y110.518 E.01891
G1 X137.748 Y111.232 E.02644
G1 E-.728 F1800
;WIPE_START
G1 F30000
G1 X138.948 Y111.236 E-.072
;WIPE_END
G1 X140.878 Y118.621 Z.6
G1 X144.193 Y131.307 Z.6
G1 Z.2
G1 E.8 F1800
;TYPE:Inner wall
G1 F3000
G1 X162.807 Y131.307 E.68623
G1 X162.807 Y117.693 E.5019
G1 X144.193 Y117.693 E.68623
G1 X144.193 Y131.267 E.50043
G1 X144.65 Y130.85 F30000
;TYPE:Outer wall
G1 F3000
G1 X162.35 Y130.85 E.65253
G1 X162.35 Y118.15 E.4682
G1 X144.65 Y118.15 E.65253
G1 X144.65 Y130.81 E.46673
G1 E-.728 F1800
;WIPE_START
G1 F30000
G1 X145.85 Y130.813 E-.072
;WIPE_END
G1 X139.123 Y127.207 Z.6
G1 X109.229 Y111.183 Z.6
M73 P10 R18
G1 Z.2
G1 E.8 F1800
;TYPE:Inner wall
G1 F3000
G1 X109.204 Y111.242 E.00237
G1 X109.204 Y111.758 E.01901
G1 X109.401 Y112.234 E.01901
G1 X109.766 Y112.599 E.01901
G1 X110.242 Y112.796 E.01901
G1 X110.758 Y112.796 E.01901
G1 X111.234 Y112.599 E.01901
G1 X111.599 Y112.234 E.01901
G1 X111.796 Y111.758 E.01901
G1 X111.796 Y111.242 E.01901
G1 X111.599 Y110.766 E.01901
G1 X111.234 Y110.401 E.01901
G1 X110.757 Y110.204 E.01902
G1 X110.242 Y110.204 E.019
G1 X109.766 Y110.401 E.019
G1 X109.401 Y110.766 E.01901
G1 X109.244 Y111.146 E.01516
G1 X109.661 Y111.333 F30000
;TYPE:Outer wall
G1 F3000
G1 X109.661 Y111.667 E.0123
G1 X109.789 Y111.975 E.0123
G1 X110.025 Y112.211 E.0123
G1 X110.333 Y112.339 E.0123
G1 X110.667 Y112.339 E.0123
G1 X110.975 Y112.211 E.0123
G1 X111.211 Y111.975 E.0123
G1 X111.339 Y111.667 E.0123
G1 X111.339 Y111.333 E.0123
G1 X111.211 Y111.025 E.0123
G1 X110.975 Y110.789 E.0123
G1 X110.667 Y110.661 E.01232
G1 X110.333 Y110.661 E.0123
G1 X110.025 Y110.789 E.0123
G1 X109.789 Y111.025 E.0123
G1 X109.676 Y111.296 E.01083
G1 E-.728 F1800
;WIPE_START
G1 F30000
G1 X109.661 Y111.667 E-.02226
G1 X109.789 Y111.975 E-.02003
G1 X110.025 Y112.211 E-.02002
G1 X110.174 Y112.273 E-.00969
;WIPE_END
G1 X102.729 Y113.956 Z.6
G1 X92.199 Y116.335 Z.6
G1 Z.2
G1 E.8 F1800
;TYPE:Inner wall
G1 F3000
G1 X93.563 Y116.272 E.05037
G1 X94.211 Y116.185 E.02407
G1 X94.717 Y116.27 E.01894
G1 X95.176 Y116.301 E.01694
G1 X95.624 Y116.301 E.01653
G1 X96.083 Y116.27 E.01694
G1 X96.678 Y116.17 E.02225
G1 X97.437 Y116.271 E.02824
G1 X98 Y116.297 E.02077
G1 X98.563 Y116.271 E.02077
G1 X99.4 Y116.16 E.03114
G1 X100.236 Y116.271 E.0311
G1 X100.795 Y116.298 E.02062
G1 X101.347 Y116.279 E.02036
G1 X102.301 Y116.184 E.03535
G1 X103.249 Y116.279 E.03512
G1 X103.783 Y116.303 E.01971
G1 X107.807 Y116.307 E.14834
G1 X107.807 Y105.693 E.3913
G1 X104.291 Y105.693 E.12963
G1 X103.255 Y105.72 E.03818
G1 X102.301 Y105.816 E.03535
G1 X101.347 Y105.721 E.03535
G1 X100.795 Y105.702 E.02036
G1 X100.236 Y105.729 E.02062
G1 X99.4 Y105.84 E.0311
G1 X98.563 Y105.729 E.03114
G1 X98 Y105.703 E.02077
G1 X97.437 Y105.729 E.02077
G1 X96.678 Y105.83 E.02824
G1 X96.083 Y105.73 E.02225
G1 X95.624 Y105.699 E.01694
G1 X95.176 Y105.699 E.01653
G1 X94.717 Y105.73 E.01694
G1 X94.211 Y105.815 E.01894
G1 X93.563 Y105.728 E.02407
G1 X92.205 Y105.665 E.05015
G1 X92.193 Y106.997 E.04913
G1 X92.199 Y116.295 E.34279
G1 E-.728 F1800
;WIPE_START
G1 F30000
G1 X93.399 Y116.275 E-.072
;WIPE_END
G1 X99.282 Y111.413 Z.6
G1 X105.65 Y106.15 Z.6
G1 Z.2
G1 E.8 F1800
;TYPE:Outer wall
G1 F3000
G1 X105.65 Y115.85 E.3576
G1 X107.35 Y115.85 E.06267
G1 X107.35 Y106.15 E.3576
G1 X105.69 Y106.15 E.0612
G1 X105.15 Y106.15 F30000
G1 F3000
G1 X104.297 Y106.15 E.03146
G1 X103.284 Y106.176 E.03734
G1 X102.529 Y106.252 E.028
G1 X102.529 Y115.748 E.35005
G1 X103.282 Y115.823 E.02792
G1 X103.794 Y115.846 E.0189
G1 X105.15 Y115.851 E.04999
G1 X105.15 Y106.19 E.35617
G1 E-.728 F1800
;WIPE_START
G1 F30000
G1 X104.297 Y106.15 E-.05125
G1 X103.951 Y106.159 E-.02075
;WIPE_END
G1 X99.55 Y106.281 Z.6
G1 Z.2
G1 E.8 F1800
G1 F3000
G1 X99.55 Y115.719 E.34794
G1 X100.278 Y115.816 E.02706
G1 X100.798 Y115.841 E.01922
G1 X101.317 Y115.823 E.01912
G1 X102.071 Y115.748 E.02797
G1 X102.071 Y106.252 E.35006
G1 X101.317 Y106.177 E.02797
G1 X100.798 Y106.159 E.01912
G1 X100.278 Y106.184 E.01922
G1 X99.59 Y106.276 E.02558
G1 E-.728 F1800
;WIPE_START
G1 F30000
G1 X99.585 Y107.476 E-.072
;WIPE_END
G1 X97.103 Y114.693 Z.6
G1 X96.75 Y115.719 Z.6
G1 Z.2
G1 E.8 F1800
G1 F3000
G1 X97.478 Y115.816 E.02707
G1 X98 Y115.839 E.01927
G1 X98.522 Y115.816 E.01927
G1 X99.25 Y115.719 E.02707
G1 X99.25 Y106.281 E.34794
G1 X98.522 Y106.184 E.02707
G1 X98 Y106.161 E.01927
G1 X97.478 Y106.184 E.01927
G1 X96.75 Y106.281 E.02707
G1 X96.75 Y115.679 E.34647
G1 E-.728 F1800
;WIPE_START
G1 F30000
G1 X97.478 Y115.816 E-.04443
G1 X97.937 Y115.837 E-.02757
;WIPE_END
G1 X92.656 Y115.857 Z.6
G1 Z.2
G1 E.8 F1800
G1 F3000
G1 X93.522 Y115.816 E.03199
G1 X94.218 Y115.723 E.02587
G1 X94.771 Y115.815 E.02066
G1 X95.191 Y115.844 E.01554
G1 X95.609 Y115.844 E.01538
G1 X96.029 Y115.815 E.01554
G1 X96.65 Y115.712 E.0232
G1 X96.65 Y106.288 E.3474
G1 X96.029 Y106.185 E.0232
G1 X95.609 Y106.156 E.01554
G1 X95.191 Y106.156 E.01538
G1 X94.771 Y106.185 E.01554
G1 X94.218 Y106.277 E.02066
G1 X93.522 Y106.184 E.02587
G1 X92.658 Y106.144 E.03192
G1 X92.65 Y106.999 E.03154
G1 X92.656 Y115.817 E.32507
G1 E-.728 F1800
;WIPE_START
G1 F30000
G1 X93.522 Y115.816 E-.05201
G1 X93.853 Y115.772 E-.01999
;WIPE_END
G1 X93.859 Y118.821 Z.6
G1 Z.2
G1 E.8 F1800
;TYPE:Inner wall
G1 F3000
G1 X92.321 Y118.821 E.05669
G1 X92.321 Y132.179 E.49242
G1 X98.679 Y132.179 E.23436
G1 X98.679 Y118.821 E.49242
G1 X93.899 Y118.821 E.1762
G1 E-.728 F1800
;WIPE_START
G1 F30000
G1 X92.699 Y118.821 E-.072
;WIPE_END
G1 X100.292 Y118.04 Z.6
G1 X150.693 Y112.85 Z.6
G1 Z.2
G1 E.8 F1800
G1 F3000
G1 X150.693 Y113.307 E.01685
G1 X154.307 Y113.307 E.13324
G1 X154.307 Y104.307 E.3318
G1 X157.793 Y104.307 E.12851
G1 X157.793 Y113.307 E.3318
G1 X161.207 Y113.307 E.12587
M73 P11 R18
G1 X161.207 Y104.307 E.3318
G1 X162.974 Y104.307 E.06512
G1 X163.286 Y104.328 E.01154
G1 X163.567 Y104.383 E.01057
G1 X163.839 Y104.476 E.01057
G1 X164.096 Y104.602 E.01057
G1 X164.334 Y104.762 E.01057
G1 X164.549 Y104.951 E.01057
G1 X164.738 Y105.166 E.01057
G1 X164.898 Y105.404 E.01057
G1 X165.024 Y105.661 E.01057
G1 X165.117 Y105.933 E.01057
G1 X165.172 Y106.214 E.01057
G1 X165.193 Y106.526 E.01154
G1 X165.193 Y146.474 E1.4727
G1 X165.172 Y146.786 E.01154
G1 X165.117 Y147.067 E.01057
G1 X165.024 Y147.339 E.01057
G1 X164.898 Y147.596 E.01057
G1 X164.738 Y147.834 E.01057
G1 X164.549 Y148.049 E.01057
G1 X164.334 Y148.238 E.01057
G1 X164.096 Y148.398 E.01057
G1 X163.839 Y148.524 E.01057
G1 X163.567 Y148.617 E.01057
G1 X163.286 Y148.672 E.01057
G1 X162.974 Y148.693 E.01154
G1 X93.026 Y148.693 E2.57868
G1 X92.714 Y148.672 E.01154
G1 X92.433 Y148.617 E.01057
G1 X92.161 Y148.524 E.01057
G1 X91.904 Y148.398 E.01057
G1 X91.666 Y148.238 E.01057
G1 X91.451 Y148.049 E.01057
G1 X91.262 Y147.834 E.01057
G1 X91.102 Y147.596 E.01057
G1 X90.976 Y147.339 E.01057
G1 X90.883 Y147.067 E.01057
G1 X90.828 Y146.786 E.01057
G1 X90.807 Y146.474 E.01154
G1 X90.807 Y106.526 E1.4727
G1 X90.828 Y106.214 E.01154
G1 X90.883 Y105.933 E.01057
G1 X90.976 Y105.661 E.01057
G1 X91.102 Y105.404 E.01057
G1 X91.262 Y105.166 E.01057
G1 X91.451 Y104.951 E.01057
G1 X91.666 Y104.762 E.01057
G1 X91.904 Y104.602 E.01057
G1 X92.161 Y104.476 E.01057
G1 X92.433 Y104.383 E.01057
G1 X92.714 Y104.328 E.01057
G1 X93.026 Y104.307 E.01154
G1 X150.693 Y104.307 E2.12594
G1 X150.693 Y112.81 E.31347
G1 X151.15 Y112.85 F30000
;TYPE:Outer wall
G1 F3000
G1 X153.85 Y112.85 E.09954
G1 X153.85 Y103.85 E.3318
G1 X158.25 Y103.85 E.16221
G1 X158.25 Y112.85 E.3318
G1 X160.75 Y112.85 E.09216
G1 X160.75 Y103.85 E.3318
G1 X162.989 Y103.85 E.08253
G1 X163.346 Y103.873 E.0132
G1 X163.686 Y103.941 E.01278
G1 X164.014 Y104.052 E.01278
G1 X164.325 Y104.206 E.01278
G1 X164.613 Y104.398 E.01278
G1 X164.873 Y104.627 E.01278
G1 X165.102 Y104.887 E.01278
G1 X165.294 Y105.175 E.01278
G1 X165.448 Y105.486 E.01277
G1 X165.559 Y105.814 E.01278
G1 X165.627 Y106.154 E.01278
G1 X165.65 Y106.511 E.0132
G1 X165.65 Y146.489 E1.4738
G1 X165.627 Y146.846 E.0132
G1 X165.559 Y147.186 E.01278
G1 X165.448 Y147.514 E.01278
G1 X165.294 Y147.825 E.01278
G1 X165.102 Y148.113 E.01278
G1 X164.873 Y148.373 E.01278
G1 X164.613 Y148.602 E.01278
G1 X164.325 Y148.794 E.01277
G1 X164.014 Y148.948 E.01278
G1 X163.686 Y149.059 E.01277
G1 X163.346 Y149.127 E.01278
G1 X162.989 Y149.15 E.0132
G1 X93.011 Y149.15 E2.57978
G1 X92.654 Y149.127 E.0132
G1 X92.314 Y149.059 E.01278
G1 X91.986 Y148.948 E.01278
G1 X91.675 Y148.794 E.01278
G1 X91.387 Y148.602 E.01278
G1 X91.127 Y148.373 E.01278
G1 X90.898 Y148.113 E.01278
G1 X90.706 Y147.825 E.01278
G1 X90.552 Y147.514 E.01278
G1 X90.441 Y147.186 E.01278
G1 X90.373 Y146.846 E.01278
G1 X90.35 Y146.489 E.0132
G1 X90.35 Y106.511 E1.4738
G1 X90.373 Y106.154 E.0132
G1 X90.441 Y105.814 E.01278
G1 X90.552 Y105.486 E.01278
G1 X90.706 Y105.175 E.01278
G1 X90.898 Y104.887 E.01278
G1 X91.127 Y104.627 E.01278
G1 X91.387 Y104.398 E.01278
G1 X91.675 Y104.206 E.01278
G1 X91.986 Y104.052 E.01278
G1 X92.314 Y103.941 E.01278
G1 X92.654 Y103.873 E.01277
G1 X93.011 Y103.85 E.0132
G1 X151.15 Y103.85 E2.14334
G1 X151.15 Y112.81 E.33032
G1 E-.728 F1800
;WIPE_START
G1 F30000
G1 X152.35 Y112.828 E-.072
;WIPE_END
G1 X150.536 Y105.414 Z.6
G1 X150.464 Y105.122 Z.6
G1 Z.2
G1 E.8 F1800
;TYPE:Bottom surface
;WIDTH:0.5022
G1 F6300
G1 X150.084 Y104.741 E.01994
G1 X149.434 Y104.741 E.02406
G1 X150.259 Y105.566 E.04319
G1 X150.259 Y106.215 E.02406
G1 X148.785 Y104.741 E.07721
G1 X148.135 Y104.741 E.02406
M73 P12 R18
G1 X150.259 Y106.865 E.11124
G1 X150.259 Y107.514 E.02406
G1 X147.486 Y104.741 E.14527
G1 X146.836 Y104.741 E.02406
G1 X148.354 Y106.259 E.07949
G1 X147.704 Y106.259 E.02406
G1 X146.187 Y104.741 E.07949
G1 X145.537 Y104.741 E.02406
G1 X147.055 Y106.259 E.07949
G1 X146.405 Y106.259 E.02406
G1 X144.888 Y104.741 E.07949
G1 X144.238 Y104.741 E.02406
G1 X145.756 Y106.259 E.07949
G1 X145.106 Y106.259 E.02406
G1 X143.589 Y104.741 E.07949
G1 X142.939 Y104.741 E.02406
G1 X144.457 Y106.259 E.07949
G1 X143.807 Y106.259 E.02406
G1 X142.29 Y104.741 E.07949
G1 X141.64 Y104.741 E.02406
G1 X143.158 Y106.259 E.07949
G1 X142.508 Y106.259 E.02406
G1 X140.991 Y104.741 E.07949
G1 X140.341 Y104.741 E.02406
G1 X141.858 Y106.259 E.07949
G1 X141.209 Y106.259 E.02406
G1 X139.692 Y104.741 E.07949
G1 X139.042 Y104.741 E.02406
G1 X140.559 Y106.259 E.07949
G1 X139.91 Y106.259 E.02406
G1 X138.393 Y104.741 E.07949
G1 X137.743 Y104.741 E.02406
G1 X139.26 Y106.259 E.07949
G1 X138.611 Y106.259 E.02406
G1 X137.093 Y104.741 E.07949
G1 X136.444 Y104.741 E.02406
G1 X137.961 Y106.259 E.07949
G1 X137.312 Y106.259 E.02406
G1 X135.794 Y104.741 E.07949
G1 X135.145 Y104.741 E.02406
G1 X136.757 Y106.353 E.08445
G1 X136.758 Y107.004 E.0241
G1 X134.495 Y104.741 E.11854
G1 X133.846 Y104.741 E.02406
G1 X136.759 Y107.655 E.15262
G1 X136.76 Y108.305 E.0241
G1 X133.196 Y104.741 E.1867
G1 X132.547 Y104.741 E.02406
G1 X136.761 Y108.956 E.22078
G1 X136.762 Y109.606 E.0241
G1 X131.897 Y104.741 E.25487
G1 X131.248 Y104.741 E.02406
G1 X136.774 Y110.267 E.28948
G1 X136.826 Y110.969 E.02609
G1 X130.598 Y104.741 E.32627
G1 X129.949 Y104.741 E.02406
G1 X136.864 Y111.656 E.36227
G1 X136.805 Y112.247 E.02197
G1 X129.299 Y104.741 E.39318
G1 X128.65 Y104.741 E.02406
G1 X136.768 Y112.86 E.4253
G1 X136.762 Y113.503 E.02384
G1 X128 Y104.741 E.45902
G1 X127.351 Y104.741 E.02406
G1 X136.761 Y114.152 E.49299
M73 P12 R17
G1 X136.76 Y114.8 E.02402
G1 X126.701 Y104.741 E.52696
G1 X126.052 Y104.741 E.02406
G1 X136.964 Y115.654 E.57169
G1 E-.728 F1800
;WIPE_START
G1 F30000
G1 X136.116 Y114.805 E-.072
;WIPE_END
G1 X142.636 Y110.837 Z.6
G1 X149.036 Y106.941 Z.6
G1 Z.2
G1 E.8 F1800
G1 F6300
G1 X150.259 Y108.164 E.06404
G1 X150.259 Y108.813 E.02406
G1 X149.241 Y107.795 E.05333
G1 X149.24 Y108.444 E.02402
G1 X150.259 Y109.463 E.05339
G1 X150.259 Y110.112 E.02406
G1 X149.239 Y109.092 E.05344
G1 X149.237 Y109.741 E.02402
G1 X150.259 Y110.762 E.0535
G1 X150.259 Y111.411 E.02406
G1 X149.222 Y110.374 E.05432
G1 X149.173 Y110.975 E.02233
G1 X150.259 Y112.061 E.05687
G1 X150.259 Y112.71 E.02406
G1 X148.926 Y111.378 E.06982
G1 E-.728 F1800
;WIPE_START
G1 F30000
G1 X149.774 Y112.226 E-.072
;WIPE_END
G1 X155.009 Y106.672 Z.6
G1 X157.023 Y104.536 Z.6
G1 Z.2
G1 E.8 F1800
G1 F6300
G1 X157.359 Y104.871 E.01759
G1 X157.359 Y105.521 E.02406
G1 X156.579 Y104.741 E.04084
G1 X155.93 Y104.741 E.02406
G1 X157.359 Y106.17 E.07487
G1 X157.359 Y106.82 E.02406
G1 X155.28 Y104.741 E.1089
G1 X154.741 Y104.741 E.01996
G1 X154.741 Y104.852 E.0041
G1 X157.359 Y107.47 E.13712
G1 X157.359 Y108.119 E.02406
G1 X154.741 Y105.502 E.13712
G1 X154.741 Y106.151 E.02406
G1 X157.359 Y108.769 E.13712
G1 X157.359 Y109.418 E.02406
G1 X154.741 Y106.801 E.13712
G1 X154.741 Y107.45 E.02406
G1 X157.359 Y110.068 E.13712
G1 X157.359 Y110.717 E.02406
G1 X154.741 Y108.1 E.13712
G1 X154.741 Y108.749 E.02406
G1 X157.359 Y111.367 E.13712
G1 X157.359 Y112.016 E.02406
G1 X154.741 Y109.399 E.13712
G1 X154.741 Y110.048 E.02406
G1 X157.564 Y112.871 E.1479
G1 E-.728 F1800
;WIPE_START
G1 F30000
G1 X156.716 Y112.023 E-.072
;WIPE_END
G1 X162.805 Y107.421 Z.6
G1 X164.855 Y105.872 Z.6
G1 Z.2
G1 E.8 F1800
G1 F6300
G1 X164.234 Y105.252 E.0325
G1 X164.069 Y105.107 E.00813
G1 X163.878 Y104.979 E.00851
G1 X163.672 Y104.878 E.00851
G1 X163.454 Y104.804 E.00851
G1 X163.082 Y104.749 E.01393
G1 X164.751 Y106.418 E.0874
G1 X164.759 Y107.075 E.02436
G1 X162.425 Y104.741 E.12227
G1 X161.775 Y104.741 E.02406
G1 X164.759 Y107.725 E.1563
G1 X164.759 Y108.374 E.02406
M73 P13 R17
G1 X161.641 Y105.257 E.16331
G1 X161.641 Y105.906 E.02406
G1 X164.759 Y109.024 E.16331
G1 X164.759 Y109.673 E.02406
G1 X161.641 Y106.556 E.16331
G1 X161.641 Y107.205 E.02406
G1 X164.759 Y110.323 E.16331
G1 X164.759 Y110.972 E.02406
G1 X161.641 Y107.855 E.16331
G1 X161.641 Y108.504 E.02406
G1 X164.759 Y111.622 E.16331
G1 X164.759 Y112.271 E.02406
G1 X161.641 Y109.154 E.16331
G1 X161.641 Y109.804 E.02406
G1 X164.759 Y112.921 E.16331
G1 X164.759 Y113.57 E.02406
G1 X161.641 Y110.453 E.16331
G1 X161.641 Y111.103 E.02406
G1 X164.759 Y114.22 E.16331
G1 X164.759 Y114.87 E.02406
G1 X161.641 Y111.752 E.16331
G1 X161.641 Y112.402 E.02406
G1 X164.759 Y115.519 E.16331
G1 X164.759 Y116.169 E.02406
G1 X161.641 Y113.051 E.16331
G1 X161.641 Y113.701 E.02406
G1 X164.759 Y116.818 E.16331
G1 X164.759 Y117.468 E.02406
G1 X161.032 Y113.741 E.19521
G1 X160.383 Y113.741 E.02406
G1 X164.759 Y118.117 E.22924
G1 X164.759 Y118.767 E.02406
G1 X159.733 Y113.741 E.26326
G1 X159.084 Y113.741 E.02406
G1 X162.601 Y117.259 E.18427
G1 X163.241 Y117.259 E.02371
G1 X163.241 Y117.899 E.02371
G1 X164.964 Y119.622 E.09027
G1 E-.728 F1800
;WIPE_START
G1 F30000
G1 X164.116 Y118.773 E-.072
;WIPE_END
G1 X163.036 Y118.343 Z.6
G1 Z.2
G1 E.8 F1800
G1 F6300
G1 X164.759 Y120.066 E.09027
G1 X164.759 Y120.715 E.02406
G1 X163.241 Y119.198 E.07949
G1 X163.241 Y119.847 E.02406
G1 X164.759 Y121.365 E.07949
G1 X164.759 Y122.014 E.02406
G1 X163.241 Y120.497 E.07949
G1 X163.241 Y121.146 E.02406
G1 X164.759 Y122.664 E.07949
G1 X164.759 Y123.313 E.02406
G1 X163.241 Y121.796 E.07949
G1 X163.241 Y122.445 E.02406
G1 X164.759 Y123.963 E.07949
G1 X164.759 Y124.612 E.02406
G1 X163.241 Y123.095 E.07949
G1 X163.241 Y123.744 E.02406
G1 X164.759 Y125.262 E.07949
G1 X164.759 Y125.911 E.02406
G1 X163.241 Y124.394 E.07949
G1 X163.241 Y125.043 E.02406
G1 X164.759 Y126.561 E.07949
G1 X164.759 Y127.21 E.02406
G1 X163.241 Y125.693 E.07949
G1 X163.241 Y126.342 E.02406
G1 X164.759 Y127.86 E.07949
G1 X164.759 Y128.509 E.02406
G1 X163.241 Y126.992 E.07949
G1 X163.241 Y127.642 E.02406
G1 X164.759 Y129.159 E.07949
G1 X164.759 Y129.808 E.02406
G1 X163.241 Y128.291 E.07949
G1 X163.241 Y128.941 E.02406
G1 X164.759 Y130.458 E.07949
G1 X164.759 Y131.108 E.02406
G1 X163.241 Y129.59 E.07949
G1 X163.241 Y130.24 E.02406
G1 X164.759 Y131.757 E.07949
G1 X164.759 Y132.407 E.02406
G1 X163.241 Y130.889 E.07949
G1 X163.241 Y131.539 E.02406
G1 X164.759 Y133.056 E.07949
G1 X164.759 Y133.706 E.02406
G1 X162.794 Y131.741 E.1029
G1 X162.145 Y131.741 E.02406
G1 X164.759 Y134.355 E.13693
G1 X164.759 Y135.005 E.02406
G1 X161.495 Y131.741 E.17096
G1 X160.846 Y131.741 E.02406
G1 X164.759 Y135.654 E.20498
G1 X164.759 Y136.304 E.02406
G1 X160.196 Y131.741 E.23901
G1 X159.547 Y131.741 E.02406
G1 X164.759 Y136.953 E.27304
G1 X164.759 Y137.603 E.02406
G1 X158.897 Y131.741 E.30706
G1 X158.248 Y131.741 E.02406
G1 X164.759 Y138.252 E.34109
G1 X164.759 Y138.902 E.02406
G1 X157.598 Y131.741 E.37512
G1 X156.949 Y131.741 E.02406
G1 X164.759 Y139.551 E.40915
G1 X164.759 Y140.201 E.02406
G1 X156.299 Y131.741 E.44317
G1 X155.65 Y131.741 E.02406
G1 X164.759 Y140.85 E.4772
G1 X164.759 Y141.5 E.02406
G1 X155 Y131.741 E.51123
G1 X154.351 Y131.741 E.02406
G1 X164.759 Y142.149 E.54525
G1 X164.759 Y142.799 E.02406
G1 X153.701 Y131.741 E.57928
G1 X153.052 Y131.741 E.02406
G1 X164.759 Y143.448 E.61331
G1 X164.759 Y144.098 E.02406
G1 X152.402 Y131.741 E.64733
G1 X151.753 Y131.741 E.02406
G1 X164.759 Y144.747 E.68136
G1 X164.759 Y145.397 E.02406
M73 P14 R17
G1 X151.103 Y131.741 E.71539
G1 X150.454 Y131.741 E.02406
G1 X164.759 Y146.046 E.74941
G1 X164.744 Y146.681 E.02353
G1 X149.804 Y131.741 E.78268
G1 X149.155 Y131.741 E.02406
G1 X164.61 Y147.197 E.80968
G1 X164.521 Y147.378 E.00748
G1 X164.365 Y147.601 E.01008
G1 X148.505 Y131.741 E.83086
G1 X147.855 Y131.741 E.02406
G1 X164.032 Y147.918 E.84745
G1 X163.878 Y148.021 E.00686
G1 X163.609 Y148.144 E.01098
G1 X147.206 Y131.741 E.85929
G1 X146.556 Y131.741 E.02406
G1 X163.067 Y148.252 E.86494
G1 X162.424 Y148.259 E.0238
G1 X145.907 Y131.741 E.86531
G1 X145.257 Y131.741 E.02406
G1 X161.775 Y148.259 E.86531
G1 X161.125 Y148.259 E.02406
G1 X144.402 Y131.536 E.87608
G1 E-.728 F1800
;WIPE_START
G1 F30000
G1 X145.251 Y132.384 E-.072
;WIPE_END
G1 X150.973 Y127.334 Z.6
G1 X162.157 Y117.464 Z.6
G1 Z.2
G1 E.8 F1800
G1 F6300
G1 X158.229 Y113.536 E.20582
G1 E-.728 F1800
;WIPE_START
G1 F30000
G1 X159.077 Y114.384 E-.072
;WIPE_END
G1 X161.508 Y117.464 Z.6
G1 Z.2
G1 E.8 F1800
G1 F6300
G1 X157.785 Y113.741 E.19504
G1 X157.359 Y113.741 E.01578
G1 X157.359 Y113.315 E.01578
G1 X154.741 Y110.698 E.13712
G1 X154.741 Y111.347 E.02406
G1 X160.653 Y117.259 E.30968
G1 X160.003 Y117.259 E.02406
G1 X154.741 Y111.997 E.27566
G1 X154.741 Y112.646 E.02406
G1 X159.354 Y117.259 E.24163
G1 X158.704 Y117.259 E.02406
G1 X154.741 Y113.296 E.2076
G1 X154.741 Y113.741 E.0165
G1 X154.537 Y113.741 E.00756
G1 X158.055 Y117.259 E.18427
G1 X157.405 Y117.259 E.02406
G1 X153.888 Y113.741 E.18427
G1 X153.238 Y113.741 E.02406
G1 X156.756 Y117.259 E.18427
G1 X156.106 Y117.259 E.02406
G1 X152.589 Y113.741 E.18427
G1 X151.939 Y113.741 E.02406
G1 X155.457 Y117.259 E.18427
G1 X154.807 Y117.259 E.02406
G1 X151.084 Y113.536 E.19504
G1 E-.728 F1800
;WIPE_START
G1 F30000
G1 X151.932 Y114.384 E-.072
;WIPE_END
G1 X148.971 Y112.072 Z.6
G1 Z.2
G1 E.8 F1800
G1 F6300
G1 X154.158 Y117.259 E.2717
G1 X153.508 Y117.259 E.02406
G1 X149.237 Y112.988 E.22375
G1 X149.238 Y113.638 E.0241
G1 X152.858 Y117.259 E.18966
G1 X152.209 Y117.259 E.02406
G1 X149.239 Y114.289 E.15558
G1 X149.24 Y114.939 E.0241
G1 X151.559 Y117.259 E.1215
G1 X150.91 Y117.259 E.02406
G1 X149.241 Y115.59 E.08742
G1 X149.242 Y116.241 E.0241
G1 X150.26 Y117.259 E.05333
G1 X149.611 Y117.259 E.02406
G1 X149.093 Y116.741 E.02711
G1 X148.444 Y116.741 E.02406
G1 X148.961 Y117.259 E.02711
G1 X148.312 Y117.259 E.02406
G1 X147.794 Y116.741 E.02711
G1 X147.145 Y116.741 E.02406
G1 X147.662 Y117.259 E.02711
G1 X147.013 Y117.259 E.02406
G1 X146.495 Y116.741 E.02711
G1 X145.846 Y116.741 E.02406
G1 X146.363 Y117.259 E.02711
G1 X145.714 Y117.259 E.02406
G1 X145.196 Y116.741 E.02711
G1 X144.547 Y116.741 E.02406
G1 X145.064 Y117.259 E.02711
G1 X144.415 Y117.259 E.02406
G1 X143.897 Y116.741 E.02711
G1 X143.248 Y116.741 E.02406
G1 X143.765 Y117.259 E.02711
G1 X143.759 Y117.902 E.02382
G1 X142.598 Y116.741 E.06079
G1 X141.949 Y116.741 E.02406
G1 X143.759 Y118.551 E.09482
G1 X143.759 Y119.201 E.02406
G1 X141.299 Y116.741 E.12885
G1 X140.65 Y116.741 E.02406
G1 X143.759 Y119.85 E.16287
G1 X143.759 Y120.5 E.02406
G1 X140 Y116.741 E.1969
M73 P15 R17
G1 X139.351 Y116.741 E.02406
G1 X143.759 Y121.149 E.23093
G1 X143.759 Y121.799 E.02406
G1 X138.701 Y116.741 E.26495
G1 X138.052 Y116.741 E.02406
G1 X143.759 Y122.448 E.29898
G1 X143.759 Y123.098 E.02406
G1 X137.402 Y116.741 E.33301
G1 X136.757 Y116.741 E.0239
G1 X136.758 Y116.097 E.02386
G1 X125.402 Y104.741 E.5949
G1 X124.753 Y104.741 E.02406
G1 X143.759 Y123.747 E.99568
G1 X143.759 Y124.397 E.02406
G1 X124.103 Y104.741 E1.02971
G1 X123.454 Y104.741 E.02406
G1 X127.793 Y109.08 E.22731
G1 X127.66 Y109.058 E.00498
G1 X127.145 Y109.082 E.01909
G1 X122.804 Y104.741 E.22742
G1 X122.155 Y104.741 E.02406
G1 X126.633 Y109.22 E.23462
G1 X126.366 Y109.332 E.01074
G1 X126.205 Y109.442 E.00719
G1 X121.505 Y104.741 E.24625
G1 X120.855 Y104.741 E.02406
G1 X125.834 Y109.719 E.26079
G1 X125.77 Y109.789 E.00349
G1 X125.438 Y109.512 E.01601
G1 X125.036 Y109.295 E.01689
G1 X124.636 Y109.171 E.01555
G1 X120.206 Y104.741 E.23206
G1 X119.556 Y104.741 E.02406
G1 X123.934 Y109.119 E.22932
G1 X123.808 Y109.123 E.00466
G1 X123.385 Y109.22 E.01606
G1 X118.907 Y104.741 E.23462
G1 X118.257 Y104.741 E.02406
G1 X122.932 Y109.416 E.24488
G1 X122.544 Y109.678 E.01733
G1 X117.608 Y104.741 E.25861
G1 X116.958 Y104.741 E.02406
G1 X121.528 Y109.311 E.23937
G1 X121.177 Y109.204 E.01359
G1 X120.837 Y109.159 E.0127
G1 X120.73 Y109.162 E.00396
G1 X116.309 Y104.741 E.2316
G1 X115.659 Y104.741 E.02406
G1 X120.148 Y109.23 E.23517
G1 X119.949 Y109.277 E.00759
G1 X119.671 Y109.402 E.0113
G1 X115.01 Y104.741 E.24417
G1 X114.36 Y104.741 E.02406
G1 X119.27 Y109.651 E.25721
G1 X119.155 Y109.733 E.00524
G1 X118.936 Y109.967 E.01185
G1 X113.711 Y104.741 E.27374
G1 X113.061 Y104.741 E.02406
G1 X117.604 Y109.284 E.23796
G1 X117.45 Y109.258 E.00578
G1 X116.956 Y109.286 E.01832
G1 X112.412 Y104.741 E.23807
G1 X111.762 Y104.741 E.02406
G1 X116.455 Y109.434 E.24584
G1 X116.211 Y109.535 E.00979
G1 X116.028 Y109.657 E.00813
G1 X111.113 Y104.741 E.25752
G1 X110.463 Y104.741 E.02406
G1 X115.678 Y109.956 E.27318
G1 X115.606 Y110.023 E.00363
G1 X115.449 Y110.246 E.01012
G1 X115.191 Y109.979 E.01377
G1 X114.894 Y109.768 E.01349
G1 X114.797 Y109.724 E.00394
G1 X109.814 Y104.741 E.26105
G1 X109.164 Y104.741 E.02406
G1 X113.933 Y109.511 E.24985
G1 X113.643 Y109.52 E.01077
G1 X113.359 Y109.585 E.0108
G1 X108.515 Y104.741 E.25377
G1 X107.865 Y104.741 E.02406
G1 X112.898 Y109.774 E.26364
G1 X112.586 Y109.996 E.01417
G1 X112.53 Y110.056 E.00304
G1 X108.241 Y105.767 E.22468
G1 X108.241 Y105.259 E.01883
G1 X107.733 Y105.259 E.01883
G1 X107.01 Y104.536 E.03788
G1 E-.728 F1800
;WIPE_START
G1 F30000
G1 X107.733 Y105.259 E-.06136
G1 X107.91 Y105.259 E-.01064
;WIPE_END
G1 X107.289 Y105.464 Z.6
G1 Z.2
G1 E.8 F1800
G1 F6300
G1 X106.566 Y104.741 E.03788
G1 X105.917 Y104.741 E.02406
G1 X106.434 Y105.259 E.02711
G1 X105.785 Y105.259 E.02406
G1 X105.267 Y104.741 E.02711
G1 X104.617 Y104.741 E.02406
G1 X105.135 Y105.259 E.02712
G1 X104.486 Y105.259 E.02406
G1 X103.968 Y104.741 E.02712
G1 X103.318 Y104.741 E.02406
G1 X103.847 Y105.27 E.02771
G1 X103.215 Y105.288 E.02343
G1 X102.669 Y104.741 E.02862
G1 X102.019 Y104.741 E.02406
G1 X102.625 Y105.347 E.03173
G1 X102.301 Y105.38 E.01206
G1 X101.976 Y105.347 E.01212
G1 X101.37 Y104.741 E.03173
G1 X100.72 Y104.741 E.02406
G1 X101.262 Y105.283 E.02839
G1 X100.606 Y105.276 E.02432
G1 X100.071 Y104.741 E.02803
G1 X99.421 Y104.741 E.02406
G1 X100.002 Y105.322 E.03041
G1 X99.429 Y105.398 E.02142
G1 X98.772 Y104.741 E.03441
G1 X98.122 Y104.741 E.02406
G1 X98.688 Y105.307 E.02965
G1 X98 Y105.268 E.02554
G1 X97.473 Y104.741 E.02761
G1 X96.823 Y104.741 E.02406
G1 X97.38 Y105.298 E.02917
G1 X96.807 Y105.374 E.02142
G1 X96.174 Y104.741 E.03316
G1 X95.524 Y104.741 E.02406
G1 X96.077 Y105.295 E.02898
G1 X95.398 Y105.264 E.0252
G1 X94.875 Y104.741 E.02741
G1 X94.225 Y104.741 E.02406
G1 X94.775 Y105.291 E.02879
G1 X94.209 Y105.375 E.02118
G1 X93.576 Y104.741 E.03319
G1 X93.041 Y104.741 E.01982
G1 X92.933 Y104.748 E.00399
G1 X93.474 Y105.289 E.02835
G1 X92.793 Y105.258 E.02527
G1 X92.391 Y104.856 E.02103
G1 X92.122 Y104.979 E.01097
G1 X91.968 Y105.082 E.00686
G1 X92.328 Y105.442 E.01884
G1 X91.975 Y105.739 F30000
G1 F6300
G1 X91.635 Y105.399 E.01783
G1 X91.479 Y105.622 E.01008
G1 X91.39 Y105.803 E.00748
G1 X91.766 Y106.179 E.0197
G1 X91.761 Y106.823 E.02386
G1 X91.256 Y106.319 E.02644
G1 X91.241 Y106.541 E.00824
M73 P16 R17
G1 X91.241 Y106.954 E.0153
G1 X91.759 Y107.472 E.02714
G1 X91.76 Y108.122 E.02407
G1 X91.241 Y107.603 E.02716
G1 X91.241 Y108.253 E.02406
G1 X91.76 Y108.771 E.02718
G1 X91.76 Y109.421 E.02407
G1 X91.241 Y108.902 E.0272
G1 X91.241 Y109.552 E.02406
G1 X91.761 Y110.071 E.02722
G1 X91.761 Y110.721 E.02407
G1 X91.241 Y110.201 E.02724
G1 X91.241 Y110.851 E.02406
G1 X91.762 Y111.371 E.02726
G1 X91.762 Y112.021 E.02407
G1 X91.241 Y111.5 E.02728
G1 X91.241 Y112.15 E.02406
G1 X91.762 Y112.671 E.0273
G1 X91.763 Y113.321 E.02407
G1 X91.241 Y112.799 E.02732
G1 X91.241 Y113.449 E.02406
G1 X91.763 Y113.971 E.02734
G1 X91.764 Y114.621 E.02407
G1 X91.241 Y114.098 E.02736
G1 X91.241 Y114.748 E.02406
G1 X91.764 Y115.27 E.02738
G1 X91.764 Y115.92 E.02407
G1 X91.036 Y115.192 E.03817
G1 E-.728 F1800
;WIPE_START
G1 F30000
G1 X91.764 Y115.92 E-.06183
G1 X91.764 Y115.751 E-.01017
;WIPE_END
G1 X98.348 Y111.891 Z.6
G1 X108.036 Y106.211 Z.6
G1 Z.2
G1 E.8 F1800
G1 F6300
G1 X112.237 Y110.412 E.22008
G1 X112.198 Y110.474 E.00273
G1 X111.935 Y110.488 E.00976
G1 X111.48 Y110.033 E.02381
G1 X111.016 Y109.841 E.01859
G1 X108.241 Y107.066 E.14538
G1 X108.241 Y107.716 E.02406
G1 X110.296 Y109.77 E.10762
G1 X110.155 Y109.77 E.00519
G1 X109.795 Y109.919 E.01444
G1 X108.241 Y108.365 E.08141
G1 X108.241 Y109.015 E.02406
G1 X109.39 Y110.163 E.06017
G1 X109.065 Y110.488 E.01701
G1 X108.241 Y109.664 E.04316
G1 X108.241 Y110.314 E.02406
G1 X108.862 Y110.934 E.0325
G1 X108.77 Y111.156 E.00889
G1 X108.77 Y111.492 E.01244
G1 X108.036 Y110.758 E.03846
G1 E-.728 F1800
;WIPE_START
G1 F30000
G1 X108.77 Y111.492 E-.06229
G1 X108.77 Y111.33 E-.00971
;WIPE_END
G1 X116.401 Y111.191 Z.6
G1 X129.661 Y110.948 Z.6
G1 Z.2
G1 E.8 F1800
G1 F6300
G1 X143.759 Y125.046 E.73857
G1 X143.759 Y125.696 E.02406
G1 X129.911 Y111.848 E.72547
G1 X129.864 Y112.133 E.01072
G1 X129.777 Y112.364 E.00912
G1 X143.759 Y126.346 E.73248
G1 X143.759 Y126.995 E.02406
G1 X129.561 Y112.797 E.74379
G1 X129.432 Y113.004 E.00901
G1 X129.276 Y113.162 E.00824
G1 X143.759 Y127.645 E.75873
G1 X143.759 Y128.294 E.02406
G1 X128.936 Y113.472 E.7765
G1 X128.709 Y113.625 E.01016
G1 X128.524 Y113.709 E.00752
G1 X143.759 Y128.944 E.79809
G1 X143.759 Y129.593 E.02406
G1 X128.037 Y113.871 E.82362
G1 X127.715 Y113.937 E.01218
G1 X127.454 Y113.938 E.00965
G1 X143.759 Y130.243 E.85414
G1 X143.759 Y130.892 E.02406
G1 X126.647 Y113.781 E.89642
G1 X126.415 Y113.693 E.00919
G1 X126.006 Y113.436 E.0179
G1 X125.77 Y113.212 E.01208
G1 X125.583 Y113.366 E.00896
G1 X160.476 Y148.259 E1.82792
G1 X159.826 Y148.259 E.02406
G1 X125.189 Y113.622 E1.81454
G1 X125.003 Y113.723 E.00786
G1 X124.717 Y113.799 E.01095
G1 X159.177 Y148.259 E1.80525
G1 X158.527 Y148.259 E.02406
G1 X124.149 Y113.881 E1.80097
G1 X123.826 Y113.881 E.01198
G1 X123.407 Y113.788 E.01589
G1 X157.878 Y148.259 E1.80583
G1 X157.228 Y148.259 E.02406
G1 X122.24 Y113.27 E1.83296
G1 X121.859 Y113.539 E.01726
M73 P17 R17
G1 X156.579 Y148.259 E1.81887
G1 X155.929 Y148.259 E.02406
G1 X121.405 Y113.734 E1.80865
G1 X120.986 Y113.831 E.01594
G1 X120.852 Y113.831 E.00494
G1 X155.28 Y148.259 E1.80357
G1 X154.63 Y148.259 E.02406
G1 X120.139 Y113.767 E1.80691
G1 X119.949 Y113.723 E.00723
G1 X119.531 Y113.535 E.01698
G1 X119.166 Y113.275 E.01659
G1 X118.935 Y113.032 E.01242
G1 X118.842 Y113.12 E.00474
G1 X153.981 Y148.259 E1.84084
G1 X153.331 Y148.259 E.02406
G1 X118.478 Y113.406 E1.82587
G1 X118.389 Y113.465 E.00395
G1 X118.035 Y113.612 E.01422
G1 X152.682 Y148.259 E1.81507
G1 X152.032 Y148.259 E.02406
M73 P17 R16
G1 X117.505 Y113.732 E1.80876
G1 X117.046 Y113.732 E.01704
G1 X116.809 Y113.685 E.00894
G1 X151.382 Y148.259 E1.81123
G1 X150.733 Y148.259 E.02406
G1 X115.347 Y112.873 E1.85376
G1 X114.991 Y113.166 E.0171
G1 X150.083 Y148.259 E1.83842
G1 X149.434 Y148.259 E.02406
G1 X114.558 Y113.383 E1.82705
G1 X114.015 Y113.489 E.0205
G1 X148.784 Y148.259 E1.82148
G1 X148.135 Y148.259 E.02406
G1 X113.273 Y113.397 E1.82632
G1 X112.915 Y113.237 E.01455
G1 X112.588 Y113.006 E.0148
G1 X112.318 Y112.719 E.01461
G1 X112.19 Y112.513 E.00899
G1 X111.938 Y112.509 E.00931
G1 X111.837 Y112.61 E.00532
G1 X147.485 Y148.259 E1.86754
G1 X146.836 Y148.259 E.02406
G1 X111.512 Y112.935 E1.85053
G1 X111.48 Y112.967 E.00167
G1 X111.066 Y113.138 E.01661
G1 X146.186 Y148.259 E1.83987
G1 X145.537 Y148.259 E.02406
G1 X110.303 Y113.025 E1.84583
G1 E-.728 F1800
M73 P18 R16
;WIPE_START
G1 F30000
G1 X111.151 Y113.873 E-.072
;WIPE_END
G1 X108.036 Y111.407 Z.6
G1 Z.2
G1 E.8 F1800
G1 F6300
G1 X144.887 Y148.259 E1.93057
G1 X144.238 Y148.259 E.02406
G1 X108.241 Y112.262 E1.88577
G1 X108.241 Y112.912 E.02406
G1 X143.588 Y148.259 E1.85174
G1 X142.939 Y148.259 E.02406
G1 X108.241 Y113.561 E1.81771
G1 X108.241 Y114.211 E.02406
G1 X142.289 Y148.259 E1.78369
G1 X141.64 Y148.259 E.02406
G1 X108.241 Y114.86 E1.74966
G1 X108.241 Y115.51 E.02406
G1 X140.99 Y148.259 E1.71563
G1 X140.341 Y148.259 E.02406
G1 X108.241 Y116.159 E1.68161
G1 X108.241 Y116.742 E.02157
G1 X108.174 Y116.742 E.00249
G1 X139.691 Y148.259 E1.6511
G1 X139.042 Y148.259 E.02406
G1 X107.524 Y116.741 E1.65114
G1 X106.874 Y116.74 E.02409
G1 X138.392 Y148.259 E1.65117
G1 X137.743 Y148.259 E.02406
G1 X106.223 Y116.74 E1.65121
G1 X105.573 Y116.739 E.02409
G1 X137.093 Y148.259 E1.65125
G1 X136.444 Y148.259 E.02406
G1 X104.923 Y116.738 E1.65128
G1 X104.273 Y116.738 E.02409
G1 X135.794 Y148.259 E1.65132
G1 X135.144 Y148.259 E.02406
G1 X103.616 Y116.73 E1.65171
G1 X102.919 Y116.683 E.02588
G1 X134.495 Y148.259 E1.65419
G1 X133.845 Y148.259 E.02406
G1 X102.216 Y116.629 E1.657
G1 X101.625 Y116.688 E.02198
M73 P19 R16
G1 X133.196 Y148.259 E1.65391
G1 X132.546 Y148.259 E.02406
G1 X101.013 Y116.725 E1.65197
G1 X100.35 Y116.712 E.02457
G1 X131.897 Y148.259 E1.65268
G1 X131.247 Y148.259 E.02406
G1 X99.615 Y116.627 E1.65712
G1 X99.4 Y116.598 E.00805
G1 X98.992 Y116.652 E.01527
G1 X130.598 Y148.259 E1.65577
G1 X129.948 Y148.259 E.02406
G1 X98.403 Y116.713 E1.65258
G1 X98 Y116.732 E.01494
G1 X97.761 Y116.721 E.00887
G1 X129.299 Y148.259 E1.65219
G1 X128.649 Y148.259 E.02406
G1 X97.048 Y116.658 E1.6555
G1 X96.685 Y116.609 E.01357
G1 X96.398 Y116.657 E.01077
G1 X98.128 Y118.387 E.09062
G1 X97.479 Y118.387 E.02406
G1 X95.815 Y116.723 E.08716
G1 X95.178 Y116.736 E.02362
G1 X96.829 Y118.387 E.08653
G1 X96.18 Y118.387 E.02406
G1 X94.46 Y116.667 E.09012
G1 X94.203 Y116.624 E.00962
G1 X93.819 Y116.676 E.01438
G1 X95.53 Y118.387 E.08967
G1 X94.881 Y118.387 E.02406
G1 X93.216 Y116.723 E.08721
G1 X92.596 Y116.752 E.02301
G1 X94.231 Y118.387 E.08569
G1 X93.582 Y118.387 E.02406
G1 X91.241 Y116.047 E.12261
G1 X91.241 Y116.696 E.02406
G1 X92.932 Y118.387 E.08858
G1 X92.283 Y118.387 E.02406
G1 X91.241 Y117.346 E.05455
G1 X91.241 Y117.995 E.02406
G1 X91.887 Y118.641 E.03384
G1 X91.887 Y119.291 E.02406
G1 X91.241 Y118.645 E.03384
G1 X91.241 Y119.294 E.02406
G1 X91.887 Y119.94 E.03384
G1 X91.887 Y120.59 E.02406
G1 X91.241 Y119.944 E.03384
G1 X91.241 Y120.594 E.02406
G1 X91.887 Y121.239 E.03384
G1 X91.887 Y121.889 E.02406
G1 X91.241 Y121.243 E.03384
G1 X91.241 Y121.893 E.02406
G1 X91.887 Y122.539 E.03384
G1 X91.887 Y123.188 E.02406
G1 X91.241 Y122.542 E.03384
G1 X91.241 Y123.192 E.02406
G1 X91.887 Y123.838 E.03384
G1 X91.887 Y124.487 E.02406
G1 X91.241 Y123.841 E.03384
G1 X91.241 Y124.491 E.02406
G1 X91.887 Y125.137 E.03384
G1 X91.887 Y125.786 E.02406
G1 X91.241 Y125.14 E.03384
G1 X91.241 Y125.79 E.02406
G1 X91.887 Y126.436 E.03384
G1 X91.887 Y127.085 E.02406
G1 X91.241 Y126.439 E.03384
G1 X91.241 Y127.089 E.02406
G1 X91.887 Y127.735 E.03384
G1 X91.887 Y128.384 E.02406
G1 X91.241 Y127.738 E.03384
G1 X91.241 Y128.388 E.02406
G1 X91.887 Y129.034 E.03384
G1 X91.887 Y129.683 E.02406
G1 X91.241 Y129.037 E.03384
G1 X91.241 Y129.687 E.02406
G1 X91.887 Y130.333 E.03384
G1 X91.887 Y130.982 E.02406
G1 X91.241 Y130.336 E.03384
G1 X91.241 Y130.986 E.02406
G1 X92.093 Y131.837 E.04462
G1 E-.728 F1800
;WIPE_START
G1 F30000
G1 X91.244 Y130.989 E-.072
;WIPE_END
G1 X95.396 Y124.584 Z.6
G1 X98.907 Y119.166 Z.6
G1 Z.2
G1 E.8 F1800
G1 F6300
G1 X128 Y148.259 E1.5241
G1 X127.35 Y148.259 E.02406
G1 X99.113 Y120.021 E1.47929
G1 X99.113 Y120.671 E.02406
G1 X126.701 Y148.259 E1.44527
G1 X126.051 Y148.259 E.02406
G1 X99.113 Y121.32 E1.41124
G1 X99.113 Y121.97 E.02406
G1 X125.402 Y148.259 E1.37721
G1 X124.752 Y148.259 E.02406
M73 P20 R16
G1 X99.113 Y122.619 E1.34319
G1 X99.113 Y123.269 E.02406
G1 X124.103 Y148.259 E1.30916
G1 X123.453 Y148.259 E.02406
G1 X99.113 Y123.918 E1.27513
G1 X99.113 Y124.568 E.02406
G1 X122.804 Y148.259 E1.24111
G1 X122.154 Y148.259 E.02406
G1 X99.113 Y125.217 E1.20708
G1 X99.113 Y125.867 E.02406
G1 X121.505 Y148.259 E1.17305
G1 X120.855 Y148.259 E.02406
G1 X99.113 Y126.516 E1.13903
G1 X99.113 Y127.166 E.02406
G1 X120.206 Y148.259 E1.105
G1 X119.556 Y148.259 E.02406
G1 X99.113 Y127.815 E1.07097
G1 X99.113 Y128.465 E.02406
G1 X118.906 Y148.259 E1.03694
G1 X118.257 Y148.259 E.02406
G1 X99.113 Y129.115 E1.00292
G1 X99.113 Y129.764 E.02406
G1 X117.607 Y148.259 E.96889
G1 X116.958 Y148.259 E.02406
G1 X99.113 Y130.414 E.93486
G1 X99.113 Y131.063 E.02406
G1 X116.308 Y148.259 E.90084
G1 X115.659 Y148.259 E.02406
G1 X99.113 Y131.713 E.86681
G1 X99.113 Y132.362 E.02406
G1 X115.009 Y148.259 E.83278
G1 X114.36 Y148.259 E.02406
G1 X98.714 Y132.613 E.81965
G1 X98.064 Y132.613 E.02406
G1 X113.71 Y148.259 E.81965
G1 X113.061 Y148.259 E.02406
G1 X97.415 Y132.613 E.81965
G1 X96.765 Y132.613 E.02406
G1 X112.411 Y148.259 E.81965
G1 X111.762 Y148.259 E.02406
G1 X96.116 Y132.613 E.81965
G1 X95.466 Y132.613 E.02406
G1 X111.112 Y148.259 E.81965
G1 X110.463 Y148.259 E.02406
G1 X94.817 Y132.613 E.81965
G1 X94.167 Y132.613 E.02406
G1 X109.813 Y148.259 E.81965
G1 X109.164 Y148.259 E.02406
G1 X93.518 Y132.613 E.81965
G1 X92.868 Y132.613 E.02406
M73 P21 R16
G1 X108.514 Y148.259 E.81965
G1 X107.865 Y148.259 E.02406
G1 X91.241 Y131.635 E.87086
G1 X91.241 Y132.285 E.02406
G1 X107.215 Y148.259 E.83683
G1 X106.566 Y148.259 E.02406
G1 X91.241 Y132.934 E.8028
G1 X91.241 Y133.584 E.02406
G1 X105.916 Y148.259 E.76878
G1 X105.267 Y148.259 E.02406
G1 X91.241 Y134.233 E.73475
G1 X91.241 Y134.883 E.02406
G1 X104.617 Y148.259 E.70072
G1 X103.968 Y148.259 E.02406
G1 X91.241 Y135.532 E.6667
G1 X91.241 Y136.182 E.02406
G1 X103.318 Y148.259 E.63267
G1 X102.668 Y148.259 E.02406
G1 X91.241 Y136.832 E.59864
G1 X91.241 Y137.481 E.02406
G1 X102.019 Y148.259 E.56462
G1 X101.369 Y148.259 E.02406
G1 X91.241 Y138.131 E.53059
G1 X91.241 Y138.78 E.02406
G1 X100.72 Y148.259 E.49656
G1 X100.07 Y148.259 E.02406
G1 X91.241 Y139.43 E.46253
G1 X91.241 Y140.079 E.02406
G1 X99.421 Y148.259 E.42851
G1 X98.771 Y148.259 E.02406
G1 X91.241 Y140.729 E.39448
G1 X91.241 Y141.378 E.02406
G1 X98.122 Y148.259 E.36045
G1 X97.472 Y148.259 E.02406
G1 X91.241 Y142.028 E.32643
G1 X91.241 Y142.677 E.02406
G1 X96.823 Y148.259 E.2924
G1 X96.173 Y148.259 E.02406
G1 X91.241 Y143.327 E.25837
G1 X91.241 Y143.976 E.02406
G1 X95.524 Y148.259 E.22435
G1 X94.874 Y148.259 E.02406
G1 X91.241 Y144.626 E.19032
G1 X91.241 Y145.275 E.02406
G1 X94.225 Y148.259 E.15629
G1 X93.575 Y148.259 E.02406
G1 X91.241 Y145.925 E.12227
G1 X91.249 Y146.582 E.02436
G1 X92.918 Y148.251 E.0874
G1 X92.545 Y148.196 E.01393
G1 X92.328 Y148.122 E.00851
G1 X92.122 Y148.021 E.00851
G1 X91.931 Y147.893 E.00851
G1 X91.765 Y147.748 E.00816
G1 X91.145 Y147.128 E.03247
G1 E-.728 F1800
;WIPE_START
G1 F30000
G1 X91.765 Y147.748 E-.0526
G1 X91.931 Y147.893 E-.01322
G1 X92.017 Y147.95 E-.00618
;WIPE_END
G1 X96.457 Y141.743 Z.6
G1 X116.605 Y113.579 Z.6
G1 Z.2
G1 E.8 F1800
;TYPE:Gap infill
;WIDTH:0.293262
G1 F6300
G1 X116.492 Y113.503 E.00275
;WIDTH:0.257577
G1 X116.378 Y113.428 E.00236
;WIDTH:0.219522
G1 X116.251 Y113.341 E.0022
;WIDTH:0.182659
G1 X116.102 Y113.215 E.0022
;WIDTH:0.138577
G1 X115.711 Y112.849 E.00414
;WIDTH:0.147893
G1 X115.606 Y112.721 E.00139
;WIDTH:0.179687
G1 X115.501 Y112.594 E.00182
;WIDTH:0.217688
G1 X115.367 Y112.506 E.00226
G1 E-.79036 F1800
;WIPE_START
G1 F30000
G1 X115.501 Y112.594 E-.00964
;WIPE_END
G1 X123.06 Y113.653 Z.6
G1 X123.208 Y113.674 Z.6
G1 Z.2
G1 E.8 F1800
;WIDTH:0.315391
G1 F6300
G1 X123.043 Y113.566 E.00433
;WIDTH:0.284742
G1 X122.908 Y113.454 E.00341
;WIDTH:0.250439
G1 X122.772 Y113.343 E.00293
;WIDTH:0.209313
G1 X122.36 Y112.966 E.0075
G1 X122.189 Y113.026 E.00243
G1 E-.75561 F1800
;WIPE_START
G1 F30000
G1 X122.36 Y112.966 E-.01087
G1 X122.772 Y113.343 E-.03352
;WIPE_END
G1 X122.56 Y109.953 Z.6
G1 Z.2
G1 E.8 F1800
;WIDTH:0.19545
G1 F6300
G1 X122.465 Y109.969 E.00118
;WIDTH:0.241305
G1 X122.371 Y109.986 E.00153
;WIDTH:0.284088
G1 X121.955 Y109.604 E.01098
;WIDTH:0.311907
G1 X121.723 Y109.431 E.00628
G1 E-.78265 F1800
;WIPE_START
G1 F30000
G1 X121.955 Y109.604 E-.01735
;WIPE_END
G1 X119.071 Y111.002 Z.6
G1 Z.2
G1 E.8 F1800
;WIDTH:0.120174
G1 F6300
G1 X119.035 Y111.089 E.00058
;WIDTH:0.146176
G1 X118.999 Y111.175 E.00078
;WIDTH:0.177869
G1 X118.973 Y111.208 E.00045
;WIDTH:0.206496
G1 X118.947 Y111.24 E.00055
G1 X118.946 Y111.761 E.00688
;WIDTH:0.216179
G1 X118.972 Y111.794 E.00058
;WIDTH:0.179187
G1 X118.999 Y111.826 E.00046
;WIDTH:0.147366
G1 X119.035 Y111.914 E.0008
;WIDTH:0.134042
G1 X119.071 Y112.002 E.0007
G1 E-.79428 F1800
;WIPE_START
G1 F30000
G1 X119.035 Y111.914 E-.00572
;WIPE_END
G1 X112.079 Y112.077 Z.6
G1 Z.2
G1 E.8 F1800
;WIDTH:0.159104
G1 F6300
G1 X112.067 Y111.585 E.00461
G1 X112.086 Y111.197 E.00364
G1 X112.071 Y110.915 E.00264
G1 E-.73026 F1800
;WIPE_START
G1 F30000
G1 X112.086 Y111.197 E-.0169
G1 X112.067 Y111.585 E-.02332
G1 X112.079 Y112.077 E-.02952
;WIPE_END
G1 X105.198 Y115.379 Z.6
G1 X97.5 Y119.073 Z.6
G1 Z.2
G1 E.8 F1800
;TYPE:Bottom surface
;WIDTH:0.50132
G1 F6300
G1 X98.221 Y119.794 E.0377
G1 X98.221 Y120.442 E.02397
G1 X97.058 Y119.279 E.06085
G1 X96.41 Y119.279 E.02397
G1 X98.221 Y121.09 E.09474
G1 X98.221 Y121.739 E.02397
G1 X95.761 Y119.279 E.12864
G1 X95.113 Y119.279 E.02397
G1 X98.221 Y122.387 E.16254
G1 X98.221 Y123.035 E.02397
M73 P22 R16
G1 X94.465 Y119.279 E.19643
G1 X93.816 Y119.279 E.02397
G1 X98.221 Y123.684 E.23033
G1 X98.221 Y124.332 E.02397
G1 X93.168 Y119.279 E.26422
G1 X92.779 Y119.279 E.0144
G1 X92.779 Y119.537 E.00956
G1 X98.221 Y124.98 E.28459
G1 X98.221 Y125.628 E.02397
G1 X92.779 Y120.186 E.2846
G1 X92.779 Y120.834 E.02397
G1 X98.221 Y126.277 E.2846
G1 X98.221 Y126.925 E.02397
G1 X92.779 Y121.482 E.2846
G1 X92.779 Y122.13 E.02397
G1 X98.221 Y127.573 E.2846
G1 X98.221 Y128.222 E.02397
G1 X92.779 Y122.779 E.2846
G1 X92.779 Y123.427 E.02397
G1 X98.221 Y128.87 E.2846
G1 X98.221 Y129.518 E.02397
G1 X92.779 Y124.075 E.2846
M73 P22 R15
G1 X92.779 Y124.723 E.02397
G1 X98.221 Y130.166 E.2846
G1 X98.221 Y130.815 E.02397
G1 X92.779 Y125.372 E.2846
G1 X92.779 Y126.02 E.02397
G1 X98.221 Y131.463 E.2846
G1 X98.221 Y131.721 E.00956
G1 X97.832 Y131.721 E.01441
G1 X92.779 Y126.668 E.26422
G1 X92.779 Y127.317 E.02397
G1 X97.183 Y131.721 E.23032
G1 X96.535 Y131.721 E.02397
G1 X92.779 Y127.965 E.19642
G1 X92.779 Y128.613 E.02397
G1 X95.887 Y131.721 E.16253
G1 X95.239 Y131.721 E.02397
G1 X92.779 Y129.261 E.12863
G1 X92.779 Y129.91 E.02397
G1 X94.59 Y131.721 E.09474
G1 X93.942 Y131.721 E.02397
G1 X92.779 Y130.558 E.06084
G1 X92.779 Y131.206 E.02397
G1 X93.499 Y131.927 E.0377
M106 S186
;LAYER_CHANGE
;Z:0.4
;HEIGHT:0.2
;BEFORE_LAYER_CHANGE
;0.4
G92 E0

G1 E-.728 F1800
;WIPE_START
G1 F30000
G1 X92.779 Y131.206 E-.06118
G1 X92.779 Y131.026 E-.01082
;WIPE_END
M73 L2
;LAYER:2
SET_PRINT_STATS_INFO TOTAL_LAYER=9 CURRENT_LAYER=2
;_SET_FAN_SPEED_CHANGING_LAYER
SET_VELOCITY_LIMIT ACCEL=3000
M140 S60 ; set bed temperature

G1 X93.7907 Y131.327 Z0.457143
G1 X94.1861 Y132.306 Z0.514286
G1 X93.667 Y133.226 Z0.571429
G1 X92.6243 Y133.394 Z0.628571
G1 X91.8432 Y132.683 Z0.685714
G1 X91.9118 Y131.629 Z0.742857
G1 X92.7785 Y131.026 Z0.8
G1 X122.847 Y126.193 Z.8
G1 Z.4
G1 E.8 F1800
;TYPE:Inner wall
;WIDTH:0.45
G1 F12000
G1 X121.593 Y127.002 E.04901
G1 X122.059 Y127.866 E.03224
G1 X122.333 Y128.192 E.014
G1 X121.521 Y128.273 E.0268
G1 X122.028 Y129.506 E.04377
G1 X122.692 Y130.169 E.03079
G1 X123.191 Y129.784 E.02071
G1 X123.685 Y130.165 E.02046
G1 X124.314 Y129.636 E.02698
G1 X124.555 Y129.206 E.01621
G1 X124.607 Y128.751 E.01501
G1 X124.527 Y128.323 E.01432
G1 X124.387 Y128.087 E.00899
G1 X126.16 Y128.271 E.05851
G1 X126.04 Y128.564 E.01038
G1 X127.076 Y129.305 E.04181
G1 X127.711 Y128.753 E.02765
G1 X127.924 Y128.368 E.01442
G1 X127.941 Y128.267 E.00337
G1 X129.044 Y128.401 E.03648
G1 X129.073 Y128.614 E.00706
G1 X128.179 Y128.766 E.02978
G1 X128.484 Y129.763 E.03422
G1 X128.666 Y130.07 E.01172
G1 X128.925 Y130.315 E.01172
G1 X129.241 Y130.485 E.01177
G1 X129.589 Y130.578 E.01184
G1 X130.013 Y130.592 E.01392
G1 X130.439 Y130.495 E.01435
G1 X130.745 Y130.333 E.01136
G1 X131.096 Y129.979 E.01638
G1 X131.237 Y129.72 E.00966
G1 X131.329 Y129.357 E.01229
G1 X131.286 Y128.897 E.01518
G1 X131.193 Y128.704 E.00702
G1 X131.249 Y128.64 E.00279
G1 X131.396 Y128.339 E.01101
G1 X131.461 Y128.006 E.01115
G1 X131.435 Y127.574 E.01421
G1 X131.21 Y127.049 E.01875
G1 X130.88 Y126.7 E.01578
G1 X130.48 Y126.47 E.01513
G1 X130.021 Y126.367 E.01546
G1 X129.454 Y126.408 E.01867
G1 X129.032 Y126.577 E.01492
G1 X128.62 Y126.936 E.01791
G1 X128.133 Y127.79 E.03229
G1 X127.521 Y126.481 E.04744
G1 X127.358 Y126.538 E.00567
G1 X127.211 Y126.366 E.00743
G1 X126.706 Y126.744 E.02073
G1 X126.169 Y126.201 E.02508
G1 X125.717 Y126.623 E.02028
G1 X125.717 Y126.418 E.0067
G1 X124.075 Y126.418 E.05392
G1 X124.075 Y127.653 E.04053
G1 X123.623 Y127.213 E.02071
G1 X122.872 Y126.225 E.04076
G1 E-.728 F1800
;WIPE_START
G1 F30000
G1 X121.846 Y126.848 E-.072
;WIPE_END
G1 X115.571 Y122.503 Z.8
G1 X109.337 Y118.188 Z.8
G1 Z.4
G1 E.8 F1800
G1 F12000
G1 X110.364 Y119.691 E.05976
G1 X111.639 Y119.691 E.04186
G1 X111.639 Y117.486 E.0724
G1 X109.376 Y118.177 E.0777
G1 E-.728 F1800
;WIPE_START
G1 F30000
G1 X110.031 Y119.182 E-.072
;WIPE_END
G1 X116.307 Y116.153 Z.8
G1 Z.4
G1 E.8 F1800
G1 F12000
G1 X115.611 Y116.552 E.02633
G1 X115.285 Y116.585 E.01077
G1 X115.28 Y116.742 E.00515
G1 X114.978 Y116.915 E.01143
G1 X115.258 Y117.468 E.02034
G1 X115.256 Y117.536 E.00224
G1 X114.934 Y118.134 E.02231
G1 X116.127 Y118.954 E.04751
G1 X116.711 Y118.275 E.0294
G1 X116.872 Y117.896 E.01354
G1 X116.879 Y117.815 E.00265
G1 X117.005 Y117.769 E.00441
G1 X116.691 Y116.442 E.04476
G1 X116.505 Y116.461 E.00615
G1 X116.328 Y116.187 E.01073
G1 E-.728 F1800
;WIPE_START
G1 F30000
G1 X115.611 Y116.552 E-.0483
G1 X115.285 Y116.585 E-.01968
G1 X115.283 Y116.652 E-.00403
;WIPE_END
G1 X114.678 Y110.394 Z.8
G1 Z.4
G1 E.8 F1800
G1 F12000
G1 X114.653 Y110.373 E.00108
G1 X114.419 Y110.248 E.00872
G1 X114.145 Y110.165 E.00938
G1 X113.748 Y110.152 E.01305
G1 X113.505 Y110.204 E.00815
G1 X113.228 Y110.323 E.00989
G1 X113.007 Y110.481 E.00895
G1 X112.825 Y110.675 E.00872
G1 X112.685 Y110.901 E.00872
G1 X112.584 Y111.168 E.00938
G1 X112.545 Y111.569 E.01323
G1 X112.591 Y111.851 E.00938
G1 X112.685 Y112.099 E.00872
G1 X112.825 Y112.325 E.00872
G1 X113.01 Y112.522 E.00887
G1 X113.245 Y112.686 E.00941
G1 X113.476 Y112.788 E.0083
G1 X113.792 Y112.85 E.01056
G1 X114.003 Y112.85 E.00693
G1 X114.285 Y112.8 E.00942
G1 X114.59 Y112.67 E.01089
G1 X114.915 Y112.403 E.01378
G1 X115.106 Y112.117 E.01131
G1 X115.185 Y111.926 E.00679
G1 X115.246 Y111.667 E.00872
G1 X115.246 Y111.333 E.01098
G1 X115.181 Y111.055 E.00938
G1 X115.033 Y110.755 E.01098
G1 X114.858 Y110.542 E.00905
G1 X114.709 Y110.42 E.00633
SET_VELOCITY_LIMIT ACCEL=2000
G1 X114.434 Y110.701 F30000
;TYPE:Outer wall
;WIDTH:0.42
G1 F7200
G1 X114.268 Y110.612 E.00573
G1 X114.081 Y110.555 E.00594
G1 X113.783 Y110.546 E.00906
G1 X113.624 Y110.58 E.00494
G1 X113.421 Y110.666 E.00671
G1 X113.266 Y110.777 E.0058
G1 X113.138 Y110.915 E.00573
G1 X113.038 Y111.075 E.00573
G1 X112.969 Y111.258 E.00594
G1 X112.94 Y111.556 E.00911
G1 X112.972 Y111.749 E.00594
G1 X113.038 Y111.925 E.00573
G1 X113.138 Y112.085 E.00573
G1 X113.267 Y112.224 E.00578
G1 X113.438 Y112.342 E.00632
G1 X113.595 Y112.412 E.00523
G1 X113.83 Y112.458 E.00729
G1 X113.968 Y112.458 E.00418
G1 X114.172 Y112.422 E.00632
G1 X114.385 Y112.331 E.00703
G1 X114.621 Y112.137 E.00929
G1 X114.759 Y111.931 E.00753
G1 X114.811 Y111.806 E.00414
G1 X114.854 Y111.622 E.00573
G1 X114.854 Y111.378 E.00742
G1 X114.809 Y111.188 E.00594
G1 X114.701 Y110.969 E.00742
G1 X114.58 Y110.82 E.00584
G1 X114.465 Y110.726 E.00451
G1 E-.728 F1800
;WIPE_START
G1 F30000
G1 X114.268 Y110.612 E-.01367
G1 X114.081 Y110.555 E-.01172
G1 X113.783 Y110.546 E-.01787
G1 X113.624 Y110.58 E-.00974
G1 X113.421 Y110.666 E-.01324
G1 X113.343 Y110.722 E-.00576
;WIPE_END
G1 X109.63 Y110.825 Z.8
G1 Z.4
G1 E.8 F1800
SET_VELOCITY_LIMIT ACCEL=3000
;TYPE:Inner wall
;WIDTH:0.45
G1 F12000
G1 X109.574 Y110.881 E.00261
G1 X109.408 Y111.283 E.01427
G1 X109.408 Y111.717 E.01427
G1 X109.574 Y112.119 E.01427
G1 X109.881 Y112.426 E.01427
G1 X110.283 Y112.592 E.01427
G1 X110.717 Y112.592 E.01427
G1 X111.119 Y112.426 E.01427
G1 X111.426 Y112.119 E.01427
G1 X111.592 Y111.717 E.01427
G1 X111.592 Y111.283 E.01427
G1 X111.426 Y110.881 E.01427
G1 X111.119 Y110.574 E.01427
G1 X110.717 Y110.408 E.01427
G1 X110.283 Y110.408 E.01427
G1 X109.881 Y110.574 E.01427
G1 X109.658 Y110.797 E.01035
SET_VELOCITY_LIMIT ACCEL=2000
G1 X110.103 Y110.906 F30000
;TYPE:Outer wall
;WIDTH:0.42
G1 F7200
G1 X109.906 Y111.103 E.00847
G1 X109.8 Y111.361 E.00847
G1 X109.8 Y111.639 E.00847
G1 X109.906 Y111.897 E.00847
G1 X110.103 Y112.094 E.00847
G1 X110.361 Y112.2 E.00847
G1 X110.639 Y112.2 E.00847
G1 X110.897 Y112.094 E.00847
G1 X111.094 Y111.897 E.00847
G1 X111.2 Y111.639 E.00847
G1 X111.2 Y111.361 E.00847
G1 X111.094 Y111.103 E.00847
G1 X110.897 Y110.906 E.00847
G1 X110.639 Y110.8 E.00847
G1 X110.361 Y110.8 E.00847
G1 X110.14 Y110.891 E.00726
G1 E-.728 F1800
;WIPE_START
G1 F30000
G1 X109.906 Y111.103 E-.01896
G1 X109.8 Y111.361 E-.01672
G1 X109.8 Y111.639 E-.01672
G1 X109.906 Y111.897 E-.01672
G1 X109.94 Y111.931 E-.00289
;WIPE_END
G1 X117.557 Y111.447 Z.8
G1 X125.798 Y110.923 Z.8
G1 Z.4
G1 E.8 F1800
SET_VELOCITY_LIMIT ACCEL=3000
;TYPE:Inner wall
;WIDTH:0.45
G1 F12000
G1 X125.487 Y110.423 E.01932
G1 X125.181 Y110.117 E.01423
G1 X124.928 Y109.954 E.00986
G1 X124.561 Y109.806 E.013
G1 X124.215 Y109.749 E.01152
G1 X123.861 Y109.76 E.01162
G1 X123.437 Y109.874 E.0144
G1 X123.125 Y110.041 E.01162
G1 X122.859 Y110.259 E.0113
G1 X122.641 Y110.525 E.0113
G1 X122.372 Y111.028 E.01874
G1 X122.118 Y110.553 E.0177
G1 X121.906 Y110.294 E.01097
G1 X121.647 Y110.082 E.01097
G1 X121.352 Y109.925 E.01097
G1 X121.042 Y109.831 E.01065
G1 X120.802 Y109.799 E.00797
G1 X120.477 Y109.81 E.01065
G1 X120.152 Y109.885 E.01097
G1 X119.848 Y110.023 E.01097
G1 X119.576 Y110.218 E.01097
G1 X119.347 Y110.462 E.01097
G1 X119.171 Y110.746 E.01097
G1 X119.03 Y111.121 E.01315
G1 X118.847 Y111.107 E.00602
G1 X118.825 Y111 E.00358
G1 X118.73 Y110.773 E.00809
G1 X118.514 Y110.449 E.01279
G1 X118.284 Y110.233 E.01033
G1 X118.085 Y110.1 E.00786
G1 X117.725 Y109.951 E.01279
G1 X117.405 Y109.898 E.01066
G1 X117.091 Y109.909 E.01033
G1 X116.784 Y109.98 E.01033
G1 X116.507 Y110.106 E.01
G1 X116.316 Y110.233 E.00754
G1 X116.101 Y110.435 E.00968
G1 X115.961 Y110.617 E.00754
G1 X115.817 Y110.886 E.01
G1 X115.723 Y111.196 E.01066
G1 X115.697 Y111.6 E.01327
G1 X115.76 Y111.95 E.0117
G1 X115.881 Y112.25 E.01061
G1 X116.085 Y112.549 E.0119
G1 X116.275 Y112.733 E.00866
G1 X116.508 Y112.897 E.00937
G1 X116.866 Y113.045 E.0127
G1 X117.11 Y113.094 E.00819
G1 X117.49 Y113.094 E.01246
G1 X117.734 Y113.045 E.00819
G1 X118.085 Y112.9 E.01247
G1 X118.288 Y112.764 E.00801
G1 X118.534 Y112.527 E.01123
G1 X118.732 Y112.225 E.01185
G1 X118.826 Y111.997 E.00809
G1 X118.846 Y111.895 E.00343
G1 X119.03 Y111.88 E.00605
G1 X119.171 Y112.254 E.01314
G1 X119.347 Y112.538 E.01097
G1 X119.576 Y112.782 E.01097
G1 X119.848 Y112.977 E.01097
G1 X120.152 Y113.115 E.01097
G1 X120.487 Y113.193 E.0113
G1 X120.913 Y113.193 E.01398
G1 X121.248 Y113.115 E.0113
G1 X121.552 Y112.977 E.01097
G1 X121.824 Y112.782 E.01097
G1 X122.053 Y112.538 E.01097
G1 X122.234 Y112.246 E.0113
G1 X122.345 Y111.921 E.01126
G1 X122.641 Y112.475 E.02063
G1 X122.859 Y112.741 E.0113
G1 X123.125 Y112.959 E.0113
G1 X123.42 Y113.117 E.01097
G1 X123.665 Y113.2 E.00851
G1 X124.08 Y113.255 E.01375
G1 X124.329 Y113.238 E.00818
G1 X124.573 Y113.19 E.00818
G1 X124.979 Y113.022 E.01441
G1 X125.327 Y112.755 E.01441
G1 X125.498 Y112.56 E.00851
G1 X125.793 Y112.085 E.01837
G1 X125.937 Y112.403 E.01145
G1 X126.143 Y112.69 E.01162
G1 X126.401 Y112.932 E.01162
G1 X126.702 Y113.119 E.01162
G1 X127.033 Y113.243 E.01162
G1 X127.382 Y113.301 E.01162
G1 X127.736 Y113.29 E.01162
G1 X128.08 Y113.209 E.01162
G1 X128.403 Y113.063 E.01162
G1 X128.69 Y112.857 E.01162
G1 X128.932 Y112.599 E.01162
G1 X129.119 Y112.298 E.01162
G1 X129.244 Y111.967 E.01162
G1 X129.301 Y111.618 E.01162
G1 X129.29 Y111.264 E.01162
G1 X129.209 Y110.92 E.01162
G1 X129.063 Y110.598 E.01162
G1 X128.857 Y110.31 E.01162
G1 X128.603 Y110.072 E.01145
G1 X128.352 Y109.91 E.00979
G1 X127.974 Y109.758 E.01339
G1 X127.618 Y109.699 E.01184
G1 X127.264 Y109.71 E.01162
G1 X126.92 Y109.791 E.01162
G1 X126.598 Y109.937 E.01162
G1 X126.31 Y110.143 E.01162
G1 X126.068 Y110.401 E.01162
G1 X125.881 Y110.702 E.01162
G1 X125.812 Y110.885 E.00645
SET_VELOCITY_LIMIT ACCEL=2000
G1 X126.092 Y111.406 F30000
;TYPE:Outer wall
;WIDTH:0.42
G1 F7200
G1 X126.096 Y111.631 E.00685
G1 X126.163 Y111.951 E.00995
G1 X126.278 Y112.206 E.00849
G1 X126.439 Y112.43 E.00841
G1 X126.641 Y112.619 E.00841
G1 X126.876 Y112.766 E.00841
G1 X127.135 Y112.863 E.00841
G1 X127.408 Y112.908 E.00841
G1 X127.684 Y112.899 E.00841
G1 X127.954 Y112.836 E.00841
G1 X128.206 Y112.722 E.00841
G1 X128.43 Y112.561 E.00841
G1 X128.619 Y112.359 E.00841
G1 X128.765 Y112.124 E.00841
G1 X128.863 Y111.865 E.00841
G1 X128.908 Y111.592 E.00841
G1 X128.899 Y111.316 E.00841
G1 X128.836 Y111.046 E.00841
G1 X128.722 Y110.794 E.00841
G1 X128.561 Y110.57 E.00841
G1 X128.36 Y110.382 E.00836
G1 X128.171 Y110.26 E.00685
G1 X127.868 Y110.137 E.00995
G1 X127.592 Y110.092 E.00849
G1 X127.316 Y110.101 E.00841
G1 X127.046 Y110.164 E.00841
G1 X126.794 Y110.278 E.00841
G1 X126.57 Y110.439 E.00841
G1 X126.381 Y110.641 E.00841
G1 X126.234 Y110.876 E.00841
G1 X126.137 Y111.135 E.00841
G1 X126.099 Y111.366 E.00714
G1 E-.728 F1800
;WIPE_START
G1 F30000
G1 X126.096 Y111.631 E-.01588
G1 X126.163 Y111.951 E-.01963
G1 X126.278 Y112.206 E-.01674
G1 X126.439 Y112.43 E-.0166
G1 X126.477 Y112.466 E-.00315
;WIPE_END
G1 X124.459 Y112.813 Z.8
G1 Z.4
G1 E.8 F1800
G1 F7200
G1 X124.781 Y112.679 E.0106
G1 X125.057 Y112.467 E.0106
G1 X125.182 Y112.326 E.00573
G1 X125.321 Y112.102 E.00801
G1 X125.415 Y111.852 E.00811
G1 X125.458 Y111.592 E.00801
G1 X125.458 Y111.408 E.00562
G1 X125.415 Y111.148 E.00801
G1 X125.321 Y110.898 E.00811
G1 X125.178 Y110.669 E.00822
G1 X124.933 Y110.423 E.01054
G1 X124.747 Y110.303 E.00672
G1 X124.455 Y110.186 E.00959
G1 X124.189 Y110.142 E.00819
G1 X123.919 Y110.151 E.00822
G1 X123.582 Y110.241 E.0106
G1 X123.344 Y110.368 E.00822
G1 X123.138 Y110.538 E.00811
G1 X122.968 Y110.744 E.00811
G1 X122.843 Y110.979 E.00811
G1 X122.765 Y111.234 E.00811
G1 X122.739 Y111.5 E.00811
G1 X122.765 Y111.766 E.00811
G1 X122.843 Y112.021 E.00811
G1 X122.968 Y112.256 E.00811
G1 X123.138 Y112.462 E.00811
G1 X123.344 Y112.632 E.00811
G1 X123.576 Y112.756 E.00801
G1 X123.754 Y112.816 E.00573
G1 X124.093 Y112.861 E.01039
G1 X124.278 Y112.849 E.00562
G1 X124.42 Y112.821 E.00441
G1 E-.728 F1800
;WIPE_START
G1 F30000
G1 X124.781 Y112.679 E-.02327
G1 X125.057 Y112.467 E-.02091
G1 X125.182 Y112.326 E-.0113
G1 X125.321 Y112.102 E-.0158
G1 X125.325 Y112.091 E-.00072
;WIPE_END
G1 X119.389 Y111.493 Z.8
G1 Z.4
G1 E.8 F1800
G1 F7200
G1 X119.401 Y111.671 E.00542
G1 X119.435 Y111.843 E.00532
G1 X119.524 Y112.08 E.00771
G1 X119.66 Y112.298 E.00782
G1 X119.836 Y112.486 E.00782
G1 X120.044 Y112.635 E.00782
G1 X120.279 Y112.741 E.00782
G1 X120.532 Y112.801 E.00792
G1 X120.868 Y112.801 E.0102
G1 X121.121 Y112.741 E.00792
G1 X121.355 Y112.635 E.00782
G1 X121.564 Y112.486 E.00782
G1 X121.74 Y112.298 E.00782
G1 X121.878 Y112.077 E.00792
G1 X121.985 Y111.759 E.0102
G1 X122.011 Y111.503 E.00782
G1 X121.999 Y111.322 E.00553
G1 X121.913 Y111.001 E.0101
G1 X121.79 Y110.772 E.00792
G1 X121.627 Y110.573 E.00782
G1 X121.428 Y110.41 E.00782
G1 X121.202 Y110.289 E.00782
G1 X120.959 Y110.215 E.00771
G1 X120.782 Y110.192 E.00542
G1 X120.529 Y110.2 E.00771
G1 X120.279 Y110.259 E.00782
G1 X120.045 Y110.365 E.00782
G1 X119.836 Y110.514 E.00782
G1 X119.66 Y110.702 E.00782
G1 X119.524 Y110.92 E.00782
G1 X119.432 Y111.164 E.00792
G1 X119.394 Y111.453 E.00888
G1 E-.728 F1800
;WIPE_START
G1 F30000
G1 X119.401 Y111.671 E-.01306
G1 X119.435 Y111.843 E-.01049
G1 X119.524 Y112.08 E-.01521
G1 X119.66 Y112.298 E-.01542
G1 X119.836 Y112.486 E-.01542
G1 X119.868 Y112.509 E-.00239
;WIPE_END
G1 X116.56 Y110.542 Z.8
G1 Z.4
G1 E.8 F1800
G1 F7200
G1 X116.392 Y110.699 E.00701
G1 X116.291 Y110.83 E.00503
G1 X116.181 Y111.037 E.00711
G1 X116.111 Y111.267 E.00733
G1 X116.091 Y111.577 E.00946
G1 X116.138 Y111.841 E.00815
G1 X116.229 Y112.064 E.00731
G1 X116.387 Y112.295 E.00853
G1 X116.525 Y112.43 E.00587
G1 X116.698 Y112.551 E.00643
G1 X116.98 Y112.668 E.00927
G1 X117.149 Y112.701 E.00524
G1 X117.451 Y112.701 E.0092
G1 X117.62 Y112.668 E.00524
G1 X117.899 Y112.552 E.0092
G1 X118.041 Y112.458 E.00518
G1 X118.23 Y112.275 E.00799
G1 X118.383 Y112.041 E.00851
G1 X118.449 Y111.883 E.0052
G1 X118.508 Y111.584 E.00925
G1 X118.505 Y111.387 E.00601
G1 X118.448 Y111.116 E.00841
G1 X118.383 Y110.958 E.0052
G1 X118.213 Y110.704 E.0093
G1 X118.04 Y110.542 E.00722
G1 X117.899 Y110.448 E.00513
G1 X117.617 Y110.331 E.0093
G1 X117.379 Y110.292 E.00733
G1 X117.142 Y110.299 E.00722
G1 X116.911 Y110.353 E.00722
G1 X116.698 Y110.45 E.00711
G1 X116.594 Y110.519 E.00381
G1 E-.728 F1800
;WIPE_START
G1 F30000
G1 X116.392 Y110.699 E-.0162
G1 X116.291 Y110.83 E-.00991
G1 X116.181 Y111.037 E-.01404
G1 X116.111 Y111.267 E-.01445
G1 X116.092 Y111.556 E-.0174
;WIPE_END
G1 X123.724 Y111.64 Z.8
G1 X137.398 Y111.79 Z.8
G1 Z.4
M73 P23 R15
G1 E.8 F1800
SET_VELOCITY_LIMIT ACCEL=3000
;TYPE:Inner wall
;WIDTH:0.45
G1 F12000
G1 X137.398 Y116.102 E.14158
G1 X148.602 Y116.102 E.36787
G1 X148.602 Y106.898 E.3022
G1 X137.398 Y106.898 E.36787
G1 X137.398 Y111.75 E.15931
SET_VELOCITY_LIMIT ACCEL=2000
G1 X137.79 Y111.79 F30000
;TYPE:Outer wall
;WIDTH:0.42
G1 F7200
G1 X137.79 Y115.71 E.11922
G1 X148.21 Y115.71 E.31691
G1 X148.21 Y111.79 E.11922
G1 X137.83 Y111.79 E.31569
G1 X137.79 Y111.21 F30000
G1 F7200
G1 X148.21 Y111.21 E.31691
G1 X148.21 Y107.29 E.11922
G1 X137.79 Y107.29 E.31691
G1 X137.79 Y111.17 E.11801
G1 E-.728 F1800
;WIPE_START
G1 F30000
G1 X138.99 Y111.175 E-.072
;WIPE_END
G1 X144.108 Y116.837 Z.8
G1 X157.002 Y131.102 Z.8
G1 Z.4
G1 E.8 F1800
SET_VELOCITY_LIMIT ACCEL=3000
;TYPE:Inner wall
;WIDTH:0.45
G1 F11160
G1 X157.002 Y130.602 E.01642
G1 X157.798 Y130.602 E.02614
G1 X157.798 Y131.102 E.01642
G1 F12000
G1 X162.602 Y131.102 E.15773
G1 X162.602 Y117.898 E.43353
G1 X144.398 Y117.898 E.5977
G1 X144.398 Y131.102 E.43353
G1 X149.202 Y131.102 E.15773
G1 X149.202 Y130.902 E.00657
G1 X149.998 Y130.902 E.02614
G1 X149.998 Y131.102 E.00657
G1 X151.802 Y131.102 E.05923
G1 X151.802 Y130.802 E.00985
G1 X152.598 Y130.802 E.02614
G1 X152.598 Y131.102 E.00985
G1 X154.402 Y131.102 E.05923
G1 X154.402 Y130.702 E.01313
G1 X155.198 Y130.702 E.02614
G1 X155.198 Y131.102 E.01313
G1 X156.962 Y131.102 E.05792
SET_VELOCITY_LIMIT ACCEL=2000
G1 X156.61 Y130.71 F30000
;TYPE:Outer wall
;WIDTH:0.42
G1 F3000
M106 S255
G1 X156.61 Y130.5 E.00639
G1 F2580
G1 X156.61 Y130.3 E.00608
SET_VELOCITY_LIMIT ACCEL=1000
;TYPE:Overhang wall
;WIDTH:0.4
G1 F3000
G1 X156.61 Y130.21 E.00259
G1 X158.19 Y130.21 E.0455
G1 X158.19 Y130.3 E.00259
SET_VELOCITY_LIMIT ACCEL=2000
;TYPE:Outer wall
;WIDTH:0.42
G1 F2580
G1 X158.19 Y130.5 E.00608
M106 S186
G1 F3000
G1 X158.19 Y130.71 E.00639
G1 F7200
G1 X158.82 Y130.71 E.01916
G1 X161.667 Y130.71 E.08659
G1 X162.21 Y130.71 E.01651
G1 X162.21 Y130.167 E.01651
G1 X162.21 Y118.833 E.34471
G1 X162.21 Y118.29 E.01651
G1 X161.667 Y118.29 E.01651
G1 X145.333 Y118.29 E.49678
G1 X144.79 Y118.29 E.01651
G1 X144.79 Y118.833 E.01651
G1 X144.79 Y130.167 E.34471
G1 X144.79 Y130.71 E.01651
G1 X145.333 Y130.71 E.01651
G1 X148.18 Y130.71 E.08659
G1 X148.81 Y130.71 E.01916
G1 F3420
G1 X148.81 Y130.51 E.00608
G1 X150.39 Y130.51 E.04805
G1 X150.39 Y130.71 E.00608
G1 F7200
G1 X151.41 Y130.71 E.03102
M106 S255
G1 F1980
G1 X151.41 Y130.41 E.00912
G1 X152.99 Y130.41 E.04805
M106 S186
G1 X152.99 Y130.71 E.00912
G1 F7200
G1 X154.01 Y130.71 E.03102
M106 S255
G1 F3000
G1 X154.01 Y130.5 E.00639
G1 F2100
G1 X154.01 Y130.31 E.00578
G1 X155.59 Y130.31 E.04805
G1 X155.59 Y130.5 E.00578
M106 S186
G1 F3000
G1 X155.59 Y130.71 E.00639
G1 F7200
G1 X156.57 Y130.71 E.02981
G1 E-.728 F1800
;WIPE_START
G1 F30000
G1 X156.61 Y130.3 E-.02472
G1 X156.61 Y130.21 E-.0054
G1 X157.308 Y130.21 E-.04188
;WIPE_END

G1 X156.476 Y129.56 Z0.457143
G1 X156.465 Y128.504 Z0.514286
G1 X157.283 Y127.837 Z0.571429
G1 X158.315 Y128.062 Z0.628571
G1 X158.783 Y129.008 Z0.685714
G1 X158.335 Y129.964 Z0.742857
G1 X157.308 Y130.21 Z0.8
G1 X92.398 Y116.102 Z.8
G1 Z.4
G1 E.8 F1800
SET_VELOCITY_LIMIT ACCEL=3000
;TYPE:Inner wall
;WIDTH:0.45
G1 F12000
G1 X94.846 Y116.102 E.08037
G1 X94.846 Y118.499 E.07869
G1 X94.624 Y118.69 E.00962
G1 X94.737 Y118.898 E.00776
G1 X92.398 Y118.898 E.0768
G1 X92.398 Y132.102 E.43354
G1 X103.582 Y132.082 E.3672
G1 X103.582 Y118.918 E.43219
G1 X101.759 Y118.918 E.05985
G1 X101.846 Y118.568 E.01184
G1 X101.826 Y118.18 E.01277
G1 X101.581 Y117.404 E.02672
G1 X101.322 Y117.445 E.00861
G1 X100.301 Y116.102 E.05538
G1 X105.723 Y116.102 E.17802
G1 X105.776 Y116.275 E.00595
G1 X104.949 Y116.828 E.03263
G1 X105.23 Y117.456 E.02259
G1 X105.196 Y117.767 E.01026
G1 X105.029 Y117.818 E.00574
G1 X105.12 Y118.433 E.02041
G1 X104.905 Y119.01 E.02021
G1 X106.002 Y119.712 E.04276
G1 X106.588 Y119.121 E.02731
G1 X106.769 Y118.626 E.01733
G1 X106.728 Y118.186 E.0145
G1 X106.666 Y118.058 E.00468
G1 X106.806 Y117.848 E.00829
G1 X106.82 Y117.773 E.00248
G1 X107.075 Y117.662 E.00913
G1 X106.407 Y116.102 E.05572
G1 X107.602 Y116.102 E.03925
G1 X107.602 Y105.898 E.33504
G1 X92.398 Y105.898 E.4992
G1 X92.398 Y116.062 E.33372
G1 E-.728 F1800
;WIPE_START
G1 F30000
G1 X93.598 Y116.082 E-.072
;WIPE_END
G1 X99.549 Y111.302 Z.8
G1 X105.79 Y106.29 Z.8
G1 Z.4
G1 E.8 F1800
SET_VELOCITY_LIMIT ACCEL=2000
;TYPE:Outer wall
;WIDTH:0.42
G1 F7200
G1 X105.79 Y115.71 E.2865
G1 X107.21 Y115.71 E.04319
G1 X107.21 Y106.29 E.2865
G1 X105.83 Y106.29 E.04197
G1 E-.728 F1800
;WIPE_START
G1 F30000
G1 X105.825 Y107.49 E-.072
;WIPE_END
G1 X105.01 Y106.29 Z.8
G1 Z.4
G1 E.8 F1800
G1 F7200
G1 X102.59 Y106.29 E.0736
G1 X102.59 Y115.71 E.2865
G1 X105.01 Y115.71 E.0736
G1 X105.01 Y106.33 E.28528
G1 E-.728 F1800
;WIPE_START
G1 F30000
G1 X103.81 Y106.31 E-.072
;WIPE_END
G1 X99.59 Y106.29 Z.8
G1 Z.4
G1 E.8 F1800
G1 F7200
G1 X99.59 Y115.71 E.2865
G1 X102.01 Y115.71 E.0736
G1 X102.01 Y106.29 E.2865
G1 X99.63 Y106.29 E.07238
G1 X99.21 Y106.29 F30000
G1 F7200
G1 X96.79 Y106.29 E.0736
G1 X96.79 Y115.71 E.2865
G1 X99.21 Y115.71 E.0736
G1 X99.21 Y106.33 E.28528
G1 E-.728 F1800
;WIPE_START
G1 F30000
G1 X98.01 Y106.31 E-.072
;WIPE_END
G1 X94.305 Y112.983 Z.8
G1 X92.79 Y115.71 Z.8
G1 Z.4
G1 E.8 F1800
G1 F7200
G1 X96.61 Y115.71 E.11618
G1 X96.61 Y106.29 E.2865
G1 X92.79 Y106.29 E.11618
G1 X92.79 Y115.67 E.28528
G1 E-.728 F1800
;WIPE_START
G1 F30000
G1 X93.99 Y115.683 E-.072
;WIPE_END
G1 X93.42 Y123.294 Z.8
G1 X92.79 Y131.71 Z.8
G1 Z.4
G1 E.8 F1800
G1 F7200
G1 X98.21 Y131.71 E.16484
G1 X98.21 Y119.29 E.37774
G1 X92.79 Y119.29 E.16484
G1 X92.79 Y131.67 E.37652
G1 E-.728 F1800
;WIPE_START
G1 F30000
G1 X93.99 Y131.679 E-.072
;WIPE_END
G1 X101.231 Y129.265 Z.8
G1 X150.898 Y112.71 Z.8
G1 Z.4
G1 E.8 F1800
SET_VELOCITY_LIMIT ACCEL=3000
;TYPE:Inner wall
;WIDTH:0.45
G1 F12000
G1 X150.898 Y113.075 E.01197
G1 X150.6 Y112.72 E.0152
G1 X149.9 Y113.165 E.02724
G1 X149.676 Y113.392 E.01046
G1 X149.505 Y113.685 E.01116
G1 X149.4 Y114.022 E.01159
G1 X149.344 Y114.392 E.0123
G1 X149.332 Y114.988 E.01956
G1 X149.372 Y115.39 E.01327
G1 X149.515 Y115.89 E.01707
G1 X149.703 Y116.204 E.012
G1 X150.257 Y116.761 E.0258
G1 X150.662 Y116.496 E.0159
G1 X150.898 Y116.826 E.01333
G1 X151.194 Y116.645 E.0114
G1 X151.376 Y116.744 E.0068
G1 X152.223 Y115.645 E.04554
G1 X152.092 Y115.519 E.00595
G1 X152.178 Y114.994 E.01746
G1 X152.159 Y114.58 E.01361
G1 X152.805 Y114.58 E.02123
G1 X152.817 Y114.812 E.00763
G1 X152.665 Y114.827 E.00502
G1 X152.877 Y115.805 E.03286
G1 X153.018 Y116.104 E.01086
G1 X153.723 Y116.808 E.0327
G1 X154.041 Y116.563 E.0132
G1 X154.163 Y116.8 E.00874
G1 X155.011 Y116.509 E.02943
G1 X155.347 Y116.227 E.01441
G1 X155.593 Y115.787 E.01656
G1 X155.647 Y115.322 E.01534
G1 X155.569 Y114.911 E.01374
G1 X155.395 Y114.544 E.01333
G1 X155.641 Y114.544 E.00809
G1 X155.641 Y112.918 E.05339
G1 X154.102 Y112.918 E.05054
G1 X154.102 Y104.102 E.28947
G1 X157.998 Y104.102 E.12791
G1 X157.998 Y112.85 E.28721
G1 X157.834 Y112.999 E.00728
G1 X157.6 Y112.72 E.01194
G1 X156.9 Y113.165 E.02724
G1 X156.676 Y113.392 E.01046
G1 X156.505 Y113.685 E.01116
G1 X156.4 Y114.022 E.01159
G1 X156.344 Y114.392 E.0123
G1 X156.332 Y114.988 E.01957
G1 X156.373 Y115.39 E.01327
G1 X156.515 Y115.89 E.01707
G1 X156.703 Y116.204 E.01201
G1 X157.257 Y116.761 E.0258
G1 X157.662 Y116.496 E.01589
G1 X157.898 Y116.826 E.01333
G1 X158.194 Y116.645 E.0114
G1 X158.376 Y116.744 E.0068
G1 X159.223 Y115.645 E.04555
G1 X159.092 Y115.519 E.00595
G1 X159.178 Y114.994 E.01746
G1 X159.159 Y114.58 E.01361
G1 X160.572 Y114.58 E.04641
G1 X160.572 Y115.428 E.02786
G1 X160.249 Y115.777 E.0156
G1 X160.676 Y116.266 E.02132
G1 X160.886 Y116.692 E.0156
G1 X162.234 Y116.692 E.04423
G1 X162.234 Y112.918 E.1239
G1 X161.002 Y112.918 E.04043
G1 X161.002 Y104.102 E.28947
M73 P24 R15
G1 X162.98 Y104.102 E.06495
G1 X163.313 Y104.124 E.01094
G1 X163.62 Y104.185 E.01029
G1 X163.917 Y104.286 E.01029
G1 X164.198 Y104.424 E.01029
G1 X164.459 Y104.599 E.01029
G1 X164.695 Y104.805 E.01029
G1 X164.901 Y105.041 E.01029
G1 X165.076 Y105.302 E.01029
G1 X165.214 Y105.583 E.01029
G1 X165.315 Y105.88 E.01029
G1 X165.376 Y106.187 E.01029
G1 X165.398 Y106.52 E.01094
G1 X165.398 Y146.48 E1.31204
G1 X165.376 Y146.813 E.01094
G1 X165.315 Y147.12 E.01029
G1 X165.214 Y147.417 E.01029
G1 X165.076 Y147.698 E.01029
G1 X164.901 Y147.959 E.01029
G1 X164.695 Y148.195 E.01029
G1 X164.459 Y148.401 E.01029
G1 X164.198 Y148.576 E.01029
G1 X163.917 Y148.714 E.01029
G1 X163.62 Y148.815 E.01029
G1 X163.313 Y148.876 E.01029
G1 X162.98 Y148.898 E.01094
G1 X93.02 Y148.898 E2.29704
G1 X92.687 Y148.876 E.01094
G1 X92.38 Y148.815 E.01029
G1 X92.083 Y148.714 E.01029
G1 X91.802 Y148.576 E.01029
G1 X91.541 Y148.401 E.01029
G1 X91.305 Y148.195 E.01029
G1 X91.099 Y147.959 E.01029
G1 X90.924 Y147.698 E.01029
G1 X90.786 Y147.417 E.01029
G1 X90.685 Y147.12 E.01029
G1 X90.624 Y146.813 E.01029
G1 X90.602 Y146.48 E.01094
G1 X90.602 Y106.52 E1.31204
G1 X90.624 Y106.187 E.01094
G1 X90.685 Y105.88 E.01029
G1 X90.786 Y105.583 E.01029
G1 X90.924 Y105.302 E.01029
G1 X91.099 Y105.041 E.01029
G1 X91.305 Y104.805 E.01029
G1 X91.541 Y104.599 E.01029
G1 X91.802 Y104.424 E.01029
G1 X92.083 Y104.286 E.01029
G1 X92.38 Y104.185 E.01029
G1 X92.687 Y104.124 E.01029
G1 X93.02 Y104.102 E.01094
G1 X150.898 Y104.102 E1.90034
G1 X150.898 Y112.67 E.28131
G1 E-.728 F1800
;WIPE_START
G1 F30000
G1 X150.898 Y113.075 E-.02428
G1 X150.6 Y112.72 E-.02777
G1 X150.319 Y112.898 E-.01995
;WIPE_END
G1 X142.702 Y113.38 Z.8
G1 X99.694 Y116.102 Z.8
G1 Z.4
G1 E.8 F1800
G1 F12000
G1 X99.746 Y116.277 E.006
G1 X98.953 Y116.788 E.03096
G1 X99.362 Y117.544 E.0282
G1 X99.983 Y118.285 E.03175
G1 X100.213 Y118.101 E.00966
G1 X100.215 Y118.384 E.00931
G1 X100.028 Y118.918 E.01857
G1 X98.602 Y118.918 E.04682
G1 X98.602 Y118.898 E.00067
G1 X96.469 Y118.898 E.07005
G1 X96.469 Y116.102 E.0918
G1 X99.654 Y116.102 E.1046
G1 E-.728 F1800
;WIPE_START
G1 F30000
G1 X99.746 Y116.277 E-.01187
G1 X98.953 Y116.788 E-.05657
G1 X98.982 Y116.84 E-.00356
;WIPE_END
G1 X106.59 Y116.24 Z.8
G1 X151.29 Y112.71 Z.8
G1 Z.4
G1 E.8 F1800
SET_VELOCITY_LIMIT ACCEL=2000
;TYPE:Outer wall
;WIDTH:0.42
G1 F7200
G1 X153.71 Y112.71 E.0736
G1 X153.71 Y103.71 E.27372
G1 X158.39 Y103.71 E.14234
G1 X158.39 Y112.71 E.27372
G1 X160.61 Y112.71 E.06752
G1 X160.61 Y103.71 E.27372
G1 X162.993 Y103.71 E.07248
G1 X163.364 Y103.734 E.01131
G1 X163.722 Y103.806 E.0111
G1 X164.068 Y103.923 E.0111
G1 X164.395 Y104.084 E.0111
G1 X164.698 Y104.287 E.0111
G1 X164.973 Y104.527 E.0111
G1 X165.213 Y104.802 E.0111
G1 X165.416 Y105.105 E.0111
G1 X165.577 Y105.432 E.0111
G1 X165.694 Y105.778 E.0111
G1 X165.766 Y106.136 E.0111
G1 X165.79 Y106.507 E.01131
G1 X165.79 Y146.493 E1.21613
G1 X165.766 Y146.864 E.01131
G1 X165.694 Y147.222 E.0111
G1 X165.577 Y147.568 E.0111
G1 X165.416 Y147.895 E.0111
G1 X165.213 Y148.198 E.0111
G1 X164.973 Y148.473 E.0111
G1 X164.698 Y148.713 E.0111
G1 X164.395 Y148.916 E.0111
G1 X164.068 Y149.077 E.0111
G1 X163.722 Y149.195 E.0111
G1 X163.364 Y149.266 E.0111
G1 X162.993 Y149.29 E.01131
G1 X93.007 Y149.29 E2.12854
G1 X92.636 Y149.266 E.01131
G1 X92.278 Y149.195 E.0111
G1 X91.932 Y149.077 E.0111
G1 X91.605 Y148.916 E.0111
G1 X91.302 Y148.713 E.0111
G1 X91.027 Y148.473 E.0111
G1 X90.787 Y148.198 E.0111
G1 X90.584 Y147.895 E.0111
G1 X90.423 Y147.568 E.0111
G1 X90.306 Y147.222 E.0111
G1 X90.234 Y146.864 E.0111
G1 X90.21 Y146.493 E.01131
G1 X90.21 Y106.507 E1.21613
G1 X90.234 Y106.136 E.01131
G1 X90.306 Y105.778 E.0111
G1 X90.423 Y105.432 E.0111
G1 X90.584 Y105.105 E.0111
G1 X90.787 Y104.802 E.0111
G1 X91.027 Y104.527 E.0111
G1 X91.302 Y104.287 E.0111
G1 X91.605 Y104.084 E.0111
G1 X91.932 Y103.923 E.0111
G1 X92.278 Y103.806 E.0111
G1 X92.636 Y103.734 E.0111
G1 X93.007 Y103.71 E.01131
G1 X151.29 Y103.71 E1.7726
G1 X151.29 Y112.67 E.27251
G1 X151.662 Y113.115 F30000
SET_VELOCITY_LIMIT ACCEL=3000
;TYPE:Gap infill
;WIDTH:0.438998
G1 F15000
G1 X151.704 Y113.094 E.00149
;WIDTH:0.397306
G1 X151.746 Y113.073 E.00133
;WIDTH:0.355613
G1 X151.787 Y113.052 E.00118
;WIDTH:0.313921
G1 X151.829 Y113.031 E.00102
;WIDTH:0.272229
G1 X151.871 Y113.01 E.00086
;WIDTH:0.251382
G1 X153.906 Y113.01 E.03422
G1 E-.728 F1800
;WIPE_START
G1 F30000
G1 X152.706 Y113.01 E-.072
;WIPE_END
G1 X156.097 Y113.064 Z.8
G1 Z.4
G1 E.8 F1800
;TYPE:Internal solid infill
;WIDTH:0.547781
G1 F12864.631
G1 X156.352 Y113.103 E.01052
G1 X156.635 Y112.791 E.01716
;WIDTH:0.528349
G1 F13379.6
G1 X156.894 Y112.652 E.01151
;WIDTH:0.485009
G1 F14691.261
G1 X157.154 Y112.514 E.01048
;WIDTH:0.422275
G1 F15000
G1 X157.541 Y112.294 E.01362
G1 X157.606 Y112.304 E.00202
G1 X157.606 Y111.02 E.03929
G1 X156.896 Y111.73 E.03072
;WIDTH:0.441669
G1 X156.704 Y111.952 E.00945
;WIDTH:0.485009
G1 F14691.261
G1 X156.512 Y112.175 E.01048
;WIDTH:0.536746
G1 F13152.096
G1 X156.32 Y112.398 E.01171
G1 X156.049 Y112.667 E.01522
G1 X156.097 Y112.723 E.00295
G1 X156.097 Y113.024 E.01201
G1 E-.7369 F1800
;WIPE_START
G1 F30000
G1 X156.097 Y112.723 E-.01809
G1 X156.049 Y112.667 E-.00444
G1 X156.32 Y112.398 E-.02293
G1 X156.512 Y112.175 E-.01764
;WIPE_END
G1 X157.218 Y111.975 Z.8
G1 Z.4
G1 E.8 F1800
;WIDTH:0.497472
G1 F14288.454
G1 X157.162 Y111.975 E.00208
G1 X157.133 Y112.024 E.00208
G1 X157.162 Y112.073 E.00208
G1 X157.218 Y112.073 E.00208
G1 X157.227 Y112.058 E.00062
G1 E-.78535 F1800
;WIPE_START
G1 F30000
G1 X157.218 Y112.073 E-.00101
G1 X157.162 Y112.073 E-.00341
G1 X157.133 Y112.024 E-.00341
G1 X157.162 Y111.975 E-.00341
G1 X157.218 Y111.975 E-.00341
;WIPE_END
G1 X157.834 Y110.525 Z.8
G1 Z.4
G1 E.8 F1800
;WIDTH:0.42
G1 F15000
G1 X155.774 Y112.585 E.08863
G1 X155.241 Y112.585 E.01622
G1 X157.665 Y110.161 E.10426
G1 X157.665 Y109.628 E.01622
G1 X154.707 Y112.585 E.1272
G1 X154.435 Y112.585 E.00827
G1 X154.435 Y112.324 E.00795
G1 X157.665 Y109.095 E.1389
G1 X157.665 Y108.561 E.01622
G1 X154.435 Y111.791 E.1389
G1 X154.435 Y111.257 E.01622
G1 X157.665 Y108.028 E.1389
G1 X157.665 Y107.495 E.01622
G1 X154.435 Y110.724 E.1389
G1 X154.435 Y110.191 E.01622
G1 X157.665 Y106.961 E.1389
G1 X157.665 Y106.428 E.01622
G1 X154.435 Y109.658 E.1389
G1 X154.435 Y109.124 E.01622
G1 X157.665 Y105.895 E.1389
G1 X157.665 Y105.362 E.01622
G1 X154.435 Y108.591 E.1389
G1 X154.435 Y108.058 E.01622
G1 X157.665 Y104.828 E.1389
G1 X157.665 Y104.435 E.01195
G1 X157.524 Y104.435 E.00426
G1 X154.435 Y107.524 E.13287
G1 X154.435 Y106.991 E.01622
G1 X156.991 Y104.435 E.10993
G1 X156.458 Y104.435 E.01622
G1 X154.435 Y106.458 E.08699
G1 X154.435 Y105.925 E.01622
G1 X155.925 Y104.435 E.06406
G1 X155.391 Y104.435 E.01622
G1 X154.266 Y105.561 E.04842
G1 E-.728 F1800
;WIPE_START
G1 F30000
G1 X155.114 Y104.713 E-.072
;WIPE_END
G1 X154.53 Y104.462 Z.8
G1 Z.4
G1 E.8 F1800
;WIDTH:0.44258
G1 F15000
G1 X154.455 Y104.505 E.00279
G1 X154.535 Y104.54 E.00281
G1 E-.78958 F1800
;WIPE_START
G1 F30000
G1 X154.455 Y104.505 E-.00523
G1 X154.53 Y104.462 E-.00519
;WIPE_END
G1 X162.119 Y105.275 Z.8
G1 X162.296 Y105.294 Z.8
G1 Z.4
G1 E.8 F1800
;WIDTH:0.641038
G1 F10858.803
G1 X162.221 Y105.294 E.00361
G1 X162.184 Y105.359 E.00361
G1 X162.221 Y105.424 E.00361
G1 X162.296 Y105.424 E.00361
G1 X162.314 Y105.393 E.00168
G1 E-.77997 F1800
;WIPE_START
G1 F30000
G1 X162.296 Y105.424 E-.00209
G1 X162.221 Y105.424 E-.00449
G1 X162.184 Y105.359 E-.00449
G1 X162.221 Y105.294 E-.00449
G1 X162.296 Y105.294 E-.00449
;WIPE_END
G1 X161.771 Y106.536 Z.8
G1 Z.4
G1 E.8 F1800
;WIDTH:0.419999
G1 F15000
G1 X163.379 Y104.928 E.06916
G1 X162.924 Y104.871 E.01396
G1 X161.771 Y104.871 E.03505
G1 X161.771 Y106.496 E.04942
G1 E-.728 F1800
;WIPE_START
G1 F30000
G1 X161.771 Y105.296 E-.072
;WIPE_END
G1 X161.394 Y107.446 Z.8
G1 Z.4
G1 E.8 F1800
G1 F15000
G1 X164.046 Y104.794 E.11407
G1 X163.519 Y104.566 E.01749
G1 X162.924 Y104.494 E.01822
G1 X161.394 Y104.494 E.04652
G1 X161.394 Y107.406 E.08857
G1 E-.728 F1800
;WIPE_START
G1 F30000
G1 X161.394 Y106.206 E-.072
;WIPE_END
G1 X165.234 Y110.805 Z.8
G1 Z.4
G1 E.8 F1800
;WIDTH:0.42
G1 F15000
G1 X162.567 Y113.473 E.11474
G1 X162.567 Y112.94 E.01622
G1 X165.065 Y110.442 E.10744
G1 X165.065 Y109.908 E.01622
G1 X162.388 Y112.585 E.11513
G1 X161.855 Y112.585 E.01622
G1 X165.065 Y109.375 E.13807
G1 X165.065 Y108.842 E.01622
G1 X161.335 Y112.571 E.1604
G1 X161.335 Y112.038 E.01622
G1 X165.065 Y108.309 E.1604
G1 X165.065 Y107.775 E.01622
G1 X161.335 Y111.505 E.1604
G1 X161.335 Y110.971 E.01622
G1 X165.065 Y107.242 E.1604
G1 X165.065 Y106.709 E.01622
G1 X161.335 Y110.438 E.1604
G1 X161.335 Y109.905 E.01622
G1 X165.039 Y106.201 E.1593
G1 X164.992 Y105.966 E.00728
G1 X164.929 Y105.778 E.00603
G1 X161.335 Y109.372 E.15455
G1 X161.335 Y108.838 E.01622
G1 X164.754 Y105.42 E.14703
G1 X164.636 Y105.244 E.00642
G1 X164.524 Y105.116 E.00518
G1 X161.166 Y108.475 E.14445
G1 E-.728 F1800
;WIPE_START
G1 F30000
G1 X162.014 Y107.626 E-.072
;WIPE_END
G1 X164.466 Y104.875 Z.8
G1 Z.4
G1 E.8 F1800
;TYPE:Gap infill
;WIDTH:0.418283
G1 F15000
G1 X164.206 Y104.901 E.00791
G1 X161.206 Y107.901 E.12846
G1 E-.728 F1800
;WIPE_START
G1 F30000
G1 X162.054 Y107.053 E-.072
;WIPE_END
G1 X160.454 Y112.906 Z.8
G1 Z.4
G1 E.8 F1800
;WIDTH:0.67103
G1 F10340.3
G1 X160.454 Y114.384 E.07487
G1 X160.133 Y113.855 F30000
SET_VELOCITY_LIMIT ACCEL=1500
;TYPE:Top surface
;WIDTH:0.441457
G1 F12000
G1 X159.611 Y114.377 E.02588
G1 E-.75568 F1800
;WIPE_START
G1 F30000
G1 X160.133 Y113.855 E-.04432
;WIPE_END
G1 X158.969 Y115.019 Z.8
G1 Z.4
G1 E.8 F1800
G1 F12000
G1 X157.859 Y116.129 E.055
G1 X157.758 Y115.989 E.00606
G1 X157.307 Y116.283 E.01887
G1 X157.224 Y116.2 E.00411
G1 X158.788 Y114.636 E.07749
G1 X158.768 Y114.207 E.01504
G1 X159.217 Y114.207 E.01573
G1 X159.964 Y113.461 E.03699
G1 X159.964 Y113.291 E.00595
G1 X159.57 Y113.291 E.01379
G1 X156.957 Y115.904 E.12946
G1 X156.86 Y115.741 E.00663
G1 X156.793 Y115.505 E.00862
G1 X158.579 Y113.718 E.08851
G1 X158.436 Y113.505 E.00901
M73 P25 R15
G1 X158.307 Y113.427 E.00527
G1 X156.71 Y115.024 E.07914
G1 X156.715 Y114.455 E.01993
G1 X157.724 Y113.446 E.04997
G1 X157.525 Y113.209 E.01084
G1 X157.176 Y113.43 E.01446
G1 X156.625 Y113.981 E.0273
G1 X156.024 Y113.95 F30000
SET_VELOCITY_LIMIT ACCEL=3000
;TYPE:Gap infill
;WIDTH:0.419381
G1 F15000
G1 X156.058 Y113.723 E.00696
;WIDTH:0.450337
G1 X156.088 Y113.524 E.00661
G1 X156.024 Y113.95 F30000
;WIDTH:0.38564
G1 F15000
G1 X156.009 Y114.151 E.00559
;WIDTH:0.341913
G1 X155.989 Y114.748 E.0144
;WIDTH:0.347718
G1 X155.971 Y114.818 E.00179
;WIDTH:0.376521
G1 X155.953 Y114.889 E.00196
G1 X155.961 Y114.993 E.00281
G1 X156.024 Y115.433 E.01197
G1 X155.867 Y115.715 F30000
;WIDTH:0.278398
G1 F15000
G1 X156.136 Y114.593 E.02191
G1 E-.73078 F1800
;WIPE_START
G1 F30000
G1 X155.867 Y115.715 E-.06922
;WIPE_END
G1 X154.584 Y116.441 Z.8
G1 Z.4
G1 E.8 F1800
SET_VELOCITY_LIMIT ACCEL=1500
;TYPE:Top surface
;WIDTH:0.446259
G1 F12000
G1 X155.075 Y115.95 E.0246
G1 X155.232 Y115.67 E.0114
G1 X155.27 Y115.336 E.01192
G1 X155.246 Y115.208 E.0046
G1 X154.267 Y116.187 E.04909
G1 X154.168 Y115.995 E.00767
G1 X153.755 Y116.313 E.01851
G1 X153.663 Y116.221 E.00461
G1 X155.22 Y114.664 E.07808
G1 E-.728 F1800
;WIPE_START
G1 F30000
G1 X154.371 Y115.513 E-.072
;WIPE_END
G1 X155.439 Y113.875 Z.8
G1 Z.4
G1 E.8 F1800
G1 F12000
G1 X153.377 Y115.936 E.10337
G1 X153.327 Y115.887 E.0025
G1 X153.232 Y115.685 E.00792
G1 X153.201 Y115.542 E.00517
G1 X155.269 Y113.474 E.10369
G1 X155.269 Y113.291 E.00651
G1 X154.882 Y113.291 E.01372
G1 X153.647 Y114.526 E.06191
G1 X153.384 Y114.218 E.01434
G1 X154.312 Y113.291 E.04651
G1 X153.741 Y113.291 E.02023
G1 X152.655 Y114.377 E.05447
G1 E-.728 F1800
;WIPE_START
G1 F30000
G1 X153.504 Y113.529 E-.072
;WIPE_END
G1 X151.96 Y115.072 Z.8
G1 Z.4
G1 E.8 F1800
G1 F12000
G1 X150.877 Y116.155 E.0543
G1 X150.758 Y115.989 E.00726
G1 X150.307 Y116.283 E.0191
G1 X150.243 Y116.219 E.00322
G1 X151.79 Y114.672 E.07758
G1 X151.768 Y114.207 E.01648
G1 X152.254 Y114.207 E.01725
G1 X153.171 Y113.291 E.04596
G1 X152.6 Y113.291 E.02023
G1 X149.969 Y115.923 E.13198
G1 X149.86 Y115.741 E.0075
G1 X149.798 Y115.523 E.00804
G1 X151.613 Y113.708 E.09102
G1 X151.579 Y113.719 E.00126
G1 X151.436 Y113.505 E.00912
G1 X151.318 Y113.433 E.0049
G1 X149.711 Y115.039 E.08055
G1 X149.715 Y114.465 E.02035
G1 X150.728 Y113.452 E.05082
G1 X150.525 Y113.209 E.01123
G1 X150.185 Y113.424 E.01425
G1 X149.624 Y113.986 E.02817
G1 E-.728 F1800
;WIPE_START
G1 F30000
G1 X150.185 Y113.424 E-.04767
G1 X150.525 Y113.209 E-.02411
G1 X150.527 Y113.212 E-.00023
;WIPE_END
G1 X151.837 Y115.48 Z.8
G1 Z.4
G1 E.8 F1800
SET_VELOCITY_LIMIT ACCEL=3000
;TYPE:Gap infill
;WIDTH:0.182917
G1 F15000
G1 X151.819 Y115.574 E.00108
;WIDTH:0.231609
G1 X151.8 Y115.668 E.00146
;WIDTH:0.261714
G1 X151.8 Y115.676 E.00014
;WIDTH:0.284504
G1 X151.626 Y115.874 E.00515
;WIDTH:0.318563
G1 X151.451 Y116.073 E.00588
;WIDTH:0.353057
G1 X151.263 Y116.274 E.00689
;WIDTH:0.334395
G1 X151.22 Y116.29 E.00107
;WIDTH:0.298226
G1 X151.178 Y116.307 E.00094
;WIDTH:0.262056
G1 X151.136 Y116.324 E.0008
;WIDTH:0.221617
G1 X150.976 Y116.443 E.00288
;WIDTH:0.207575
G1 X150.827 Y116.376 E.00217
G1 E-.79021 F1800
;WIPE_START
G1 F30000
G1 X150.976 Y116.443 E-.00979
;WIPE_END
G1 X149.06 Y115.961 Z.8
G1 Z.4
G1 E.8 F1800
;WIDTH:0.452501
G1 F15000
G1 X149.026 Y115.721 E.00802
;WIDTH:0.434398
G1 X148.992 Y115.48 E.00767
;WIDTH:0.41317
G1 X148.989 Y115.447 E.00098
;WIDTH:0.380826
G1 X148.967 Y114.993 E.01239
G1 X148.989 Y114.148 E.02304
;WIDTH:0.425198
G1 X149.004 Y113.947 E.00624
;WIDTH:0.461749
G1 X149.057 Y113.594 E.01206
G1 E-.77858 F1800
;WIPE_START
G1 F30000
G1 X149.004 Y113.947 E-.02142
;WIPE_END
G1 X149.75 Y111.9 Z.8
G1 Z.4
G1 E.8 F1800
;TYPE:Internal solid infill
;WIDTH:0.423368
G1 F15000
G1 X149.75 Y106.734 E.15851
G1 E-.728 F1800
;WIPE_START
G1 F30000
G1 X149.75 Y107.934 E-.072
;WIPE_END
G1 X142.316 Y106.205 Z.8
G1 X140.234 Y105.72 Z.8
G1 Z.4
G1 E.8 F1800
;WIDTH:0.483144
G1 F14753.501
G1 X148.806 Y105.72 E.30433
;WIDTH:0.502947
G1 F14118.408
G1 X149.05 Y105.763 E.00923
;WIDTH:0.542553
G1 F12999.252
G1 X149.295 Y105.807 E.01002
;WIDTH:0.539191
G1 F13087.308
G1 X149.447 Y106.103 E.01331
;WIDTH:0.492862
G1 F14434.866
G1 X149.598 Y106.398 E.01207
;WIDTH:0.446533
G1 F15000
G1 X149.75 Y106.694 E.01082
G1 X149.727 Y106.323 E.01212
;WIDTH:0.492862
G1 F14434.866
G1 X149.704 Y105.951 E.01352
;WIDTH:0.548708
G1 F12841.057
G1 X149.681 Y105.319 E.02578
;WIDTH:0.542553
G1 F12999.252
G1 X149.243 Y105.3 E.01765
;WIDTH:0.485039
G1 F14690.261
G1 X148.806 Y105.28 E.01562
G1 X140.675 Y105.28 E.28995
G1 X140.263 Y105.692 E.02077
G1 E-.728 F1800
;WIPE_START
G1 F30000
G1 X140.675 Y105.28 E-.03495
G1 X141.292 Y105.28 E-.03705
;WIPE_END
G1 X139.248 Y106.129 Z.8
G1 Z.4
G1 E.8 F1800
;WIDTH:0.419999
G1 F15000
G1 X148.806 Y106.129 E.29069
G1 X149.079 Y106.199 E.00858
G1 X149.371 Y106.694 E.01749
G1 X149.371 Y112.606 E.17978
G1 X150.129 Y112.108 E.02756
G1 X150.129 Y104.871 E.22011
G1 X140.505 Y104.871 E.29268
G1 X139.276 Y106.1 E.05287
G1 E-.728 F1800
;WIPE_START
G1 F30000
G1 X140.125 Y105.252 E-.072
;WIPE_END
G1 X138.337 Y106.506 Z.8
G1 Z.4
G1 E.8 F1800
G1 F15000
G1 X148.806 Y106.506 E.31837
G1 X148.897 Y106.529 E.00286
G1 X148.994 Y106.694 E.00583
G1 X148.994 Y113.187 E.19747
G1 X149.313 Y113.236 E.00982
G1 X149.67 Y112.846 E.01608
G1 X150.506 Y112.316 E.0301
G1 X150.506 Y104.494 E.23789
G1 X140.275 Y104.494 E.31117
G1 X140.275 Y104.569 E.00227
G1 X138.366 Y106.478 E.0821
G1 E-.728 F1800
;WIPE_START
G1 F30000
G1 X139.214 Y105.629 E-.072
;WIPE_END
G1 X137.594 Y111.5 Z.8
G1 Z.4
G1 E.8 F1800
;TYPE:Gap infill
;WIDTH:0.230842
G1 F15000
G1 X148.406 Y111.5 E.16388
G1 E-.728 F1800
;WIPE_START
G1 F30000
G1 X147.206 Y111.5 E-.072
;WIPE_END
G1 X151.462 Y113.314 Z.8
G1 Z.4
G1 E.8 F1800
;WIDTH:0.487713
G1 F14601.951
G1 X151.562 Y113.214 E.00507
;WIDTH:0.473779
G1 F15000
G1 X151.662 Y113.115 E.00491
G1 E-.79152 F1800
;WIPE_START
G1 F30000
G1 X151.562 Y113.214 E-.00848
;WIPE_END
G1 X158.462 Y113.314 Z.8
G1 Z.4
G1 E.8 F1800
;WIDTH:0.487713
G1 F14601.951
G1 X158.562 Y113.214 E.00507
;WIDTH:0.473779
G1 F15000
G1 X158.662 Y113.115 E.00491
;WIDTH:0.438998
G1 X158.704 Y113.094 E.00149
;WIDTH:0.397306
G1 X158.746 Y113.073 E.00133
;WIDTH:0.355613
G1 X158.787 Y113.052 E.00118
;WIDTH:0.313921
G1 X158.829 Y113.031 E.00102
;WIDTH:0.272229
G1 X158.871 Y113.01 E.00086
;WIDTH:0.253459
G1 X160.14 Y113.01 E.02156
G1 X160.266 Y113.073 E.00239
;WIDTH:0.313921
G1 X160.391 Y113.136 E.00307
;WIDTH:0.355613
G1 X160.517 Y113.199 E.00354
;WIDTH:0.397306
G1 X160.642 Y113.262 E.00401
;WIDTH:0.438998
G1 X160.768 Y113.324 E.00449
G1 E-.79157 F1800
;WIPE_START
G1 F30000
G1 X160.642 Y113.262 E-.00843
;WIPE_END
G1 X162.031 Y115.646 Z.8
G1 Z.4
G1 E.8 F1800
SET_VELOCITY_LIMIT ACCEL=1500
;TYPE:Top surface
;WIDTH:0.458293
G1 F12000
G1 X161.357 Y116.32 E.0348
G1 X161.118 Y116.32 E.00873
G1 X161.003 Y116.087 E.00949
G1 X161.861 Y115.228 E.04434
G1 X161.861 Y114.641 E.02145
G1 X160.945 Y115.557 E.04733
G1 X160.945 Y114.97 E.02145
G1 X161.861 Y114.053 E.04733
G1 X161.861 Y113.466 E.02145
G1 X160.945 Y114.382 E.04733
G1 X160.945 Y113.795 E.02145
G1 X161.618 Y113.121 E.03479
G1 E-.728 F1800
;WIPE_START
G1 F30000
G1 X160.945 Y113.795 E-.05716
G1 X160.945 Y114.042 E-.01484
;WIPE_END
G1 X156.711 Y120.393 Z.8
G1 X149.504 Y131.204 Z.8
G1 Z.4
G1 E.8 F1800
SET_VELOCITY_LIMIT ACCEL=3000
;TYPE:Internal solid infill
;WIDTH:0.38292
G1 F15000
G1 X149.656 Y131.204 E.00418
G1 E-.79086 F1800
;WIPE_START
G1 F30000
G1 X149.504 Y131.204 E-.00914
;WIPE_END
G1 X152.154 Y131.154 Z.8
G1 Z.4
G1 E.8 F1800
G1 F15000
G1 X152.206 Y131.154 E.00144
G1 E-.79686 F1800
;WIPE_START
G1 F30000
G1 X152.154 Y131.154 E-.00314
;WIPE_END
G1 X157.4 Y131.108 Z.8
G1 Z.4
G1 E.8 F1800
;WIDTH:0.431684
G1 F15000
G1 X157.4 Y131.04 E.00212
G1 E-.79594 F1800
;WIPE_START
G1 F30000
G1 X157.4 Y131.108 E-.00406
;WIPE_END
G1 X162.757 Y131.323 Z.8
G1 Z.4
G1 E.8 F1800
;WIDTH:0.38292
G1 F15000
G1 X162.693 Y131.359 E.00202
G1 X162.758 Y131.394 E.00202
G1 E-.79116 F1800
;WIPE_START
G1 F30000
G1 X162.693 Y131.359 E-.00442
G1 X162.757 Y131.323 E-.00442
;WIPE_END
G1 X163.371 Y130 Z.8
G1 Z.4
G1 E.8 F1800
;WIDTH:0.419999
G1 F15000
G1 X164.629 Y128.742 E.05409
G1 X164.629 Y112.211 E.50278
G1 X163.003 Y113.837 E.06994
G1 X163.003 Y116.896 E.09303
G1 X162.92 Y117.157 E.00834
G1 X163.173 Y117.264 E.00834
G1 X163.371 Y117.694 E.01442
G1 X163.371 Y129.96 E.37303
G1 E-.728 F1800
;WIPE_START
G1 F30000
G1 X163.371 Y128.76 E-.072
;WIPE_END
G1 X163.78 Y129.013 Z.8
G1 Z.4
G1 E.8 F1800
;WIDTH:0.483144
G1 F14753.501
G1 X164.22 Y128.573 E.02211
G1 X164.22 Y117.694 E.38626
;WIDTH:0.467358
G1 F15000
G1 X164.236 Y117.225 E.01607
;WIDTH:0.420876
G1 X164.252 Y116.756 E.01431
G1 X164.252 Y113.121 E.11081
G1 X163.38 Y113.993 E.03759
G1 X163.374 Y116.948 E.09007
G1 X163.496 Y117.053 E.00491
;WIDTH:0.435786
G1 X163.638 Y117.374 E.01111
;WIDTH:0.482192
G1 F14785.482
G1 X163.78 Y117.694 E.01243
G1 X163.78 Y128.973 E.3996
G1 E-.728 F1800
;WIPE_START
G1 F30000
G1 X163.78 Y127.773 E-.072
;WIPE_END
G1 X163.805 Y120.141 Z.8
G1 X163.816 Y116.756 Z.8
G1 Z.4
G1 E.8 F1800
;WIDTH:0.537774
G1 F13124.77
G1 X163.816 Y114.214 E.10148
G1 E-.728 F1800
;WIPE_START
G1 F30000
G1 X163.816 Y115.414 E-.072
;WIPE_END
G1 X159.185 Y117.063 Z.8
G1 Z.4
G1 E.8 F1800
;WIDTH:0.552084
G1 F12755.902
G1 X160.138 Y117.063 E.03914
G1 X159.894 Y116.641 E.02001
G1 X159.69 Y116.407 E.01275
G1 X159.209 Y117.031 E.03236
G1 E-.728 F1800
;WIPE_START
G1 F30000
G1 X159.69 Y116.407 E-.04728
G1 X159.894 Y116.641 E-.01863
G1 X159.945 Y116.729 E-.0061
;WIPE_END
G1 X155.495 Y117.119 Z.8
G1 Z.4
G1 E.8 F1800
;WIDTH:0.439354
G1 F15000
G1 X156.515 Y117.119 E.0326
G1 X156.133 Y116.736 E.01728
G1 X156.031 Y116.599 E.00548
G1 X155.876 Y116.799 E.0081
G1 X155.526 Y117.093 E.01463
G1 E-.728 F1800
;WIPE_START
G1 F30000
G1 X155.876 Y116.799 E-.02745
G1 X156.031 Y116.599 E-.01521
G1 X156.133 Y116.736 E-.01028
G1 X156.358 Y116.961 E-.01907
;WIPE_END
G1 X152.066 Y117.121 Z.8
G1 Z.4
G1 E.8 F1800
;WIDTH:0.434881
G1 F15000
G1 X152.938 Y117.121 E.02756
G1 X152.445 Y116.629 E.02202
G1 X152.09 Y117.09 E.01838
G1 E-.728 F1800
;WIPE_START
G1 F30000
G1 X152.445 Y116.629 E-.03488
G1 X152.883 Y117.066 E-.03712
;WIPE_END
G1 X152.448 Y115.399 Z.8
G1 Z.4
G1 E.8 F1800
;WIDTH:0.38292
G1 F15000
G1 X152.541 Y115.576 E.00547
G1 E-.78803 F1800
;WIPE_START
G1 F30000
G1 X152.448 Y115.399 E-.01197
;WIPE_END
G1 X145.159 Y117.159 Z.8
G1 Z.4
G1 E.8 F1800
;WIDTH:0.364212
G1 F15000
G1 X148.806 Y117.159 E.09449
G1 X149.563 Y117.139 E.01964
G1 X149.158 Y116.732 E.01488
G1 X149.055 Y116.802 E.00323
G1 X148.806 Y116.841 E.00653
G1 X145.19 Y116.841 E.09369
G1 X145.242 Y116.985 E.00395
G1 X145.177 Y117.122 E.00395
G1 E-.728 F1800
;WIPE_START
G1 F30000
G1 X145.242 Y116.985 E-.00914
G1 X145.19 Y116.841 E-.00914
G1 X146.086 Y116.841 E-.05372
;WIPE_END
G1 X144.402 Y117.506 Z.8
G1 Z.4
G1 E.8 F1800
;WIDTH:0.419268
G1 F15000
G1 X150.511 Y117.499 E.18542
;WIDTH:0.410416
G1 X150.703 Y117.522 E.00573
;WIDTH:0.365148
G1 X150.895 Y117.544 E.00503
G1 X151.431 Y117.522 E.01395
;WIDTH:0.405046
G1 X152.464 Y117.506 E.03017
G1 X154.009 Y117.532 E.04514
G1 X155.28 Y117.506 E.03713
G1 X156.951 Y117.512 E.0488
;WIDTH:0.420567
G1 X157.511 Y117.499 E.01705
;WIDTH:0.410393
G1 X157.703 Y117.522 E.00573
;WIDTH:0.365127
G1 X157.895 Y117.544 E.00503
G1 X158.431 Y117.522 E.01395
;WIDTH:0.408577
G1 X160.264 Y117.506 E.05406
;WIDTH:0.42193
G1 X162.437 Y117.495 E.06642
G1 X162.894 Y117.528 E.01401
G1 X162.994 Y117.694 E.00594
G1 X162.994 Y130.91 E.40399
G1 X164.931 Y128.973 E.08375
G1 X165.006 Y128.973 E.00228
G1 X165.006 Y111.3 E.54023
G1 X162.7 Y113.606 E.09968
G1 X162.626 Y113.606 E.00228
G1 X162.621 Y116.937 E.10181
G1 X162.583 Y117.02 E.00281
M73 P26 R15
G1 X162.437 Y117.095 E.00501
G1 X160.76 Y117.095 E.05126
G1 X160.591 Y116.979 E.00627
G1 X160.347 Y116.486 E.01684
G1 X159.833 Y115.897 E.02389
;WIDTH:0.443039
G1 X159.79 Y115.81 E.00313
;WIDTH:0.511149
G1 F13871.107
G1 X159.746 Y115.724 E.00366
G1 X160.134 Y115.257 E.02293
G1 X160.134 Y115.018 E.00901
G1 X159.616 Y115.018 E.01958
G1 X159.562 Y115.363 E.0132
G1 X159.727 Y115.59 E.01058
G1 X159.712 Y115.713 E.0047
;WIDTH:0.489117
G1 F14556.013
G1 X159.678 Y115.727 E.00132
;WIDTH:0.420995
G1 F15000
G1 X159.644 Y115.74 E.00112
G1 X159.15 Y116.382 E.02471
;WIDTH:0.411741
G1 X158.577 Y117.119 E.02775
G1 X158.431 Y117.178 E.00469
G1 X158.206 Y117.098 E.00712
;WIDTH:0.401374
G1 X158.037 Y117.172 E.00532
;WIDTH:0.362436
G1 X157.869 Y117.247 E.00474
;WIDTH:0.365443
G1 X157.769 Y117.219 E.00269
;WIDTH:0.422981
G1 X157.669 Y117.191 E.00318
G1 X157.561 Y117.039 E.00574
G1 X157.33 Y117.175 E.0082
;WIDTH:0.409238
G1 X157.23 Y117.19 E.00299
G1 X157.101 Y117.151 E.00399
G1 X156.407 Y116.463 E.02885
G1 X156.199 Y116.125 E.01174
G1 X156.108 Y116.176 E.00307
G1 X155.858 Y116.116 E.0076
G1 X155.628 Y116.503 E.01331
G1 X155.206 Y116.857 E.01628
G1 X154.116 Y117.206 E.0338
G1 X153.982 Y117.2 E.00398
G1 X153.915 Y117.132 E.00279
;WIDTH:0.371132
G1 X153.732 Y117.231 E.00551
G1 X153.581 Y117.203 E.00408
;WIDTH:0.412457
G1 X152.679 Y116.304 E.03797
G1 X152.487 Y115.896 E.01343
G1 X152.141 Y116.394 E.01809
G1 X151.577 Y117.119 E.02736
G1 X151.431 Y117.178 E.0047
G1 X151.206 Y117.098 E.00713
;WIDTH:0.401391
G1 X151.037 Y117.172 E.00532
;WIDTH:0.36245
G1 X150.869 Y117.247 E.00474
;WIDTH:0.365458
G1 X150.769 Y117.219 E.0027
;WIDTH:0.422996
G1 X150.669 Y117.191 E.00318
G1 X150.561 Y117.039 E.00574
G1 X150.33 Y117.175 E.0082
;WIDTH:0.417496
G1 X150.23 Y117.19 E.00306
G1 X150.101 Y117.151 E.00409
G1 X149.407 Y116.463 E.0295
G1 X149.316 Y116.321 E.0051
G1 X148.968 Y116.37 E.01063
G1 X148.875 Y116.494 E.00467
G1 X144.742 Y116.494 E.12487
G1 X144.758 Y116.716 E.00672
G1 X144.842 Y116.8 E.00357
G1 X144.896 Y116.951 E.00486
G1 X144.842 Y117.066 E.00385
G1 X144.43 Y117.478 E.01757
G1 E-.728 F1800
;WIPE_START
G1 F30000
G1 X144.842 Y117.066 E-.0349
G1 X144.896 Y116.951 E-.00764
G1 X144.842 Y116.8 E-.00966
G1 X144.758 Y116.716 E-.00709
G1 X144.743 Y116.505 E-.01271
;WIPE_END
G1 X139.204 Y121.756 Z.8
G1 X131.098 Y129.441 Z.8
G1 Z.4
G1 E.8 F1800
SET_VELOCITY_LIMIT ACCEL=1500
;TYPE:Top surface
;WIDTH:0.43568
G1 F12000
G1 X130.497 Y130.043 E.02935
G1 X130.309 Y130.142 E.00737
G1 X129.977 Y130.218 E.01174
G1 X129.773 Y130.211 E.00706
G1 X130.927 Y129.057 E.05636
G1 X130.921 Y128.998 E.00204
G1 X130.761 Y128.667 E.0127
G1 X129.323 Y130.106 E.07026
G1 X129.146 Y130.01 E.00695
G1 X129 Y129.873 E.0069
G1 X131.076 Y127.798 E.10134
G1 X131.067 Y127.661 E.00472
G1 X130.944 Y127.374 E.0108
G1 X128.799 Y129.519 E.10475
G1 X128.669 Y129.094 E.01536
G1 X128.916 Y128.846 E.01207
G1 X129.262 Y128.5 F30000
G1 F12000
G1 X130.705 Y127.058 E.07046
G1 X130.647 Y126.996 E.00293
G1 X130.37 Y126.837 E.01101
G1 X129.166 Y128.041 E.05878
G1 X128.671 Y127.981 E.01723
G1 X129.903 Y126.749 E.06014
G1 X129.538 Y126.776 E.0126
G1 X129.229 Y126.9 E.01152
G1 X128.979 Y127.118 E.01146
G1 X128.447 Y127.649 E.02596
G1 X127.814 Y127.586 F30000
;WIDTH:0.420516
G1 F12000
G1 X126.771 Y128.629 E.04895
G1 X126.496 Y128.432 E.01123
G1 X126.539 Y128.327 E.00374
G1 X127.516 Y127.35 E.04589
G1 X127.346 Y126.986 E.01333
G1 X126.41 Y127.922 E.04394
G1 X125.926 Y127.872 E.01615
G1 X126.615 Y127.183 E.03237
G1 X126.35 Y126.914 E.01253
G1 X125.442 Y127.822 E.04262
G1 X125.33 Y127.811 E.00374
G1 X125.402 Y127.688 E.0047
G1 X125.042 Y127.688 E.01194
G1 X125.345 Y127.385 E.01421
G1 X125.345 Y126.851 E.01773
G1 X124.508 Y127.688 E.03928
G1 X124.447 Y127.688 E.00201
G1 X124.447 Y127.215 E.01572
G1 X125.041 Y126.621 E.02787
G1 E-.728 F1800
;WIPE_START
G1 F30000
G1 X124.447 Y127.215 E-.05036
G1 X124.447 Y127.575 E-.02164
;WIPE_END
G1 X127.775 Y128.025 Z.8
G1 Z.4
G1 E.8 F1800
SET_VELOCITY_LIMIT ACCEL=3000
;TYPE:Gap infill
;WIDTH:0.33288
G1 F15000
G1 X127.593 Y128.267 E.00708
;WIDTH:0.385002
G1 X127.41 Y128.509 E.00835
G1 X126.934 Y128.953 E.01797
G1 E-.74275 F1800
;WIPE_START
G1 F30000
G1 X127.41 Y128.509 E-.03909
G1 X127.593 Y128.267 E-.01816
;WIPE_END
G1 X126.25 Y126.573 Z.8
G1 Z.4
G1 E.8 F1800
;WIDTH:0.300247
G1 F15000
G1 X125.713 Y127.092 E.0155
G1 X125.534 Y127.324 E.00609
G1 E-.73759 F1800
;WIPE_START
G1 F30000
G1 X125.713 Y127.092 E-.0176
G1 X126.25 Y126.573 E-.04481
;WIPE_END
G1 X124.358 Y125.824 Z.8
G1 Z.4
G1 E.8 F1800
SET_VELOCITY_LIMIT ACCEL=1500
;TYPE:Top surface
;WIDTH:0.45368
G1 F12000
G1 X124.097 Y126.085 E.01334
G1 X123.742 Y126.085 E.01282
G1 X123.742 Y126.44 E.01282
G1 X123.578 Y126.604 E.00834
G1 X123.327 Y126.274 E.01497
G1 X123.978 Y125.623 E.03324
G1 E-.728 F1800
;WIPE_START
G1 F30000
G1 X123.327 Y126.274 E-.05522
G1 X123.497 Y126.496 E-.01678
;WIPE_END
G1 X123.569 Y129.819 Z.8
G1 Z.4
G1 E.8 F1800
;WIDTH:0.466093
G1 F12000
G1 X124.06 Y129.328 E.02584
G1 X124.194 Y129.089 E.01019
G1 X124.231 Y128.765 E.01213
G1 X124.198 Y128.591 E.00658
G1 X123.352 Y129.437 E.04453
G1 X123.192 Y129.314 E.00754
G1 X122.723 Y129.674 E.02198
G1 X122.62 Y129.571 E.00544
G1 X124.01 Y128.181 E.07311
G1 X123.901 Y127.998 E.00794
G1 X123.742 Y127.85 E.00805
G1 X122.33 Y129.262 E.07429
G1 X122.156 Y128.838 E.01706
G1 X122.628 Y128.366 E.0248
G1 X122.71 Y128.284 F30000
G1 F12000
G1 X123.44 Y127.554 E.03842
G1 X123.342 Y127.459 E.00509
G1 X123.167 Y127.229 E.01075
G1 X122.538 Y127.857 E.03307
G1 X122.369 Y127.655 E.0098
G1 X122.289 Y127.508 E.00624
G1 X123.03 Y126.768 E.03894
G1 X122.849 Y126.532 F30000
SET_VELOCITY_LIMIT ACCEL=3000
;TYPE:Gap infill
;WIDTH:0.250438
G1 F15000
G1 X122.627 Y126.712 E.00479
;WIDTH:0.296371
G1 X122.404 Y126.891 E.00585
;WIDTH:0.342304
G1 X122.181 Y127.071 E.00691
;WIDTH:0.365271
G1 X121.959 Y127.251 E.00744
G1 E-.78283 F1800
;WIPE_START
G1 F30000
G1 X122.181 Y127.071 E-.01717
;WIPE_END
G1 X121.055 Y130.247 Z.8
G1 Z.4
G1 E.8 F1800
SET_VELOCITY_LIMIT ACCEL=1500
;TYPE:Top surface
;WIDTH:0.422828
G1 F12000
G1 X121.705 Y129.596 E.03071
G1 X121.548 Y129.216 E.01375
G1 X120.557 Y130.207 E.04684
G1 X120.017 Y130.209 E.01801
G1 X121.392 Y128.835 E.06492
G1 X121.235 Y128.454 E.01375
G1 X119.595 Y130.095 E.07749
G1 X119.394 Y130.02 E.00715
G1 X119.222 Y129.93 E.00648
G1 X121.542 Y127.61 E.10959
G1 X121.354 Y127.261 E.01324
G1 X118.926 Y129.689 E.11467
G1 X118.803 Y129.558 E.00602
G1 X118.688 Y129.39 E.00679
G1 X121.851 Y126.227 E.14941
G1 X121.732 Y126.1 E.00581
G1 X121.562 Y125.979 E.00698
G1 X118.516 Y129.025 E.14388
G1 X118.413 Y128.59 E.01492
G1 X121.182 Y125.821 E.13081
G1 X120.971 Y125.785 E.00716
G1 X120.683 Y125.783 E.00961
G1 X118.489 Y127.977 E.10365
G1 X118.552 Y127.823 E.00556
G1 X118.438 Y127.491 E.01173
G1 X120.146 Y125.783 E.08069
G1 X119.609 Y125.783 E.01794
G1 X118.362 Y127.029 E.05888
G1 X118.374 Y126.877 E.0051
G1 X118.426 Y126.63 E.00844
G1 X118.541 Y126.354 E.00997
G1 X118.642 Y126.212 E.0058
G1 X119.169 Y125.685 E.02491
G1 E-.728 F1800
;WIPE_START
G1 F30000
G1 X118.642 Y126.212 E-.04475
G1 X118.541 Y126.354 E-.01042
G1 X118.433 Y126.613 E-.01682
;WIPE_END
G1 X116.603 Y120.391 Z.8
G1 Z.4
G1 E.8 F1800
;WIDTH:0.446851
G1 F12000
G1 X117.182 Y119.812 E.02905
G1 X117.251 Y119.707 E.00449
G1 X117.402 Y119.341 E.01404
G1 X117.435 Y119.173 E.00608
G1 X117.439 Y118.984 E.00671
G1 X116.141 Y120.282 E.06515
G1 X115.567 Y120.285 E.0204
G1 X117.302 Y118.55 E.08712
G1 X117.157 Y118.337 E.00914
G1 X117.079 Y118.26 E.00389
G1 X116.997 Y118.453 E.00744
G1 X116.184 Y119.398 E.04425
G1 X116.006 Y119.275 E.0077
G1 X114.996 Y120.285 E.05071
G1 X114.766 Y120.254 E.00823
G1 X114.533 Y120.176 E.00872
G1 X115.667 Y119.042 E.05696
G1 X115.328 Y118.81 E.01459
G1 X114.18 Y119.958 E.05768
G1 X114.06 Y119.82 E.00649
G1 X113.94 Y119.627 E.00808
G1 X114.99 Y118.577 E.05273
G1 X114.651 Y118.344 E.01459
G1 X113.794 Y119.201 E.04303
G1 X113.704 Y118.721 E.01737
G1 X114.865 Y117.56 E.05831
G1 X114.899 Y117.496 E.00255
G1 X114.717 Y117.136 E.01432
G1 X113.613 Y118.24 E.05542
G1 X113.563 Y117.936 E.01096
G1 X113.569 Y117.713 E.00791
G1 X115.348 Y115.934 E.08934
G1 X115.081 Y115.809 E.01048
G1 X114.939 Y115.772 E.00521
G1 X113.512 Y117.199 E.07167
G1 X113.531 Y117.039 E.00572
G1 X113.625 Y116.7 E.0125
G1 X113.81 Y116.34 E.01436
G1 X114.487 Y115.653 E.03426
G1 E-.728 F1800
;WIPE_START
G1 F30000
G1 X113.81 Y116.34 E-.05788
G1 X113.702 Y116.549 E-.01412
;WIPE_END
G1 X116.676 Y117.807 Z.8
G1 Z.4
G1 E.8 F1800
;WIDTH:0.495415
G1 F12000
G1 X116.041 Y118.443 E.03577
G1 X115.661 Y118.182 E.01831
G1 X116.518 Y117.326 E.04818
G1 X116.404 Y116.846 E.01962
G1 X116.352 Y116.851 E.00207
G1 X115.627 Y117.576 E.0408
G1 X115.633 Y117.384 E.00765
G1 X115.481 Y117.083 E.01342
G1 X116.002 Y116.561 E.02935
G1 E-.728 F1800
;WIPE_START
G1 F30000
G1 X115.481 Y117.083 E-.04427
G1 X115.633 Y117.384 E-.02025
G1 X115.629 Y117.509 E-.00748
;WIPE_END
G1 X112.024 Y118.431 Z.8
G1 Z.4
G1 E.8 F1800
SET_VELOCITY_LIMIT ACCEL=3000
;TYPE:Internal solid infill
;WIDTH:0.388964
G1 F15000
G1 X112.436 Y118.151 E.0139
G1 X112.734 Y117.812 E.0126
;WIDTH:0.40503
G1 X112.801 Y117.695 E.00395
;WIDTH:0.44925
G1 X112.869 Y117.578 E.00443
;WIDTH:0.493469
G1 F14415.411
G1 X112.936 Y117.46 E.00491
;WIDTH:0.537689
G1 F13127.046
G1 X113.003 Y117.343 E.00539
;WIDTH:0.580939
G1 F12071.777
G1 X113.025 Y117.184 E.00699
;WIDTH:0.623221
G1 F11192.201
G1 X113.046 Y117.024 E.00754
;WIDTH:0.623247
G1 F11191.706
G1 X113.084 Y116.957 E.0036
;WIDTH:0.581016
G1 F12070.049
G1 X113.121 Y116.89 E.00334
;WIDTH:0.538786
G1 F13098.002
G1 X113.158 Y116.822 E.00308
;WIDTH:0.496555
G1 F14317.348
G1 X113.196 Y116.755 E.00281
;WIDTH:0.454324
G1 F15000
G1 X113.233 Y116.688 E.00255
;WIDTH:0.412094
G1 X113.271 Y116.621 E.00229
;WIDTH:0.386014
G1 X113.569 Y116.203 E.01419
G1 X113.845 Y115.907 E.01121
G1 X114.171 Y115.646 E.01157
G1 E-.728 F1800
;WIPE_START
G1 F30000
G1 X113.845 Y115.907 E-.02508
G1 X113.569 Y116.203 E-.02431
G1 X113.35 Y116.51 E-.0226
;WIPE_END
G1 X111.927 Y118.258 Z.8
G1 Z.4
G1 E.8 F1800
SET_VELOCITY_LIMIT ACCEL=1500
;TYPE:Top surface
;WIDTH:0.441885
G1 F12000
G1 X112.339 Y117.846 E.02044
G1 X112.446 Y117.701 E.0063
G1 X112.504 Y117.589 E.00446
G1 X112.571 Y117.344 E.00889
G1 X112.563 Y117.057 E.01007
G1 X111.972 Y117.648 E.02932
G1 X111.972 Y117.084 E.01979
G1 X112.426 Y116.63 E.02252
G1 X112.31 Y116.433 E.00801
G1 X112.194 Y116.298 E.00625
G1 X111.229 Y117.263 E.04786
G1 X110.417 Y117.511 E.02977
G1 X111.997 Y115.93 E.07838
G1 X111.876 Y115.8 E.00625
G1 X111.692 Y115.671 E.00787
G1 X109.605 Y117.758 E.10354
G1 X108.806 Y118.002 E.0293
G1 X109.032 Y118.332 E.01401
G1 X108.846 Y118.517 E.0092
G1 X108.716 Y118.407 E.00598
G1 X108.587 Y118.212 E.00819
G1 X111.287 Y115.512 E.13394
G1 X111.106 Y115.484 E.00642
G1 X110.752 Y115.483 E.01242
G1 X108.434 Y117.801 E.11502
G1 X108.413 Y117.626 E.00619
G1 X108.412 Y117.258 E.01289
G1 X110.026 Y115.645 E.08003
G1 X109.831 Y115.769 E.00811
G1 X109.642 Y115.958 E.00936
G1 X109.293 Y116.024 E.01248
G1 X109.049 Y116.125 E.00926
G1 X108.88 Y116.228 E.00693
G1 X108.308 Y116.799 E.02834
G1 E-.728 F1800
;WIPE_START
G1 F30000
G1 X108.88 Y116.228 E-.04847
G1 X109.049 Y116.125 E-.01186
G1 X109.229 Y116.051 E-.01167
;WIPE_END
G1 X107.113 Y118.041 Z.8
G1 Z.4
G1 E.8 F1800
SET_VELOCITY_LIMIT ACCEL=3000
;TYPE:Internal solid infill
;WIDTH:0.38292
G1 F15000
G1 X107.388 Y117.846 E.00927
G1 E-.77973 F1800
;WIPE_START
G1 F30000
G1 X107.113 Y118.041 E-.02027
;WIPE_END
G1 X108.045 Y117.191 Z.8
G1 Z.4
G1 E.8 F1800
;WIDTH:0.413106
G1 F15000
G1 X108.084 Y116.877 E.00947
G1 X108.229 Y116.451 E.01344
G1 X108.326 Y116.306 E.00518
G1 X107.719 Y116.494 E.01895
G1 X107.001 Y116.494 E.02144
G1 X107.255 Y117.085 E.0192
G1 X107.456 Y117.718 E.01983
G1 X107.421 Y117.822 E.00328
G1 X107.902 Y117.21 E.02327
G1 X107.947 Y117.177 E.00167
G1 X108.005 Y117.185 E.00175
G1 X107.653 Y116.857 F30000
;WIDTH:0.48871
G1 F14569.294
G1 X107.597 Y116.857 E.002
G1 X107.57 Y116.906 E.002
G1 X107.597 Y116.954 E.002
G1 X107.661 Y116.94 E.00234
G1 E-.78607 F1800
;WIPE_START
G1 F30000
G1 X107.597 Y116.954 E-.0039
G1 X107.57 Y116.906 E-.00334
G1 X107.597 Y116.857 E-.00334
G1 X107.653 Y116.857 E-.00334
;WIPE_END
G1 X105.4 Y115.906 Z.8
G1 Z.4
G1 E.8 F1800
;TYPE:Gap infill
;WIDTH:0.430838
G1 F15000
G1 X105.4 Y106.094 E.307
G1 E-.728 F1800
;WIPE_START
G1 F30000
G1 X105.4 Y107.294 E-.072
;WIPE_END
G1 X102.3 Y106.094 Z.8
G1 Z.4
G1 E.8 F1800
;WIDTH:0.230842
G1 F15000
G1 X102.3 Y115.906 E.14872
G1 E-.728 F1800
;WIPE_START
G1 F30000
G1 X102.3 Y114.706 E-.072
;WIPE_END
G1 X102.615 Y117.404 Z.8
G1 Z.4
G1 E.8 F1800
SET_VELOCITY_LIMIT ACCEL=1500
;TYPE:Top surface
;WIDTH:0.440009
G1 F12000
G1 X102.128 Y117.892 E.02406
G1 X102.09 Y117.909 E.00146
G1 X101.96 Y117.498 E.01504
G1 X102.481 Y116.977 E.02572
G1 X102.48 Y116.651 E.01138
G1 X102.447 Y116.449 E.00714
G1 X101.825 Y117.071 E.03071
G1 X101.812 Y117.03 E.0015
G1 X101.467 Y117.084 E.01221
G1 X101.373 Y116.962 E.00539
G1 X101.9 Y116.435 E.02598
G1 X101.338 Y116.435 E.0196
G1 X101.01 Y116.764 E.01621
G1 E-.728 F1800
;WIPE_START
G1 F30000
G1 X101.338 Y116.435 E-.02786
G1 X101.9 Y116.435 E-.03369
G1 X101.776 Y116.558 E-.01045
;WIPE_END
G1 X99.626 Y118.113 Z.8
G1 Z.4
G1 E.8 F1800
;WIDTH:0.495415
G1 F12000
G1 X99.154 Y118.585 E.02655
G1 X98.935 Y118.585 E.0087
G1 X98.935 Y118.565 E.00082
G1 X98.535 Y118.565 E.01594
G1 X99.213 Y117.886 E.03818
G1 X99.084 Y117.732 E.00798
G1 X98.959 Y117.5 E.01049
G1 X98.372 Y118.087 E.03303
G1 E-.728 F1800
;WIPE_START
G1 F30000
G1 X98.959 Y117.5 E-.04982
G1 X99.084 Y117.732 E-.01583
G1 X99.153 Y117.814 E-.00635
;WIPE_END
G1 X97.66 Y117.222 Z.8
G1 Z.4
G1 E.8 F1800
SET_VELOCITY_LIMIT ACCEL=3000
;TYPE:Internal solid infill
;WIDTH:0.457598
G1 F15000
G1 X97.608 Y117.222 E.00173
G1 X97.582 Y117.267 E.00173
G1 X97.608 Y117.312 E.00173
G1 X97.666 Y117.302 E.00196
G1 X98.243 Y117.091 F30000
;WIDTH:0.419999
G1 F15000
G1 X98.181 Y116.976 E.00395
G1 X98.209 Y116.871 E.00331
G1 X97.238 Y116.871 E.02955
G1 X97.238 Y118.129 E.03825
G1 X97.773 Y118.129 E.01629
G1 X97.908 Y117.622 E.01596
G1 X98.166 Y117.176 E.01565
G1 X98.216 Y117.12 E.00228
G1 X98.72 Y117.18 F30000
G1 F15000
G1 X98.517 Y116.805 E.01298
G1 X98.583 Y116.561 E.00769
G1 X98.686 Y116.494 E.00374
G1 X96.861 Y116.494 E.05551
G1 X96.861 Y118.506 E.06118
G1 X98.138 Y118.506 E.03884
G1 X98.139 Y118.218 E.00876
M73 P27 R15
G1 X98.272 Y117.719 E.0157
G1 X98.521 Y117.339 E.01381
G1 X98.688 Y117.205 E.00652
G1 E-.728 F1800
;WIPE_START
G1 F30000
G1 X98.521 Y117.339 E-.01286
G1 X98.272 Y117.719 E-.02724
G1 X98.139 Y118.218 E-.03097
G1 X98.139 Y118.233 E-.00093
;WIPE_END
G1 X96.266 Y118.267 Z.8
G1 Z.4
G1 E.8 F1800
SET_VELOCITY_LIMIT ACCEL=1500
;TYPE:Top surface
;WIDTH:0.454447
G1 F12000
G1 X95.612 Y118.921 E.03348
G1 X95.18 Y118.933 E.01563
G1 X95.123 Y118.828 E.00431
G1 X96.096 Y117.855 E.0498
G1 X96.096 Y117.273 E.02106
G1 X95.218 Y118.151 E.04493
G1 X95.218 Y117.569 E.02106
G1 X96.096 Y116.691 E.04493
G1 X96.096 Y116.491 E.00722
G1 X95.714 Y116.491 E.01383
G1 X95.048 Y117.156 E.03405
G1 E-.728 F1800
;WIPE_START
G1 F30000
G1 X95.714 Y116.491 E-.05647
G1 X95.973 Y116.491 E-.01553
;WIPE_END
G1 X95.042 Y116.11 Z.8
G1 Z.4
G1 E.8 F1800
SET_VELOCITY_LIMIT ACCEL=3000
;TYPE:Gap infill
;WIDTH:0.45138
G1 F15000
G1 X96.273 Y116.11 E.04056
G1 E-.728 F1800
;WIPE_START
G1 F30000
G1 X95.073 Y116.11 E-.072
;WIPE_END
G1 X102.385 Y118.298 Z.8
G1 X103.149 Y118.526 Z.8
M73 P27 R14
G1 Z.4
G1 E.8 F1800
;TYPE:Internal solid infill
;WIDTH:0.419999
G1 F15000
G1 X103.24 Y117.962 E.01739
G1 X103.163 Y117.719 E.00774
;WIDTH:0.405933
G1 X103.151 Y117.466 E.00741
;WIDTH:0.393509
G1 X103.14 Y117.214 E.00715
G1 X103.21 Y116.718 E.01417
G1 X103.311 Y116.488 E.00708
G1 X102.826 Y116.488 E.01371
G1 X102.849 Y116.693 E.00583
G1 X102.804 Y117.479 E.02225
;WIDTH:0.41802
G1 X102.629 Y117.897 E.01371
G1 X102.297 Y118.228 E.01418
G1 X102.218 Y118.254 E.00251
G1 X102.235 Y118.526 E.00826
G1 X103.109 Y118.526 E.02643
G1 X102.863 Y118.144 F30000
;WIDTH:0.36145
G1 F15000
G1 X102.804 Y118.179 E.00177
G1 X102.863 Y118.213 E.00177
G1 E-.79174 F1800
;WIPE_START
G1 F30000
G1 X102.804 Y118.179 E-.00413
G1 X102.863 Y118.144 E-.00414
;WIPE_END
G1 X103.992 Y120.043 Z.8
G1 Z.4
G1 E.8 F1800
;WIDTH:0.41131
G1 F15000
G1 X103.923 Y120.083 E.00237
G1 X103.995 Y120.117 E.00238
G1 X104.37 Y120.04 F30000
SET_VELOCITY_LIMIT ACCEL=1500
;TYPE:Top surface
;WIDTH:0.420192
G1 F12000
G1 X104.965 Y119.444 E.02793
G1 X104.64 Y119.236 E.01281
G1 X104.13 Y119.746 E.02394
G1 X103.915 Y119.565 E.00933
G1 X103.915 Y119.428 E.00455
G1 X104.678 Y118.664 E.03582
G1 X104.778 Y118.397 E.00944
G1 X104.731 Y118.078 E.01069
G1 X103.915 Y118.894 E.03827
G1 X103.915 Y118.585 E.01024
G1 X103.69 Y118.585 E.00745
G1 X104.851 Y117.424 E.05445
G1 X104.686 Y117.056 E.0134
G1 X103.561 Y118.181 E.05277
G1 X103.637 Y117.943 E.00826
G1 X103.537 Y117.671 E.00961
G1 X104.773 Y116.435 E.05796
G1 X104.239 Y116.435 E.0177
G1 X103.316 Y117.358 E.0433
G1 E-.728 F1800
;WIPE_START
G1 F30000
G1 X104.165 Y116.51 E-.072
;WIPE_END
G1 X105.818 Y119.353 Z.8
G1 Z.4
G1 E.8 F1800
;WIDTH:0.441
G1 F12000
G1 X106.273 Y118.899 E.02251
G1 X106.39 Y118.577 E.01199
G1 X106.363 Y118.287 E.01017
G1 X106.35 Y118.259 E.00111
G1 X105.598 Y119.011 E.03721
G1 X105.359 Y118.858 E.00991
G1 X105.461 Y118.584 E.01024
G1 X106.584 Y117.461 E.05556
G1 X106.415 Y117.067 E.015
G1 X105.553 Y117.93 E.04268
G1 X105.611 Y117.396 E.01878
G1 X105.584 Y117.335 E.00233
G1 X106.376 Y116.544 E.03917
G1 X106.113 Y116.401 F30000
SET_VELOCITY_LIMIT ACCEL=3000
;TYPE:Gap infill
;WIDTH:0.25756
G1 F15000
G1 X105.906 Y116.571 E.00463
;WIDTH:0.296275
G1 X105.699 Y116.741 E.00547
;WIDTH:0.334991
G1 X105.492 Y116.91 E.0063
;WIDTH:0.354349
G1 X105.285 Y117.08 E.00672
G1 E-.78394 F1800
;WIPE_START
G1 F30000
G1 X105.492 Y116.91 E-.01606
;WIPE_END
G1 X108.748 Y113.698 Z.8
G1 Z.4
G1 E.8 F1800
;TYPE:Internal solid infill
;WIDTH:0.419998
G1 F15000
G1 X109.113 Y113.333 E.01568
G1 X109.768 Y113.212 F30000
;WIDTH:0.419999
G1 F15000
G1 X109.391 Y113.022 E.01282
G1 X109.14 Y112.773 E.01077
G1 X108.371 Y113.541 E.03307
G1 X108.371 Y114.608 E.03244
G1 X109.739 Y113.24 E.05884
G1 E-.728 F1800
;WIPE_START
G1 F30000
G1 X108.891 Y114.088 E-.072
;WIPE_END
G1 X110.528 Y112.985 Z.8
G1 Z.4
G1 E.8 F1800
G1 F15000
G1 X110.17 Y112.97 E.0109
G1 X109.694 Y112.773 E.01568
G1 X109.268 Y112.367 E.01788
G1 X109.182 Y112.197 E.00579
G1 X108.069 Y113.311 E.04789
G1 X107.994 Y113.311 E.00227
G1 X107.994 Y115.518 E.06714
G1 X110.5 Y113.013 E.10777
G1 E-.728 F1800
;WIPE_START
G1 F30000
G1 X109.651 Y113.861 E-.072
;WIPE_END
G1 X115.457 Y110.724 Z.8
G1 Z.4
G1 E.8 F1800
;WIDTH:0.409883
G1 F15000
G1 X115.852 Y110.229 E.01874
G1 X116.087 Y110.011 E.00951
G1 E-.74275 F1800
;WIPE_START
G1 F30000
G1 X115.852 Y110.229 E-.01927
G1 X115.457 Y110.724 E-.03798
;WIPE_END
G1 X118.939 Y110.413 Z.8
G1 Z.4
G1 E.8 F1800
;WIDTH:0.38292
G1 F15000
G1 X119.263 Y110.056 E.01322
G1 E-.77107 F1800
;WIPE_START
G1 F30000
G1 X118.939 Y110.413 E-.02893
;WIPE_END
G1 X118.97 Y112.58 Z.8
G1 Z.4
G1 E.8 F1800
;WIDTH:0.429032
G1 F15000
G1 X118.897 Y112.622 E.0026
G1 X118.974 Y112.657 E.00262
G1 E-.78994 F1800
;WIPE_START
G1 F30000
G1 X118.897 Y112.622 E-.00504
G1 X118.97 Y112.58 E-.00502
;WIPE_END
G1 X113.073 Y117.427 Z.8
G1 X110.564 Y119.489 Z.8
G1 Z.4
G1 E.8 F1800
SET_VELOCITY_LIMIT ACCEL=1500
;TYPE:Top surface
;WIDTH:0.471854
G1 F12000
G1 X111.266 Y118.786 E.03747
G1 X111.266 Y118.179 E.02287
G1 X110.385 Y119.061 E.04703
G1 X110.138 Y118.701 E.01646
G1 X110.922 Y117.917 E.04181
G1 E-.728 F1800
;WIPE_START
G1 F30000
G1 X110.138 Y118.701 E-.06652
G1 X110.19 Y118.776 E-.00548
;WIPE_END
G1 X109.341 Y111.191 Z.8
G1 X108.672 Y105.213 Z.8
G1 Z.4
G1 E.8 F1800
SET_VELOCITY_LIMIT ACCEL=3000
;TYPE:Internal solid infill
;WIDTH:0.434358
G1 F15000
G1 X108.599 Y105.255 E.00268
G1 X108.677 Y105.29 E.00269
G1 E-.7898 F1800
;WIPE_START
G1 F30000
G1 X108.599 Y105.255 E-.00511
G1 X108.672 Y105.213 E-.00508
;WIPE_END
G1 X108.371 Y106.076 Z.8
G1 Z.4
G1 E.8 F1800
;WIDTH:0.419999
G1 F15000
G1 X109.576 Y104.871 E.05181
G1 X108.648 Y104.871 E.02821
;WIDTH:0.405055
G1 X108.227 Y104.856 E.01231
;WIDTH:0.360641
G1 X107.806 Y104.841 E.0108
G1 X93.13 Y104.841 E.37607
;WIDTH:0.383032
G1 X93.064 Y104.871 E.002
;WIDTH:0.428651
G1 X92.997 Y104.902 E.00227
;WIDTH:0.474269
G1 X92.93 Y104.932 E.00254
;WIDTH:0.519887
G1 F13616.981
G1 X92.864 Y104.962 E.00281
;WIDTH:0.565505
G1 F12428.311
G1 X92.797 Y104.992 E.00308
;WIDTH:0.611123
G1 F11430.503
G1 X92.731 Y105.022 E.00335
G1 X92.797 Y105.045 E.00322
;WIDTH:0.565505
G1 F12428.311
G1 X92.864 Y105.067 E.00297
;WIDTH:0.519887
G1 F13616.981
G1 X92.93 Y105.09 E.00271
;WIDTH:0.474269
G1 F15000
G1 X92.997 Y105.113 E.00245
;WIDTH:0.428651
G1 X93.064 Y105.136 E.00219
;WIDTH:0.360332
G1 X93.13 Y105.159 E.0018
G1 X107.806 Y105.159 E.37571
;WIDTH:0.375167
G1 X108.056 Y105.296 E.00766
;WIDTH:0.410466
G1 X108.307 Y105.433 E.00847
G1 X108.371 Y105.694 E.00798
G1 X108.371 Y106.036 E.01012
G1 E-.74622 F1800
;WIPE_START
G1 F30000
G1 X108.371 Y105.694 E-.02048
G1 X108.307 Y105.433 E-.01614
G1 X108.056 Y105.296 E-.01715
;WIPE_END
G1 X107.994 Y106.986 Z.8
G1 Z.4
G1 E.8 F1800
;WIDTH:0.420156
G1 F15000
G1 X110.486 Y104.494 E.10722
G1 X93.006 Y104.498 E.53184
G1 X92.481 Y104.566 E.0161
G1 X92.002 Y104.772 E.01587
;WIDTH:0.455633
G1 X91.88 Y104.893 E.00573
;WIDTH:0.500311
G1 F14199.765
G1 X91.758 Y105.015 E.00635
;WIDTH:0.54499
G1 F12936.145
G1 X91.637 Y105.137 E.00697
;WIDTH:0.550642
G1 F12792.126
G1 X91.52 Y105.261 E.00699
;WIDTH:0.517269
G1 F13692.139
G1 X91.403 Y105.386 E.00653
;WIDTH:0.483895
G1 F14728.381
G1 X91.286 Y105.511 E.00607
;WIDTH:0.420185
G1 F15000
G1 X91.066 Y105.981 E.01582
G1 X90.994 Y106.571 E.01807
G1 X90.994 Y135.185 E.87068
G1 X93.687 Y132.492 E.11588
G1 X92.195 Y132.495 E.04541
G1 X92.121 Y132.48 E.00229
G1 X92.006 Y132.306 E.00634
G1 X92.006 Y118.694 E.41418
G1 X92.194 Y118.506 E.00811
G1 X94.244 Y118.501 E.06236
G1 X94.454 Y118.319 E.00844
G1 X94.454 Y116.494 E.05554
G1 X92.166 Y116.492 E.0696
G1 X92.006 Y116.306 E.00748
G1 X92.006 Y106.105 E.31039
;WIDTH:0.44484
G1 X91.991 Y105.928 E.00577
;WIDTH:0.494521
G1 F14381.821
G1 X91.976 Y105.75 E.00649
;WIDTH:0.553089
G1 F12730.773
G1 X91.961 Y105.573 E.00733
G1 X92.035 Y105.487 E.00466
;WIDTH:0.540904
G1 F13042.277
G1 X92.225 Y105.493 E.00763
;WIDTH:0.492542
G1 F14445.123
G1 X92.415 Y105.5 E.00689
;WIDTH:0.420542
G1 F15000
G1 X107.806 Y105.506 E.46875
G1 X107.994 Y105.62 E.00672
G1 X107.994 Y106.946 E.04038
G1 E-.728 F1800
;WIPE_START
G1 F30000
G1 X107.994 Y105.746 E-.072
;WIPE_END
G1 X100.37 Y105.391 Z.8
G1 X92.605 Y105.03 Z.8
G1 Z.4
G1 E.8 F1800
;WIDTH:0.617816
G1 F11297.427
G1 X92.691 Y105.024 E.00399
G1 E-.79484 F1800
;WIPE_START
G1 F30000
G1 X92.605 Y105.03 E-.00516
;WIPE_END
G1 X91.522 Y106.231 Z.8
G1 Z.4
G1 E.8 F1800
;WIDTH:0.633932
G1 F10989.363
G1 X91.527 Y106.145 E.0041
G1 E-.79484 F1800
;WIPE_START
G1 F30000
G1 X91.522 Y106.231 E-.00516
;WIPE_END
G1 X92.923 Y113.734 Z.8
G1 X93.668 Y117.72 Z.8
G1 Z.4
G1 E.8 F1800
;WIDTH:0.48761
G1 F14605.361
G1 X93.668 Y117.28 E.01579
G1 X92.048 Y117.276 E.05811
G1 X91.787 Y117.021 E.01308
G1 X91.787 Y118.028 E.03611
G1 X92.051 Y117.72 E.01455
G1 X93.628 Y117.72 E.05655
G1 X94.076 Y118.129 F30000
;WIDTH:0.419999
G1 F15000
G1 X94.076 Y116.871 E.03825
G1 X92.145 Y116.869 E.05874
;WIDTH:0.405055
G1 X91.902 Y116.631 E.00994
;WIDTH:0.360727
G1 X91.659 Y116.393 E.00872
G1 X91.659 Y106.63 E.25026
;WIDTH:0.383032
G1 X91.636 Y106.564 E.00193
;WIDTH:0.428651
G1 X91.613 Y106.497 E.00219
;WIDTH:0.474269
G1 X91.59 Y106.43 E.00245
;WIDTH:0.519887
G1 F13616.981
G1 X91.567 Y106.364 E.00271
;WIDTH:0.565505
G1 F12428.311
G1 X91.545 Y106.297 E.00297
;WIDTH:0.611123
G1 F11430.503
G1 X91.522 Y106.231 E.00322
G1 X91.492 Y106.297 E.00335
;WIDTH:0.565505
G1 F12428.311
G1 X91.462 Y106.364 E.00308
;WIDTH:0.519887
G1 F13616.981
G1 X91.432 Y106.43 E.00281
;WIDTH:0.474269
G1 F15000
G1 X91.402 Y106.497 E.00254
;WIDTH:0.428651
G1 X91.371 Y106.564 E.00227
;WIDTH:0.360394
G1 X91.341 Y106.63 E.00187
G1 X91.341 Y116.306 E.24775
;WIDTH:0.375167
G1 X91.356 Y116.903 E.01601
;WIDTH:0.395093
G1 X91.371 Y117.5 E.01697
G1 X91.341 Y118.694 E.03394
;WIDTH:0.360223
G1 X91.341 Y132.306 E.34835
;WIDTH:0.375167
G1 X91.356 Y132.766 E.01234
;WIDTH:0.418398
G1 X91.371 Y134.274 E.04567
G1 X92.775 Y132.871 E.06012
G1 X92.195 Y132.872 E.01755
G1 X91.974 Y132.827 E.00684
;WIDTH:0.405055
G1 X91.816 Y132.609 E.00785
;WIDTH:0.360511
G1 X91.659 Y132.391 E.00689
G1 X91.659 Y118.694 E.35086
;WIDTH:0.375167
G1 X91.887 Y118.412 E.00974
;WIDTH:0.415247
G1 X92.115 Y118.129 E.01091
G1 X94.036 Y118.129 E.05771
G1 E-.728 F1800
;WIPE_START
G1 F30000
G1 X92.836 Y118.129 E-.072
;WIPE_END
G1 X92.33 Y125.744 Z.8
G1 X91.836 Y133.174 Z.8
G1 Z.4
G1 E.8 F1800
;WIDTH:0.533762
G1 F13232.05
G1 X91.775 Y133.174 E.00243
G1 X91.744 Y133.227 E.00243
G1 X91.775 Y133.28 E.00243
G1 X91.836 Y133.28 E.00243
G1 X91.847 Y133.261 E.00085
G1 E-.78399 F1800
;WIPE_START
G1 F30000
G1 X91.836 Y133.28 E-.00128
G1 X91.775 Y133.28 E-.00368
G1 X91.744 Y133.227 E-.00368
G1 X91.775 Y133.174 E-.00368
G1 X91.836 Y133.174 E-.00368
;WIPE_END
G1 X99.35 Y131.833 Z.8
G1 X103.379 Y131.114 Z.8
G1 Z.4
G1 E.8 F1800
SET_VELOCITY_LIMIT ACCEL=1500
;TYPE:Top surface
;WIDTH:0.420994
G1 F12000
G1 X102.784 Y131.709 E.02795
G1 X102.249 Y131.709 E.01777
G1 X103.209 Y130.749 E.04511
G1 X103.209 Y130.215 E.01777
G1 X101.715 Y131.709 E.07024
G1 X101.18 Y131.709 E.01777
G1 X103.209 Y129.68 E.09538
G1 X103.209 Y129.145 E.01777
G1 X100.645 Y131.709 E.12051
G1 X100.111 Y131.709 E.01777
G1 X103.209 Y128.611 E.14564
G1 X103.209 Y128.076 E.01777
G1 X99.576 Y131.709 E.17078
G1 X99.041 Y131.709 E.01777
G1 X103.209 Y127.541 E.19591
G1 X103.209 Y127.007 E.01777
G1 X98.567 Y131.648 E.21818
G1 X98.567 Y131.114 E.01777
G1 X103.209 Y126.472 E.21818
G1 X103.209 Y125.937 E.01777
G1 X98.567 Y130.579 E.21818
G1 X98.567 Y130.044 E.01777
G1 X103.209 Y125.403 E.21818
G1 X103.209 Y124.868 E.01777
G1 X98.567 Y129.51 E.21818
G1 X98.567 Y128.975 E.01777
G1 X103.209 Y124.333 E.21818
G1 X103.209 Y123.799 E.01777
G1 X98.567 Y128.44 E.21818
G1 X98.567 Y127.905 E.01777
G1 X103.209 Y123.264 E.21818
G1 X103.209 Y122.729 E.01777
G1 X98.567 Y127.371 E.21818
G1 X98.567 Y126.836 E.01777
G1 X103.209 Y122.195 E.21818
G1 X103.209 Y121.66 E.01777
G1 X98.567 Y126.301 E.21818
G1 X98.567 Y125.767 E.01777
G1 X103.209 Y121.125 E.21818
G1 X103.209 Y120.591 E.01777
M73 P28 R14
G1 X98.567 Y125.232 E.21818
G1 X98.567 Y124.697 E.01777
G1 X103.209 Y120.056 E.21818
G1 X103.209 Y119.521 E.01777
G1 X98.567 Y124.163 E.21818
G1 X98.567 Y123.628 E.01777
G1 X102.905 Y119.291 E.20387
G1 X102.37 Y119.291 E.01777
G1 X98.567 Y123.093 E.17874
G1 X98.567 Y122.559 E.01777
G1 X101.835 Y119.291 E.15361
G1 X101.301 Y119.291 E.01777
G1 X98.567 Y122.024 E.12847
G1 X98.567 Y121.489 E.01777
G1 X101.453 Y118.604 E.13564
G1 X101.471 Y118.532 E.00246
G1 X101.457 Y118.246 E.00951
G1 X101.413 Y118.109 E.00479
G1 X98.567 Y120.955 E.13377
G1 X98.567 Y120.42 E.01777
G1 X99.697 Y119.291 E.05307
G1 X99.162 Y119.291 E.01777
G1 X98.567 Y119.885 E.02794
G1 X98.567 Y119.351 E.01777
G1 X98.797 Y119.121 E.01078
G1 E-.728 F1800
;WIPE_START
G1 F30000
G1 X98.567 Y119.351 E-.01947
G1 X98.567 Y119.885 E-.03208
G1 X98.809 Y119.644 E-.02045
;WIPE_END
G1 X100.336 Y118.651 Z.8
G1 Z.4
G1 E.8 F1800
G1 F12000
G1 X101.137 Y117.851 E.03762
G1 X100.613 Y117.933 E.01761
G1 X100.585 Y117.868 E.00235
G1 X100.416 Y118.037 E.00794
G1 X99.968 Y117.951 F30000
G1 F12000
G1 X100.69 Y117.228 E.03395
G1 X100.459 Y116.925 E.01268
G1 X99.844 Y117.539 E.0289
G1 X99.671 Y117.334 E.00893
G1 X99.616 Y117.232 E.00383
G1 X100.349 Y116.5 E.03443
G1 X100.196 Y116.3 F30000
SET_VELOCITY_LIMIT ACCEL=3000
;TYPE:Gap infill
;WIDTH:0.200993
G1 F15000
G1 X99.974 Y116.48 E.00364
;WIDTH:0.249196
G1 X99.752 Y116.659 E.00475
;WIDTH:0.297399
G1 X99.53 Y116.838 E.00585
;WIDTH:0.321501
G1 X99.308 Y117.017 E.00641
G1 E-.78288 F1800
;WIPE_START
G1 F30000
G1 X99.53 Y116.838 E-.01712
;WIPE_END
G1 X106.475 Y120.005 Z.8
G1 X128.449 Y130.025 Z.8
G1 Z.4
G1 E.8 F1800
SET_VELOCITY_LIMIT ACCEL=1500
;TYPE:Top surface
;WIDTH:0.455284
G1 F12000
G1 X128.039 Y130.435 E.02105
G1 X127.9 Y130.52 E.00588
G1 X127.564 Y130.649 E.01306
G1 X127.369 Y130.681 E.00716
G1 X127.208 Y130.683 E.00586
G1 X128.134 Y129.757 E.04748
G1 X127.997 Y129.311 E.01693
G1 X126.624 Y130.683 E.07038
G1 X126.041 Y130.683 E.02114
G1 X127.037 Y129.687 E.05108
G1 X126.697 Y129.444 E.01515
G1 X125.567 Y130.574 E.05795
G1 X125.365 Y130.473 E.00818
G1 X125.209 Y130.349 E.00724
G1 X126.358 Y129.201 E.0589
G1 X126.018 Y128.957 E.01515
G1 X124.966 Y130.009 E.05391
G1 X124.873 Y129.79 E.00864
G1 X124.825 Y129.567 E.00825
G1 X125.678 Y128.714 E.04374
G1 X125.632 Y128.682 E.00202
G1 X125.683 Y128.557 E.00489
G1 X125.292 Y128.516 E.01425
G1 X124.735 Y129.074 E.02858
G1 E-.728 F1800
;WIPE_START
G1 F30000
G1 X125.292 Y128.516 E-.04729
G1 X125.683 Y128.557 E-.02358
G1 X125.676 Y128.574 E-.00113
;WIPE_END
G1 X127.922 Y128.978 Z.8
G1 Z.4
G1 E.8 F1800
SET_VELOCITY_LIMIT ACCEL=3000
;TYPE:Gap infill
;WIDTH:0.243328
G1 F15000
G1 X127.866 Y129.015 E.00107
;WIDTH:0.247036
G1 X127.601 Y129.262 E.00596
;WIDTH:0.269458
G1 X127.336 Y129.509 E.00662
G1 X127.288 Y129.728 E.00411
G1 E-.76477 F1800
;WIPE_START
G1 F30000
G1 X127.336 Y129.509 E-.0135
G1 X127.601 Y129.262 E-.02173
;WIPE_END
G1 X134.373 Y132.783 Z.8
G1 X163.965 Y148.172 Z.8
G1 Z.4
G1 E.8 F1800
;TYPE:Internal solid infill
;WIDTH:0.579682
G1 F12100.047
G1 X164.153 Y148.007 E.01084
;WIDTH:0.617265
G1 F11308.27
G1 X164.342 Y147.842 E.0116
G1 X164.645 Y147.495 E.02134
G1 E-.75734 F1800
;WIPE_START
G1 F30000
G1 X164.342 Y147.842 E-.02764
G1 X164.153 Y148.007 E-.01502
;WIPE_END
G1 X165.23 Y146.539 Z.8
G1 Z.4
G1 E.8 F1800
;WIDTH:0.419999
G1 F15000
G1 X163.22 Y148.548 E.08644
G1 X162.671 Y148.565 E.01673
G1 X165.065 Y146.171 E.10296
G1 X165.065 Y145.637 E.01622
G1 X162.137 Y148.565 E.1259
G1 X161.604 Y148.565 E.01622
G1 X165.065 Y145.104 E.14884
G1 X165.065 Y144.571 E.01622
G1 X161.071 Y148.565 E.17177
G1 X160.538 Y148.565 E.01622
G1 X165.065 Y144.038 E.19471
G1 X165.065 Y143.504 E.01622
G1 X160.004 Y148.565 E.21765
G1 X159.471 Y148.565 E.01622
G1 X165.065 Y142.971 E.24058
G1 X165.065 Y142.438 E.01622
G1 X158.938 Y148.565 E.26352
G1 X158.405 Y148.565 E.01622
G1 X165.065 Y141.905 E.28646
G1 X165.065 Y141.371 E.01622
G1 X157.871 Y148.565 E.30939
G1 X157.338 Y148.565 E.01622
G1 X165.065 Y140.838 E.33233
G1 X165.065 Y140.305 E.01622
G1 X156.805 Y148.565 E.35527
G1 X156.272 Y148.565 E.01622
G1 X165.065 Y139.772 E.3782
G1 X165.065 Y139.238 E.01622
G1 X155.738 Y148.565 E.40114
G1 X155.205 Y148.565 E.01622
G1 X165.065 Y138.705 E.42408
G1 X165.065 Y138.172 E.01622
G1 X154.672 Y148.565 E.44701
G1 X154.138 Y148.565 E.01622
G1 X165.065 Y137.638 E.46995
G1 X165.065 Y137.105 E.01622
G1 X153.605 Y148.565 E.49289
G1 X153.072 Y148.565 E.01622
G1 X165.065 Y136.572 E.51582
G1 X165.065 Y136.039 E.01622
G1 X152.539 Y148.565 E.53876
G1 X152.005 Y148.565 E.01622
G1 X165.065 Y135.505 E.5617
G1 X165.065 Y134.972 E.01622
G1 X151.472 Y148.565 E.58464
G1 X150.939 Y148.565 E.01622
G1 X165.065 Y134.439 E.60757
G1 X165.065 Y133.906 E.01622
G1 X150.406 Y148.565 E.63051
G1 X149.872 Y148.565 E.01622
G1 X165.065 Y133.372 E.65345
G1 X165.065 Y132.839 E.01622
G1 X149.339 Y148.565 E.67638
G1 X148.806 Y148.565 E.01622
G1 X165.065 Y132.306 E.69932
G1 X165.065 Y131.772 E.01622
G1 X148.272 Y148.565 E.72226
G1 X147.739 Y148.565 E.01622
G1 X165.065 Y131.239 E.74519
G1 X165.065 Y130.706 E.01622
G1 X147.206 Y148.565 E.76813
G1 X146.673 Y148.565 E.01622
G1 X165.065 Y130.173 E.79107
G1 X165.065 Y129.639 E.01622
G1 X146.139 Y148.565 E.814
G1 X145.606 Y148.565 E.01622
G1 X162.735 Y131.435 E.73676
G1 X162.202 Y131.435 E.01622
G1 X145.073 Y148.565 E.73676
G1 X144.54 Y148.565 E.01622
G1 X161.669 Y131.435 E.73676
G1 X161.136 Y131.435 E.01622
G1 X144.006 Y148.565 E.73676
G1 X143.473 Y148.565 E.01622
G1 X160.602 Y131.435 E.73676
G1 X160.069 Y131.435 E.01622
G1 X142.94 Y148.565 E.73676
G1 X142.406 Y148.565 E.01622
G1 X159.536 Y131.435 E.73676
G1 X159.003 Y131.435 E.01622
G1 X141.873 Y148.565 E.73676
G1 X141.34 Y148.565 E.01622
G1 X158.469 Y131.435 E.73676
G1 X157.936 Y131.435 E.01622
G1 X140.807 Y148.565 E.73676
G1 X140.273 Y148.565 E.01622
G1 X157.465 Y131.373 E.73942
G1 X157.465 Y131.302 E.00217
G1 X157.335 Y131.302 E.00393
G1 X157.335 Y131.435 E.00405
G1 X156.869 Y131.435 E.01417
G1 X139.74 Y148.565 E.73676
G1 X139.207 Y148.565 E.01622
G1 X156.336 Y131.435 E.73676
G1 X155.803 Y131.435 E.01622
G1 X138.674 Y148.565 E.73676
G1 X138.14 Y148.565 E.01622
G1 X155.27 Y131.435 E.73676
G1 X154.865 Y131.435 E.01232
G1 X154.865 Y131.307 E.0039
G1 X137.607 Y148.565 E.74227
G1 X137.074 Y148.565 E.01622
G1 X154.203 Y131.435 E.73676
G1 X153.67 Y131.435 E.01622
M73 P29 R14
G1 X136.541 Y148.565 E.73676
G1 X136.007 Y148.565 E.01622
G1 X153.137 Y131.435 E.73676
G1 X152.603 Y131.435 E.01622
G1 X135.474 Y148.565 E.73676
G1 X134.941 Y148.565 E.01622
G1 X152.373 Y131.132 E.74979
G1 X151.706 Y131.266 F30000
G1 F15000
G1 X134.407 Y148.565 E.74405
G1 X133.874 Y148.565 E.01622
G1 X151.004 Y131.435 E.73676
G1 X150.47 Y131.435 E.01622
G1 X133.341 Y148.565 E.73676
G1 X132.808 Y148.565 E.01622
G1 X149.937 Y131.435 E.73676
G1 X149.665 Y131.435 E.00828
G1 X149.665 Y131.302 E.00405
G1 X149.537 Y131.302 E.00388
G1 X132.274 Y148.565 E.74249
G1 X131.741 Y148.565 E.01622
G1 X148.87 Y131.435 E.73676
G1 X148.337 Y131.435 E.01622
G1 X131.208 Y148.565 E.73676
G1 X130.675 Y148.565 E.01622
G1 X147.804 Y131.435 E.73676
G1 X147.271 Y131.435 E.01622
G1 X130.141 Y148.565 E.73676
G1 X129.608 Y148.565 E.01622
G1 X146.737 Y131.435 E.73676
G1 X146.204 Y131.435 E.01622
G1 X129.075 Y148.565 E.73676
G1 X128.541 Y148.565 E.01622
G1 X145.671 Y131.435 E.73676
G1 X145.138 Y131.435 E.01622
G1 X128.008 Y148.565 E.73676
G1 X127.475 Y148.565 E.01622
G1 X144.604 Y131.435 E.73676
G1 X144.071 Y131.435 E.01622
G1 X126.942 Y148.565 E.73676
G1 X126.408 Y148.565 E.01622
G1 X144.065 Y130.908 E.75942
G1 X144.065 Y130.375 E.01622
G1 X125.875 Y148.565 E.78236
G1 X125.342 Y148.565 E.01622
G1 X144.065 Y129.842 E.80529
G1 X144.065 Y129.309 E.01622
G1 X124.809 Y148.565 E.82823
G1 X124.275 Y148.565 E.01622
G1 X144.065 Y128.775 E.85117
G1 X144.065 Y128.242 E.01622
G1 X123.742 Y148.565 E.8741
G1 X123.209 Y148.565 E.01622
G1 X144.065 Y127.709 E.89704
G1 X144.065 Y127.176 E.01622
G1 X122.675 Y148.565 E.91998
G1 X122.142 Y148.565 E.01622
G1 X144.065 Y126.642 E.94291
G1 X144.065 Y126.109 E.01622
G1 X121.609 Y148.565 E.96585
G1 X121.076 Y148.565 E.01622
G1 X144.065 Y125.576 E.98879
G1 X144.065 Y125.042 E.01622
G1 X120.542 Y148.565 E1.01172
G1 X120.009 Y148.565 E.01622
G1 X144.065 Y124.509 E1.03466
G1 X144.065 Y123.976 E.01622
G1 X119.476 Y148.565 E1.0576
G1 X118.943 Y148.565 E.01622
G1 X144.065 Y123.443 E1.08053
G1 X144.065 Y122.909 E.01622
G1 X118.409 Y148.565 E1.10347
G1 X117.876 Y148.565 E.01622
G1 X144.065 Y122.376 E1.12641
G1 X144.065 Y121.843 E.01622
G1 X117.343 Y148.565 E1.14934
G1 X116.81 Y148.565 E.01622
G1 X144.065 Y121.31 E1.17228
G1 X144.065 Y120.776 E.01622
G1 X116.276 Y148.565 E1.19522
G1 X115.743 Y148.565 E.01622
G1 X144.065 Y120.243 E1.21815
G1 X144.065 Y119.71 E.01622
G1 X115.21 Y148.565 E1.24109
G1 X114.676 Y148.565 E.01622
G1 X144.065 Y119.176 E1.26403
G1 X144.065 Y118.643 E.01622
G1 X114.143 Y148.565 E1.28696
G1 X113.61 Y148.565 E.01622
G1 X144.234 Y117.94 E1.3172
G1 E-.728 F1800
;WIPE_START
G1 F30000
G1 X143.386 Y118.789 E-.072
;WIPE_END
G1 X144.828 Y116.813 Z.8
G1 Z.4
G1 E.8 F1800
G1 F15000
G1 X113.077 Y148.565 E1.36568
G1 X112.543 Y148.565 E.01622
G1 X130.222 Y130.886 E.76039
G1 X130.556 Y130.81 E.01042
G1 X130.946 Y130.604 E.0134
G1 X131.367 Y130.18 E.01817
G1 X131.55 Y129.843 E.01167
G1 X131.646 Y129.462 E.01194
G1 X144.557 Y116.551 E.55533
G1 X144.549 Y116.435 E.00352
G1 X144.139 Y116.435 E.01246
G1 X131.626 Y128.949 E.53824
G1 X131.612 Y128.806 E.00436
G1 X131.576 Y128.731 E.00256
G1 X131.715 Y128.446 E.00963
G1 X131.744 Y128.298 E.0046
G1 X143.606 Y116.435 E.51021
G1 X143.073 Y116.435 E.01622
G1 X131.778 Y127.73 E.48579
G1 X131.764 Y127.496 E.00712
G1 X131.679 Y127.296 E.00661
G1 X142.54 Y116.435 E.46715
G1 X142.006 Y116.435 E.01622
G1 X131.519 Y126.923 E.45109
G1 X131.493 Y126.863 E.00199
G1 X131.275 Y126.633 E.00963
G1 X141.473 Y116.435 E.43863
G1 X140.94 Y116.435 E.01622
G1 X130.994 Y126.381 E.42779
G1 X130.655 Y126.187 E.01188
G1 X140.407 Y116.435 E.41942
G1 X139.873 Y116.435 E.01622
G1 X130.235 Y126.074 E.41455
G1 X130.046 Y126.031 E.0059
G1 X129.721 Y126.055 E.00992
G1 X139.34 Y116.435 E.41374
G1 X138.807 Y116.435 E.01622
G1 X129.018 Y126.224 E.42102
G1 X128.855 Y126.289 E.00533
G1 X128.359 Y126.721 E.02002
G1 X128.162 Y127.066 E.01207
G1 X127.997 Y126.712 E.01188
M73 P30 R14
G1 X138.273 Y116.435 E.44202
G1 X137.74 Y116.435 E.01622
G1 X127.827 Y126.349 E.42639
G1 X127.695 Y126.067 E.00945
G1 X127.511 Y126.132 E.00594
G1 X137.207 Y116.435 E.41705
G1 X137.065 Y116.435 E.00433
G1 X137.065 Y116.044 E.01189
G1 X127.007 Y126.102 E.43258
G1 X126.738 Y126.303 E.01023
G1 X126.507 Y126.069 E.01002
G1 X137.065 Y115.511 E.45411
G1 X137.065 Y114.978 E.01622
G1 X126.242 Y125.801 E.46552
G1 X126.178 Y125.736 E.00276
G1 X125.804 Y126.085 E.01554
G1 X125.424 Y126.085 E.01157
G1 X137.065 Y114.445 E.50068
G1 X137.065 Y113.911 E.01622
G1 X124.891 Y126.085 E.52362
G1 X124.72 Y126.085 E.00519
G1 X124.716 Y126.019 E.00202
G1 X124.625 Y125.818 E.00672
G1 X137.065 Y113.378 E.53504
G1 X137.065 Y112.845 E.01622
G1 X124.355 Y125.554 E.54664
G1 X124.089 Y125.433 E.00889
G1 X123.967 Y125.409 E.00378
G1 X137.065 Y112.311 E.56335
G1 X137.065 Y111.778 E.01622
G1 X123.416 Y125.426 E.58703
G1 X123.102 Y125.518 E.00996
G1 X122.788 Y125.692 E.01093
G1 X122.612 Y125.849 E.00715
G1 X122.604 Y125.953 E.00319
G1 X122.266 Y126.171 E.01224
G1 X122.216 Y126.093 E.00281
G1 X137.065 Y111.245 E.63865
G1 X137.065 Y110.712 E.01622
G1 X121.969 Y125.807 E.64926
G1 X121.646 Y125.597 E.01172
G1 X137.065 Y110.178 E.66317
G1 X137.065 Y109.645 E.01622
G1 X121.259 Y125.451 E.67984
G1 X121.003 Y125.409 E.00787
G1 X120.771 Y125.406 E.00707
G1 X137.065 Y109.112 E.70082
G1 X137.065 Y108.579 E.01622
G1 X120.238 Y125.406 E.72375
G1 X119.704 Y125.406 E.01622
G1 X137.234 Y107.876 E.75399
G1 E-.728 F1800
;WIPE_START
G1 F30000
G1 X136.386 Y108.724 E-.072
;WIPE_END
G1 X137.842 Y106.734 Z.8
G1 Z.4
G1 E.8 F1800
G1 F15000
G1 X140.261 Y104.315 E.10405
G1 E-.728 F1800
;WIPE_START
G1 F30000
G1 X139.413 Y105.164 E-.072
;WIPE_END
G1 X136.735 Y112.311 Z.8
G1 X129.825 Y130.749 Z.8
G1 Z.4
G1 E.8 F1800
G1 F15000
G1 X112.01 Y148.565 E.76626
G1 X111.477 Y148.565 E.01622
G1 X129.218 Y130.824 E.76305
G1 X129.117 Y130.797 E.00317
G1 X128.853 Y130.655 E.00911
G1 X110.944 Y148.565 E.77033
G1 X110.41 Y148.565 E.01622
G1 X128.182 Y130.793 E.76438
G1 X127.771 Y130.981 E.01374
G1 X127.383 Y131.058 E.01203
G1 X109.877 Y148.565 E.75297
G1 X109.344 Y148.565 E.01622
G1 X126.848 Y131.06 E.75288
G1 X126.315 Y131.06 E.01622
G1 X108.81 Y148.565 E.75288
G1 X108.277 Y148.565 E.01622
G1 X125.805 Y131.037 E.75389
G1 X125.638 Y130.999 E.00522
G1 X125.396 Y130.913 E.0078
G1 X107.744 Y148.565 E.75924
G1 X107.211 Y148.565 E.01622
G1 X125.057 Y130.718 E.76761
G1 X124.92 Y130.594 E.00562
G1 X124.796 Y130.447 E.00587
G1 X106.677 Y148.565 E.77929
G1 X106.144 Y148.565 E.01622
G1 X124.596 Y130.113 E.79362
G1 X124.513 Y129.904 E.00683
G1 X123.694 Y130.592 E.03255
G1 X123.631 Y130.544 E.00239
G1 X105.611 Y148.565 E.77509
G1 X105.078 Y148.565 E.01622
G1 X123.33 Y130.312 E.78507
G1 X123.191 Y130.205 E.00534
G1 X122.663 Y130.612 E.02028
G1 X122.58 Y130.529 E.00357
G1 X104.544 Y148.565 E.77575
G1 X104.011 Y148.565 E.01622
G1 X122.313 Y130.262 E.78721
G1 X122.047 Y129.996 E.01147
G1 X103.478 Y148.565 E.79867
G1 X102.944 Y148.565 E.01622
G1 X121.037 Y130.472 E.7782
G1 X120.7 Y130.568 E.01067
G1 X120.383 Y130.593 E.00967
G1 X102.411 Y148.565 E.77299
G1 X101.878 Y148.565 E.01622
G1 X119.873 Y130.57 E.77398
G1 X119.462 Y130.448 E.01304
G1 X101.345 Y148.565 E.77924
G1 X100.811 Y148.565 E.01622
G1 X119.087 Y130.289 E.78607
G1 X118.78 Y130.063 E.0116
G1 X100.278 Y148.565 E.79579
G1 X99.745 Y148.565 E.01622
G1 X118.512 Y129.798 E.8072
G1 X118.3 Y129.477 E.0117
G1 X99.212 Y148.565 E.821
G1 X98.678 Y148.565 E.01622
G1 X118.144 Y129.099 E.83727
G1 X118.042 Y128.667 E.01348
G1 X98.145 Y148.565 E.85581
G1 X97.612 Y148.565 E.01622
G1 X118.07 Y128.106 E.87995
G1 X118.145 Y127.821 E.00895
G1 X118.07 Y127.574 E.00787
G1 X97.079 Y148.565 E.90286
G1 X96.545 Y148.565 E.01622
G1 X118.157 Y126.953 E.92954
G1 E-.728 F1800
;WIPE_START
G1 F30000
G1 X117.308 Y127.802 E-.072
;WIPE_END
G1 X122.633 Y122.334 Z.8
G1 X137.234 Y107.342 Z.8
G1 Z.4
G1 E.8 F1800
G1 F15000
G1 X119.08 Y125.496 E.78083
G1 X118.702 Y125.678 E.01275
G1 X118.427 Y125.892 E.01061
G1 X118.216 Y126.162 E.0104
G1 X118.068 Y126.508 E.01146
G1 X96.012 Y148.565 E.94867
G1 X95.479 Y148.565 E.01622
G1 X137.065 Y106.979 E1.78867
G1 X137.065 Y106.565 E.01259
G1 X137.479 Y106.565 E.01259
G1 X139.608 Y104.435 E.09159
G1 X139.075 Y104.435 E.01622
G1 X94.945 Y148.565 E1.89806
G1 X94.412 Y148.565 E.01622
G1 X138.542 Y104.435 E1.89806
G1 X138.008 Y104.435 E.01622
G1 X93.879 Y148.565 E1.89806
G1 X93.346 Y148.565 E.01622
M73 P31 R14
G1 X137.475 Y104.435 E1.89806
G1 X136.942 Y104.435 E.01622
G1 X129.615 Y111.762 E.31512
G1 X129.635 Y111.64 E.00376
G1 X129.622 Y111.222 E.01271
G1 X136.408 Y104.435 E.29191
G1 X135.875 Y104.435 E.01622
G1 X129.518 Y110.793 E.27345
G1 X129.351 Y110.427 E.01224
G1 X135.342 Y104.435 E.25769
G1 X134.809 Y104.435 E.01622
G1 X129.128 Y110.116 E.24433
G1 X128.857 Y109.853 E.01147
G1 X134.275 Y104.435 E.23304
G1 X133.742 Y104.435 E.01622
G1 X128.542 Y109.636 E.22367
G1 X128.168 Y109.476 E.01236
G1 X133.209 Y104.435 E.21682
G1 X132.676 Y104.435 E.01622
G1 X127.731 Y109.38 E.21267
G1 X127.64 Y109.365 E.00281
G1 X127.193 Y109.385 E.01362
G1 X132.142 Y104.435 E.21289
G1 X131.609 Y104.435 E.01622
G1 X126.315 Y109.729 E.22769
G1 X126.089 Y109.891 E.00846
G1 X125.771 Y110.248 E.01455
G1 X125.523 Y109.988 E.01092
G1 X131.076 Y104.435 E.23882
G1 X130.542 Y104.435 E.01622
G1 X125.228 Y109.75 E.2286
G1 X125.082 Y109.656 E.00526
G1 X124.872 Y109.572 E.00688
G1 X130.009 Y104.435 E.22094
G1 X129.476 Y104.435 E.01622
G1 X124.46 Y109.451 E.21575
G1 X124.237 Y109.415 E.00688
G1 X123.954 Y109.424 E.0086
G1 X128.943 Y104.435 E.21456
G1 X128.409 Y104.435 E.01622
G1 X123.247 Y109.598 E.22204
G1 X122.939 Y109.762 E.01063
G1 X122.622 Y110.022 E.01246
G1 X122.368 Y110.332 E.0122
G1 X122.193 Y110.119 E.0084
G1 X127.876 Y104.435 E.24445
G1 X127.343 Y104.435 E.01622
G1 X121.911 Y109.867 E.23364
G1 X121.833 Y109.804 E.00305
G1 X121.578 Y109.667 E.00882
G1 X126.81 Y104.435 E.22503
G1 X126.276 Y104.435 E.01622
G1 X121.186 Y109.526 E.21895
G1 X120.818 Y109.465 E.01134
G1 X120.71 Y109.469 E.00329
G1 X125.743 Y104.435 E.21649
G1 X125.21 Y104.435 E.01622
G1 X120.087 Y109.559 E.22036
G1 X119.68 Y109.733 E.01346
G1 X119.401 Y109.933 E.01043
G1 X119.29 Y109.822 E.00479
G1 X118.814 Y110.298 E.02047
G1 X124.676 Y104.435 E.25215
G1 X124.143 Y104.435 E.01622
G1 X118.551 Y110.027 E.24051
G1 X118.241 Y109.804 E.01162
G1 X123.61 Y104.435 E.23092
G1 X123.077 Y104.435 E.01622
G1 X117.864 Y109.648 E.22421
G1 X117.414 Y109.565 E.01392
G1 X122.543 Y104.435 E.22062
G1 X122.01 Y104.435 E.01622
G1 X116.815 Y109.631 E.22347
G1 X116.676 Y109.663 E.00431
G1 X116.344 Y109.814 E.0111
G1 X116.218 Y109.898 E.00462
G1 X116.116 Y109.796 E.00438
G1 X115.323 Y110.589 E.03412
G1 X121.477 Y104.435 E.26469
G1 X120.944 Y104.435 E.01622
G1 X115.083 Y110.296 E.25206
G1 X114.781 Y110.064 E.01157
G1 X120.41 Y104.435 E.24211
G1 X119.877 Y104.435 E.01622
G1 X114.414 Y109.898 E.23498
G1 X114.2 Y109.834 E.0068
G1 X113.954 Y109.826 E.0075
G1 X119.513 Y104.266 E.23914
G1 E-.728 F1800
;WIPE_START
G1 F30000
G1 X118.665 Y105.114 E-.072
;WIPE_END
G1 X124.366 Y110.189 Z.8
G1 X127.975 Y113.402 Z.8
G1 Z.4
G1 E.8 F1800
G1 F15000
G1 X92.826 Y148.551 E1.51183
G1 X92.731 Y148.545 E.0029
G1 X92.38 Y148.463 E.01094
G1 X127.23 Y113.614 E1.49892
G1 X126.946 Y113.567 E.00875
G1 X126.799 Y113.512 E.00478
G1 X92.006 Y148.305 E1.4965
G1 X91.689 Y148.088 E.01167
G1 X126.433 Y113.344 E1.49438
G1 X126.197 Y113.198 E.00844
G1 X126.119 Y113.125 E.00325
G1 X91.422 Y147.822 E1.49239
G1 X91.202 Y147.508 E.01165
G1 X125.853 Y112.858 E1.49037
G1 X125.774 Y112.747 E.00414
G1 X125.556 Y112.999 E.01013
G1 X125.147 Y113.313 E.01568
G1 X124.666 Y113.511 E.0158
G1 X91.042 Y147.135 E1.44623
G1 X91.008 Y147.034 E.00326
G1 X90.95 Y146.694 E.01048
G1 X124.056 Y113.588 E1.42395
G1 X123.586 Y113.525 E.01444
G1 X117.793 Y119.318 E.24917
G1 X117.74 Y119.527 E.00655
G1 X117.613 Y119.83 E.00999
G1 X117.48 Y120.045 E.0077
G1 X117.336 Y120.211 E.00669
G1 X117.187 Y120.333 E.00584
G1 X116.971 Y120.464 E.0077
G1 X116.684 Y120.583 E.00944
G1 X116.475 Y120.636 E.00655
G1 X90.935 Y146.176 E1.09851
G1 X90.935 Y145.642 E.01622
G1 X115.916 Y120.662 E1.07445
G1 X115.383 Y120.662 E.01622
G1 X90.935 Y145.109 E1.05151
G1 X90.935 Y144.576 E.01622
G1 X103.095 Y132.416 E.52302
G1 X102.561 Y132.417 E.01625
G1 X90.935 Y144.042 E.50004
G1 X90.935 Y143.509 E.01622
G1 X102.027 Y132.418 E.47706
G1 X101.493 Y132.419 E.01625
G1 X90.935 Y142.976 E.45408
G1 X90.935 Y142.443 E.01622
G1 X100.958 Y132.42 E.4311
G1 X100.424 Y132.421 E.01625
G1 X90.935 Y141.909 E.40812
G1 X90.935 Y141.376 E.01622
G1 X99.89 Y132.422 E.38515
G1 X99.356 Y132.423 E.01625
G1 X90.935 Y140.843 E.36217
G1 X90.935 Y140.31 E.01622
G1 X98.821 Y132.424 E.33919
G1 X98.287 Y132.425 E.01625
G1 X90.935 Y139.776 E.31621
G1 X90.935 Y139.243 E.01622
G1 X97.753 Y132.426 E.29323
G1 X97.219 Y132.426 E.01625
G1 X90.935 Y138.71 E.27025
G1 X90.935 Y138.176 E.01622
G1 X96.684 Y132.427 E.24727
G1 X96.15 Y132.428 E.01625
G1 X90.935 Y137.643 E.22429
G1 X90.935 Y137.11 E.01622
G1 X95.616 Y132.429 E.20131
G1 X95.082 Y132.43 E.01625
G1 X90.935 Y136.577 E.17834
G1 X90.935 Y136.043 E.01622
G1 X94.717 Y132.261 E.16267
G1 E-.728 F1800
;WIPE_START
G1 F30000
G1 X93.869 Y133.11 E-.072
;WIPE_END
G1 X101.432 Y132.081 Z.8
G1 X103.745 Y131.766 Z.8
G1 Z.4
G1 E.8 F1800
G1 F15000
G1 X114.858 Y120.653 E.478
G1 X114.666 Y120.618 E.00596
G1 X114.436 Y120.542 E.00736
G1 X103.915 Y131.063 E.45252
G1 X103.915 Y130.53 E.01622
G1 X114.081 Y120.363 E.43728
G1 X113.943 Y120.253 E.00538
G1 X113.806 Y120.106 E.00612
G1 X103.915 Y129.996 E.42542
G1 X103.915 Y129.463 E.01622
G1 X113.595 Y119.783 E.41634
G1 X113.525 Y119.637 E.00494
G1 X113.448 Y119.397 E.00766
G1 X103.915 Y128.93 E.41003
G1 X103.915 Y128.397 E.01622
M73 P31 R13
G1 X113.363 Y118.948 E.40638
G1 X113.279 Y118.499 E.0139
G1 X103.915 Y127.863 E.40276
G1 X103.915 Y127.33 E.01622
G1 X111.22 Y120.025 E.31422
G1 X110.687 Y120.025 E.01622
G1 X103.915 Y126.797 E.29128
G1 X103.915 Y126.264 E.01622
G1 X110.174 Y120.004 E.26922
G1 X109.958 Y119.687 E.01167
M73 P32 R13
G1 X103.915 Y125.73 E.25991
G1 X103.915 Y125.197 E.01622
G1 X109.741 Y119.371 E.25061
G1 X109.525 Y119.054 E.01167
G1 X103.915 Y124.664 E.2413
G1 X103.915 Y124.13 E.01622
G1 X109.049 Y118.997 E.22082
G1 X108.761 Y118.904 E.0092
G1 X108.662 Y118.85 E.00343
G1 X103.915 Y123.597 E.20416
G1 X103.915 Y123.064 E.01622
G1 X108.386 Y118.592 E.19233
G1 X108.187 Y118.259 E.01183
G1 X103.915 Y122.531 E.18375
G1 X103.915 Y121.997 E.01622
G1 X105.882 Y120.031 E.0846
G1 X106.049 Y120.138 E.00604
G1 X106.876 Y119.304 E.03571
G1 X107.03 Y118.882 E.01366
G1 X108.211 Y117.701 E.0508
G1 E-.728 F1800
;WIPE_START
G1 F30000
G1 X107.362 Y118.55 E-.072
;WIPE_END
G1 X105.679 Y119.7 Z.8
G1 Z.4
G1 E.8 F1800
G1 F15000
G1 X103.915 Y121.464 E.0759
G1 X103.915 Y120.931 E.01622
G1 X104.742 Y120.104 E.03557
G1 E-.728 F1800
;WIPE_START
G1 F30000
G1 X103.915 Y120.931 E-.07017
G1 X103.915 Y120.961 E-.00183
;WIPE_END
G1 X111.41 Y119.518 Z.8
G1 X111.803 Y119.442 Z.8
G1 Z.4
G1 E.8 F1800
G1 F15000
G1 X113.354 Y117.891 E.06673
G1 E-.728 F1800
;WIPE_START
G1 F30000
G1 X112.505 Y118.739 E-.072
;WIPE_END
G1 X117.642 Y118.936 Z.8
G1 Z.4
G1 E.8 F1800
G1 F15000
G1 X123.2 Y113.377 E.23908
G1 X122.939 Y113.238 E.00901
G1 X122.866 Y113.178 E.00286
G1 X117.648 Y118.397 E.22446
G1 X117.432 Y118.079 E.01168
G1 X122.582 Y112.929 E.2215
G1 X122.366 Y112.665 E.01037
G1 X122.318 Y112.742 E.00274
G1 X122.045 Y113.034 E.01216
G1 X121.704 Y113.274 E.01268
G1 X117.321 Y117.657 E.18851
G1 X117.219 Y117.225 E.01348
G1 X120.919 Y113.526 E.15912
G1 X120.397 Y113.514 E.01586
G1 X117.117 Y116.794 E.14108
G1 X117.015 Y116.363 E.01348
G1 X119.977 Y113.401 E.12739
G1 X119.621 Y113.224 E.0121
G1 X116.742 Y116.102 E.1238
G1 X116.675 Y116.109 E.00207
G1 X116.49 Y115.822 E.01039
G1 X119.318 Y112.994 E.12164
G1 X119.115 Y112.777 E.00902
G1 X118.96 Y112.818 E.00487
G1 X115.875 Y115.903 E.13268
G1 X115.598 Y115.647 E.01148
G1 X117.913 Y113.331 E.09958
G1 X117.832 Y113.365 E.00269
G1 X117.523 Y113.427 E.00958
G1 X117.285 Y113.427 E.00723
G1 X115.244 Y115.468 E.0878
G1 X114.995 Y115.398 E.00784
G1 X114.794 Y115.385 E.00615
G1 X116.806 Y113.373 E.08654
G1 X116.423 Y113.222 E.01251
G1 X112.883 Y116.762 E.15225
G1 X112.726 Y116.386 E.01239
G1 X116.097 Y113.015 E.145
G1 X115.823 Y112.756 E.01147
G1 X112.506 Y116.073 E.14268
G1 X112.419 Y115.886 E.00626
G1 X112.317 Y115.728 E.00572
G1 X115.606 Y112.439 E.14149
G1 X115.467 Y112.116 E.01069
G1 X115.402 Y112.275 E.00522
G1 X115.165 Y112.629 E.01297
G1 X114.765 Y112.957 E.01572
G1 X114.398 Y113.114 E.01212
G1 X112.053 Y115.459 E.10086
G1 X111.887 Y115.348 E.0061
G1 X111.715 Y115.264 E.00581
G1 X113.795 Y113.184 E.08948
G1 X113.349 Y113.096 E.01381
G1 X111.313 Y115.133 E.0876
G1 X111.13 Y115.107 E.00563
G1 X110.807 Y115.106 E.00982
G1 X112.995 Y112.917 E.09411
G1 X112.79 Y112.776 E.00756
G1 X112.7 Y112.679 E.00403
G1 X110.213 Y115.166 E.10696
G1 X109.783 Y115.348 E.01421
G1 X109.609 Y115.463 E.00635
G1 X109.457 Y115.601 E.00624
G1 X109.182 Y115.664 E.00858
G1 X112.466 Y112.379 E.14126
G1 X112.384 Y112.247 E.00472
G1 X112.297 Y112.015 E.00754
G1 X108.158 Y116.154 E.17801
G1 X107.935 Y116.21 E.00699
G1 X107.935 Y115.844 E.01114
G1 X110.903 Y112.876 E.12763
G1 X111.308 Y112.709 E.01333
G1 X111.709 Y112.308 E.01725
G1 X111.876 Y111.903 E.01333
G1 X112.399 Y111.38 E.02247
G1 X111.756 Y111.49 F30000
G1 F15000
G1 X118.811 Y104.435 E.30342
G1 X118.277 Y104.435 E.01622
G1 X111.8 Y110.913 E.2786
G1 X111.709 Y110.692 E.00725
G1 X111.598 Y110.582 E.00477
G1 X117.744 Y104.435 E.26436
G1 X117.211 Y104.435 E.01622
G1 X111.331 Y110.315 E.25289
G1 X110.964 Y110.149 E.01226
G1 X116.677 Y104.435 E.24575
G1 X116.144 Y104.435 E.01622
G1 X110.336 Y110.244 E.24984
G1 E-.728 F1800
;WIPE_START
G1 F30000
G1 X111.184 Y109.395 E-.072
;WIPE_END
G1 X109.279 Y111.834 Z.8
G1 Z.4
G1 E.8 F1800
G1 F15000
G1 X107.935 Y113.177 E.05778
G1 X107.935 Y112.644 E.01622
G1 X109.244 Y111.336 E.05629
G1 E-.728 F1800
;WIPE_START
G1 F30000
G1 X108.395 Y112.184 E-.072
;WIPE_END
G1 X107.766 Y112.281 Z.8
G1 Z.4
G1 E.8 F1800
G1 F15000
G1 X115.611 Y104.435 E.33743
G1 X115.078 Y104.435 E.01622
G1 X107.935 Y111.578 E.3072
G1 X107.935 Y111.044 E.01622
G1 X114.544 Y104.435 E.28426
G1 X114.011 Y104.435 E.01622
G1 X107.935 Y110.511 E.26133
G1 X107.935 Y109.978 E.01622
G1 X113.478 Y104.435 E.23839
G1 X112.945 Y104.435 E.01622
G1 X107.935 Y109.445 E.21545
G1 X107.935 Y108.911 E.01622
G1 X112.411 Y104.435 E.19252
G1 X111.878 Y104.435 E.01622
G1 X107.935 Y108.378 E.16958
G1 X107.935 Y107.845 E.01622
G1 X111.514 Y104.266 E.15394
G1 E-.728 F1800
;WIPE_START
G1 F30000
G1 X110.666 Y105.114 E-.072
;WIPE_END
G1 X113.857 Y112.048 Z.8
G1 X122.02 Y129.786 Z.8
G1 Z.4
G1 E.8 F1800
;TYPE:Gap infill
;WIDTH:0.124609
G1 F15000
G1 X121.932 Y129.771 E.00059
;WIDTH:0.184351
G1 X121.901 Y129.771 E.00036
G1 X121.828 Y129.844 E.00118
;WIDTH:0.20517
G1 X121.435 Y130.202 E.00696
;WIDTH:0.252614
G1 X121.355 Y130.263 E.0017
;WIDTH:0.266532
G1 X121.198 Y130.373 E.00346
G1 E-.78848 F1800
;WIPE_START
G1 F30000
G1 X121.355 Y130.263 E-.01152
;WIPE_END
G1 X115.867 Y124.958 Z.8
G1 X108.023 Y117.374 Z.8
G1 Z.4
G1 E.8 F1800
;WIDTH:0.421655
G1 F15000
G1 X106.954 Y118.424 E.04576
G1 E-.728 F1800
;WIPE_START
G1 F30000
G1 X107.81 Y117.583 E-.072
;WIPE_END
G1 X113.373 Y117.856 Z.8
G1 Z.4
G1 E.8 F1800
;WIDTH:0.216713
G1 F15000
G1 X113.28 Y117.687 E.0027
;WIDTH:0.248998
G1 X113.255 Y117.664 E.00057
;WIDTH:0.291116
G1 X113.23 Y117.641 E.00069
;WIDTH:0.333234
G1 X113.204 Y117.618 E.0008
;WIDTH:0.375353
G1 X113.179 Y117.595 E.00092
;WIDTH:0.418972
G1 X113.153 Y117.572 E.00104
G1 X113.087 Y117.624 E.00255
G1 X111.843 Y118.869 E.0534
G1 E-.728 F1800
;WIPE_START
G1 F30000
G1 X112.691 Y118.021 E-.072
;WIPE_END
G1 X111.725 Y110.45 Z.8
G1 X110.941 Y104.306 Z.8
G1 Z.4
G1 E.8 F1800
;WIDTH:0.419969
G1 F15000
G1 X107.806 Y107.441 E.13485
G1 E-.728 F1800
;WIPE_START
G1 F30000
G1 X108.654 Y106.593 E-.072
;WIPE_END
G1 X115.731 Y109.452 Z.8
G1 X165.194 Y129.437 Z.8
G1 Z.4
G1 E.8 F1800
;WIDTH:0.31508
G1 F15000
G1 X165.142 Y129.381 E.00168
;WIDTH:0.356149
G1 X165.09 Y129.324 E.00194
;WIDTH:0.397218
G1 X165.038 Y129.268 E.00219
;WIDTH:0.421307
G1 X164.986 Y129.212 E.00234
G1 X164.887 Y129.284 E.00374
G1 X163.022 Y131.148 E.08049
;WIDTH:0.419975
G1 X162.972 Y131.465 E.00974
G1 E-.78078 F1800
;WIPE_START
G1 F30000
G1 X163.022 Y131.148 E-.01922
;WIPE_END
G1 X155.391 Y131.276 Z.8
G1 X94.143 Y132.302 Z.8
G1 Z.4
G1 E.8 F1800
;WIDTH:0.419968
G1 F15000
G1 X90.806 Y135.64 E.14354
M106 S173
;LAYER_CHANGE
;Z:0.6
;HEIGHT:0.2
;BEFORE_LAYER_CHANGE
;0.6
G92 E0

G1 E-.728 F1800
;WIPE_START
G1 F30000
G1 X91.654 Y134.791 E-.072
;WIPE_END
M73 L3
;LAYER:3
SET_PRINT_STATS_INFO TOTAL_LAYER=9 CURRENT_LAYER=3
;_SET_FAN_SPEED_CHANGING_LAYER

G1 X92.7036 Y134.909 Z0.657143
G1 X93.2657 Y135.803 Z0.714286
G1 X92.9173 Y136.8 Z0.771429
G1 X91.9206 Y137.149 Z0.828571
G1 X91.0263 Y136.588 Z0.885714
G1 X90.9077 Y135.538 Z0.942857
G1 X91.6541 Y134.791 Z1
G1 X150.697 Y114.109 Z1
G1 Z.6
G1 E.8 F1800
SET_VELOCITY_LIMIT ACCEL=2000
;TYPE:Outer wall
;WIDTH:0.37852
G1 F7200
G1 X150.729 Y114.073 E.0013
G1 X150.792 Y114.086 E.00174
G1 X150.842 Y114.188 E.00308
G1 X150.88 Y114.489 E.00821
G1 X150.881 Y115.076 E.01588
G1 X150.856 Y115.321 E.00669
G1 X150.803 Y115.468 E.0042
G1 X150.741 Y115.498 E.00186
G1 X150.713 Y115.479 E.00091
G1 X150.657 Y115.336 E.00416
G1 X150.624 Y114.986 E.00951
G1 X150.627 Y114.49 E.01344
G1 X150.653 Y114.241 E.00677
G1 X150.684 Y114.147 E.00268
G1 E-.728 F1800
;WIPE_START
G1 F30000
G1 X150.729 Y114.073 E-.00516
G1 X150.792 Y114.086 E-.00386
G1 X150.842 Y114.188 E-.00683
G1 X150.88 Y114.489 E-.01819
G1 X150.881 Y115.076 E-.03521
G1 X150.876 Y115.121 E-.00275
;WIPE_END
G1 X144.134 Y118.698 Z1
G1 X126.483 Y128.061 Z1
G1 Z.6
G1 E.8 F1800
;WIDTH:0.42
G1 F7200
G1 X126.269 Y127.909 E.00799
G1 X126.366 Y127.919 E.00296
G1 X126.46 Y127.626 E.00934
G1 X126.509 Y127.576 E.00213
G1 X126.606 Y127.561 E.003
G1 X126.648 Y127.588 E.00151
G1 X126.693 Y127.656 E.00249
G1 X126.713 Y127.74 E.00262
G1 X126.713 Y127.897 E.00478
G1 X126.659 Y128.029 E.00433
G1 X126.589 Y128.069 E.00246
G1 X126.523 Y128.064 E.00201
G1 E-.728 F1800
;WIPE_START
G1 F30000
G1 X126.269 Y127.909 E-.01787
G1 X126.366 Y127.919 E-.00585
G1 X126.46 Y127.626 E-.01843
G1 X126.509 Y127.576 E-.00421
G1 X126.606 Y127.561 E-.00591
G1 X126.648 Y127.588 E-.00297
G1 X126.693 Y127.656 E-.0049
G1 X126.713 Y127.74 E-.00517
G1 X126.713 Y127.851 E-.00668
;WIPE_END
G1 X129.643 Y129.026 Z1
G1 Z.6
G1 E.8 F1800
G1 F7200
G1 X129.887 Y129.073 E.00757
G1 X129.935 Y129.124 E.00212
G1 X129.95 Y129.222 E.00302
G1 X129.925 Y129.287 E.00211
G1 X129.884 Y129.314 E.00148
G1 X129.781 Y129.308 E.00315
G1 X129.719 Y129.257 E.00245
G1 X129.655 Y129.064 E.00616
G1 E-.74564 F1800
;WIPE_START
G1 F30000
G1 X129.887 Y129.073 E-.01393
G1 X129.935 Y129.124 E-.00419
G1 X129.95 Y129.222 E-.00597
G1 X129.925 Y129.287 E-.00416
G1 X129.884 Y129.314 E-.00292
G1 X129.781 Y129.308 E-.00622
G1 X129.719 Y129.257 E-.00483
G1 X129.655 Y129.064 E-.01215
;WIPE_END
G1 X122.054 Y128.372 Z1
G1 X120.178 Y128.201 Z1
G1 Z.6
G1 E.8 F1800
G1 F7200
G1 X120.234 Y128.26 E.00248
G1 X120.306 Y128.401 E.00481
G1 X120.294 Y128.474 E.00225
G1 X120.236 Y128.47 E.00179
G1 X120.223 Y128.448 E.00077
G1 X120.185 Y128.24 E.00643
G1 E-.76516 F1800
;WIPE_START
G1 F30000
G1 X120.234 Y128.26 E-.00318
G1 X120.306 Y128.401 E-.00949
G1 X120.294 Y128.474 E-.00444
G1 X120.236 Y128.47 E-.00353
G1 X120.223 Y128.448 E-.00151
G1 X120.185 Y128.24 E-.01269
;WIPE_END
G1 X116.98 Y121.313 Z1
G1 X115.255 Y117.584 Z1
G1 Z.6
G1 E.8 F1800
G1 F7200
G1 X115.33 Y117.592 E.00229
G1 X115.406 Y117.318 E.00865
G1 X115.476 Y117.249 E.00298
G1 X115.54 Y117.244 E.00197
G1 X115.571 Y117.264 E.00111
G1 X115.632 Y117.384 E.00411
G1 X115.625 Y117.635 E.00762
G1 X115.559 Y117.714 E.00313
G1 X115.499 Y117.726 E.00187
G1 X115.441 Y117.716 E.0018
G1 X115.287 Y117.607 E.00571
G1 E-.728 F1800
;WIPE_START
G1 F30000
G1 X115.33 Y117.592 E-.00271
G1 X115.406 Y117.318 E-.01706
G1 X115.476 Y117.249 E-.00589
G1 X115.54 Y117.244 E-.00388
G1 X115.571 Y117.264 E-.0022
G1 X115.632 Y117.384 E-.0081
G1 X115.625 Y117.635 E-.01504
G1 X115.559 Y117.714 E-.00618
G1 X115.499 Y117.726 E-.00368
G1 X115.441 Y117.716 E-.00354
G1 X115.39 Y117.68 E-.00372
;WIPE_END
G1 X107.758 Y117.615 Z1
G1 X105.526 Y117.596 Z1
G1 Z.6
G1 E.8 F1800
G1 F7200
G1 X105.294 Y117.572 E.0071
G1 X105.401 Y117.299 E.00893
G1 X105.462 Y117.262 E.00217
G1 X105.525 Y117.269 E.00193
G1 X105.57 Y117.307 E.00179
G1 X105.598 Y117.368 E.00205
G1 X105.599 Y117.504 E.00412
G1 X105.57 Y117.567 E.00211
G1 X105.56 Y117.574 E.00038
G1 E-.73776 F1800
;WIPE_START
G1 F30000
G1 X105.294 Y117.572 E-.01595
G1 X105.401 Y117.299 E-.01761
G1 X105.462 Y117.262 E-.00428
G1 X105.525 Y117.269 E-.00381
G1 X105.57 Y117.307 E-.00354
G1 X105.598 Y117.368 E-.00404
G1 X105.599 Y117.504 E-.00812
G1 X105.57 Y117.567 E-.00416
G1 X105.56 Y117.574 E-.00075
;WIPE_END
G1 X105.362 Y118.376 Z1
G1 Z.6
M73 P33 R13
G1 E.8 F1800
G1 F7200
G1 X105.459 Y118.394 E.00301
G1 X105.496 Y118.434 E.00164
G1 X105.502 Y118.473 E.00122
G1 X105.481 Y118.508 E.00123
G1 X105.426 Y118.505 E.00169
G1 X105.396 Y118.481 E.00117
G1 X105.374 Y118.414 E.00215
G1 E-.77685 F1800
;WIPE_START
G1 F30000
G1 X105.459 Y118.394 E-.00522
G1 X105.496 Y118.434 E-.00324
G1 X105.502 Y118.473 E-.0024
G1 X105.481 Y118.508 E-.00242
G1 X105.426 Y118.505 E-.00333
G1 X105.396 Y118.481 E-.00231
G1 X105.374 Y118.414 E-.00423
;WIPE_END
G1 X111.985 Y122.228 Z1
G1 X122.293 Y128.175 Z1
G1 Z.6
G1 E.8 F1800
SET_VELOCITY_LIMIT ACCEL=3000
;TYPE:Inner wall
;WIDTH:0.45
G1 F12000
G1 X121.512 Y128.254 E.02577
G1 X121.418 Y127.958 E.01017
G1 X121.515 Y127.958 E.00319
G1 X121.515 Y127.065 E.02933
G1 X121.73 Y127.038 E.00709
G1 X121.852 Y127.525 E.01647
G1 X122.042 Y127.877 E.01314
G1 X122.267 Y128.145 E.01147
G1 E-.728 F1800
;WIPE_START
G1 F30000
G1 X121.512 Y128.254 E-.04578
G1 X121.418 Y127.958 E-.01859
G1 X121.515 Y127.958 E-.00582
G1 X121.515 Y127.928 E-.00181
;WIPE_END
G1 X114.874 Y124.167 Z1
G1 X103.944 Y117.977 Z1
G1 Z.6
G1 E.8 F1800
G1 F12000
G1 X104.232 Y118.918 E.03231
G1 X103.602 Y118.918 E.02068
G1 X103.602 Y118.898 E.00067
G1 X101.785 Y118.898 E.05966
G1 X101.866 Y118.57 E.01108
G1 X101.847 Y118.176 E.01296
G1 X101.705 Y117.729 E.01539
G1 X101.866 Y117.729 E.00527
G1 X101.866 Y116.102 E.05343
G1 X104.901 Y116.102 E.09965
G1 X104.374 Y116.56 E.02292
G1 X104.18 Y116.902 E.01289
G1 X103.93 Y117.932 E.03482
G1 X103.932 Y117.939 E.00024
G1 E-.728 F1800
;WIPE_START
G1 F30000
G1 X104.232 Y118.918 E-.06145
G1 X104.056 Y118.918 E-.01055
;WIPE_END
G1 X99.557 Y117.809 Z1
G1 Z.6
G1 E.8 F1800
G1 F12000
G1 X98.946 Y117.87 E.02018
G1 X99.213 Y118.898 E.03486
G1 X96.489 Y118.898 E.08942
G1 X96.489 Y116.102 E.0918
G1 X98.88 Y116.102 E.0785
G1 X99.159 Y117.213 E.0376
G1 X99.344 Y117.556 E.0128
G1 X99.531 Y117.778 E.00955
G1 E-.728 F1800
;WIPE_START
G1 F30000
G1 X98.946 Y117.87 E-.03557
G1 X99.098 Y118.458 E-.03643
;WIPE_END
G1 X106.721 Y118.081 Z1
G1 X151.586 Y115.863 Z1
G1 Z.6
G1 E.8 F1800
SET_VELOCITY_LIMIT ACCEL=2000
;TYPE:Outer wall
;WIDTH:0.42
G1 F7200
G1 X151.702 Y115.603 E.00866
G1 X151.805 Y114.973 E.01944
G1 X151.771 Y114.253 E.02191
G1 X151.648 Y113.82 E.01371
G1 X151.436 Y113.504 E.01155
G1 X151.082 Y113.288 E.01262
G1 X150.643 Y113.248 E.0134
G1 X150.544 Y113.275 E.00313
G1 X150.326 Y113.334 E.00688
G1 X150.135 Y113.455 E.00687
G1 X149.974 Y113.619 E.00697
G1 X149.847 Y113.836 E.00766
G1 X149.763 Y114.106 E.00859
G1 X149.715 Y114.424 E.00978
G1 X149.704 Y114.973 E.01671
G1 X149.739 Y115.32 E.01061
G1 X149.859 Y115.742 E.01333
G1 X149.998 Y115.974 E.00825
G1 X150.16 Y116.137 E.00696
G1 X150.526 Y116.302 E.01222
G1 X150.862 Y116.317 E.01023
G1 X151.092 Y116.271 E.00714
G1 X151.432 Y116.063 E.01211
G1 X151.561 Y115.895 E.00646
G1 E-.728 F1800
;WIPE_START
G1 F30000
G1 X151.702 Y115.603 E-.01942
G1 X151.805 Y114.973 E-.03835
G1 X151.794 Y114.736 E-.01423
;WIPE_END

G1 X150.739 Y114.784 Z0.657143
G1 X150.044 Y113.989 Z0.714286
G1 X150.231 Y112.95 Z0.771429
G1 X151.161 Y112.449 Z0.828571
G1 X152.132 Y112.863 Z0.885714
G1 X152.414 Y113.881 Z0.942857
G1 X151.794 Y114.736 Z1
G1 X128.371 Y127.364 Z1
G1 Z.6
G1 E.8 F1800
SET_VELOCITY_LIMIT ACCEL=3000
;TYPE:Inner wall
;WIDTH:0.45
G1 F12000
G1 X128.24 Y127.902 E.01817
G1 X128.04 Y127.894 E.00659
G1 X127.96 Y127.37 E.01739
G1 X127.796 Y127.021 E.01266
G1 X127.499 Y126.673 E.01503
G1 X127.066 Y126.426 E.01636
G1 X126.569 Y126.348 E.01654
G1 X126.07 Y126.422 E.01655
G1 X125.738 Y126.587 E.01217
G1 X125.738 Y126.398 E.00619
G1 X118.797 Y126.398 E.22788
G1 X119.065 Y127.464 E.03609
G1 X119.271 Y127.845 E.01423
G1 X118.855 Y127.887 E.01373
G1 X119.125 Y128.926 E.03524
G1 X119.282 Y129.182 E.00985
G1 X119.565 Y129.431 E.01239
G1 X120.048 Y129.602 E.01683
G1 X120.521 Y129.6 E.01553
G1 X120.968 Y129.446 E.01551
G1 X121.334 Y129.106 E.01642
G1 X121.554 Y128.502 E.02112
G1 X121.741 Y128.518 E.00615
G1 X121.848 Y129.123 E.02017
G1 X122.011 Y129.518 E.01402
G1 X122.384 Y129.891 E.01733
G1 X122.865 Y130.085 E.01703
G1 X123.495 Y130.103 E.02068
G1 X123.995 Y129.931 E.01736
G1 X124.33 Y129.65 E.01438
G1 X124.575 Y129.212 E.01647
G1 X124.628 Y128.751 E.01525
G1 X124.546 Y128.316 E.01454
G1 X124.407 Y128.081 E.00894
G1 X125.004 Y128.081 E.01961
G1 X124.981 Y128.17 E.003
G1 X125.191 Y128.191 E.00693
G1 X125.545 Y130.068 E.06271
G1 X127.914 Y130.068 E.07776
G1 X127.914 Y128.43 E.05377
G1 X127.989 Y128.294 E.00512
G1 X128.922 Y128.407 E.03084
G1 X128.927 Y128.618 E.00694
G1 X128.152 Y128.75 E.02579
G1 X128.465 Y129.771 E.03507
G1 X128.65 Y130.083 E.01189
G1 X128.913 Y130.332 E.0119
G1 X129.233 Y130.504 E.01194
G1 X129.586 Y130.599 E.012
G1 X130.015 Y130.612 E.01409
G1 X130.447 Y130.514 E.01453
G1 X130.757 Y130.35 E.01155
G1 X131.113 Y129.991 E.01658
G1 X131.256 Y129.728 E.00984
G1 X131.349 Y129.359 E.01249
G1 X131.306 Y128.891 E.01542
G1 X131.217 Y128.708 E.0067
G1 X131.266 Y128.652 E.00243
G1 X131.416 Y128.346 E.01119
G1 X131.482 Y128.007 E.01132
G1 X131.455 Y127.569 E.01441
G1 X131.227 Y127.038 E.01899
G1 X130.892 Y126.684 E.016
G1 X130.488 Y126.451 E.01533
G1 X130.022 Y126.346 E.01566
G1 X129.449 Y126.388 E.01888
G1 X129.021 Y126.56 E.01514
G1 X128.604 Y126.922 E.01814
G1 X128.384 Y127.308 E.01458
G1 X128.38 Y127.326 E.00059
G1 E-.728 F1800
;WIPE_START
G1 F30000
G1 X128.24 Y127.902 E-.03561
G1 X128.04 Y127.894 E-.01204
G1 X127.978 Y127.493 E-.02435
;WIPE_END
G1 X125.476 Y127.827 Z1
G1 Z.6
G1 E.8 F1800
SET_VELOCITY_LIMIT ACCEL=2000
;TYPE:Outer wall
;WIDTH:0.42
G1 F7200
G1 X126.171 Y127.899 E.02127
G1 X125.552 Y127.988 E.01904
G1 X125.87 Y129.676 E.05223
G1 X127.521 Y129.676 E.05022
G1 X127.521 Y128.807 E.02641
G1 X127.017 Y128.807 E.01534
G1 X127.129 Y128.766 E.00364
G1 X127.418 Y128.515 E.01164
G1 X127.568 Y128.245 E.00941
G1 X127.635 Y127.84 E.01246
G1 X127.581 Y127.485 E.01092
G1 X127.463 Y127.235 E.0084
G1 X127.245 Y126.979 E.01022
G1 X126.935 Y126.802 E.01087
G1 X126.567 Y126.745 E.01132
G1 X126.457 Y126.761 E.00339
G1 X126.189 Y126.801 E.00825
G1 X125.938 Y126.925 E.00852
G1 X125.738 Y127.112 E.00831
G1 X125.602 Y127.345 E.00821
G1 X125.486 Y127.788 E.01394
G1 E-.728 F1800
;WIPE_START
G1 F30000
G1 X126.171 Y127.899 E-.04166
G1 X125.671 Y127.971 E-.03034
;WIPE_END
G1 X124.446 Y127.689 Z1
G1 Z.6
G1 E.8 F1800
G1 F7200
G1 X125.346 Y127.689 E.02735
G1 X125.346 Y126.79 E.02735
G1 X124.446 Y126.79 E.02735
G1 X124.446 Y127.649 E.02613
G1 E-.728 F1800
;WIPE_START
G1 F30000
G1 X125.346 Y127.689 E-.054
G1 X125.346 Y127.389 E-.018
;WIPE_END
G1 X123.269 Y128.892 Z1
G1 Z.6
G1 E.8 F1800
G1 F7200
G1 X123.217 Y128.9 E.00163
G1 X123.133 Y128.874 E.00265
G1 X123.107 Y128.829 E.00159
G1 X123.047 Y128.494 E.01034
G1 X122.151 Y128.584 E.02739
G1 X122.227 Y129.013 E.01326
G1 X122.343 Y129.296 E.00931
G1 X122.605 Y129.557 E.01123
G1 X122.947 Y129.695 E.01121
G1 X123.435 Y129.709 E.01485
G1 X123.799 Y129.584 E.0117
G1 X124.023 Y129.395 E.00892
G1 X124.195 Y129.089 E.01068
G1 X124.232 Y128.765 E.00993
G1 X124.174 Y128.456 E.00956
G1 X123.911 Y128.013 E.01567
G1 X123.544 Y127.655 E.01558
G1 X124.231 Y127.655 E.02087
G1 X124.231 Y126.79 E.02631
G1 X122.072 Y126.79 E.06567
G1 X122.22 Y127.382 E.01856
G1 X122.368 Y127.656 E.00947
G1 X122.624 Y127.96 E.0121
G1 X123.251 Y128.587 E.02695
G1 X123.305 Y128.678 E.00323
G1 X123.326 Y128.763 E.00265
G1 X123.321 Y128.836 E.00223
G1 X123.297 Y128.862 E.00109
G1 E-.728 F1800
;WIPE_START
G1 F30000
G1 X123.217 Y128.9 E-.00531
G1 X123.133 Y128.874 E-.00523
G1 X123.107 Y128.829 E-.00313
G1 X123.047 Y128.494 E-.0204
G1 X122.418 Y128.557 E-.03793
;WIPE_END
G1 X121.123 Y127.566 Z1
G1 Z.6
G1 E.8 F1800
G1 F7200
G1 X121.123 Y126.79 E.0236
G1 X119.3 Y126.79 E.05545
G1 X119.434 Y127.321 E.01665
G1 X119.56 Y127.554 E.00807
G1 X120.133 Y128.153 E.0252
G1 X119.35 Y128.232 E.02393
G1 X119.49 Y128.771 E.01695
G1 X119.585 Y128.927 E.00556
G1 X119.767 Y129.087 E.00737
G1 X120.114 Y129.21 E.0112
G1 X120.455 Y129.208 E.01036
G1 X120.762 Y129.103 E.00988
G1 X120.998 Y128.883 E.0098
G1 X121.123 Y128.542 E.01106
G1 X121.11 Y128.282 E.0079
G1 X121.044 Y128.074 E.00665
G1 X120.858 Y127.784 E.01046
G1 X120.647 Y127.566 E.00923
G1 X121.083 Y127.566 E.01327
G1 E-.728 F1800
;WIPE_START
G1 F30000
G1 X121.123 Y126.79 E-.04663
G1 X120.7 Y126.79 E-.02537
;WIPE_END
G1 X128.245 Y127.943 Z1
G1 X129.381 Y128.117 Z1
G1 Z.6
G1 E.8 F1800
G1 F7200
G1 X129.489 Y128.92 E.02466
G1 X128.658 Y129.062 E.02565
G1 X128.826 Y129.611 E.01749
G1 X128.959 Y129.835 E.00792
G1 X129.145 Y130.011 E.00778
G1 X129.379 Y130.137 E.00809
G1 X129.644 Y130.208 E.00834
G1 X129.977 Y130.219 E.01014
G1 X130.309 Y130.143 E.01035
G1 X130.521 Y130.031 E.0073
G1 X130.795 Y129.755 E.01184
G1 X130.888 Y129.584 E.00591
G1 X130.953 Y129.328 E.00803
G1 X130.922 Y128.998 E.01008
G1 X130.811 Y128.769 E.00775
G1 X130.71 Y128.658 E.00456
G1 X130.78 Y128.612 E.00254
G1 X130.937 Y128.433 E.00724
G1 X131.041 Y128.22 E.00721
G1 X131.088 Y127.981 E.0074
G1 X131.068 Y127.661 E.00975
G1 X130.895 Y127.256 E.01339
G1 X130.647 Y126.995 E.01094
G1 X130.344 Y126.821 E.01065
G1 X129.993 Y126.741 E.01093
G1 X129.864 Y126.751 E.00393
G1 X129.538 Y126.775 E.00994
G1 X129.228 Y126.899 E.01016
G1 X128.912 Y127.174 E.01276
G1 X128.752 Y127.454 E.0098
G1 X128.626 Y127.976 E.01633
G1 X129.606 Y128.095 E.03001
G1 X129.673 Y127.793 E.0094
G1 X129.724 Y127.701 E.0032
G1 X129.817 Y127.647 E.00327
G1 X129.946 Y127.661 E.00395
G1 X130.024 Y127.726 E.00309
G1 X130.067 Y127.822 E.00318
G1 X130.078 Y127.921 E.00302
G1 X130.058 Y128.054 E.0041
G1 X130.029 Y128.11 E.00193
G1 X129.935 Y128.173 E.00344
G1 X129.42 Y128.121 E.01572
G1 E-.728 F1800
;WIPE_START
G1 F30000
G1 X129.489 Y128.92 E-.04814
G1 X129.097 Y128.987 E-.02386
;WIPE_END
G1 X136.707 Y129.572 Z1
G1 X156.61 Y131.102 Z1
G1 Z.6
G1 E.8 F1800
SET_VELOCITY_LIMIT ACCEL=3000
;TYPE:Inner wall
;WIDTH:0.45
G1 F12000
G1 X157.002 Y131.102 E.01287
G1 F11160
G1 X157.002 Y130.102 E.03283
G1 X157.798 Y130.102 E.02614
G1 X157.798 Y131.102 E.03283
G1 F12000
G1 X162.602 Y131.102 E.15773
G1 X162.602 Y125.398 E.18728
M106 S255
G1 F3000
G1 X162 Y125.398 E.01977
G1 F1980
G1 X161.8 Y125.398 E.00657
SET_VELOCITY_LIMIT ACCEL=1000
;TYPE:Overhang wall
;WIDTH:0.4
G1 F3000
G1 X145.2 Y125.398 E.47809
SET_VELOCITY_LIMIT ACCEL=3000
;TYPE:Inner wall
;WIDTH:0.45
G1 F1980
G1 X145 Y125.398 E.00657
M106 S173
G1 F3000
G1 X144.398 Y125.398 E.01977
G1 F12000
G1 X144.398 Y131.102 E.18728
G1 X149.202 Y131.102 E.15773
G1 X149.202 Y130.702 E.01313
G1 X149.998 Y130.702 E.02614
G1 X149.998 Y131.102 E.01313
G1 X151.802 Y131.102 E.05923
G1 X151.802 Y130.502 E.0197
G1 X152.598 Y130.502 E.02614
G1 X152.598 Y131.102 E.0197
G1 X154.402 Y131.102 E.05923
G1 X154.402 Y130.302 E.02627
G1 X155.198 Y130.302 E.02614
G1 X155.198 Y131.102 E.02627
G1 X156.57 Y131.102 E.04505
SET_VELOCITY_LIMIT ACCEL=2000
G1 X156.61 Y130.71 F30000
;TYPE:Outer wall
;WIDTH:0.42
G1 F3000
M106 S255
G1 X156.61 Y130 E.02159
G1 F2580
G1 X156.61 Y129.8 E.00608
SET_VELOCITY_LIMIT ACCEL=1000
;TYPE:Overhang wall
;WIDTH:0.4
G1 F3000
G1 X156.61 Y129.71 E.00259
G1 X158.19 Y129.71 E.0455
G1 X158.19 Y129.8 E.00259
SET_VELOCITY_LIMIT ACCEL=2000
;TYPE:Outer wall
;WIDTH:0.42
G1 F2580
G1 X158.19 Y130 E.00608
M106 S173
G1 F3000
G1 X158.19 Y130.71 E.02159
G1 F7200
G1 X158.733 Y130.71 E.01651
G1 X161.667 Y130.71 E.08923
G1 X162.21 Y130.71 E.01651
G1 X162.21 Y130.167 E.01651
G1 X162.21 Y126.42 E.11396
G1 X162.21 Y125.79 E.01916
M106 S255
G1 F3000
G1 X162 Y125.79 E.00639
G1 F2580
G1 X161.8 Y125.79 E.00608
SET_VELOCITY_LIMIT ACCEL=1000
;TYPE:Overhang wall
;WIDTH:0.4
G1 F3000
G1 X145.2 Y125.79 E.47809
SET_VELOCITY_LIMIT ACCEL=2000
;TYPE:Outer wall
;WIDTH:0.42
G1 F2580
G1 X145 Y125.79 E.00608
M106 S173
G1 F3000
G1 X144.79 Y125.79 E.00639
G1 F7200
G1 X144.79 Y126.42 E.01916
G1 X144.79 Y130.167 E.11396
G1 X144.79 Y130.71 E.01651
G1 X145.333 Y130.71 E.01651
G1 X148.267 Y130.71 E.08923
G1 X148.81 Y130.71 E.01651
G1 F3420
G1 X148.81 Y130.31 E.01217
G1 X150.39 Y130.31 E.04805
G1 X150.39 Y130.71 E.01217
G1 F7200
G1 X151.41 Y130.71 E.03102
M106 S255
G1 F1980
G1 X151.41 Y130.11 E.01825
G1 X152.99 Y130.11 E.04805
M106 S173
G1 X152.99 Y130.71 E.01825
G1 F7200
G1 X154.01 Y130.71 E.03102
M106 S255
G1 F3000
G1 X154.01 Y130.1 E.01855
G1 F2100
G1 X154.01 Y129.91 E.00578
G1 X155.59 Y129.91 E.04805
G1 X155.59 Y130.1 E.00578
M106 S173
G1 F3000
G1 X155.59 Y130.71 E.01855
G1 F7200
G1 X156.57 Y130.71 E.02981
G1 E-.728 F1800
;WIPE_START
G1 F30000
G1 X156.61 Y129.8 E-.05465
G1 X156.61 Y129.71 E-.0054
G1 X156.809 Y129.71 E-.01195
;WIPE_END

G1 X156.179 Y128.863 Z0.657143
G1 X156.448 Y127.842 Z0.714286
G1 X157.415 Y127.416 Z0.771429
G1 X158.35 Y127.906 Z0.828571
G1 X158.55 Y128.942 Z0.885714
G1 X157.865 Y129.746 Z0.942857
G1 X156.809 Y129.71 Z1
G1 X144.398 Y123.21 Z1
G1 Z.6
G1 E.8 F1800
SET_VELOCITY_LIMIT ACCEL=3000
;TYPE:Inner wall
;WIDTH:0.45
G1 F12000
G1 X144.398 Y123.602 E.01287
M106 S255
G1 F3000
G1 X145 Y123.602 E.01977
G1 F1980
G1 X145.2 Y123.602 E.00657
SET_VELOCITY_LIMIT ACCEL=1000
;TYPE:Overhang wall
;WIDTH:0.4
G1 F3000
G1 X161.8 Y123.602 E.47809
SET_VELOCITY_LIMIT ACCEL=3000
;TYPE:Inner wall
;WIDTH:0.45
G1 F1980
G1 X162 Y123.602 E.00657
M106 S173
G1 F3000
G1 X162.602 Y123.602 E.01977
G1 F12000
G1 X162.602 Y121.398 E.07236
M106 S255
G1 F3000
G1 X162 Y121.398 E.01977
G1 F1980
G1 X161.8 Y121.398 E.00657
SET_VELOCITY_LIMIT ACCEL=1000
;TYPE:Overhang wall
;WIDTH:0.4
G1 F3000
G1 X145.2 Y121.398 E.47809
SET_VELOCITY_LIMIT ACCEL=3000
;TYPE:Inner wall
;WIDTH:0.45
G1 F1980
G1 X145 Y121.398 E.00657
M106 S173
G1 F3000
G1 X144.398 Y121.398 E.01977
G1 F12000
G1 X144.398 Y123.17 E.05818
SET_VELOCITY_LIMIT ACCEL=2000
G1 X144.79 Y123.21 F30000
;TYPE:Outer wall
;WIDTH:0.42
G1 F3000
M106 S255
G1 X145 Y123.21 E.00639
G1 F2580
G1 X145.2 Y123.21 E.00608
SET_VELOCITY_LIMIT ACCEL=1000
;TYPE:Overhang wall
;WIDTH:0.4
G1 F3000
G1 X161.8 Y123.21 E.47809
SET_VELOCITY_LIMIT ACCEL=2000
;TYPE:Outer wall
;WIDTH:0.42
G1 F2580
G1 X162 Y123.21 E.00608
M106 S173
G1 F3000
G1 X162.21 Y123.21 E.00639
G1 F7200
G1 X162.21 Y121.79 E.04319
M106 S255
G1 F3000
G1 X162 Y121.79 E.00639
G1 F2580
G1 X161.8 Y121.79 E.00608
SET_VELOCITY_LIMIT ACCEL=1000
;TYPE:Overhang wall
;WIDTH:0.4
G1 F3000
G1 X145.2 Y121.79 E.47809
SET_VELOCITY_LIMIT ACCEL=2000
;TYPE:Outer wall
;WIDTH:0.42
G1 F2580
M73 P34 R13
G1 X145 Y121.79 E.00608
M106 S173
G1 F3000
G1 X144.79 Y121.79 E.00639
G1 F7200
G1 X144.79 Y123.17 E.04197
G1 E-.728 F1800
;WIPE_START
G1 F30000
G1 X145.2 Y123.21 E-.02472
G1 X145.988 Y123.21 E-.04728
;WIPE_END
G1 X144.398 Y119.21 Z1
G1 Z.6
G1 E.8 F1800
SET_VELOCITY_LIMIT ACCEL=3000
;TYPE:Inner wall
;WIDTH:0.45
G1 F12000
G1 X144.398 Y119.602 E.01287
M106 S255
G1 F3000
G1 X145 Y119.602 E.01977
G1 F1980
G1 X145.2 Y119.602 E.00657
SET_VELOCITY_LIMIT ACCEL=1000
;TYPE:Overhang wall
;WIDTH:0.4
G1 F3000
G1 X161.8 Y119.602 E.47809
SET_VELOCITY_LIMIT ACCEL=3000
;TYPE:Inner wall
;WIDTH:0.45
G1 F1980
G1 X162 Y119.602 E.00657
M106 S173
G1 F3000
G1 X162.602 Y119.602 E.01977
G1 F12000
G1 X162.602 Y117.898 E.05595
G1 X144.398 Y117.898 E.5977
G1 X144.398 Y119.17 E.04176
SET_VELOCITY_LIMIT ACCEL=2000
G1 X144.79 Y119.21 F30000
;TYPE:Outer wall
;WIDTH:0.42
G1 F3000
M106 S255
G1 X145 Y119.21 E.00639
G1 F2580
G1 X145.2 Y119.21 E.00608
SET_VELOCITY_LIMIT ACCEL=1000
;TYPE:Overhang wall
;WIDTH:0.4
G1 F3000
G1 X161.8 Y119.21 E.47809
SET_VELOCITY_LIMIT ACCEL=2000
;TYPE:Outer wall
;WIDTH:0.42
G1 F2580
G1 X162 Y119.21 E.00608
M106 S173
G1 F3000
G1 X162.21 Y119.21 E.00639
G1 F7200
G1 X162.21 Y118.29 E.02798
G1 X161.667 Y118.29 E.01651
G1 X145.333 Y118.29 E.49678
G1 X144.79 Y118.29 E.01651
G1 X144.79 Y119.17 E.02676
G1 E-.728 F1800
;WIPE_START
G1 F30000
G1 X145.2 Y119.21 E-.02472
G1 X145.988 Y119.21 E-.04728
;WIPE_END
G1 X140.341 Y114.075 Z1
G1 X137.398 Y111.398 Z1
G1 Z.6
G1 E.8 F1800
SET_VELOCITY_LIMIT ACCEL=3000
;TYPE:Inner wall
;WIDTH:0.45
G1 F12000
G1 X137.398 Y116.102 E.15445
G1 X148.602 Y116.102 E.36787
G1 X148.602 Y106.898 E.3022
G1 X137.398 Y106.898 E.36787
G1 X137.398 Y111.358 E.14644
SET_VELOCITY_LIMIT ACCEL=2000
G1 X137.79 Y111.79 F30000
;TYPE:Outer wall
;WIDTH:0.42
G1 F7200
G1 X137.79 Y115.71 E.11922
G1 X148.21 Y115.71 E.31691
G1 X148.21 Y111.79 E.11922
G1 X137.83 Y111.79 E.31569
G1 X137.79 Y111.21 F30000
G1 F7200
G1 X148.21 Y111.21 E.31691
G1 X148.21 Y107.29 E.11922
G1 X137.79 Y107.29 E.31691
G1 X137.79 Y111.17 E.11801
G1 E-.728 F1800
;WIPE_START
G1 F30000
G1 X138.99 Y111.175 E-.072
;WIPE_END
G1 X131.359 Y111.007 Z1
G1 X125.773 Y110.884 Z1
G1 Z.6
G1 E.8 F1800
SET_VELOCITY_LIMIT ACCEL=3000
;TYPE:Inner wall
;WIDTH:0.45
G1 F12000
G1 X125.492 Y110.432 E.01748
G1 X125.257 Y110.181 E.0113
G1 X124.969 Y109.974 E.01162
G1 X124.564 Y109.806 E.01441
G1 X124.215 Y109.749 E.01162
G1 X123.861 Y109.76 E.01162
G1 X123.437 Y109.874 E.0144
G1 X123.116 Y110.045 E.01195
G1 X122.794 Y110.328 E.01408
G1 X122.638 Y110.531 E.00841
G1 X122.495 Y110.793 E.0098
G1 X122.392 Y111.104 E.01074
G1 X122.128 Y110.569 E.01957
G1 X121.969 Y110.361 E.00862
G1 X121.656 Y110.087 E.01365
G1 X121.352 Y109.925 E.0113
G1 X121.042 Y109.831 E.01065
G1 X120.802 Y109.799 E.00797
G1 X120.477 Y109.81 E.01065
G1 X120.142 Y109.888 E.0113
G1 X119.769 Y110.072 E.01365
G1 X119.569 Y110.225 E.00829
G1 X119.341 Y110.469 E.01098
G1 X119.133 Y110.829 E.01365
G1 X119.034 Y111.12 E.01008
G1 X118.853 Y111.114 E.00595
G1 X118.813 Y110.965 E.00505
G1 X118.641 Y110.616 E.01279
G1 X118.441 Y110.373 E.01033
G1 X118.261 Y110.215 E.00786
G1 X117.926 Y110.021 E.0127
G1 X117.654 Y109.936 E.00937
G1 X117.4 Y109.899 E.00843
G1 X117.081 Y109.909 E.01049
G1 X116.704 Y110.01 E.01279
G1 X116.489 Y110.116 E.00786
G1 X116.234 Y110.299 E.01033
G1 X115.97 Y110.6 E.01312
G1 X115.819 Y110.883 E.01056
G1 X115.736 Y111.146 E.00905
G1 X115.698 Y111.407 E.00866
G1 X115.718 Y111.772 E.012
G1 X115.815 Y112.11 E.01156
G1 X115.961 Y112.383 E.01015
G1 X116.101 Y112.565 E.00754
G1 X116.33 Y112.78 E.01033
G1 X116.676 Y112.98 E.01312
G1 X116.987 Y113.074 E.01066
G1 X117.297 Y113.105 E.01024
G1 X117.582 Y113.079 E.00938
G1 X117.901 Y112.988 E.0109
G1 X118.119 Y112.88 E.00801
G1 X118.429 Y112.643 E.01279
G1 X118.628 Y112.399 E.01033
G1 X118.743 Y112.201 E.00754
G1 X118.947 Y111.659 E.019
G1 X119.171 Y112.254 E.02088
G1 X119.347 Y112.538 E.01097
G1 X119.576 Y112.782 E.01097
G1 X119.848 Y112.977 E.01097
G1 X120.152 Y113.115 E.01097
G1 X120.487 Y113.193 E.0113
G1 X120.913 Y113.193 E.01398
G1 X121.248 Y113.115 E.0113
G1 X121.553 Y112.977 E.01097
G1 X121.824 Y112.782 E.01097
G1 X122.053 Y112.538 E.01097
G1 X122.229 Y112.254 E.01097
G1 X122.35 Y111.932 E.01131
G1 X122.636 Y112.466 E.0199
G1 X122.794 Y112.672 E.00851
G1 X123.116 Y112.955 E.01408
G1 X123.42 Y113.117 E.0113
G1 X123.662 Y113.199 E.00841
G1 X124.044 Y113.253 E.01268
G1 X124.324 Y113.239 E.0092
G1 X124.564 Y113.192 E.00801
G1 X124.876 Y113.074 E.01097
G1 X125.168 Y112.892 E.0113
G1 X125.419 Y112.657 E.0113
G1 X125.62 Y112.377 E.0113
G1 X125.773 Y112.04 E.01216
G1 X125.937 Y112.403 E.01306
G1 X126.143 Y112.69 E.01162
G1 X126.401 Y112.932 E.01162
G1 X126.702 Y113.119 E.01162
G1 X127.033 Y113.243 E.01162
G1 X127.382 Y113.301 E.01162
G1 X127.736 Y113.29 E.01162
G1 X128.08 Y113.209 E.01162
G1 X128.403 Y113.063 E.01162
G1 X128.69 Y112.857 E.01162
G1 X128.932 Y112.599 E.01162
G1 X129.119 Y112.298 E.01162
G1 X129.243 Y111.967 E.01162
G1 X129.301 Y111.618 E.01162
G1 X129.29 Y111.264 E.01162
G1 X129.209 Y110.92 E.01162
G1 X129.063 Y110.597 E.01162
G1 X128.857 Y110.31 E.01162
G1 X128.599 Y110.068 E.01162
G1 X128.298 Y109.881 E.01162
G1 X127.967 Y109.757 E.01162
G1 X127.618 Y109.699 E.01162
G1 X127.264 Y109.71 E.01162
G1 X126.92 Y109.791 E.01162
G1 X126.598 Y109.937 E.01162
G1 X126.304 Y110.147 E.01184
G1 X126.032 Y110.451 E.01339
G1 X125.794 Y110.849 E.01525
SET_VELOCITY_LIMIT ACCEL=2000
G1 X126.092 Y111.408 F30000
;TYPE:Outer wall
;WIDTH:0.42
G1 F7200
G1 X126.101 Y111.684 E.00841
G1 X126.164 Y111.954 E.00841
G1 X126.278 Y112.206 E.00841
G1 X126.439 Y112.43 E.00841
G1 X126.641 Y112.619 E.00841
G1 X126.876 Y112.766 E.00841
G1 X127.135 Y112.863 E.00841
G1 X127.408 Y112.908 E.00841
G1 X127.684 Y112.899 E.00841
G1 X127.954 Y112.836 E.00841
G1 X128.206 Y112.722 E.00841
G1 X128.43 Y112.561 E.00841
G1 X128.619 Y112.359 E.00841
G1 X128.765 Y112.124 E.00841
G1 X128.863 Y111.865 E.00841
G1 X128.908 Y111.592 E.00841
G1 X128.899 Y111.316 E.00841
G1 X128.836 Y111.046 E.00841
G1 X128.722 Y110.794 E.00841
G1 X128.561 Y110.57 E.00841
G1 X128.359 Y110.381 E.00841
G1 X128.124 Y110.234 E.00841
G1 X127.865 Y110.137 E.00841
G1 X127.592 Y110.092 E.00841
G1 X127.316 Y110.101 E.00841
G1 X127.046 Y110.164 E.00841
G1 X126.794 Y110.278 E.00841
G1 X126.568 Y110.441 E.00849
G1 X126.349 Y110.684 E.00995
G1 X126.234 Y110.878 E.00685
G1 X126.137 Y111.135 E.00836
G1 X126.099 Y111.368 E.0072
G1 E-.728 F1800
;WIPE_START
G1 F30000
G1 X126.101 Y111.684 E-.01896
G1 X126.164 Y111.954 E-.0166
G1 X126.278 Y112.206 E-.0166
G1 X126.439 Y112.43 E-.0166
G1 X126.479 Y112.467 E-.00326
;WIPE_END
G1 X122.765 Y111.764 Z1
G1 Z.6
G1 E.8 F1800
G1 F7200
G1 X122.843 Y112.021 E.00816
G1 X122.967 Y112.253 E.00801
G1 X123.081 Y112.402 E.00573
G1 X123.341 Y112.63 E.01049
G1 X123.576 Y112.756 E.00812
G1 X123.753 Y112.816 E.0057
G1 X124.062 Y112.86 E.00949
G1 X124.276 Y112.849 E.00651
G1 X124.455 Y112.813 E.00557
G1 X124.702 Y112.721 E.00801
G1 X124.929 Y112.58 E.00812
G1 X125.123 Y112.397 E.00811
G1 X125.279 Y112.181 E.00811
G1 X125.389 Y111.937 E.00811
G1 X125.449 Y111.678 E.00811
G1 X125.458 Y111.411 E.00811
G1 X125.415 Y111.148 E.00812
G1 X125.321 Y110.898 E.00811
G1 X125.18 Y110.671 E.00811
G1 X124.997 Y110.477 E.00811
G1 X124.778 Y110.319 E.00822
G1 X124.456 Y110.186 E.0106
G1 X124.189 Y110.142 E.00822
G1 X123.919 Y110.151 E.00822
G1 X123.582 Y110.241 E.0106
G1 X123.341 Y110.37 E.00833
G1 X123.081 Y110.598 E.01049
G1 X122.967 Y110.746 E.0057
G1 X122.856 Y110.95 E.00707
G1 X122.773 Y111.202 E.00806
G1 X122.74 Y111.468 E.00814
G1 X122.761 Y111.724 E.00783
G1 E-.728 F1800
;WIPE_START
G1 F30000
G1 X122.843 Y112.021 E-.01845
G1 X122.967 Y112.253 E-.0158
G1 X123.081 Y112.402 E-.0113
G1 X123.341 Y112.63 E-.0207
G1 X123.425 Y112.675 E-.00574
;WIPE_END
G1 X119.435 Y111.843 Z1
G1 Z.6
G1 E.8 F1800
G1 F7200
G1 X119.524 Y112.08 E.00771
G1 X119.66 Y112.298 E.00782
G1 X119.836 Y112.486 E.00782
G1 X120.044 Y112.635 E.00782
G1 X120.279 Y112.741 E.00782
G1 X120.532 Y112.801 E.00792
G1 X120.868 Y112.801 E.0102
G1 X121.121 Y112.741 E.00792
G1 X121.356 Y112.635 E.00782
G1 X121.564 Y112.486 E.00782
G1 X121.74 Y112.298 E.00782
G1 X121.876 Y112.08 E.00782
G1 X121.967 Y111.837 E.00789
G1 X122.01 Y111.537 E.00923
G1 X121.999 Y111.327 E.00638
G1 X121.941 Y111.075 E.00787
G1 X121.794 Y110.777 E.0101
G1 X121.681 Y110.63 E.00563
G1 X121.431 Y110.412 E.0101
G1 X121.202 Y110.289 E.00792
G1 X120.959 Y110.215 E.00771
G1 X120.782 Y110.192 E.00542
G1 X120.529 Y110.2 E.00771
G1 X120.275 Y110.259 E.00792
G1 X119.977 Y110.406 E.0101
G1 X119.833 Y110.517 E.00553
G1 X119.658 Y110.704 E.00782
G1 X119.492 Y110.992 E.0101
G1 X119.432 Y111.166 E.0056
G1 X119.39 Y111.463 E.00912
G1 X119.4 Y111.669 E.00627
G1 X119.427 Y111.803 E.00415
G1 E-.728 F1800
;WIPE_START
G1 F30000
G1 X119.524 Y112.08 E-.01759
G1 X119.66 Y112.298 E-.01542
G1 X119.836 Y112.486 E-.01542
G1 X120.044 Y112.635 E-.01542
G1 X120.168 Y112.691 E-.00815
;WIPE_END
G1 X118.159 Y110.646 Z1
G1 Z.6
G1 E.8 F1800
G1 F7200
G1 X118.032 Y110.535 E.00513
G1 X117.768 Y110.383 E.00927
G1 X117.566 Y110.319 E.00643
G1 X117.377 Y110.292 E.0058
G1 X117.138 Y110.299 E.00727
G1 X116.843 Y110.379 E.0093
G1 X116.692 Y110.453 E.00513
G1 X116.499 Y110.592 E.00722
G1 X116.295 Y110.824 E.00941
G1 X116.182 Y111.036 E.0073
G1 X116.119 Y111.234 E.00632
G1 X116.091 Y111.425 E.00587
G1 X116.107 Y111.706 E.00856
G1 X116.18 Y111.962 E.0081
G1 X116.291 Y112.17 E.00716
G1 X116.392 Y112.301 E.00503
G1 X116.565 Y112.463 E.00722
G1 X116.833 Y112.618 E.00941
G1 X117.064 Y112.688 E.00733
G1 X117.299 Y112.711 E.00719
G1 X117.51 Y112.692 E.00643
G1 X117.759 Y112.621 E.00789
G1 X117.911 Y112.545 E.00518
G1 X118.154 Y112.359 E.0093
G1 X118.305 Y112.175 E.00722
G1 X118.387 Y112.032 E.00503
G1 X118.471 Y111.81 E.00722
G1 X118.511 Y111.503 E.00941
G1 X118.488 Y111.267 E.00722
G1 X118.444 Y111.104 E.00513
G1 X118.309 Y110.83 E.0093
G1 X118.184 Y110.677 E.006
G1 E-.728 F1800
;WIPE_START
G1 F30000
G1 X118.032 Y110.535 E-.0125
G1 X117.768 Y110.383 E-.01829
G1 X117.566 Y110.319 E-.01268
G1 X117.377 Y110.292 E-.01144
G1 X117.138 Y110.299 E-.01434
G1 X117.094 Y110.311 E-.00275
;WIPE_END
G1 X114.064 Y117.312 Z1
G1 Z.6
G1 E.8 F1800
SET_VELOCITY_LIMIT ACCEL=3000
;TYPE:Inner wall
;WIDTH:0.45
G1 F12000
G1 X114.077 Y117.383 E.00235
G1 X113.957 Y117.844 E.01565
G1 X114.169 Y117.866 E.00698
G1 X114.509 Y119.669 E.06026
G1 X116.826 Y119.669 E.07609
G1 X116.826 Y118.056 E.05298
G1 X116.893 Y117.901 E.00554
G1 X116.936 Y117.387 E.01691
G1 X116.826 Y116.921 E.01574
G1 X116.556 Y116.502 E.01638
G1 X116.276 Y116.263 E.01207
G1 X115.831 Y116.079 E.01581
G1 X115.322 Y116.069 E.01671
G1 X115.014 Y116.128 E.01029
G1 X114.675 Y116.295 E.01242
G1 X114.398 Y116.554 E.01247
G1 X114.209 Y116.876 E.01224
G1 X114.099 Y117.301 E.01441
SET_VELOCITY_LIMIT ACCEL=2000
G1 X114.525 Y117.642 F30000
;TYPE:Outer wall
;WIDTH:0.42
G1 F7200
G1 X114.834 Y119.277 E.05062
G1 X116.434 Y119.277 E.04868
G1 X116.434 Y118.427 E.02587
G1 X115.974 Y118.427 E.01401
G1 X116.198 Y118.301 E.00784
G1 X116.392 Y118.076 E.00901
G1 X116.507 Y117.805 E.00897
G1 X116.54 Y117.417 E.01184
G1 X116.46 Y117.077 E.01063
G1 X116.257 Y116.762 E.01136
G1 X116.069 Y116.602 E.00754
G1 X115.749 Y116.47 E.01051
G1 X115.355 Y116.462 E.01199
G1 X115.14 Y116.503 E.00666
G1 X114.901 Y116.621 E.00812
G1 X114.707 Y116.802 E.00805
G1 X114.575 Y117.028 E.00795
G1 X114.452 Y117.501 E.01488
G1 X115.062 Y117.564 E.01865
G1 X114.565 Y117.636 E.01527
G1 E-.728 F1800
;WIPE_START
G1 F30000
G1 X114.759 Y118.82 E-.072
;WIPE_END
G1 X111.66 Y119.712 Z1
G1 Z.6
G1 E.8 F1800
SET_VELOCITY_LIMIT ACCEL=3000
;TYPE:Inner wall
;WIDTH:0.45
G1 F12000
G1 X111.66 Y118.189 E.04999
G1 X111.957 Y118.189 E.00978
G1 X111.957 Y116.581 E.05281
G1 X111.66 Y116.581 E.00978
G1 X111.66 Y116.098 E.01586
G1 X110.01 Y116.098 E.05416
G1 X110.01 Y116.581 E.01586
G1 X109.028 Y116.581 E.03225
G1 X109.028 Y117.772 E.0391
G1 X110.353 Y119.712 E.07715
G1 X111.62 Y119.712 E.04158
SET_VELOCITY_LIMIT ACCEL=2000
G1 X111.267 Y119.32 F30000
;TYPE:Outer wall
;WIDTH:0.42
G1 F7200
G1 X111.267 Y117.797 E.04631
G1 X111.565 Y117.797 E.00906
G1 X111.565 Y116.973 E.02507
G1 X111.267 Y116.973 E.00906
G1 X111.267 Y116.49 E.01469
G1 X110.402 Y116.49 E.02632
G1 X110.402 Y116.973 E.01469
G1 X109.42 Y116.973 E.02987
G1 X109.42 Y117.651 E.02061
G1 X110.56 Y119.32 E.06148
G1 X111.227 Y119.32 E.02029
G1 E-.728 F1800
;WIPE_START
G1 F30000
G1 X111.259 Y118.12 E-.072
;WIPE_END
G1 X109.934 Y110.604 Z1
G1 X109.926 Y110.563 Z1
G1 Z.6
G1 E.8 F1800
SET_VELOCITY_LIMIT ACCEL=3000
;TYPE:Inner wall
;WIDTH:0.45
G1 F12000
G1 X109.663 Y110.766 E.01092
G1 X109.445 Y111.142 E.01427
G1 X109.389 Y111.573 E.01427
G1 X109.501 Y111.993 E.01427
G1 X109.766 Y112.337 E.01427
G1 X110.142 Y112.555 E.01427
G1 X110.573 Y112.611 E.01427
G1 X110.993 Y112.499 E.01427
G1 X111.337 Y112.234 E.01427
G1 X111.555 Y111.858 E.01427
G1 X111.611 Y111.427 E.01427
G1 X111.499 Y111.007 E.01427
G1 X111.234 Y110.663 E.01427
G1 X110.884 Y110.46 E.01327
G1 X110.635 Y110.402 E.00843
G1 X110.345 Y110.402 E.00949
G1 X109.999 Y110.507 E.01188
G1 X109.958 Y110.539 E.0017
SET_VELOCITY_LIMIT ACCEL=2000
G1 X110.404 Y110.794 F30000
;TYPE:Outer wall
;WIDTH:0.42
G1 F7200
G1 X110.181 Y110.862 E.00706
G1 X109.963 Y111.029 E.00837
G1 X109.824 Y111.27 E.00847
G1 X109.787 Y111.547 E.00848
G1 X109.86 Y111.816 E.00847
G1 X110.029 Y112.037 E.00847
G1 X110.27 Y112.176 E.00847
G1 X110.547 Y112.213 E.00847
G1 X110.816 Y112.14 E.00847
G1 X111.037 Y111.971 E.00847
G1 X111.176 Y111.73 E.00847
G1 X111.213 Y111.453 E.00848
G1 X111.14 Y111.184 E.00847
G1 X110.971 Y110.963 E.00847
G1 X110.739 Y110.829 E.00815
G1 X110.589 Y110.794 E.00466
G1 X110.444 Y110.794 E.00443
G1 E-.728 F1800
;WIPE_START
G1 F30000
G1 X110.181 Y110.862 E-.01625
G1 X109.963 Y111.029 E-.0165
G1 X109.824 Y111.27 E-.01672
G1 X109.787 Y111.547 E-.01672
G1 X109.812 Y111.64 E-.00581
;WIPE_END
G1 X115.087 Y112.147 Z1
G1 Z.6
G1 E.8 F1800
SET_VELOCITY_LIMIT ACCEL=3000
;TYPE:Inner wall
;WIDTH:0.45
G1 F12000
G1 X115.183 Y111.936 E.00764
G1 X115.246 Y111.667 E.00905
G1 X115.246 Y111.326 E.0112
G1 X115.166 Y111.015 E.01056
G1 X115.025 Y110.742 E.01008
G1 X114.808 Y110.495 E.0108
G1 X114.646 Y110.37 E.0067
G1 X114.442 Y110.259 E.00765
G1 X114.15 Y110.165 E.01007
G1 X113.722 Y110.151 E.01403
G1 X113.318 Y110.274 E.01389
G1 X113.075 Y110.425 E.00938
G1 X112.881 Y110.607 E.00872
G1 X112.727 Y110.823 E.00872
G1 X112.617 Y111.064 E.00872
G1 X112.557 Y111.323 E.00872
G1 X112.548 Y111.589 E.00872
G1 X112.591 Y111.851 E.00872
G1 X112.685 Y112.099 E.00872
G1 X112.825 Y112.325 E.00872
G1 X113.007 Y112.519 E.00872
G1 X113.223 Y112.673 E.00872
G1 X113.464 Y112.783 E.00872
G1 X113.723 Y112.843 E.00872
G1 X113.989 Y112.852 E.00872
G1 X114.251 Y112.809 E.00872
G1 X114.499 Y112.715 E.00872
G1 X114.725 Y112.575 E.00872
G1 X114.919 Y112.393 E.00872
G1 X115.069 Y112.183 E.00849
SET_VELOCITY_LIMIT ACCEL=2000
G1 X114.732 Y111.981 F30000
;TYPE:Outer wall
;WIDTH:0.42
G1 F7200
G1 X114.81 Y111.809 E.00573
G1 X114.854 Y111.622 E.00584
G1 X114.854 Y111.376 E.0075
G1 X114.797 Y111.155 E.00693
G1 X114.698 Y110.964 E.00653
G1 X114.539 Y110.782 E.00737
G1 X114.287 Y110.621 E.0091
G1 X114.082 Y110.555 E.00653
G1 X113.774 Y110.545 E.00937
G1 X113.481 Y110.634 E.00933
G1 X113.315 Y110.738 E.00594
G1 X113.177 Y110.866 E.00573
G1 X113.068 Y111.019 E.00573
G1 X112.99 Y111.191 E.00573
G1 X112.947 Y111.375 E.00573
G1 X112.941 Y111.563 E.00573
G1 X112.972 Y111.749 E.00573
G1 X113.038 Y111.925 E.00573
G1 X113.138 Y112.085 E.00573
G1 X113.266 Y112.223 E.00573
G1 X113.419 Y112.332 E.00573
G1 X113.591 Y112.41 E.00573
G1 X113.775 Y112.453 E.00573
G1 X113.963 Y112.459 E.00573
G1 X114.149 Y112.428 E.00573
G1 X114.325 Y112.362 E.00573
G1 X114.485 Y112.262 E.00573
G1 X114.623 Y112.134 E.00573
G1 X114.709 Y112.013 E.00451
G1 E-.728 F1800
;WIPE_START
G1 F30000
G1 X114.81 Y111.809 E-.01367
G1 X114.854 Y111.622 E-.01151
G1 X114.854 Y111.376 E-.01479
G1 X114.797 Y111.155 E-.01367
G1 X114.698 Y110.964 E-.01288
G1 X114.638 Y110.895 E-.00549
;WIPE_END
G1 X107.207 Y112.635 Z1
G1 X92.398 Y116.102 Z1
G1 Z.6
G1 E.8 F1800
SET_VELOCITY_LIMIT ACCEL=3000
;TYPE:Inner wall
;WIDTH:0.45
G1 F12000
G1 X94.825 Y116.102 E.07969
G1 X94.825 Y117.421 E.04332
G1 X94.231 Y117.154 E.02139
G1 X94.231 Y118.898 E.05725
G1 X92.398 Y118.898 E.06018
G1 X92.398 Y132.102 E.43354
G1 X103.602 Y132.102 E.36787
G1 X103.602 Y132.082 E.00067
G1 X108.582 Y132.082 E.16349
G1 X108.582 Y118.918 E.43219
G1 X106.684 Y118.918 E.06231
G1 X106.79 Y118.628 E.01014
G1 X106.748 Y118.18 E.01477
G1 X106.69 Y118.059 E.00441
G1 X106.825 Y117.856 E.00804
G1 X106.892 Y117.514 E.01143
G1 X106.868 Y117.127 E.01272
G1 X106.669 Y116.663 E.01659
G1 X106.374 Y116.352 E.01408
G1 X106.256 Y116.283 E.00449
G1 X106.304 Y116.102 E.00616
G1 X107.602 Y116.102 E.04261
G1 X107.602 Y105.898 E.33504
G1 X92.398 Y105.898 E.4992
G1 X92.398 Y116.062 E.33372
G1 E-.728 F1800
;WIPE_START
G1 F30000
G1 X93.598 Y116.082 E-.072
;WIPE_END
G1 X101.074 Y117.62 Z1
G1 X104.457 Y118.316 Z1
G1 Z.6
G1 E.8 F1800
SET_VELOCITY_LIMIT ACCEL=2000
;TYPE:Outer wall
;WIDTH:0.42
G1 F7200
G1 X104.607 Y118.806 E.0156
G1 X104.719 Y118.995 E.00667
G1 X104.876 Y119.143 E.00657
G1 X105.073 Y119.249 E.00679
G1 X105.294 Y119.308 E.00697
G1 X105.566 Y119.317 E.00827
G1 X105.767 Y119.281 E.0062
G1 X106.023 Y119.163 E.00859
G1 X106.267 Y118.918 E.01052
G1 X106.391 Y118.577 E.01103
G1 X106.364 Y118.287 E.00885
G1 X106.27 Y118.091 E.00662
G1 X106.219 Y118.036 E.00226
G1 X106.455 Y117.704 E.01241
G1 X106.498 Y117.488 E.00669
G1 X106.481 Y117.219 E.00819
G1 X106.337 Y116.882 E.01116
G1 X106.129 Y116.663 E.00917
G1 X105.876 Y116.517 E.0089
G1 X105.583 Y116.451 E.00913
G1 X105.473 Y116.459 E.00333
G1 X105.206 Y116.478 E.00815
G1 X104.946 Y116.583 E.00854
G1 X104.682 Y116.812 E.01064
G1 X104.548 Y117.048 E.00823
G1 X104.434 Y117.517 E.01468
G1 X105.047 Y117.591 E.01878
G1 X105.13 Y118.202 E.01873
G1 X104.497 Y118.309 E.01952
G1 E-.728 F1800
;WIPE_START
G1 F30000
G1 X104.607 Y118.806 E-.03056
G1 X104.719 Y118.995 E-.01315
G1 X104.876 Y119.143 E-.01297
G1 X105.073 Y119.249 E-.01339
G1 X105.104 Y119.258 E-.00193
;WIPE_END
G1 X105.507 Y111.636 Z1
G1 X105.79 Y106.29 Z1
G1 Z.6
G1 E.8 F1800
G1 F7200
G1 X105.79 Y115.71 E.2865
G1 X107.21 Y115.71 E.04319
M73 P35 R13
G1 X107.21 Y106.29 E.2865
G1 X105.83 Y106.29 E.04197
G1 E-.728 F1800
;WIPE_START
G1 F30000
G1 X105.825 Y107.49 E-.072
;WIPE_END
G1 X105.01 Y106.29 Z1
G1 Z.6
G1 E.8 F1800
G1 F7200
G1 X102.59 Y106.29 E.0736
G1 X102.59 Y115.71 E.2865
G1 X105.01 Y115.71 E.0736
G1 X105.01 Y106.33 E.28528
G1 E-.728 F1800
;WIPE_START
G1 F30000
G1 X103.81 Y106.31 E-.072
;WIPE_END
G1 X99.59 Y106.29 Z1
G1 Z.6
G1 E.8 F1800
G1 F7200
G1 X99.59 Y115.71 E.2865
G1 X102.01 Y115.71 E.0736
G1 X102.01 Y106.29 E.2865
G1 X99.63 Y106.29 E.07238
G1 X99.21 Y106.29 F30000
G1 F7200
G1 X96.79 Y106.29 E.0736
G1 X96.79 Y115.71 E.2865
G1 X99.21 Y115.71 E.0736
G1 X99.21 Y106.33 E.28528
G1 E-.728 F1800
;WIPE_START
G1 F30000
G1 X98.01 Y106.31 E-.072
;WIPE_END
G1 X94.305 Y112.983 Z1
G1 X92.79 Y115.71 Z1
G1 Z.6
G1 E.8 F1800
G1 F7200
G1 X96.61 Y115.71 E.11618
G1 X96.61 Y106.29 E.2865
G1 X92.79 Y106.29 E.11618
G1 X92.79 Y115.67 E.28528
G1 E-.728 F1800
;WIPE_START
G1 F30000
G1 X93.99 Y115.683 E-.072
;WIPE_END
G1 X100.587 Y118.447 Z1
G1 Z.6
G1 E.8 F1800
G1 F7200
G1 X100.547 Y118.505 E.00216
G1 X100.418 Y118.493 E.00392
G1 X100.395 Y118.453 E.00142
G1 X100.336 Y118.125 E.01012
G1 X99.44 Y118.215 E.02737
G1 X99.594 Y118.809 E.01866
G1 X99.702 Y118.985 E.00629
G1 X99.91 Y119.168 E.0084
G1 X100.256 Y119.29 E.01117
G1 X96.097 Y119.29 E.12648
G1 X96.097 Y116.49 E.08516
G1 X95.217 Y116.49 E.02676
G1 X95.217 Y118.027 E.04676
G1 X94.623 Y117.76 E.01982
G1 X94.623 Y118.634 E.02657
G1 X94.961 Y118.798 E.01143
G1 X95.135 Y118.926 E.00655
G1 X95.23 Y119.028 E.00426
G1 X95.373 Y119.29 E.00907
G1 X92.79 Y119.29 E.07855
G1 X92.79 Y131.71 E.37774
G1 X103.21 Y131.71 E.31691
G1 X103.21 Y119.29 E.37774
G1 X100.758 Y119.29 E.07459
G1 X101.06 Y119.186 E.00972
G1 X101.317 Y118.948 E.01065
G1 X101.41 Y118.781 E.00581
G1 X101.472 Y118.532 E.00781
G1 X101.458 Y118.246 E.00871
G1 X101.382 Y118.006 E.00765
G1 X101.162 Y117.665 E.01235
G1 X100.827 Y117.337 E.01425
G1 X101.474 Y117.337 E.01966
G1 X101.474 Y116.49 E.02577
G1 X99.382 Y116.49 E.06362
G1 X99.528 Y117.07 E.01818
G1 X99.67 Y117.334 E.00915
G1 X99.917 Y117.628 E.01167
G1 X100.495 Y118.199 E.02471
G1 X100.559 Y118.293 E.00345
G1 X100.586 Y118.374 E.00261
G1 X100.586 Y118.407 E.00098
G1 E-.728 F1800
;WIPE_START
G1 F30000
G1 X100.547 Y118.505 E-.00639
G1 X100.418 Y118.493 E-.00774
G1 X100.395 Y118.453 E-.0028
G1 X100.336 Y118.125 E-.01996
G1 X99.754 Y118.183 E-.03511
;WIPE_END
G1 X107.379 Y117.869 Z1
G1 X151.94 Y116.031 Z1
G1 Z.6
G1 E.8 F1800
SET_VELOCITY_LIMIT ACCEL=3000
;TYPE:Inner wall
;WIDTH:0.45
G1 F12000
G1 X152.081 Y115.717 E.01129
G1 X152.199 Y114.995 E.02402
G1 X152.18 Y114.6 E.01298
G1 X152.594 Y114.6 E.01361
G1 X152.858 Y115.812 E.0407
G1 X153.001 Y116.116 E.01106
G1 X153.372 Y116.486 E.01719
G1 X153.863 Y116.684 E.01741
G1 X154.509 Y116.703 E.02122
G1 X155.021 Y116.527 E.01776
G1 X155.363 Y116.24 E.01466
G1 X155.613 Y115.793 E.01682
G1 X155.667 Y115.322 E.01558
G1 X155.589 Y114.905 E.01393
G1 X155.428 Y114.565 E.01235
G1 X155.662 Y114.565 E.00769
G1 X155.662 Y112.898 E.05473
G1 X154.102 Y112.898 E.05122
G1 X154.102 Y104.102 E.2888
G1 X157.998 Y104.102 E.12791
G1 X157.998 Y112.887 E.28843
G1 X157.608 Y112.851 E.01284
G1 X157.165 Y112.972 E.01508
G1 X156.887 Y113.148 E.01084
G1 X156.66 Y113.379 E.01062
G1 X156.486 Y113.677 E.01132
G1 X156.38 Y114.018 E.01171
G1 X156.323 Y114.391 E.01239
G1 X156.311 Y114.989 E.01965
G1 X156.352 Y115.394 E.01337
G1 X156.496 Y115.899 E.01722
G1 X156.686 Y116.217 E.01218
G1 X156.933 Y116.464 E.01146
G1 X157.433 Y116.69 E.01802
G1 X157.892 Y116.711 E.01509
G1 X158.238 Y116.642 E.01157
G1 X158.698 Y116.36 E.01774
G1 X158.925 Y116.066 E.01217
G1 X159.081 Y115.717 E.01255
G1 X159.199 Y114.995 E.02402
G1 X159.18 Y114.6 E.01298
G1 X159.908 Y114.6 E.02389
G1 X159.908 Y115.83 E.04037
G1 X160.455 Y116.095 E.01995
G1 X160.579 Y116.186 E.00505
G1 X160.659 Y116.278 E.004
G1 X160.874 Y116.713 E.01594
G1 X162.254 Y116.713 E.04532
G1 X162.254 Y112.898 E.12525
G1 X161.002 Y112.898 E.04111
G1 X161.002 Y104.102 E.2888
G1 X162.98 Y104.102 E.06495
G1 X163.313 Y104.124 E.01094
G1 X163.62 Y104.185 E.01029
G1 X163.917 Y104.286 E.01029
G1 X164.198 Y104.424 E.01029
G1 X164.459 Y104.599 E.01029
G1 X164.695 Y104.805 E.01029
G1 X164.901 Y105.041 E.01029
G1 X165.076 Y105.302 E.01029
G1 X165.214 Y105.583 E.01029
G1 X165.315 Y105.88 E.01029
G1 X165.376 Y106.187 E.01029
G1 X165.398 Y106.52 E.01094
G1 X165.398 Y146.48 E1.31204
G1 X165.376 Y146.813 E.01094
G1 X165.315 Y147.12 E.01029
G1 X165.214 Y147.417 E.01029
G1 X165.076 Y147.698 E.01029
G1 X164.901 Y147.959 E.01029
G1 X164.695 Y148.195 E.01029
G1 X164.459 Y148.401 E.01029
G1 X164.198 Y148.576 E.01029
G1 X163.917 Y148.714 E.01029
G1 X163.62 Y148.815 E.01029
G1 X163.313 Y148.876 E.01029
G1 X162.98 Y148.898 E.01094
G1 X93.02 Y148.898 E2.29704
G1 X92.687 Y148.876 E.01094
G1 X92.38 Y148.815 E.01029
G1 X92.083 Y148.714 E.01029
G1 X91.802 Y148.576 E.01029
G1 X91.541 Y148.401 E.01029
G1 X91.305 Y148.195 E.01029
G1 X91.099 Y147.959 E.01029
G1 X90.924 Y147.698 E.01029
G1 X90.786 Y147.417 E.01029
G1 X90.685 Y147.12 E.01029
G1 X90.624 Y146.813 E.01029
G1 X90.602 Y146.48 E.01094
G1 X90.602 Y106.52 E1.31204
G1 X90.624 Y106.187 E.01094
G1 X90.685 Y105.88 E.01029
G1 X90.786 Y105.583 E.01029
G1 X90.924 Y105.302 E.01029
G1 X91.099 Y105.041 E.01029
G1 X91.305 Y104.805 E.01029
G1 X91.541 Y104.599 E.01029
G1 X91.802 Y104.424 E.01029
G1 X92.083 Y104.286 E.01029
G1 X92.38 Y104.185 E.01029
G1 X92.687 Y104.124 E.01029
G1 X93.02 Y104.102 E.01094
G1 X150.898 Y104.102 E1.90034
G1 X150.898 Y112.878 E.28813
G1 X150.608 Y112.851 E.00955
G1 X150.165 Y112.972 E.01508
G1 X149.887 Y113.148 E.01084
G1 X149.66 Y113.379 E.01062
G1 X149.486 Y113.677 E.01132
G1 X149.38 Y114.018 E.01171
G1 X149.323 Y114.391 E.01239
G1 X149.311 Y114.989 E.01965
G1 X149.352 Y115.394 E.01337
G1 X149.496 Y115.899 E.01722
G1 X149.686 Y116.217 E.01218
G1 X149.933 Y116.464 E.01146
G1 X150.433 Y116.69 E.01802
G1 X150.892 Y116.711 E.01509
G1 X151.238 Y116.642 E.01157
G1 X151.698 Y116.36 E.01774
G1 X151.923 Y116.067 E.01212
G1 E-.728 F1800
;WIPE_START
G1 F30000
G1 X152.081 Y115.717 E-.02303
G1 X152.199 Y114.995 E-.04389
G1 X152.195 Y114.911 E-.00508
;WIPE_END
G1 X152.965 Y114.208 Z1
G1 Z.6
G1 E.8 F1800
SET_VELOCITY_LIMIT ACCEL=2000
;TYPE:Outer wall
;WIDTH:0.42
G1 F7200
G1 X152.965 Y113.29 E.02793
G1 X152.046 Y113.29 E.02793
G1 X152.046 Y114.208 E.02793
G1 X152.925 Y114.208 E.02671
G1 E-.728 F1800
;WIPE_START
G1 F30000
G1 X152.965 Y113.29 E-.05515
G1 X152.684 Y113.29 E-.01685
;WIPE_END
G1 X154.282 Y115.475 Z1
G1 Z.6
G1 E.8 F1800
G1 F7200
G1 X154.224 Y115.485 E.00179
G1 X154.131 Y115.455 E.00296
G1 X154.102 Y115.405 E.00176
G1 X154.04 Y115.063 E.01056
G1 X153.116 Y115.155 E.02824
G1 X153.231 Y115.685 E.01648
G1 X153.327 Y115.887 E.00681
G1 X153.592 Y116.152 E.01141
G1 X153.945 Y116.294 E.01156
G1 X154.449 Y116.309 E.01536
G1 X154.825 Y116.18 E.01207
G1 X155.056 Y115.986 E.00918
G1 X155.233 Y115.67 E.01101
G1 X155.271 Y115.336 E.01023
G1 X155.213 Y115.027 E.00955
G1 X155.097 Y114.783 E.00821
G1 X154.933 Y114.553 E.00862
G1 X154.544 Y114.173 E.01652
G1 X155.27 Y114.173 E.02208
G1 X155.27 Y113.29 E.02685
G1 X153.044 Y113.29 E.06771
G1 X153.196 Y113.894 E.01894
G1 X153.348 Y114.177 E.00979
G1 X153.614 Y114.493 E.01255
G1 X154.266 Y115.145 E.02805
G1 X154.323 Y115.242 E.00343
G1 X154.346 Y115.333 E.00283
G1 X154.341 Y115.412 E.00241
G1 X154.309 Y115.446 E.00142
G1 E-.728 F1800
;WIPE_START
G1 F30000
G1 X154.224 Y115.485 E-.00562
G1 X154.131 Y115.455 E-.00585
G1 X154.102 Y115.405 E-.00347
G1 X154.04 Y115.063 E-.02084
G1 X153.44 Y115.123 E-.03623
;WIPE_END
G1 X158.586 Y115.863 Z1
G1 Z.6
G1 E.8 F1800
G1 F7200
G1 X158.702 Y115.603 E.00866
G1 X158.805 Y114.973 E.01944
G1 X158.771 Y114.253 E.02191
G1 X158.648 Y113.82 E.01371
G1 X158.436 Y113.504 E.01155
G1 X158.082 Y113.288 E.01262
G1 X157.643 Y113.248 E.0134
G1 X157.544 Y113.275 E.00313
G1 X157.326 Y113.334 E.00688
G1 X157.135 Y113.455 E.00687
G1 X156.974 Y113.619 E.00697
G1 X156.847 Y113.836 E.00766
G1 X156.763 Y114.106 E.00859
G1 X156.715 Y114.424 E.00978
G1 X156.704 Y114.973 E.01671
G1 X156.739 Y115.32 E.01061
G1 X156.859 Y115.742 E.01333
G1 X156.998 Y115.974 E.00825
G1 X157.16 Y116.137 E.00696
G1 X157.526 Y116.302 E.01222
G1 X157.862 Y116.317 E.01023
G1 X158.092 Y116.271 E.00714
G1 X158.432 Y116.063 E.01211
G1 X158.561 Y115.895 E.00646
G1 E-.728 F1800
;WIPE_START
G1 F30000
G1 X158.702 Y115.603 E-.01942
G1 X158.805 Y114.973 E-.03835
G1 X158.794 Y114.736 E-.01423
;WIPE_END
G1 X159.046 Y114.208 Z1
G1 Z.6
G1 E.8 F1800
G1 F7200
G1 X159.965 Y114.208 E.02793
G1 X159.965 Y113.29 E.02793
G1 X159.046 Y113.29 E.02793
G1 X159.046 Y114.168 E.02671
G1 E-.728 F1800
;WIPE_START
G1 F30000
G1 X159.965 Y114.208 E-.05515
G1 X159.965 Y113.928 E-.01685
;WIPE_END
G1 X160.3 Y114.676 Z1
G1 Z.6
G1 E.8 F1800
G1 F7200
G1 X160.3 Y115.584 E.02763
G1 X160.658 Y115.758 E.0121
G1 X160.846 Y115.896 E.00708
G1 X160.987 Y116.058 E.00656
G1 X161.117 Y116.321 E.0089
G1 X161.862 Y116.321 E.02265
G1 X161.862 Y113.29 E.09217
G1 X160.944 Y113.29 E.02793
G1 X160.944 Y114.965 E.05095
G1 X160.336 Y114.692 E.02025
G1 E-.728 F1800
;WIPE_START
G1 F30000
G1 X160.3 Y115.584 E-.05357
G1 X160.576 Y115.718 E-.01843
;WIPE_END
G1 X153.315 Y113.366 Z1
G1 X151.29 Y112.71 Z1
G1 Z.6
G1 E.8 F1800
G1 F7200
G1 X153.71 Y112.71 E.0736
G1 X153.71 Y103.71 E.27372
G1 X158.39 Y103.71 E.14234
G1 X158.39 Y112.71 E.27372
G1 X160.61 Y112.71 E.06752
G1 X160.61 Y103.71 E.27372
G1 X162.993 Y103.71 E.07248
G1 X163.364 Y103.734 E.01131
G1 X163.722 Y103.806 E.0111
G1 X164.068 Y103.923 E.0111
G1 X164.395 Y104.084 E.0111
G1 X164.698 Y104.287 E.0111
G1 X164.973 Y104.527 E.0111
G1 X165.213 Y104.802 E.0111
G1 X165.416 Y105.105 E.0111
G1 X165.577 Y105.432 E.0111
G1 X165.694 Y105.778 E.0111
G1 X165.766 Y106.136 E.0111
G1 X165.79 Y106.507 E.01131
G1 X165.79 Y146.493 E1.21613
G1 X165.766 Y146.864 E.01131
G1 X165.694 Y147.222 E.0111
G1 X165.577 Y147.568 E.0111
G1 X165.416 Y147.895 E.0111
G1 X165.213 Y148.198 E.0111
G1 X164.973 Y148.473 E.0111
G1 X164.698 Y148.713 E.0111
G1 X164.395 Y148.916 E.0111
G1 X164.068 Y149.077 E.0111
G1 X163.722 Y149.195 E.0111
G1 X163.364 Y149.266 E.0111
G1 X162.993 Y149.29 E.01131
G1 X93.007 Y149.29 E2.12854
G1 X92.636 Y149.266 E.01131
G1 X92.278 Y149.195 E.0111
G1 X91.932 Y149.077 E.0111
G1 X91.605 Y148.916 E.0111
G1 X91.302 Y148.713 E.0111
G1 X91.027 Y148.473 E.0111
G1 X90.787 Y148.198 E.0111
G1 X90.584 Y147.895 E.0111
G1 X90.423 Y147.568 E.0111
G1 X90.306 Y147.222 E.0111
M73 P36 R13
G1 X90.234 Y146.864 E.0111
G1 X90.21 Y146.493 E.01131
G1 X90.21 Y106.507 E1.21613
G1 X90.234 Y106.136 E.01131
G1 X90.306 Y105.778 E.0111
G1 X90.423 Y105.432 E.0111
G1 X90.584 Y105.105 E.0111
G1 X90.787 Y104.802 E.0111
G1 X91.027 Y104.527 E.0111
G1 X91.302 Y104.287 E.0111
G1 X91.605 Y104.084 E.0111
G1 X91.932 Y103.923 E.0111
G1 X92.278 Y103.806 E.0111
G1 X92.636 Y103.734 E.0111
G1 X93.007 Y103.71 E.01131
G1 X151.29 Y103.71 E1.7726
G1 X151.29 Y112.67 E.27251
G1 X151.662 Y113.094 F30000
SET_VELOCITY_LIMIT ACCEL=3000
;TYPE:Gap infill
;WIDTH:0.436397
G1 F15000
G1 X151.563 Y113.193 E.00444
;WIDTH:0.45403
G1 X151.464 Y113.292 E.00464
G1 X151.662 Y113.094 F30000
;WIDTH:0.395274
G1 F15000
G1 X151.709 Y113.07 E.00149
;WIDTH:0.348294
G1 X151.756 Y113.047 E.00129
;WIDTH:0.301313
G1 X151.803 Y113.023 E.00109
;WIDTH:0.254333
G1 X151.85 Y113 E.0009
;WIDTH:0.230842
G1 X153.906 Y113 E.03116
G1 E-.728 F1800
;WIPE_START
G1 F30000
G1 X152.706 Y113 E-.072
;WIPE_END
G1 X154.53 Y112.451 Z1
G1 Z.6
G1 E.8 F1800
;TYPE:Internal solid infill
;WIDTH:0.442592
G1 F15000
G1 X154.455 Y112.495 E.00279
G1 X154.535 Y112.529 E.00281
G1 E-.78958 F1800
;WIPE_START
G1 F30000
G1 X154.455 Y112.495 E-.00523
G1 X154.53 Y112.451 E-.00519
;WIPE_END
G1 X156.105 Y112.974 Z1
G1 Z.6
G1 E.8 F1800
;WIDTH:0.469586
G1 F15000
G1 X156.052 Y112.974 E.00184
G1 X156.025 Y113.02 E.00184
G1 X156.052 Y113.067 E.00184
G1 X156.112 Y113.055 E.0021
G1 X156.1 Y113.445 F30000
;TYPE:Gap infill
;WIDTH:0.428825
G1 F15000
G1 X156.063 Y113.684 E.00752
;WIDTH:0.384423
G1 X156.024 Y113.948 E.00734
;WIDTH:0.344689
G1 X156.009 Y114.151 E.00496
;WIDTH:0.300468
G1 X155.989 Y114.769 E.01283
;WIDTH:0.305891
G1 X155.971 Y114.833 E.00142
;WIDTH:0.326579
G1 X155.953 Y114.897 E.00153
G1 X156.006 Y115.354 E.01053
;WIDTH:0.296656
G1 X156.029 Y115.383 E.00075
;WIDTH:0.25707
G1 X156.052 Y115.412 E.00063
;WIDTH:0.21126
G1 X156.08 Y115.453 E.00068
;WIDTH:0.167173
G1 X156.16 Y115.639 E.00203
;WIDTH:0.142556
G1 X156.241 Y115.825 E.00163
G1 E-.78785 F1800
;WIPE_START
G1 F30000
G1 X156.16 Y115.639 E-.01215
;WIPE_END
G1 X159.486 Y115.852 Z1
G1 Z.6
G1 E.8 F1800
;WIDTH:0.419752
G1 F15000
G1 X159.519 Y115.442 E.01251
;WIDTH:0.370563
G1 X159.553 Y115.031 E.01088
;WIDTH:0.344405
G1 X159.549 Y114.804 E.00553
G1 E-.78635 F1800
;WIPE_START
G1 F30000
G1 X159.553 Y115.031 E-.01365
;WIPE_END
G1 X160.454 Y114.53 Z1
G1 Z.6
G1 E.8 F1800
;WIDTH:0.62995
G1 F11063.907
G1 X160.454 Y112.906 E.0769
G1 X160.307 Y113.073 F30000
;WIDTH:0.301313
G1 F15000
G1 X160.454 Y113.147 E.00342
;WIDTH:0.348294
G1 X160.601 Y113.22 E.00404
;WIDTH:0.395274
G1 X160.748 Y113.294 E.00466
G1 X160.307 Y113.073 F30000
;WIDTH:0.233456
G1 F15000
G1 X160.161 Y113 E.00252
G1 X158.85 Y113 E.02014
;WIDTH:0.254333
G1 X158.803 Y113.023 E.0009
;WIDTH:0.301313
G1 X158.756 Y113.047 E.00109
;WIDTH:0.348294
G1 X158.709 Y113.07 E.00129
;WIDTH:0.395274
G1 X158.662 Y113.094 E.00149
;WIDTH:0.436397
G1 X158.563 Y113.193 E.00444
;WIDTH:0.45403
G1 X158.464 Y113.292 E.00464
G1 E-.79161 F1800
;WIPE_START
G1 F30000
G1 X158.563 Y113.193 E-.00839
;WIPE_END
G1 X161.423 Y112.46 Z1
G1 Z.6
G1 E.8 F1800
;TYPE:Internal solid infill
;WIDTH:0.428766
G1 F15000
G1 X161.35 Y112.501 E.0026
G1 X161.427 Y112.536 E.00261
G1 E-.78995 F1800
;WIPE_START
G1 F30000
G1 X161.35 Y112.501 E-.00504
G1 X161.423 Y112.46 E-.00501
;WIPE_END
G1 X157.834 Y106.475 Z1
G1 Z.6
G1 E.8 F1800
;WIDTH:0.42
G1 F15000
G1 X155.794 Y104.435 E.08774
G1 X155.261 Y104.435 E.01622
G1 X157.665 Y106.839 E.10338
G1 X157.665 Y107.372 E.01622
G1 X154.728 Y104.435 E.12632
G1 X154.435 Y104.435 E.0089
G1 X154.435 Y104.676 E.00732
G1 X157.665 Y107.905 E.1389
G1 X157.665 Y108.439 E.01622
G1 X154.435 Y105.209 E.1389
G1 X154.435 Y105.743 E.01622
G1 X157.665 Y108.972 E.1389
G1 X157.665 Y109.505 E.01622
G1 X154.435 Y106.276 E.1389
G1 X154.435 Y106.809 E.01622
G1 X157.665 Y110.039 E.1389
G1 X157.665 Y110.572 E.01622
G1 X154.435 Y107.342 E.1389
G1 X154.435 Y107.876 E.01622
G1 X157.665 Y111.105 E.1389
G1 X157.665 Y111.638 E.01622
G1 X154.435 Y108.409 E.1389
G1 X154.435 Y108.942 E.01622
G1 X157.665 Y112.172 E.1389
G1 X157.665 Y112.521 E.01063
G1 X157.579 Y112.513 E.00262
G1 X157.496 Y112.536 E.00263
G1 X154.435 Y109.476 E.13163
G1 X154.435 Y110.009 E.01622
G1 X157.077 Y112.65 E.11362
G1 X157.029 Y112.663 E.0015
G1 X156.74 Y112.847 E.01041
G1 X154.435 Y110.542 E.09913
G1 X154.435 Y111.075 E.01622
G1 X155.925 Y112.565 E.06406
G1 X155.391 Y112.565 E.01622
G1 X154.266 Y111.439 E.04842
G1 E-.728 F1800
;WIPE_START
G1 F30000
G1 X155.114 Y112.287 E-.072
;WIPE_END
G1 X149.053 Y113.552 Z1
G1 Z.6
G1 E.8 F1800
;TYPE:Gap infill
;WIDTH:0.449629
G1 F15000
G1 X148.998 Y113.914 E.01203
;WIDTH:0.423493
G1 X148.994 Y113.943 E.0009
;WIDTH:0.404902
G1 X148.979 Y114.147 E.00595
;WIDTH:0.360349
G1 X148.957 Y114.994 E.02171
G1 X148.979 Y115.45 E.01169
;WIDTH:0.392691
G1 X148.982 Y115.481 E.00088
;WIDTH:0.416857
G1 X149.018 Y115.742 E.00794
;WIDTH:0.43807
G1 X149.055 Y116.003 E.00839
G1 E-.7842 F1800
;WIPE_START
G1 F30000
G1 X149.018 Y115.742 E-.0158
;WIPE_END
G1 X148.406 Y111.5 Z1
G1 Z.6
G1 E.8 F1800
;WIDTH:0.230842
G1 F15000
G1 X137.594 Y111.5 E.16388
G1 E-.728 F1800
;WIPE_START
G1 F30000
G1 X138.794 Y111.5 E-.072
;WIPE_END
G1 X138.137 Y105.72 Z1
G1 Z.6
G1 E.8 F1800
;TYPE:Internal solid infill
;WIDTH:0.483144
G1 F14753.518
G1 X146.58 Y105.72 E.29978
G1 X146.139 Y105.28 E.02211
G1 X137.696 Y105.28 E.29978
G1 X138.108 Y105.692 E.02069
G1 X137.967 Y106.129 F30000
;WIDTH:0.419999
G1 F15000
G1 X147.566 Y106.129 E.29194
G1 X146.309 Y104.871 E.05409
G1 X136.71 Y104.871 E.29194
G1 X137.939 Y106.1 E.05287
G1 X137.737 Y106.506 F30000
G1 F15000
G1 X148.477 Y106.506 E.32664
G1 X146.539 Y104.569 E.08332
G1 X146.539 Y104.494 E.00227
G1 X135.8 Y104.494 E.32664
G1 X137.737 Y106.431 E.08332
G1 X137.737 Y106.466 E.00105
G1 E-.728 F1800
;WIPE_START
G1 F30000
G1 X137.737 Y106.431 E-.00207
G1 X136.913 Y105.607 E-.06993
;WIPE_END
G1 X143.388 Y109.648 Z1
G1 X148.994 Y113.146 Z1
G1 Z.6
G1 E.8 F1800
G1 F15000
G1 X149.314 Y113.195 E.00983
G1 X149.657 Y112.83 E.01524
G1 X150.033 Y112.602 E.01337
G1 X150.506 Y112.472 E.01492
G1 X150.506 Y108.461 E.12201
G1 X150.431 Y108.461 E.00227
G1 X148.994 Y107.023 E.06182
G1 X148.994 Y113.106 E.18499
G1 X149.371 Y112.579 F30000
G1 F15000
G1 X149.883 Y112.254 E.01845
G1 X150.129 Y112.184 E.00776
G1 X150.129 Y108.691 E.10624
G1 X149.371 Y107.934 E.03258
G1 X149.371 Y112.539 E.14007
G1 X149.75 Y111.899 F30000
;WIDTH:0.423368
G1 F15000
G1 X149.75 Y108.888 E.0924
G1 E-.728 F1800
;WIPE_START
G1 F30000
G1 X149.75 Y110.088 E-.072
;WIPE_END
G1 X148.065 Y104.494 Z1
G1 Z.6
G1 E.8 F1800
;WIDTH:0.419999
G1 F15000
G1 X150.506 Y106.935 E.105
G1 X150.506 Y104.494 E.07424
G1 X148.105 Y104.494 E.07303
G1 E-.728 F1800
;WIPE_START
G1 F30000
G1 X149.305 Y104.494 E-.072
;WIPE_END
G1 X149.155 Y104.946 Z1
G1 Z.6
G1 E.8 F1800
;WIDTH:0.569367
G1 F12337.131
G1 X150.054 Y105.845 E.05397
G1 X150.054 Y104.946 E.03816
G1 X149.195 Y104.946 E.03646
G1 E-.728 F1800
;WIPE_START
G1 F30000
G1 X150.054 Y104.946 E-.05152
G1 X150.054 Y105.287 E-.02048
;WIPE_END
G1 X147.57 Y104.266 Z1
G1 Z.6
G1 E.8 F1800
;WIDTH:0.420005
G1 F15000
G1 X150.565 Y107.261 E.12883
G1 X150.565 Y107.794 E.01622
G1 X147.036 Y104.266 E.15176
G1 X146.915 Y104.306 F30000
;TYPE:Gap infill
;WIDTH:0.1751
G1 F15000
G1 X146.885 Y104.338 E.00046
;WIDTH:0.220681
G1 X146.856 Y104.369 E.00062
;WIDTH:0.266262
G1 X146.827 Y104.401 E.00078
;WIDTH:0.311842
G1 X146.797 Y104.433 E.00094
;WIDTH:0.357423
G1 X146.768 Y104.465 E.0011
;WIDTH:0.419456
G1 X146.739 Y104.497 E.00132
G1 X146.77 Y104.532 E.00143
G1 X148.743 Y106.506 E.08476
G1 E-.728 F1800
;WIPE_START
G1 F30000
G1 X147.895 Y105.657 E-.072
;WIPE_END
G1 X150.694 Y107.997 Z1
G1 Z.6
G1 E.8 F1800
;WIDTH:0.315092
G1 F15000
G1 X150.642 Y108.053 E.00168
;WIDTH:0.356155
G1 X150.59 Y108.109 E.00194
;WIDTH:0.397219
G1 X150.538 Y108.165 E.00219
;WIDTH:0.422075
G1 X150.486 Y108.222 E.00234
G1 X150.387 Y108.15 E.00375
G1 X148.994 Y106.757 E.06024
G1 E-.728 F1800
;WIPE_START
G1 F30000
G1 X149.843 Y107.605 E-.072
;WIPE_END
G1 X156.12 Y104.494 Z1
G1 Z.6
G1 E.8 F1800
;TYPE:Internal solid infill
;WIDTH:0.419999
G1 F15000
G1 X157.606 Y105.98 E.06391
G1 X157.606 Y104.494 E.04519
G1 X156.16 Y104.494 E.04398
G1 E-.728 F1800
;WIPE_START
G1 F30000
G1 X157.36 Y104.494 E-.072
;WIPE_END
G1 X157.201 Y104.876 Z1
G1 Z.6
G1 E.8 F1800
;WIDTH:0.536288
G1 F13164.301
G1 X157.14 Y104.876 E.00245
G1 X157.109 Y104.929 E.00245
G1 X157.14 Y104.983 E.00245
G1 X157.201 Y104.983 E.00245
G1 X157.212 Y104.964 E.00086
G1 E-.7839 F1800
;WIPE_START
G1 F30000
G1 X157.201 Y104.983 E-.0013
G1 X157.14 Y104.983 E-.0037
G1 X157.109 Y104.929 E-.0037
G1 X157.14 Y104.876 E-.0037
G1 X157.201 Y104.876 E-.0037
;WIPE_END
G1 X163.039 Y104.27 Z1
G1 Z.6
G1 E.8 F1800
;WIDTH:0.419999
G1 F15000
G1 X165.048 Y106.279 E.08644
G1 X165.065 Y106.829 E.01673
G1 X162.671 Y104.435 E.10296
G1 X162.138 Y104.435 E.01622
G1 X165.065 Y107.362 E.1259
G1 X165.065 Y107.896 E.01622
G1 X161.604 Y104.435 E.14884
G1 X161.335 Y104.435 E.00818
G1 X161.335 Y104.7 E.00804
G1 X165.065 Y108.429 E.1604
G1 X165.065 Y108.962 E.01622
G1 X161.335 Y105.233 E.1604
G1 X161.335 Y105.766 E.01622
G1 X165.065 Y109.496 E.1604
G1 X165.065 Y110.029 E.01622
G1 X161.335 Y106.3 E.1604
G1 X161.335 Y106.833 E.01622
M73 P36 R12
G1 X165.065 Y110.562 E.1604
G1 X165.065 Y111.095 E.01622
G1 X161.335 Y107.366 E.1604
G1 X161.335 Y107.899 E.01622
G1 X165.065 Y111.629 E.1604
G1 X165.065 Y112.162 E.01622
G1 X161.335 Y108.433 E.1604
G1 X161.335 Y108.966 E.01622
G1 X165.065 Y112.695 E.1604
G1 X165.065 Y113.228 E.01622
G1 X161.335 Y109.499 E.1604
G1 X161.335 Y110.032 E.01622
G1 X165.065 Y113.762 E.1604
G1 X165.065 Y114.295 E.01622
G1 X161.335 Y110.566 E.1604
G1 X161.335 Y111.099 E.01622
G1 X162.801 Y112.565 E.06304
G1 X162.668 Y112.698 E.00573
G1 X162.587 Y112.698 E.00245
G1 X162.587 Y112.565 E.00406
G1 X162.268 Y112.565 E.00972
G1 X161.166 Y111.463 E.0474
G1 E-.728 F1800
;WIPE_START
G1 F30000
G1 X162.014 Y112.311 E-.072
;WIPE_END
G1 X165.194 Y114.497 Z1
G1 Z.6
G1 E.8 F1800
;TYPE:Gap infill
;WIDTH:0.315093
G1 F15000
G1 X165.142 Y114.554 E.00168
;WIDTH:0.356158
G1 X165.09 Y114.61 E.00194
;WIDTH:0.397224
G1 X165.038 Y114.666 E.00219
;WIDTH:0.42152
G1 X164.986 Y114.723 E.00234
G1 X164.887 Y114.651 E.00374
G1 X162.934 Y112.698 E.08433
G1 E-.728 F1800
;WIPE_START
G1 F30000
G1 X163.783 Y113.547 E-.072
;WIPE_END
G1 X163.942 Y105.916 Z1
G1 X163.965 Y104.828 Z1
G1 Z.6
G1 E.8 F1800
;TYPE:Internal solid infill
;WIDTH:0.579669
G1 F12100.352
G1 X164.153 Y104.993 E.01084
;WIDTH:0.617257
G1 F11308.423
G1 X164.342 Y105.158 E.0116
G1 X164.645 Y105.505 E.02134
G1 E-.75734 F1800
;WIPE_START
G1 F30000
G1 X164.342 Y105.158 E-.02764
G1 X164.153 Y104.993 E-.01502
;WIPE_END
G1 X163.817 Y112.618 Z1
G1 X163.245 Y125.607 Z1
G1 Z.6
G1 E.8 F1800
SET_VELOCITY_LIMIT ACCEL=1000
;TYPE:Bridge
;WIDTH:0.4
G1 F3000
M106 S255
G1 X162.765 Y125.607 E.01384
G1 E-.77116 F1800
;WIPE_START
G1 F30000
G1 X163.245 Y125.607 E-.02884
;WIPE_END

G1 X162.294 Y125.149 Z0.657143
G1 X162.059 Y124.119 Z0.714286
G1 X162.717 Y123.294 Z0.771429
G1 X163.773 Y123.294 Z0.828571
G1 X164.432 Y124.119 Z0.885714
G1 X164.197 Y125.149 Z0.942857
G1 X163.245 Y125.607 Z1
G1 X144.235 Y125.607 Z1
G1 Z.6
M73 P37 R12
G1 E.8 F1800
G1 F3000
G1 X143.976 Y125.607 E.00747
G1 X143.852 Y125.464 E.00545
G1 X143.775 Y125.25 E.00655
G1 X144.075 Y125.25 E.00862
G1 X144.075 Y125.075 E.00505
G1 X162.925 Y125.075 E.54291
G1 X162.925 Y125.25 E.00505
G1 X163.225 Y125.25 E.00862
G1 X163.227 Y124.893 E.01028
G1 X143.773 Y124.893 E.56031
G1 X143.773 Y124.536 E.01028
G1 X163.227 Y124.536 E.56031
G1 X163.227 Y124.179 E.01028
G1 X143.773 Y124.179 E.56031
G1 X143.773 Y123.822 E.01028
G1 X163.227 Y123.822 E.56031
G1 X163.214 Y123.695 E.00367
G1 X163.148 Y123.536 E.00496
G1 X163.096 Y123.465 E.00253
G1 X162.765 Y123.465 E.00955
G1 E-.728 F1800
;WIPE_START
G1 F30000
G1 X163.096 Y123.465 E-.01989
G1 X163.148 Y123.536 E-.00527
G1 X163.214 Y123.695 E-.01034
G1 X163.227 Y123.822 E-.00765
G1 X162.747 Y123.822 E-.02885
;WIPE_END

G1 X161.804 Y123.345 Z0.657143
G1 X161.589 Y122.311 Z0.714286
G1 X162.263 Y121.499 Z0.771429
G1 X163.319 Y121.519 Z0.828571
G1 X163.961 Y122.357 Z0.885714
G1 X163.707 Y123.382 Z0.942857
G1 X162.747 Y123.822 Z1
G1 X144.235 Y123.465 Z1
G1 Z.6
G1 E.8 F1800
G1 F3000
G1 X143.708 Y123.465 E.01519
G1 E-.76835 F1800
;WIPE_START
G1 F30000
G1 X144.235 Y123.465 E-.03165
;WIPE_END
G1 X143.626 Y121.322 Z1
G1 Z.6
G1 E.8 F1800
G1 F3000
G1 X144.075 Y121.322 E.01292
G1 X144.075 Y121.075 E.00713
G1 X162.925 Y121.075 E.54291
G1 X162.925 Y121.322 E.00713
G1 X163.206 Y121.322 E.0081
G1 X163.227 Y121.236 E.00257
G1 X163.227 Y120.965 E.00779
G1 X143.773 Y120.965 E.56031
G1 X143.773 Y120.608 E.01028
G1 X163.227 Y120.608 E.56031
G1 X163.227 Y120.251 E.01028
G1 X143.773 Y120.251 E.56031
G1 X143.773 Y119.894 E.01028
G1 X163.227 Y119.894 E.56031
G1 X163.214 Y119.695 E.00574
G1 X163.148 Y119.537 E.00493
G1 X162.765 Y119.537 E.01104
G1 E-.728 F1800
;WIPE_START
G1 F30000
G1 X163.148 Y119.537 E-.02301
G1 X163.214 Y119.695 E-.01027
G1 X163.227 Y119.894 E-.01196
G1 X162.781 Y119.894 E-.02676
;WIPE_END

G1 X161.839 Y119.418 Z0.657143
G1 X161.624 Y118.384 Z0.714286
G1 X162.298 Y117.571 Z0.771429
G1 X163.354 Y117.591 Z0.828571
G1 X163.996 Y118.429 Z0.885714
G1 X163.742 Y119.454 Z0.942857
G1 X162.781 Y119.894 Z1
G1 X144.235 Y119.537 Z1
G1 Z.6
G1 E.8 F1800
G1 F3000
G1 X143.678 Y119.537 E.01605
G1 E-.76656 F1800
;WIPE_START
G1 F30000
G1 X144.235 Y119.537 E-.03344
;WIPE_END
G1 X141.933 Y116.494 Z1
G1 Z.6
G1 E.8 F1800
SET_VELOCITY_LIMIT ACCEL=3000
;TYPE:Internal solid infill
;WIDTH:0.422167
G1 F15000
M106 S173
G1 X144.006 Y118.572 E.08978
G1 X144.006 Y117.694 E.02684
G1 X144.048 Y117.576 E.00385
G1 X144.194 Y117.506 E.00496
G1 X162.458 Y117.5 E.55864
G1 X162.898 Y117.53 E.01349
G1 X162.994 Y117.694 E.00584
G1 X162.994 Y118.98 E.03934
G1 X163.273 Y119.124 E.0096
G1 X163.484 Y119.391 E.01041
G1 X163.594 Y119.747 E.0114
G1 X163.592 Y121.286 E.04707
G1 X163.449 Y121.671 E.01258
G1 X163.208 Y121.925 E.01071
G1 X162.994 Y122.014 E.00708
G1 X162.994 Y122.98 E.02956
G1 X163.285 Y123.137 E.01009
G1 X163.484 Y123.391 E.00988
G1 X163.594 Y123.747 E.0114
G1 X163.592 Y125.286 E.04707
G1 X163.449 Y125.671 E.01258
G1 X163.208 Y125.925 E.01071
G1 X162.994 Y126.014 E.00708
G1 X162.994 Y130.697 E.14324
G1 X163.069 Y130.697 E.00228
G1 X165.006 Y132.634 E.0838
G1 X165.006 Y114.962 E.54057
G1 X164.931 Y114.962 E.00228
G1 X162.801 Y112.831 E.09215
G1 X162.646 Y112.908 E.00529
G1 X162.642 Y116.957 E.12386
G1 X162.6 Y117.043 E.00292
G1 X162.458 Y117.111 E.00481
G1 X160.747 Y117.111 E.05231
G1 X160.578 Y117 E.00618
G1 X160.335 Y116.509 E.01676
G1 X159.889 Y116.257 E.01567
G1 X159.364 Y116.235 E.01607
G1 X159.272 Y116.248 E.00283
G1 X158.935 Y116.674 E.01662
G1 X158.412 Y116.995 E.01878
G1 X157.908 Y117.11 E.01582
G1 X157.375 Y117.092 E.01629
G1 X156.737 Y116.806 E.02139
G1 X156.363 Y116.44 E.01603
G1 X156.249 Y116.249 E.0068
G1 X156.032 Y116.306 E.00685
G1 X155.871 Y116.136 E.00716
G1 X155.644 Y116.516 E.01355
G1 X155.244 Y116.852 E.01595
G1 X154.604 Y117.093 E.02092
G1 X153.815 Y117.089 E.02413
G1 X153.187 Y116.834 E.02074
G1 X152.699 Y116.369 E.02063
G1 X152.449 Y115.853 E.01751
G1 X152.25 Y116.286 E.01458
G1 X151.935 Y116.674 E.01528
G1 X151.412 Y116.995 E.01878
G1 X150.908 Y117.11 E.01582
G1 X150.375 Y117.092 E.01629
G1 X149.737 Y116.806 E.02139
G1 X149.363 Y116.44 E.01603
G1 X149.316 Y116.362 E.00276
G1 X148.936 Y116.415 E.01173
G1 X148.838 Y116.491 E.0038
G1 X141.973 Y116.494 E.21
G1 E-.728 F1800
;WIPE_START
G1 F30000
G1 X143.173 Y116.494 E-.072
;WIPE_END
G1 X142.96 Y116.92 Z1
G1 Z.6
G1 E.8 F1800
;WIDTH:0.518019
G1 F13670.509
G1 X143.62 Y117.582 E.0358
G1 X143.717 Y117.307 E.01115
;WIDTH:0.498295
G1 F14262.645
G1 X143.836 Y117.27 E.00459
;WIDTH:0.458846
G1 F15000
G1 X143.956 Y117.233 E.00419
;WIDTH:0.419397
G1 X144.075 Y117.196 E.0038
;WIDTH:0.364338
G1 X144.194 Y117.159 E.00324
G1 X148.806 Y117.159 E.11954
G1 X149.587 Y117.14 E.02025
G1 X149.165 Y116.766 E.01459
G1 X148.806 Y116.841 E.00953
G1 X144.194 Y116.841 E.11954
;WIDTH:0.379948
G1 X144.029 Y116.861 E.00453
;WIDTH:0.419397
G1 X143.863 Y116.881 E.00506
;WIDTH:0.458846
G1 X143.698 Y116.901 E.00559
;WIDTH:0.508616
G1 F13946.548
G1 X143.532 Y116.92 E.00626
G1 X143 Y116.92 E.02
G1 E-.75805 F1800
;WIPE_START
G1 F30000
G1 X143.532 Y116.92 E-.03195
G1 X143.698 Y116.901 E-.01
;WIPE_END
G1 X151.327 Y117.111 Z1
G1 X151.92 Y117.128 Z1
G1 Z.6
G1 E.8 F1800
;WIDTH:0.422511
G1 F15000
G1 X152.958 Y117.128 E.03178
G1 X152.446 Y116.651 E.02141
G1 X152.133 Y116.997 E.01428
G1 X151.954 Y117.107 E.00644
G1 E-.728 F1800
;WIPE_START
G1 F30000
G1 X152.133 Y116.997 E-.01262
G1 X152.446 Y116.651 E-.02799
G1 X152.829 Y117.008 E-.03139
;WIPE_END
G1 X155.511 Y117.125 Z1
G1 Z.6
G1 E.8 F1800
;WIDTH:0.427356
G1 F15000
G1 X156.54 Y117.125 E.03192
G1 X156.04 Y116.689 E.02058
G1 X155.973 Y116.72 E.00227
G1 X155.541 Y117.099 E.01782
G1 E-.728 F1800
;WIPE_START
G1 F30000
G1 X155.973 Y116.72 E-.03449
G1 X156.04 Y116.689 E-.00439
G1 X156.456 Y117.052 E-.03312
;WIPE_END
G1 X159.021 Y117.099 Z1
G1 Z.6
G1 E.8 F1800
;WIDTH:0.477023
G1 F14961.529
G1 X160.18 Y117.103 E.04057
G1 X160.012 Y116.764 E.01324
G1 X159.794 Y116.675 E.00824
G1 X159.481 Y116.653 E.01101
G1 X159.148 Y117.021 E.01737
G1 X159.055 Y117.078 E.00381
G1 E-.728 F1800
;WIPE_START
G1 F30000
G1 X159.148 Y117.021 E-.00653
G1 X159.481 Y116.653 E-.02976
G1 X159.794 Y116.675 E-.01886
G1 X160.012 Y116.764 E-.01412
G1 X160.032 Y116.805 E-.00272
;WIPE_END
G1 X163.826 Y116.783 Z1
G1 Z.6
G1 E.8 F1800
;WIDTH:0.517234
G1 F13693.134
G1 X163.826 Y115.565 E.04659
G1 E-.728 F1800
;WIPE_START
G1 F30000
G1 X163.826 Y116.765 E-.072
;WIPE_END
G1 X163.78 Y118.536 Z1
G1 Z.6
G1 E.8 F1800
;WIDTH:0.483144
G1 F14753.501
G1 X164.045 Y118.817 E.01372
G1 X164.22 Y119.124 E.01253
G1 X164.22 Y117.694 E.05075
;WIDTH:0.467358
G1 F15000
G1 X164.236 Y117.238 E.01562
;WIDTH:0.421262
G1 X164.252 Y115.348 E.05768
G1 X163.4 Y114.497 E.03674
G1 X163.4 Y116.916 E.07382
G1 X163.434 Y116.992 E.00252
G1 X163.509 Y117.066 E.00322
;WIDTH:0.435786
G1 X163.644 Y117.38 E.01084
;WIDTH:0.473704
G1 X163.78 Y117.694 E.01189
G1 X163.78 Y118.496 E.02787
G1 E-.73135 F1800
;WIPE_START
G1 F30000
G1 X163.78 Y117.694 E-.04812
G1 X163.644 Y117.38 E-.02053
;WIPE_END
G1 X163.766 Y122.5 Z1
G1 Z.6
G1 E.8 F1800
;WIDTH:0.455722
G1 F15000
G1 X164.035 Y122.826 E.01407
G1 X164.234 Y123.14 E.01238
G1 X164.234 Y121.803 E.04451
G1 X164.035 Y122.174 E.01401
G1 X163.792 Y122.469 E.01274
G1 E-.728 F1800
;WIPE_START
G1 F30000
G1 X164.035 Y122.174 E-.02296
G1 X164.234 Y121.803 E-.02524
G1 X164.234 Y122.2 E-.0238
;WIPE_END
G1 X163.371 Y126.263 Z1
G1 Z.6
G1 E.8 F1800
;WIDTH:0.419999
G1 F15000
G1 X163.371 Y130.466 E.12783
G1 X164.629 Y131.724 E.05409
G1 X164.629 Y125.86 E.17834
;WIDTH:0.443343
G1 X164.605 Y125.658 E.00657
;WIDTH:0.490031
G1 F14526.248
G1 X164.582 Y125.455 E.00734
;WIDTH:0.557285
G1 F12626.938
G1 X164.559 Y125.253 E.00844
G1 X164.559 Y123.747 E.06249
;WIDTH:0.572193
G1 F12271.258
G1 X164.547 Y123.452 E.01259
;WIDTH:0.563783
G1 F12469.404
G1 X164.567 Y123.374 E.00339
;WIDTH:0.522702
G1 F13537.09
G1 X164.588 Y123.296 E.00312
;WIDTH:0.481621
G1 F14804.736
G1 X164.608 Y123.218 E.00285
;WIDTH:0.421217
G1 F15000
G1 X164.629 Y123.14 E.00246
G1 X164.629 Y121.86 E.03907
;WIDTH:0.443343
G1 X164.605 Y121.658 E.00657
;WIDTH:0.490031
G1 F14526.248
G1 X164.582 Y121.455 E.00734
;WIDTH:0.557285
G1 F12626.938
G1 X164.559 Y121.253 E.00844
G1 X164.559 Y119.747 E.06249
;WIDTH:0.572193
G1 F12271.258
G1 X164.547 Y119.452 E.01259
;WIDTH:0.562672
G1 F12496.059
G1 X164.568 Y119.348 E.00445
;WIDTH:0.519369
G1 F13631.788
G1 X164.59 Y119.244 E.00408
;WIDTH:0.476066
G1 F14994.604
G1 X164.612 Y119.14 E.00371
;WIDTH:0.421602
G1 F15000
G1 X164.629 Y118.483 E.02009
G1 X164.629 Y115.192 E.1005
G1 X163.023 Y113.587 E.06935
G1 X163.023 Y116.916 E.1017
G1 X162.945 Y117.165 E.00797
G1 X163.183 Y117.273 E.00797
G1 X163.371 Y117.694 E.01411
G1 X163.371 Y118.738 E.03187
G1 X163.56 Y118.878 E.00718
G1 X163.858 Y119.264 E.0149
;WIDTH:0.472023
G1 X163.919 Y119.368 E.00418
;WIDTH:0.507239
G1 F13987.91
G1 X163.98 Y119.473 E.00452
;WIDTH:0.556725
G1 F12640.682
G1 X164.042 Y119.577 E.005
G1 X164.042 Y121.253 E.06948
G1 X163.987 Y121.45 E.00846
;WIDTH:0.491585
G1 F14475.934
G1 X163.861 Y121.683 E.0096
;WIDTH:0.424225
G1 F15000
G1 X163.735 Y121.917 E.00816
G1 X163.516 Y122.167 E.01023
G1 X163.371 Y122.264 E.00535
G1 X163.371 Y122.737 E.01457
G1 X163.571 Y122.891 E.00776
;WIDTH:0.443343
G1 X163.728 Y123.118 E.0089
;WIDTH:0.490031
G1 F14526.248
G1 X163.885 Y123.344 E.00994
;WIDTH:0.554981
G1 F12683.731
G1 X164.042 Y123.571 E.01138
G1 X164.042 Y125.253 E.06948
M73 P38 R12
G1 X163.987 Y125.45 E.00843
;WIDTH:0.491585
G1 F14475.934
G1 X163.861 Y125.683 E.0096
;WIDTH:0.437311
G1 F15000
G1 X163.735 Y125.917 E.00844
G1 X163.542 Y126.141 E.00941
G1 X163.404 Y126.24 E.00541
G1 X163.78 Y126.464 F30000
;WIDTH:0.483144
G1 F14753.501
G1 X163.78 Y130.297 E.13609
G1 X164.22 Y130.737 E.02211
G1 X164.22 Y125.876 E.17259
G1 X164.045 Y126.183 E.01253
G1 X163.807 Y126.435 E.01231
G1 E-.728 F1800
;WIPE_START
G1 F30000
G1 X164.045 Y126.183 E-.0208
G1 X164.22 Y125.876 E-.02117
G1 X164.22 Y126.377 E-.03002
;WIPE_END

G1 X163.176 Y126.537 Z0.657143
G1 X162.4 Y125.821 Z0.714286
G1 X162.476 Y124.768 Z0.771429
G1 X163.346 Y124.17 Z0.828571
G1 X164.356 Y124.479 Z0.885714
G1 X164.745 Y125.46 Z0.942857
G1 X164.22 Y126.377 Z1
G1 X157.4 Y131.057 Z1
G1 Z.6
G1 E.8 F1800
;WIDTH:0.431684
G1 F15000
G1 X157.4 Y130.54 E.01622
G1 E-.76896 F1800
;WIPE_START
G1 F30000
G1 X157.4 Y131.057 E-.03104
;WIPE_END
G1 X152.2 Y131.108 Z1
G1 Z.6
G1 E.8 F1800
G1 F15000
G1 X152.2 Y130.94 E.00526
G1 E-.78994 F1800
;WIPE_START
G1 F30000
G1 X152.2 Y131.108 E-.01006
;WIPE_END
G1 X154.8 Y131.104 Z1
G1 Z.6
G1 E.8 F1800
G1 F15000
G1 X154.8 Y130.74 E.0114
G1 E-.77818 F1800
;WIPE_START
G1 F30000
G1 X154.8 Y131.104 E-.02182
;WIPE_END

G1 X154.141 Y130.279 Z0.657143
G1 X154.375 Y129.249 Z0.714286
G1 X155.326 Y128.79 Z0.771429
G1 X156.277 Y129.247 Z0.828571
G1 X156.514 Y130.276 Z0.885714
G1 X155.856 Y131.103 Z0.942857
G1 X154.8 Y131.104 Z1
G1 X143.673 Y125.76 Z1
G1 Z.6
G1 E.8 F1800
;WIDTH:0.38292
G1 F15000
G1 X143.974 Y126.004 E.01061
G1 E-.77679 F1800
;WIPE_START
G1 F30000
G1 X143.673 Y125.76 E-.02321
;WIPE_END
G1 X141.925 Y118.331 Z1
G1 X141.438 Y116.266 Z1
G1 Z.6
G1 E.8 F1800
;WIDTH:0.419999
G1 F15000
G1 X144.065 Y118.892 E.11296
G1 X144.065 Y118.977 E.0026
G1 X143.998 Y118.982 E.00202
G1 X143.744 Y119.105 E.00858
G1 X141.075 Y116.435 E.11483
G1 X140.541 Y116.435 E.01622
G1 X143.51 Y119.404 E.12767
G1 X143.433 Y119.588 E.00607
G1 X143.406 Y119.833 E.00749
G1 X140.008 Y116.435 E.14612
G1 X139.475 Y116.435 E.01622
G1 X143.406 Y120.366 E.16906
G1 X143.406 Y120.899 E.01622
G1 X138.942 Y116.435 E.192
G1 X138.408 Y116.435 E.01622
G1 X144.065 Y122.092 E.24328
G1 X144.065 Y122.625 E.01622
G1 X137.705 Y116.266 E.27352
G1 E-.728 F1800
;WIPE_START
G1 F30000
G1 X138.554 Y117.114 E-.072
;WIPE_END
G1 X137.948 Y109.506 Z1
G1 X137.723 Y106.685 Z1
G1 Z.6
G1 E.8 F1800
G1 F15000
G1 X135.474 Y104.435 E.09675
G1 X134.941 Y104.435 E.01622
G1 X137.07 Y106.565 E.09158
G1 X137.065 Y107.093 E.01606
G1 X134.407 Y104.435 E.11429
G1 X133.874 Y104.435 E.01622
G1 X137.065 Y107.626 E.13723
G1 X137.065 Y108.159 E.01622
G1 X133.341 Y104.435 E.16016
G1 X132.808 Y104.435 E.01622
G1 X137.065 Y108.692 E.1831
G1 X137.065 Y109.226 E.01622
G1 X132.274 Y104.435 E.20604
G1 X131.741 Y104.435 E.01622
G1 X137.065 Y109.759 E.22897
G1 X137.065 Y110.292 E.01622
G1 X131.208 Y104.435 E.25191
G1 X130.675 Y104.435 E.01622
G1 X137.065 Y110.825 E.27485
G1 X137.065 Y111.359 E.01622
G1 X130.141 Y104.435 E.29778
G1 X129.608 Y104.435 E.01622
G1 X137.065 Y111.892 E.32072
G1 X137.065 Y112.425 E.01622
G1 X129.075 Y104.435 E.34366
G1 X128.542 Y104.435 E.01622
G1 X137.065 Y112.959 E.36659
G1 X137.065 Y113.492 E.01622
G1 X128.008 Y104.435 E.38953
G1 X127.475 Y104.435 E.01622
G1 X137.065 Y114.025 E.41247
G1 X137.065 Y114.558 E.01622
G1 X126.942 Y104.435 E.4354
G1 X126.408 Y104.435 E.01622
G1 X137.065 Y115.092 E.45834
G1 X137.065 Y115.625 E.01622
G1 X125.875 Y104.435 E.48128
G1 X125.342 Y104.435 E.01622
G1 X143.922 Y123.016 E.79917
G1 X143.761 Y123.089 E.0054
G1 X143.611 Y123.238 E.00642
G1 X124.809 Y104.435 E.80873
G1 X124.275 Y104.435 E.01622
G1 X143.433 Y123.593 E.82398
G1 X143.406 Y123.728 E.00421
G1 X143.406 Y124.099 E.01127
G1 X123.742 Y104.435 E.84575
G1 X123.209 Y104.435 E.01622
G1 X128.299 Y109.525 E.21892
G1 X128.446 Y109.581 E.0048
G1 X128.803 Y109.802 E.01276
G1 X129.109 Y110.089 E.01276
G1 X129.353 Y110.43 E.01276
G1 X129.477 Y110.704 E.00914
G1 X143.406 Y124.632 E.59908
G1 X143.406 Y125.165 E.01622
G1 X129.627 Y111.387 E.59263
G1 X129.635 Y111.64 E.0077
G1 X129.594 Y111.888 E.00763
G1 X144.065 Y126.358 E.62238
G1 X144.065 Y126.891 E.01622
G1 X129.474 Y112.3 E.62756
G1 X129.419 Y112.446 E.00474
G1 X129.292 Y112.651 E.00734
G1 X144.065 Y127.424 E.6354
G1 X144.065 Y127.958 E.01622
G1 X129.058 Y112.951 E.64544
G1 X128.911 Y113.109 E.00656
G1 X128.778 Y113.204 E.00497
G1 X144.065 Y128.491 E.6575
G1 X144.065 Y129.024 E.01622
G1 X128.449 Y113.408 E.67166
G1 X128.188 Y113.526 E.00871
G1 X128.063 Y113.555 E.00391
G1 X144.065 Y129.557 E.68826
G1 X144.065 Y130.091 E.01622
G1 X127.601 Y113.627 E.70811
G1 X127.36 Y113.635 E.00734
G1 X127.02 Y113.579 E.01049
G1 X144.234 Y130.794 E.74042
G1 E-.728 F1800
;WIPE_START
G1 F30000
G1 X143.386 Y129.945 E-.072
;WIPE_END
G1 X151.012 Y130.245 Z1
G1 X162.815 Y130.71 Z1
G1 Z.6
G1 E.8 F1800
G1 F15000
G1 X165.065 Y132.959 E.09675
G1 X165.065 Y133.493 E.01622
G1 X162.935 Y131.363 E.09158
G1 X162.935 Y131.435 E.00219
G1 X162.474 Y131.435 E.01403
G1 X165.065 Y134.026 E.11143
G1 X165.065 Y134.559 E.01622
G1 X161.941 Y131.435 E.13436
G1 X161.407 Y131.435 E.01622
G1 X165.065 Y135.093 E.1573
G1 X165.065 Y135.626 E.01622
G1 X160.874 Y131.435 E.18024
G1 X160.341 Y131.435 E.01622
G1 X165.065 Y136.159 E.20317
G1 X165.065 Y136.692 E.01622
G1 X159.808 Y131.435 E.22611
G1 X159.274 Y131.435 E.01622
G1 X165.065 Y137.226 E.24905
G1 X165.065 Y137.759 E.01622
G1 X158.741 Y131.435 E.27198
G1 X158.208 Y131.435 E.01622
G1 X165.065 Y138.292 E.29492
G1 X165.065 Y138.825 E.01622
G1 X157.675 Y131.435 E.31786
G1 X157.465 Y131.435 E.00638
G1 X157.465 Y131.261 E.00531
G1 X157.335 Y131.245 E.00396
G1 X157.335 Y131.435 E.00578
G1 X157.141 Y131.435 E.0059
G1 X165.065 Y139.359 E.34079
G1 X165.065 Y139.892 E.01622
G1 X156.608 Y131.435 E.36373
G1 X156.075 Y131.435 E.01622
G1 X165.065 Y140.425 E.38667
G1 X165.065 Y140.959 E.01622
G1 X155.541 Y131.435 E.4096
G1 X155.008 Y131.435 E.01622
G1 X165.065 Y141.492 E.43254
G1 X165.065 Y142.025 E.01622
G1 X154.475 Y131.435 E.45548
G1 X153.942 Y131.435 E.01622
G1 X165.065 Y142.558 E.47841
G1 X165.065 Y143.092 E.01622
G1 X153.408 Y131.435 E.50135
G1 X152.875 Y131.435 E.01622
G1 X165.065 Y143.625 E.52429
G1 X165.065 Y144.158 E.01622
G1 X152.209 Y131.302 E.55296
G1 X152.135 Y131.302 E.00223
G1 X152.135 Y131.435 E.00406
G1 X151.809 Y131.435 E.00994
G1 X165.065 Y144.691 E.57016
G1 X165.065 Y145.225 E.01622
G1 X151.275 Y131.435 E.5931
G1 X150.742 Y131.435 E.01622
G1 X165.065 Y145.758 E.61603
G1 X165.065 Y146.291 E.01622
G1 X150.039 Y131.266 E.64627
G1 X149.373 Y131.132 F30000
G1 F15000
M73 P39 R12
G1 X165.039 Y146.799 E.67384
G1 X164.992 Y147.034 E.00729
G1 X164.929 Y147.222 E.00603
G1 X149.142 Y131.435 E.67899
G1 X148.609 Y131.435 E.01622
G1 X164.754 Y147.58 E.69441
G1 X164.636 Y147.756 E.00642
G1 X164.524 Y147.884 E.00518
G1 X148.076 Y131.435 E.70747
G1 X147.542 Y131.435 E.01622
G1 X164.248 Y148.141 E.71854
G1 X163.917 Y148.343 E.0118
G1 X147.009 Y131.435 E.72721
G1 X146.476 Y131.435 E.01622
G1 X163.533 Y148.493 E.73365
G1 X163.269 Y148.545 E.00818
G1 X163.066 Y148.558 E.0062
G1 X145.943 Y131.435 E.73648
G1 X145.409 Y131.435 E.01622
G1 X162.539 Y148.565 E.73675
G1 X162.005 Y148.565 E.01622
G1 X144.706 Y131.266 E.74405
G1 E-.728 F1800
;WIPE_START
G1 F30000
G1 X145.555 Y132.114 E-.072
;WIPE_END
G1 X140.085 Y126.791 Z1
G1 X125.597 Y112.69 Z1
G1 Z.6
G1 E.8 F1800
G1 F15000
G1 X161.472 Y148.565 E1.54303
G1 X160.939 Y148.565 E.01622
G1 X125.455 Y113.081 E1.52622
G1 X125.372 Y113.158 E.00344
G1 X125.142 Y113.301 E.00824
G1 X160.406 Y148.565 E1.51673
G1 X159.872 Y148.565 E.01622
G1 X124.776 Y113.468 E1.50956
G1 X124.655 Y113.513 E.00391
G1 X124.346 Y113.572 E.00957
G1 X159.339 Y148.565 E1.50509
G1 X158.806 Y148.565 E.01622
G1 X123.796 Y113.555 E1.50583
G1 X123.584 Y113.525 E.00649
G1 X123.287 Y113.424 E.00956
G1 X122.953 Y113.245 E.0115
G1 X158.273 Y148.565 E1.51914
G1 X157.739 Y148.565 E.01622
G1 X122.124 Y112.949 E1.53186
G1 X122.045 Y113.034 E.00351
G1 X121.829 Y113.188 E.00806
G1 X157.206 Y148.565 E1.52159
G1 X156.673 Y148.565 E.01622
G1 X121.482 Y113.374 E1.51359
G1 X121.356 Y113.432 E.00423
G1 X121.072 Y113.498 E.00885
G1 X156.139 Y148.565 E1.50828
G1 X155.606 Y148.565 E.01622
G1 X120.567 Y113.526 E1.50706
G1 X120.449 Y113.526 E.00361
G1 X120.044 Y113.432 E.01263
G1 X119.853 Y113.345 E.00638
G1 X155.073 Y148.565 E1.51484
G1 X154.54 Y148.565 E.01622
G1 X118.751 Y112.776 E1.53934
G1 X118.662 Y112.884 E.00425
G1 X118.471 Y113.03 E.0073
G1 X154.006 Y148.565 E1.5284
G1 X153.473 Y148.565 E.01622
G1 X118.146 Y113.238 E1.51944
G1 X118.021 Y113.3 E.00424
G1 X117.752 Y113.377 E.00852
G1 X130.484 Y126.109 E.5476
G1 X130.61 Y126.137 E.00394
G1 X131.101 Y126.419 E.01721
G1 X131.51 Y126.852 E.01811
G1 X131.723 Y127.348 E.01643
G1 X152.94 Y148.565 E.91256
G1 X152.407 Y148.565 E.01622
G1 X131.814 Y127.972 E.88572
G1 X131.817 Y128.029 E.00176
G1 X131.739 Y128.43 E.01242
G1 X151.873 Y148.565 E.866
G1 X151.34 Y148.565 E.01622
G1 X131.638 Y128.863 E.8474
G1 X131.687 Y129.385 E.01595
G1 X131.675 Y129.433 E.00148
G1 X150.807 Y148.565 E.8229
G1 X150.273 Y148.565 E.01622
G1 X131.565 Y129.857 E.80466
G1 X131.375 Y130.2 E.01193
G1 X149.74 Y148.565 E.78989
G1 X149.207 Y148.565 E.01622
G1 X131.11 Y130.468 E.77838
G1 X130.958 Y130.62 E.00655
G1 X130.809 Y130.7 E.00515
G1 X148.674 Y148.565 E.7684
G1 X148.14 Y148.565 E.01622
G1 X130.434 Y130.859 E.76156
G1 X130.047 Y130.947 E.01207
G1 X129.987 Y130.945 E.00183
G1 X147.607 Y148.565 E.75785
G1 X147.074 Y148.565 E.01622
G1 X129.404 Y130.895 E.75999
G1 X129.109 Y130.816 E.00929
G1 X128.716 Y130.604 E.01358
G1 X128.387 Y130.293 E.01378
G1 X128.247 Y130.056 E.00836
G1 X128.247 Y130.271 E.00652
G1 X146.541 Y148.565 E.78684
G1 X146.007 Y148.565 E.01622
G1 X127.844 Y130.401 E.78123
G1 X127.311 Y130.401 E.01622
G1 X145.474 Y148.565 E.78123
G1 X144.941 Y148.565 E.01622
G1 X126.777 Y130.401 E.78123
G1 X126.244 Y130.401 E.01622
G1 X144.407 Y148.565 E.78123
G1 X143.874 Y148.565 E.01622
G1 X125.711 Y130.401 E.78123
G1 X125.269 Y130.401 E.01343
G1 X125.255 Y130.324 E.00238
G1 X125.178 Y130.401 E.00331
G1 X124.609 Y129.833 E.02444
G1 X143.341 Y148.565 E.80567
G1 X142.808 Y148.565 E.01622
G1 X124.329 Y130.086 E.7948
G1 X124.162 Y130.226 E.00664
G1 X123.994 Y130.284 E.0054
G1 X142.274 Y148.565 E.78628
G1 X141.741 Y148.565 E.01622
G1 X123.597 Y130.42 E.78042
G1 X123.546 Y130.438 E.00163
G1 X123.067 Y130.424 E.01456
G1 X141.208 Y148.565 E.78026
G1 X140.675 Y148.565 E.01622
G1 X121.509 Y129.399 E.82434
G1 X121.232 Y129.656 E.01148
G1 X140.141 Y148.565 E.8133
G1 X139.608 Y148.565 E.01622
M73 P40 R12
G1 X120.874 Y129.831 E.80576
G1 X120.577 Y129.933 E.00955
G1 X120.444 Y129.933 E.00407
G1 X139.244 Y148.734 E.80865
G1 E-.728 F1800
;WIPE_START
G1 F30000
G1 X138.396 Y147.886 E-.072
;WIPE_END
G1 X135.649 Y140.765 Z1
G1 X130.024 Y126.182 Z1
G1 Z.6
G1 E.8 F1800
G1 F15000
G1 X117.091 Y113.249 E.55628
G1 E-.728 F1800
;WIPE_START
G1 F30000
G1 X117.939 Y114.097 E-.072
;WIPE_END
G1 X115.326 Y112.017 Z1
G1 Z.6
G1 E.8 F1800
G1 F15000
G1 X115.488 Y112.18 E.00699
G1 X115.68 Y112.564 E.01306
G1 X115.853 Y112.79 E.00864
G1 X116.13 Y113.05 E.01157
G1 X116.543 Y113.288 E.01448
G1 X116.62 Y113.311 E.00244
G1 X129.37 Y126.061 E.54839
G1 X128.989 Y126.213 E.01247
G1 X115.262 Y112.487 E.59041
G1 X115.171 Y112.614 E.00477
G1 X115.008 Y112.766 E.00676
G1 X128.668 Y126.425 E.5875
G1 X128.382 Y126.674 E.0115
G1 X114.695 Y112.986 E.58872
G1 X114.312 Y113.136 E.01251
G1 X128.3 Y127.125 E.60166
G1 E-.728 F1800
;WIPE_START
G1 F30000
G1 X127.452 Y126.276 E-.072
;WIPE_END
G1 X126.872 Y126.23 Z1
G1 Z.6
G1 E.8 F1800
G1 F15000
G1 X113.632 Y112.99 E.56947
G1 E-.728 F1800
;WIPE_START
G1 F30000
G1 X114.481 Y113.839 E-.072
;WIPE_END
G1 X119.384 Y107.99 Z1
G1 X122.506 Y104.266 Z1
G1 Z.6
G1 E.8 F1800
G1 F15000
G1 X127.606 Y109.366 E.21936
G1 X127.221 Y109.378 E.01173
G1 X127.111 Y109.404 E.00343
G1 X122.142 Y104.435 E.21371
G1 X121.609 Y104.435 E.01622
G1 X126.699 Y109.525 E.21892
G1 X126.43 Y109.647 E.00897
G1 X126.347 Y109.706 E.00311
G1 X121.076 Y104.435 E.22672
G1 X120.542 Y104.435 E.01622
G1 X126.045 Y109.937 E.23665
G1 X125.793 Y110.219 E.01149
G1 X120.009 Y104.435 E.24876
G1 X119.476 Y104.435 E.01622
G1 X124.498 Y109.458 E.21602
G1 X124.237 Y109.415 E.00807
G1 X123.932 Y109.425 E.00928
G1 X118.943 Y104.435 E.21459
G1 X118.409 Y104.435 E.01622
G1 X123.489 Y109.515 E.21848
G1 X123.314 Y109.562 E.00551
G1 X123.111 Y109.67 E.00699
G1 X117.876 Y104.435 E.22516
G1 X117.343 Y104.435 E.01622
G1 X122.793 Y109.886 E.23442
G1 X122.516 Y110.142 E.01148
G1 X116.81 Y104.435 E.24546
G1 X116.276 Y104.435 E.01622
G1 X121.446 Y109.605 E.22235
G1 X121.113 Y109.504 E.01059
G1 X120.774 Y109.466 E.01036
G1 X115.743 Y104.435 E.21639
G1 X115.21 Y104.435 E.01622
G1 X120.286 Y109.512 E.21835
G1 X120.029 Y109.572 E.00803
G1 X119.884 Y109.643 E.00491
G1 X114.676 Y104.435 E.224
G1 X114.143 Y104.435 E.01622
G1 X119.537 Y109.83 E.23201
G1 X119.344 Y109.978 E.0074
G1 X119.251 Y110.077 E.00414
G1 X113.61 Y104.435 E.24265
G1 X113.077 Y104.435 E.01622
G1 X119.012 Y110.371 E.2553
G1 X118.947 Y110.484 E.00396
G1 X118.681 Y110.14 E.01321
G1 X118.456 Y109.943 E.00911
G1 X118.061 Y109.715 E.01388
G1 X117.716 Y109.608 E.01096
G1 X112.543 Y104.435 E.2225
G1 X112.01 Y104.435 E.01622
G1 X117.148 Y109.573 E.22099
G1 X117.031 Y109.577 E.00356
G1 X116.706 Y109.664 E.01025
G1 X111.477 Y104.435 E.22491
G1 X110.944 Y104.435 E.01622
G1 X116.331 Y109.822 E.23171
G1 X116.018 Y110.043 E.01164
G1 X110.41 Y104.435 E.24121
G1 X109.877 Y104.435 E.01622
G1 X115.767 Y110.326 E.25334
G1 X115.694 Y110.409 E.00336
G1 X115.563 Y110.654 E.00848
G1 X109.344 Y104.435 E.26749
G1 X108.811 Y104.435 E.01622
G1 X114.21 Y109.835 E.23224
G1 X113.663 Y109.821 E.01664
G1 X108.277 Y104.435 E.23165
G1 X107.744 Y104.435 E.01622
G1 X113.254 Y109.945 E.23699
G1 X113.179 Y109.968 E.00238
G1 X112.91 Y110.135 E.00962
G1 X107.425 Y104.65 E.23594
G1 X107.425 Y104.916 E.00811
G1 X107.292 Y105.05 E.00573
G1 X107.807 Y105.565 E.02216
G1 X107.935 Y105.565 E.00391
G1 X107.935 Y105.693 E.00391
G1 X112.629 Y110.387 E.20187
G1 X112.414 Y110.705 E.01168
G1 X107.935 Y106.227 E.19263
G1 X107.935 Y106.76 E.01622
G1 X112.268 Y111.093 E.18636
G1 X112.225 Y111.279 E.00583
G1 X112.215 Y111.573 E.00892
G1 X111.915 Y111.273 E.01289
G1 X111.951 Y111.405 E.00416
G1 X111.9 Y111.791 E.01184
G1 X115.855 Y115.746 E.17014
G1 X115.9 Y115.747 E.00136
G1 X116.452 Y115.975 E.01816
G1 X116.809 Y116.28 E.01428
G1 X117.137 Y116.788 E.0184
G1 X117.211 Y117.102 E.00981
G1 X126.178 Y126.069 E.38568
G1 X126.071 Y126.085 E.0033
G1 X126.071 Y126.065 E.00062
G1 X125.64 Y126.065 E.0131
G1 X117.247 Y117.671 E.36103
G1 X117.22 Y117.982 E.0095
G1 X117.162 Y118.119 E.00454
G1 X125.107 Y126.065 E.34174
G1 X124.574 Y126.065 E.01622
G1 X117.16 Y118.651 E.31889
G1 X117.16 Y119.184 E.01622
G1 X124.041 Y126.065 E.29595
G1 X123.507 Y126.065 E.01622
G1 X117.16 Y119.717 E.27302
G1 X117.16 Y120.003 E.00868
G1 X116.912 Y120.003 E.00754
G1 X122.974 Y126.065 E.26074
G1 X122.441 Y126.065 E.01622
G1 X116.379 Y120.003 E.26074
G1 X115.845 Y120.003 E.01622
G1 X121.907 Y126.065 E.26074
G1 X121.374 Y126.065 E.01622
G1 X115.312 Y120.003 E.26074
G1 X114.779 Y120.003 E.01622
G1 X121.011 Y126.234 E.26804
G1 E-.728 F1800
;WIPE_START
G1 F30000
G1 X120.162 Y125.386 E-.072
;WIPE_END
G1 X116.048 Y118.957 Z1
G1 X111.63 Y112.055 Z1
G1 Z.6
G1 E.8 F1800
G1 F15000
G1 X115.311 Y115.736 E.15833
G1 X114.87 Y115.827 E.01372
G1 X111.541 Y112.498 E.14318
G1 X111.239 Y112.73 E.01157
G1 X114.513 Y116.004 E.14081
G1 X114.23 Y116.255 E.01149
G1 X110.856 Y112.881 E.14512
G1 X110.595 Y112.951 E.00823
G1 X110.363 Y112.92 E.00713
G1 X114.006 Y116.564 E.15672
G1 X113.899 Y116.748 E.00649
G1 X113.849 Y116.939 E.00602
G1 X107.935 Y111.026 E.25434
G1 X107.935 Y111.559 E.01622
G1 X113.733 Y117.357 E.24939
G1 X113.628 Y117.785 E.0134
G1 X111.993 Y116.15 E.07033
G1 X111.993 Y115.765 E.01172
G1 X111.607 Y115.765 E.01172
G1 X107.935 Y112.093 E.15794
G1 X107.935 Y112.626 E.01622
G1 X111.244 Y115.934 E.14231
G1 E-.728 F1800
;WIPE_START
G1 F30000
G1 X110.395 Y115.086 E-.072
;WIPE_END
G1 X112.121 Y116.811 Z1
G1 Z.6
G1 E.8 F1800
G1 F15000
G1 X113.982 Y118.672 E.08002
G1 X114.106 Y119.329 E.02034
G1 X112.291 Y117.514 E.07806
G1 X112.291 Y118.048 E.01622
G1 X120.308 Y126.065 E.34482
G1 X119.774 Y126.065 E.01622
G1 X112.232 Y118.523 E.32439
G1 X111.993 Y118.523 E.00729
G1 X111.993 Y118.816 E.00893
G1 X119.241 Y126.065 E.31176
G1 X118.708 Y126.065 E.01622
G1 X111.993 Y119.35 E.28882
G1 X111.993 Y119.883 E.01622
G1 X118.436 Y126.326 E.27711
G1 X118.615 Y127.038 E.02234
G1 X111.622 Y120.045 E.30077
G1 X111.089 Y120.045 E.01622
G1 X118.619 Y127.576 E.32389
G1 X118.435 Y127.594 E.00563
G1 X118.551 Y128.041 E.01403
G1 X110.555 Y120.045 E.34389
G1 X110.177 Y120.045 E.0115
G1 X110.114 Y119.953 E.0034
G1 X110.022 Y120.045 E.00397
G1 X108.915 Y118.938 E.04762
G1 X118.738 Y128.761 E.4225
G1 X118.815 Y129.058 E.00932
G1 X119.024 Y129.399 E.01216
G1 X119.393 Y129.724 E.01497
G1 X119.869 Y129.893 E.01538
G1 X138.542 Y148.565 E.80311
G1 X138.008 Y148.565 E.01622
G1 X108.915 Y119.471 E1.25135
G1 X108.915 Y120.004 E.01622
G1 X137.475 Y148.565 E1.22841
G1 X136.942 Y148.565 E.01622
G1 X108.915 Y120.538 E1.20547
G1 X108.915 Y121.071 E.01622
M73 P41 R12
G1 X136.408 Y148.565 E1.18254
G1 X135.875 Y148.565 E.01622
G1 X108.915 Y121.604 E1.1596
G1 X108.915 Y122.138 E.01622
G1 X135.342 Y148.565 E1.13666
G1 X134.809 Y148.565 E.01622
G1 X108.915 Y122.671 E1.11373
G1 X108.915 Y123.204 E.01622
G1 X134.275 Y148.565 E1.09079
G1 X133.742 Y148.565 E.01622
G1 X108.915 Y123.737 E1.06785
G1 X108.915 Y124.271 E.01622
G1 X133.209 Y148.565 E1.04492
G1 X132.676 Y148.565 E.01622
G1 X108.915 Y124.804 E1.02198
G1 X108.915 Y125.337 E.01622
G1 X132.142 Y148.565 E.99904
G1 X131.609 Y148.565 E.01622
G1 X108.915 Y125.87 E.97611
G1 X108.915 Y126.404 E.01622
G1 X131.076 Y148.565 E.95317
G1 X130.542 Y148.565 E.01622
G1 X108.915 Y126.937 E.93023
G1 X108.915 Y127.47 E.01622
G1 X130.009 Y148.565 E.9073
G1 X129.476 Y148.565 E.01622
G1 X108.915 Y128.004 E.88436
G1 X108.915 Y128.537 E.01622
G1 X128.943 Y148.565 E.86142
G1 X128.409 Y148.565 E.01622
G1 X108.915 Y129.07 E.83849
G1 X108.915 Y129.603 E.01622
G1 X127.876 Y148.565 E.81555
G1 X127.343 Y148.565 E.01622
G1 X108.915 Y130.137 E.79261
G1 X108.915 Y130.67 E.01622
G1 X126.81 Y148.565 E.76968
G1 X126.276 Y148.565 E.01622
G1 X108.915 Y131.203 E.74674
G1 X108.915 Y131.736 E.01622
G1 X125.743 Y148.565 E.7238
G1 X125.21 Y148.565 E.01622
G1 X108.915 Y132.27 E.70087
G1 X108.915 Y132.415 E.00441
G1 X108.527 Y132.415 E.01181
G1 X124.676 Y148.565 E.69463
G1 X124.143 Y148.565 E.01622
G1 X107.993 Y132.415 E.69463
G1 X107.46 Y132.415 E.01622
G1 X123.61 Y148.565 E.69463
G1 X123.077 Y148.565 E.01622
G1 X106.927 Y132.415 E.69463
G1 X106.394 Y132.415 E.01622
G1 X122.543 Y148.565 E.69463
G1 X122.01 Y148.565 E.01622
G1 X105.86 Y132.415 E.69463
G1 X105.327 Y132.415 E.01622
G1 X121.477 Y148.565 E.69463
G1 X120.944 Y148.565 E.01622
G1 X104.794 Y132.415 E.69463
G1 X104.26 Y132.415 E.01622
G1 X120.41 Y148.565 E.69463
G1 X119.877 Y148.565 E.01622
G1 X103.748 Y132.435 E.69374
G1 X103.214 Y132.435 E.01622
G1 X119.344 Y148.565 E.69374
G1 X118.811 Y148.565 E.01622
G1 X102.681 Y132.435 E.69374
G1 X102.148 Y132.435 E.01622
G1 X118.277 Y148.565 E.69374
G1 X117.744 Y148.565 E.01622
G1 X101.615 Y132.435 E.69374
G1 X101.081 Y132.435 E.01622
G1 X117.211 Y148.565 E.69374
G1 X116.677 Y148.565 E.01622
G1 X100.548 Y132.435 E.69374
G1 X100.015 Y132.435 E.01622
G1 X116.144 Y148.565 E.69374
G1 X115.611 Y148.565 E.01622
G1 X99.482 Y132.435 E.69374
G1 X98.948 Y132.435 E.01622
M73 P41 R11
G1 X115.078 Y148.565 E.69374
G1 X114.544 Y148.565 E.01622
G1 X98.415 Y132.435 E.69374
G1 X97.882 Y132.435 E.01622
G1 X114.011 Y148.565 E.69374
G1 X113.478 Y148.565 E.01622
G1 X97.349 Y132.435 E.69374
G1 X96.815 Y132.435 E.01622
G1 X112.945 Y148.565 E.69374
G1 X112.411 Y148.565 E.01622
G1 X96.282 Y132.435 E.69374
G1 X95.749 Y132.435 E.01622
G1 X111.878 Y148.565 E.69374
G1 X111.345 Y148.565 E.01622
G1 X95.215 Y132.435 E.69374
G1 X94.682 Y132.435 E.01622
G1 X110.811 Y148.565 E.69374
G1 X110.278 Y148.565 E.01622
G1 X94.149 Y132.435 E.69374
G1 X93.616 Y132.435 E.01622
G1 X109.745 Y148.565 E.69374
G1 X109.212 Y148.565 E.01622
G1 X93.082 Y132.435 E.69374
G1 X92.549 Y132.435 E.01622
G1 X108.678 Y148.565 E.69374
G1 X108.145 Y148.565 E.01622
G1 X91.372 Y131.792 E.72143
G1 X91.239 Y131.925 E.00573
G1 X91.02 Y131.973 E.0068
G1 X107.612 Y148.565 E.71362
G1 X107.079 Y148.565 E.01622
G1 X90.935 Y132.421 E.69434
G1 X90.935 Y132.955 E.01622
G1 X106.545 Y148.565 E.67141
G1 X106.012 Y148.565 E.01622
G1 X90.935 Y133.488 E.64847
G1 X90.935 Y134.021 E.01622
G1 X105.479 Y148.565 E.62553
G1 X104.945 Y148.565 E.01622
G1 X90.935 Y134.555 E.6026
G1 X90.935 Y135.088 E.01622
G1 X104.412 Y148.565 E.57966
G1 X103.879 Y148.565 E.01622
M73 P42 R11
G1 X90.935 Y135.621 E.55672
G1 X90.935 Y136.154 E.01622
G1 X103.346 Y148.565 E.53379
G1 X102.812 Y148.565 E.01622
G1 X90.935 Y136.688 E.51085
G1 X90.935 Y137.221 E.01622
G1 X102.279 Y148.565 E.48791
G1 X101.746 Y148.565 E.01622
G1 X90.935 Y137.754 E.46498
G1 X90.935 Y138.287 E.01622
G1 X101.213 Y148.565 E.44204
G1 X100.679 Y148.565 E.01622
G1 X90.935 Y138.821 E.4191
G1 X90.935 Y139.354 E.01622
G1 X100.146 Y148.565 E.39617
G1 X99.613 Y148.565 E.01622
G1 X90.935 Y139.887 E.37323
G1 X90.935 Y140.42 E.01622
G1 X99.08 Y148.565 E.35029
G1 X98.546 Y148.565 E.01622
G1 X90.935 Y140.954 E.32736
G1 X90.935 Y141.487 E.01622
G1 X98.013 Y148.565 E.30442
G1 X97.48 Y148.565 E.01622
G1 X90.935 Y142.02 E.28148
G1 X90.935 Y142.554 E.01622
G1 X96.946 Y148.565 E.25854
G1 X96.413 Y148.565 E.01622
G1 X90.935 Y143.087 E.23561
G1 X90.935 Y143.62 E.01622
G1 X95.88 Y148.565 E.21267
G1 X95.347 Y148.565 E.01622
G1 X90.935 Y144.153 E.18973
G1 X90.935 Y144.687 E.01622
G1 X94.813 Y148.565 E.1668
G1 X94.28 Y148.565 E.01622
G1 X90.935 Y145.22 E.14386
G1 X90.935 Y145.753 E.01622
G1 X93.747 Y148.565 E.12092
G1 X93.214 Y148.565 E.01622
G1 X90.935 Y146.286 E.09799
G1 X90.972 Y146.857 E.01738
G1 X92.838 Y148.722 E.08023
G1 E-.728 F1800
;WIPE_START
G1 F30000
G1 X91.989 Y147.874 E-.072
;WIPE_END
G1 X96.757 Y141.914 Z1
G1 X119.681 Y113.262 Z1
G1 Z.6
G1 E.8 F1800
;TYPE:Gap infill
;WIDTH:0.243928
G1 F15000
G1 X119.373 Y112.999 E.00657
G1 X119.1 Y112.716 E.00639
;WIDTH:0.258604
G1 X118.978 Y112.563 E.00339
;WIDTH:0.272949
G1 X118.857 Y112.41 E.00362
G1 E-.7883 F1800
;WIPE_START
G1 F30000
G1 X118.978 Y112.563 E-.0117
;WIPE_END
G1 X122.372 Y110.397 Z1
G1 Z.6
G1 E.8 F1800
;WIDTH:0.209277
G1 F15000
G1 X122.167 Y110.165 E.00415
G1 X121.816 Y109.838 E.00644
;WIDTH:0.22612
G1 X121.615 Y109.689 E.00369
G1 E-.78501 F1800
;WIPE_START
G1 F30000
G1 X121.816 Y109.838 E-.01499
;WIPE_END
G1 X114.189 Y110.138 Z1
G1 X111.166 Y110.257 Z1
G1 Z.6
G1 E.8 F1800
;WIDTH:0.415889
G1 F15000
G1 X110.652 Y110.01 E.01714
G1 X107.806 Y107.163 E.12111
G1 E-.728 F1800
;WIPE_START
G1 F30000
G1 X108.654 Y108.012 E-.072
;WIPE_END
G1 X110.546 Y115.406 Z1
G1 X110.671 Y115.894 Z1
G1 Z.6
G1 E.8 F1800
;WIDTH:0.419969
G1 F15000
G1 X107.806 Y113.029 E.12322
G1 E-.728 F1800
;WIPE_START
G1 F30000
G1 X108.654 Y113.878 E-.072
;WIPE_END
G1 X105.421 Y120.792 Z1
G1 X92.41 Y148.61 Z1
G1 Z.6
G1 E.8 F1800
;WIDTH:0.222512
G1 F15000
G1 X92.188 Y148.451 E.00396
;WIDTH:0.26768
G1 X91.966 Y148.292 E.00495
;WIDTH:0.303503
G1 X91.861 Y148.206 E.00284
;WIDTH:0.347507
G1 X91.562 Y147.938 E.00987
G1 X91.38 Y147.743 E.00655
;WIDTH:0.329975
G1 X91.294 Y147.639 E.00313
;WIDTH:0.303497
G1 X91.208 Y147.534 E.00284
;WIDTH:0.267672
G1 X91.049 Y147.312 E.00495
;WIDTH:0.245087
G1 X90.89 Y147.09 E.00446
G1 E-.7836 F1800
;WIPE_START
G1 F30000
G1 X91.049 Y147.312 E-.0164
;WIPE_END
G1 X92.719 Y139.865 Z1
G1 X97.691 Y117.696 Z1
G1 Z.6
G1 E.8 F1800
;TYPE:Internal solid infill
;WIDTH:0.546636
G1 F12893.864
G1 X97.705 Y117.536 E.00655
;WIDTH:0.562494
G1 F12500.328
G1 X97.719 Y117.375 E.00675
G1 E-.79033 F1800
;WIPE_START
G1 F30000
G1 X97.705 Y117.536 E-.00967
;WIPE_END
G1 X98.218 Y118.129 Z1
G1 Z.6
G1 E.8 F1800
;WIDTH:0.419999
G1 F15000
G1 X98.123 Y117.691 E.01361
G1 X98.158 Y117.496 E.00604
G1 X98.27 Y117.311 E.00656
G1 X98.377 Y117.256 E.00366
G1 X98.28 Y116.871 E.01207
G1 X97.258 Y116.871 E.03108
G1 X97.258 Y118.129 E.03825
G1 X98.178 Y118.129 E.02797
G1 X98.706 Y118.506 F30000
G1 F15000
G1 X98.506 Y117.739 E.02411
G1 X98.512 Y117.626 E.00343
G1 X98.549 Y117.565 E.00219
G1 X98.738 Y117.497 E.00611
G1 X98.861 Y117.485 E.00373
G1 X98.785 Y117.333 E.00515
G1 X98.574 Y116.494 E.02631
G1 X96.881 Y116.494 E.05149
G1 X96.881 Y118.506 E.06118
G1 X98.666 Y118.506 E.05427
G1 E-.728 F1800
;WIPE_START
G1 F30000
G1 X97.466 Y118.506 E-.072
;WIPE_END
G1 X99.082 Y116.1 Z1
G1 Z.6
G1 E.8 F1800
;TYPE:Gap infill
;WIDTH:0.43084
G1 F15000
G1 X101.67 Y116.1 E.08098
G1 X102.3 Y115.906 F30000
;WIDTH:0.230842
G1 F15000
G1 X102.3 Y106.094 E.14872
G1 E-.728 F1800
;WIPE_START
G1 F30000
G1 X102.3 Y107.294 E-.072
;WIPE_END
G1 X105.4 Y106.094 Z1
G1 Z.6
G1 E.8 F1800
;WIDTH:0.430662
G1 F15000
G1 X105.4 Y115.712 E.30079
G1 X105.425 Y115.737 E.00109
;WIDTH:0.360536
G1 X105.446 Y115.779 E.00121
;WIDTH:0.318187
G1 X105.467 Y115.821 E.00105
;WIDTH:0.275838
G1 X105.488 Y115.864 E.00089
;WIDTH:0.233489
G1 X105.509 Y115.906 E.00073
;WIDTH:0.234463
G1 X105.509 Y115.955 E.00075
;WIDTH:0.278757
G1 X105.509 Y116.003 E.00093
;WIDTH:0.31968
G1 X105.511 Y116.027 E.00052
;WIDTH:0.357232
G1 X105.513 Y116.05 E.00059
;WIDTH:0.394783
G1 X105.514 Y116.073 E.00067
;WIDTH:0.404758
G1 X105.865 Y116.107 E.01027
;WIDTH:0.436503
G1 X106.093 Y116.133 E.0073
G1 E-.78621 F1800
;WIPE_START
G1 F30000
G1 X105.865 Y116.107 E-.01379
;WIPE_END
G1 X103.695 Y118.506 Z1
G1 Z.6
G1 E.8 F1800
;TYPE:Internal solid infill
;WIDTH:0.419999
G1 F15000
G1 X103.539 Y117.994 E.01629
G1 X103.662 Y117.374 E.01922
G1 X103.805 Y116.781 E.01854
G1 X103.961 Y116.494 E.00993
G1 X102.258 Y116.494 E.05179
G1 X102.258 Y117.933 E.04376
G1 X102.237 Y118.131 E.00604
G1 X102.256 Y118.506 E.01143
G1 X103.655 Y118.506 E.04257
G1 X103.141 Y118.093 F30000
;WIDTH:0.497313
G1 F14293.453
G1 X103.129 Y117.796 E.0109
;WIDTH:0.518426
G1 F13658.815
G1 X103.177 Y117.532 E.01028
;WIDTH:0.562792
G1 F12493.181
G1 X103.303 Y116.944 E.02518
G1 X102.708 Y116.944 E.02493
;WIDTH:0.550394
G1 F12798.4
G1 X102.692 Y117.343 E.01633
;WIDTH:0.509183
G1 F13929.595
G1 X102.649 Y118.093 E.02824
G1 X103.101 Y118.093 E.01701
G1 E-.728 F1800
;WIPE_START
G1 F30000
G1 X102.649 Y118.093 E-.02714
G1 X102.692 Y117.346 E-.04486
;WIPE_END
G1 X108.379 Y119.893 Z1
G1 Z.6
G1 E.8 F1800
SET_VELOCITY_LIMIT ACCEL=1500
;TYPE:Top surface
;WIDTH:0.424626
G1 F12000
G1 X107.776 Y119.291 E.02859
G1 X107.237 Y119.291 E.01811
G1 X108.209 Y120.263 E.04615
G1 X108.209 Y120.803 E.01811
G1 X106.697 Y119.291 E.07177
G1 X106.4 Y119.291 E.00996
G1 X106.279 Y119.413 E.00577
G1 X108.209 Y121.343 E.0916
G1 X108.209 Y121.883 E.01811
G1 X105.927 Y119.601 E.10829
G1 X105.875 Y119.625 E.00195
G1 X105.592 Y119.675 E.00964
G1 X105.458 Y119.671 E.0045
G1 X108.209 Y122.423 E.13058
G1 X108.209 Y122.963 E.01811
G1 X104.702 Y119.455 E.16645
G1 X104.512 Y119.291 E.00841
G1 X103.998 Y119.291 E.01727
G1 X108.209 Y123.502 E.19986
G1 X108.209 Y124.042 E.01811
G1 X103.567 Y119.401 E.22028
G1 X103.567 Y119.94 E.01811
G1 X108.209 Y124.582 E.22028
G1 X108.209 Y125.122 E.01811
G1 X103.567 Y120.48 E.22028
G1 X103.567 Y121.02 E.01811
G1 X108.209 Y125.662 E.22028
G1 X108.209 Y126.201 E.01811
G1 X103.567 Y121.56 E.22028
G1 X103.567 Y122.1 E.01811
G1 X108.209 Y126.741 E.22028
G1 X108.209 Y127.281 E.01811
G1 X103.567 Y122.639 E.22028
G1 X103.567 Y123.179 E.01811
G1 X108.209 Y127.821 E.22028
G1 X108.209 Y128.361 E.01811
G1 X103.567 Y123.719 E.22028
G1 X103.567 Y124.259 E.01811
G1 X108.209 Y128.9 E.22028
G1 X108.209 Y129.44 E.01811
G1 X103.567 Y124.799 E.22028
G1 X103.567 Y125.339 E.01811
G1 X108.209 Y129.98 E.22028
G1 X108.209 Y130.52 E.01811
G1 X103.567 Y125.878 E.22028
G1 X103.567 Y126.418 E.01811
G1 X108.209 Y131.06 E.22028
G1 X108.209 Y131.6 E.01811
G1 X103.567 Y126.958 E.22028
G1 X103.567 Y127.498 E.01811
G1 X107.779 Y131.709 E.19986
G1 X107.239 Y131.709 E.01811
G1 X103.567 Y128.038 E.17424
G1 X103.567 Y128.577 E.01811
G1 X106.699 Y131.709 E.14862
G1 X106.159 Y131.709 E.01811
G1 X103.567 Y129.117 E.123
G1 X103.567 Y129.657 E.01811
G1 X105.62 Y131.709 E.09738
G1 X105.08 Y131.709 E.01811
G1 X103.567 Y130.197 E.07177
G1 X103.567 Y130.737 E.01811
G1 X104.54 Y131.709 E.04615
G1 X104 Y131.709 E.01811
G1 X103.398 Y131.107 E.02858
G1 E-.728 F1800
;WIPE_START
G1 F30000
G1 X104 Y131.709 E-.05111
G1 X104.348 Y131.709 E-.02089
;WIPE_END
G1 X100.848 Y124.926 Z1
G1 X96.293 Y116.1 Z1
G1 Z.6
G1 E.8 F1800
SET_VELOCITY_LIMIT ACCEL=3000
;TYPE:Gap infill
;WIDTH:0.43084
G1 F15000
G1 X95.021 Y116.1 E.0398
G1 E-.728 F1800
;WIPE_START
G1 F30000
G1 X96.221 Y116.1 E-.072
;WIPE_END
G1 X103.846 Y115.766 Z1
G1 X109.496 Y115.519 Z1
G1 Z.6
G1 E.8 F1800
;TYPE:Internal solid infill
;WIDTH:0.419999
G1 F15000
G1 X108.371 Y114.395 E.04836
G1 X108.371 Y116.201 E.05495
G1 X108.802 Y115.812 E.01767
G1 X109.261 Y115.812 E.01394
G1 X109.303 Y115.638 E.00545
G1 X109.462 Y115.54 E.00567
G1 X108.815 Y115.348 F30000
;WIDTH:0.496274
G1 F14326.211
G1 X108.758 Y115.348 E.00207
G1 X108.73 Y115.397 E.00207
G1 X108.758 Y115.446 E.00207
G1 X108.815 Y115.446 E.00207
G1 X108.823 Y115.432 E.00061
G1 E-.7854 F1800
;WIPE_START
G1 F30000
G1 X108.815 Y115.446 E-.001
G1 X108.758 Y115.446 E-.0034
G1 X108.73 Y115.397 E-.0034
G1 X108.758 Y115.348 E-.0034
G1 X108.815 Y115.348 E-.0034
M73 P43 R11
;WIPE_END
G1 X108.27 Y118.084 Z1
G1 Z.6
G1 E.8 F1800
;WIDTH:0.54283
G1 F12992.033
G1 X108.193 Y117.83 E.0107
G1 X108.199 Y116.635 E.04818
G1 X107.909 Y116.922 E.01645
G1 X107.668 Y116.931 E.00975
G1 X107.716 Y117.49 E.02261
G1 X107.626 Y118.084 E.02423
G1 X108.23 Y118.084 E.02435
G1 E-.728 F1800
;WIPE_START
G1 F30000
G1 X107.626 Y118.084 E-.03623
G1 X107.716 Y117.494 E-.03577
;WIPE_END
G1 X109.003 Y118.566 Z1
G1 Z.6
G1 E.8 F1800
;WIDTH:0.571852
G1 F12279.17
G1 X109.052 Y118.663 E.00463
G1 X109.003 Y118.566 F30000
;WIDTH:0.552871
G1 F12736.229
G1 X108.92 Y118.41 E.00729
;WIDTH:0.514907
G1 F13760.641
G1 X108.836 Y118.253 E.00675
;WIDTH:0.476944
G1 F14964.257
G1 X108.752 Y118.097 E.0062
;WIDTH:0.425681
G1 F15000
G1 X108.669 Y117.941 E.00547
G1 X108.636 Y117.527 E.01281
;WIDTH:0.442683
G1 X108.613 Y117.15 E.0122
;WIDTH:0.488049
G1 F14590.928
G1 X108.59 Y116.772 E.01358
;WIDTH:0.536117
G1 F13168.878
G1 X108.571 Y116.341 E.01714
;WIDTH:0.532304
G1 F13271.494
G1 X108.655 Y116.291 E.00389
;WIDTH:0.487382
G1 F14612.841
G1 X108.74 Y116.24 E.00354
;WIDTH:0.420319
G1 F15000
G1 X108.824 Y116.189 E.003
G1 X109.618 Y116.189 E.02416
G1 X109.639 Y115.809 E.01158
G1 X109.807 Y115.706 E.006
G1 X110.216 Y115.706 E.01245
G1 X107.994 Y113.484 E.09563
G1 X107.994 Y115.397 E.05822
;WIDTH:0.44246
G1 X108.017 Y115.7 E.00978
;WIDTH:0.487382
G1 F14612.841
G1 X108.039 Y116.003 E.01088
;WIDTH:0.535257
G1 F13191.879
G1 X108.058 Y116.35 E.01381
;WIDTH:0.533416
G1 F13241.392
G1 X107.971 Y116.398 E.00393
;WIDTH:0.488049
G1 F14590.928
G1 X107.885 Y116.446 E.00356
;WIDTH:0.42245
G1 F15000
G1 X107.798 Y116.494 E.00304
G1 X107.024 Y116.494 E.02369
G1 X107.243 Y117.005 E.01702
G1 X107.285 Y117.516 E.01569
G1 X107.184 Y118.023 E.01583
G1 X107.135 Y118.108 E.00299
G1 X107.174 Y118.526 E.01287
G1 X108.36 Y118.526 E.03629
G1 X108.785 Y118.505 E.01304
;WIDTH:0.480487
G1 F14843.116
G1 X108.845 Y118.522 E.0022
;WIDTH:0.517033
G1 F13698.954
G1 X108.905 Y118.538 E.00238
;WIDTH:0.535306
G1 F13190.566
G1 X108.965 Y118.555 E.00247
G1 E-.79627 F1800
;WIPE_START
G1 F30000
G1 X108.905 Y118.538 E-.00373
;WIPE_END
G1 X113.867 Y118.219 Z1
G1 Z.6
G1 E.8 F1800
;WIDTH:0.421246
G1 F15000
G1 X113.796 Y118.26 E.0025
G1 X113.871 Y118.295 E.00251
G1 E-.79015 F1800
;WIPE_START
G1 F30000
G1 X113.796 Y118.26 E-.00493
G1 X113.867 Y118.219 E-.00491
;WIPE_END
G1 X114.82 Y110.646 Z1
G1 X114.882 Y110.147 Z1
G1 Z.6
G1 E.8 F1800
;WIDTH:0.38292
G1 F15000
G1 X115.285 Y110.547 E.01555
G1 X115.447 Y110.766 E.00747
G1 E-.74963 F1800
;WIPE_START
G1 F30000
G1 X115.285 Y110.547 E-.01635
G1 X114.882 Y110.147 E-.03402
;WIPE_END
G1 X109.122 Y109.772 Z1
G1 Z.6
G1 E.8 F1800
;WIDTH:0.362731
G1 F15000
G1 X108.72 Y109.37 E.01466
G1 X108.72 Y110.166 E.02054
G1 X108.977 Y109.883 E.00987
G1 X109.09 Y109.796 E.00367
G1 E-.728 F1800
;WIPE_START
G1 F30000
G1 X108.977 Y109.883 E-.00854
G1 X108.72 Y110.166 E-.02296
G1 X108.72 Y109.491 E-.0405
;WIPE_END
G1 X108.694 Y110.984 Z1
G1 Z.6
G1 E.8 F1800
;WIDTH:0.419999
G1 F15000
G1 X108.822 Y110.683 E.00998
G1 X109.017 Y110.346 E.01183
G1 X109.189 Y110.159 E.00772
G1 X109.664 Y109.821 E.01772
G1 X108.371 Y108.529 E.05559
G1 X108.371 Y110.662 E.06487
G1 X108.665 Y110.956 E.01265
G1 E-.728 F1800
;WIPE_START
G1 F30000
G1 X108.371 Y110.662 E-.02496
G1 X108.371 Y109.878 E-.04704
;WIPE_END
G1 X109.068 Y111.892 Z1
G1 Z.6
G1 E.8 F1800
G1 F15000
G1 X108.994 Y111.562 E.01029
G1 X109.062 Y111.051 E.01568
G1 X109.343 Y110.534 E.01788
G1 X109.79 Y110.174 E.01746
G1 X110.326 Y110.01 E.01704
G1 X110.39 Y110.014 E.00195
G1 X107.994 Y107.618 E.10304
G1 X107.994 Y110.893 E.09958
G1 X108.069 Y110.893 E.00227
G1 X109.04 Y111.864 E.04177
G1 E-.728 F1800
;WIPE_START
G1 F30000
G1 X108.191 Y111.015 E-.072
;WIPE_END
G1 X109.789 Y112.724 Z1
G1 Z.6
G1 E.8 F1800
;WIDTH:0.38292
G1 F15000
G1 X109.565 Y112.542 E.00791
G1 X109.251 Y112.184 E.01307
G1 E-.75409 F1800
;WIPE_START
G1 F30000
G1 X109.565 Y112.542 E-.0286
G1 X109.789 Y112.724 E-.01731
;WIPE_END
G1 X107.881 Y105.656 Z1
G1 Z.6
G1 E.8 F1800
G1 F15000
G1 X107.817 Y105.693 E.00202
G1 X107.882 Y105.728 E.00202
G1 X107.481 Y105.506 F30000
;WIDTH:0.420209
G1 F15000
G1 X107.158 Y105.183 E.0139
G1 X107.104 Y105.036 E.00477
G1 X107.236 Y104.838 E.00725
G1 X107.236 Y104.494 E.01047
G1 X93.006 Y104.498 E.43303
G1 X92.481 Y104.566 E.0161
G1 X92.002 Y104.772 E.01587
;WIDTH:0.455633
G1 X91.88 Y104.893 E.00573
;WIDTH:0.500312
G1 F14199.752
G1 X91.758 Y105.015 E.00635
;WIDTH:0.544991
G1 F12936.123
G1 X91.637 Y105.137 E.00697
;WIDTH:0.550644
G1 F12792.091
G1 X91.52 Y105.261 E.00699
;WIDTH:0.517271
G1 F13692.081
G1 X91.403 Y105.386 E.00653
;WIDTH:0.483898
G1 F14728.291
G1 X91.286 Y105.511 E.00607
;WIDTH:0.420274
G1 F15000
G1 X91.066 Y105.981 E.01582
G1 X90.994 Y106.571 E.01807
G1 X90.994 Y131.786 E.76744
G1 X91.165 Y131.732 E.00545
G1 X91.239 Y131.658 E.00317
G1 X91.407 Y131.606 E.00535
G1 X91.505 Y131.658 E.00339
G1 X92.006 Y132.159 E.02154
G1 X92.006 Y118.694 E.4098
G1 X92.194 Y118.506 E.00812
G1 X93.839 Y118.506 E.05005
G1 X93.839 Y116.84 E.05071
;WIDTH:0.440127
G1 X93.874 Y116.773 E.00241
;WIDTH:0.480381
G1 F14846.68
G1 X93.91 Y116.707 E.00265
;WIDTH:0.520636
G1 F13595.623
G1 X93.945 Y116.641 E.0029
;WIDTH:0.560891
G1 F12539.023
G1 X93.981 Y116.575 E.00314
G1 X93.859 Y116.555 E.00516
;WIDTH:0.520636
G1 F13595.623
G1 X93.737 Y116.534 E.00476
;WIDTH:0.480381
G1 F14846.68
G1 X93.615 Y116.514 E.00436
;WIDTH:0.420208
G1 F15000
G1 X93.493 Y116.494 E.00376
G1 X92.166 Y116.492 E.04038
G1 X92.006 Y116.306 E.00748
G1 X92.006 Y106.105 E.31041
;WIDTH:0.44484
G1 X91.991 Y105.928 E.00577
;WIDTH:0.494521
G1 F14381.821
G1 X91.976 Y105.75 E.00649
;WIDTH:0.55309
G1 F12730.766
G1 X91.961 Y105.573 E.00733
G1 X92.035 Y105.487 E.00466
;WIDTH:0.540905
G1 F13042.254
G1 X92.225 Y105.493 E.00763
;WIDTH:0.492543
G1 F14445.108
G1 X92.415 Y105.5 E.00689
;WIDTH:0.420611
G1 F15000
G1 X107.441 Y105.506 E.45774
G1 X106.812 Y105.159 F30000
;WIDTH:0.360223
G1 F15000
G1 X106.757 Y105.011 E.00402
G1 X106.835 Y104.841 E.00478
G1 X93.13 Y104.841 E.35074
;WIDTH:0.383032
G1 X93.064 Y104.871 E.002
;WIDTH:0.428651
G1 X92.997 Y104.902 E.00227
;WIDTH:0.474269
G1 X92.93 Y104.932 E.00254
;WIDTH:0.519887
G1 F13616.981
G1 X92.864 Y104.962 E.00281
;WIDTH:0.565505
G1 F12428.311
G1 X92.797 Y104.992 E.00308
;WIDTH:0.611123
G1 F11430.503
G1 X92.731 Y105.022 E.00335
G1 X92.797 Y105.045 E.00322
;WIDTH:0.565505
G1 F12428.311
G1 X92.864 Y105.067 E.00297
;WIDTH:0.519887
G1 F13616.981
G1 X92.93 Y105.09 E.00271
;WIDTH:0.474269
G1 F15000
G1 X92.997 Y105.113 E.00245
;WIDTH:0.428651
G1 X93.064 Y105.136 E.00219
;WIDTH:0.360457
G1 X93.13 Y105.159 E.0018
G1 X106.772 Y105.159 E.34939
G1 E-.728 F1800
;WIPE_START
G1 F30000
G1 X105.572 Y105.159 E-.072
;WIPE_END
G1 X97.94 Y105.083 Z1
G1 X92.605 Y105.03 Z1
G1 Z.6
G1 E.8 F1800
;WIDTH:0.617812
G1 F11297.506
G1 X92.691 Y105.024 E.00399
G1 E-.79484 F1800
;WIPE_START
G1 F30000
G1 X92.605 Y105.03 E-.00516
;WIPE_END
G1 X91.522 Y106.231 Z1
G1 Z.6
G1 E.8 F1800
;WIDTH:0.633932
G1 F10989.363
G1 X91.527 Y106.145 E.0041
G1 E-.79484 F1800
;WIPE_START
G1 F30000
G1 X91.522 Y106.231 E-.00516
;WIPE_END
G1 X93.498 Y113.603 Z1
G1 X94.307 Y116.62 Z1
G1 Z.6
G1 E.8 F1800
;WIDTH:0.649481
G1 F10707.654
G1 X94.164 Y116.6 E.00708
;WIDTH:0.62666
G1 F11126.264
G1 X94.02 Y116.58 E.00681
G1 E-.79132 F1800
;WIPE_START
G1 F30000
G1 X94.164 Y116.6 E-.00868
;WIPE_END
G1 X93.053 Y117.72 Z1
G1 Z.6
G1 E.8 F1800
;WIDTH:0.492046
G1 F14461.097
G1 X93.053 Y117.28 E.01595
G1 X92.048 Y117.276 E.03642
G1 X91.787 Y117.021 E.01321
G1 X91.787 Y118.028 E.03647
G1 X92.048 Y117.724 E.01449
G1 X93.013 Y117.72 E.03497
G1 X93.462 Y118.129 F30000
;WIDTH:0.419999
G1 F15000
G1 X93.462 Y116.871 E.03825
G1 X92.145 Y116.869 E.04004
;WIDTH:0.405055
G1 X91.902 Y116.631 E.00994
;WIDTH:0.360727
G1 X91.659 Y116.393 E.00872
G1 X91.659 Y106.63 E.25026
;WIDTH:0.383032
G1 X91.636 Y106.564 E.00193
;WIDTH:0.428651
G1 X91.613 Y106.497 E.00219
;WIDTH:0.474269
G1 X91.59 Y106.43 E.00245
;WIDTH:0.519887
G1 F13616.981
G1 X91.567 Y106.364 E.00271
;WIDTH:0.565505
G1 F12428.311
G1 X91.545 Y106.297 E.00297
;WIDTH:0.611123
G1 F11430.503
G1 X91.522 Y106.231 E.00322
G1 X91.492 Y106.297 E.00335
;WIDTH:0.565505
G1 F12428.311
G1 X91.462 Y106.364 E.00308
;WIDTH:0.519887
G1 F13616.981
G1 X91.432 Y106.43 E.00281
;WIDTH:0.474269
G1 F15000
G1 X91.402 Y106.497 E.00254
;WIDTH:0.428651
G1 X91.371 Y106.564 E.00227
;WIDTH:0.360394
G1 X91.341 Y106.63 E.00187
G1 X91.341 Y116.306 E.24775
;WIDTH:0.375167
G1 X91.356 Y116.903 E.01601
;WIDTH:0.395093
G1 X91.371 Y117.5 E.01697
G1 X91.341 Y118.694 E.03394
;WIDTH:0.360223
G1 X91.341 Y131.305 E.32274
G1 X91.471 Y131.265 E.00347
G1 X91.659 Y131.364 E.00544
G1 X91.659 Y118.694 E.32425
;WIDTH:0.375167
G1 X91.884 Y118.415 E.00963
;WIDTH:0.413574
G1 X92.11 Y118.135 E.01074
G1 X93.422 Y118.129 E.03922
G1 E-.728 F1800
;WIPE_START
G1 F30000
G1 X92.222 Y118.135 E-.072
;WIPE_END
G1 X99.498 Y120.44 Z1
G1 X124.914 Y128.493 Z1
G1 Z.6
G1 E.8 F1800
;WIDTH:0.38292
G1 F15000
G1 X124.953 Y128.702 E.00584
G1 X124.961 Y128.758 F30000
;WIDTH:0.376522
G1 F15000
G1 X124.938 Y129.295 E.01446
G1 X124.721 Y129.709 E.01259
G1 X125.178 Y130.166 E.01739
G1 X125.023 Y129.292 E.0239
G1 X124.965 Y128.798 E.01339
G1 E-.728 F1800
;WIPE_START
G1 F30000
G1 X125.023 Y129.292 E-.02985
G1 X125.145 Y129.983 E-.04215
;WIPE_END
G1 X132.12 Y126.884 Z1
G1 X157.741 Y115.498 Z1
G1 Z.6
G1 E.8 F1800
SET_VELOCITY_LIMIT ACCEL=2000
;TYPE:Outer wall
;WIDTH:0.37852
G1 F7200
G1 X157.713 Y115.479 E.00091
G1 X157.657 Y115.336 E.00416
G1 X157.624 Y114.986 E.00951
G1 X157.627 Y114.49 E.01344
G1 X157.653 Y114.241 E.00677
G1 X157.697 Y114.109 E.00377
G1 X157.729 Y114.073 E.0013
G1 X157.792 Y114.086 E.00174
G1 X157.842 Y114.188 E.00308
G1 X157.88 Y114.489 E.00821
G1 X157.881 Y115.076 E.01588
G1 X157.856 Y115.321 E.00669
G1 X157.803 Y115.468 E.0042
G1 X157.777 Y115.48 E.00078
M106 S181
;LAYER_CHANGE
;Z:0.8
;HEIGHT:0.2
;BEFORE_LAYER_CHANGE
;0.8
G92 E0

G1 E-.728 F1800
;WIPE_START
G1 F30000
G1 X157.713 Y115.479 E-.00386
G1 X157.657 Y115.336 E-.00923
G1 X157.624 Y114.986 E-.02109
G1 X157.627 Y114.49 E-.02979
G1 X157.641 Y114.357 E-.00803
;WIPE_END
M73 L4
;LAYER:4
SET_PRINT_STATS_INFO TOTAL_LAYER=9 CURRENT_LAYER=4
;_SET_FAN_SPEED_CHANGING_LAYER

G1 X156.708 Y113.861 Z0.857143
G1 X156.514 Y112.823 Z0.914286
G1 X157.205 Y112.024 Z0.971429
G1 X158.26 Y112.066 Z1.02857
G1 X158.885 Y112.917 Z1.08571
G1 X158.61 Y113.936 Z1.14286
G1 X157.641 Y114.357 Z1.2
G1 X150.792 Y114.086 Z1.2
G1 Z.8
G1 E.8 F1800
G1 F7200
G1 X150.842 Y114.188 E.00308
G1 X150.88 Y114.489 E.00821
G1 X150.881 Y115.076 E.01588
G1 X150.856 Y115.321 E.00669
G1 X150.803 Y115.468 E.0042
G1 X150.741 Y115.498 E.00186
G1 X150.713 Y115.479 E.00091
G1 X150.657 Y115.336 E.00416
G1 X150.624 Y114.986 E.00952
G1 X150.627 Y114.49 E.01344
G1 X150.653 Y114.241 E.00677
G1 X150.697 Y114.109 E.00377
G1 X150.729 Y114.073 E.0013
G1 X150.753 Y114.078 E.00066
G1 E-.728 F1800
;WIPE_START
G1 F30000
G1 X150.842 Y114.188 E-.00849
G1 X150.88 Y114.489 E-.01819
G1 X150.881 Y115.076 E-.03521
G1 X150.864 Y115.243 E-.01011
;WIPE_END
G1 X144.108 Y118.795 Z1.2
G1 X126.483 Y128.061 Z1.2
G1 Z.8
G1 E.8 F1800
;WIDTH:0.42
G1 F7200
G1 X126.269 Y127.909 E.00799
G1 X126.366 Y127.919 E.00296
G1 X126.46 Y127.626 E.00934
G1 X126.509 Y127.576 E.00213
G1 X126.606 Y127.561 E.003
G1 X126.648 Y127.588 E.00151
G1 X126.693 Y127.656 E.00249
G1 X126.713 Y127.74 E.00262
G1 X126.713 Y127.897 E.00478
G1 X126.659 Y128.029 E.00433
G1 X126.589 Y128.069 E.00246
G1 X126.523 Y128.064 E.00201
G1 E-.728 F1800
;WIPE_START
G1 F30000
G1 X126.269 Y127.909 E-.01787
G1 X126.366 Y127.919 E-.00585
G1 X126.46 Y127.626 E-.01843
G1 X126.509 Y127.576 E-.00421
G1 X126.606 Y127.561 E-.00591
G1 X126.648 Y127.588 E-.00297
G1 X126.693 Y127.656 E-.0049
G1 X126.713 Y127.74 E-.00517
G1 X126.713 Y127.851 E-.00668
;WIPE_END
G1 X129.643 Y129.026 Z1.2
G1 Z.8
G1 E.8 F1800
G1 F7200
G1 X129.887 Y129.073 E.00757
G1 X129.935 Y129.124 E.00212
G1 X129.95 Y129.222 E.00302
G1 X129.925 Y129.287 E.00211
G1 X129.884 Y129.314 E.00148
G1 X129.781 Y129.308 E.00315
G1 X129.719 Y129.257 E.00245
G1 X129.655 Y129.064 E.00616
G1 E-.74564 F1800
;WIPE_START
G1 F30000
G1 X129.887 Y129.073 E-.01393
G1 X129.935 Y129.124 E-.00419
G1 X129.95 Y129.222 E-.00597
G1 X129.925 Y129.287 E-.00416
G1 X129.884 Y129.314 E-.00292
G1 X129.781 Y129.308 E-.00622
G1 X129.719 Y129.257 E-.00483
G1 X129.655 Y129.064 E-.01215
;WIPE_END
G1 X122.054 Y128.372 Z1.2
G1 X120.178 Y128.201 Z1.2
G1 Z.8
G1 E.8 F1800
G1 F7200
G1 X120.234 Y128.26 E.00248
G1 X120.306 Y128.401 E.00481
G1 X120.294 Y128.474 E.00225
G1 X120.236 Y128.47 E.00179
G1 X120.223 Y128.448 E.00077
G1 X120.185 Y128.24 E.00643
G1 E-.76516 F1800
;WIPE_START
G1 F30000
G1 X120.234 Y128.26 E-.00318
G1 X120.306 Y128.401 E-.00949
G1 X120.294 Y128.474 E-.00444
G1 X120.236 Y128.47 E-.00353
G1 X120.223 Y128.448 E-.00151
G1 X120.185 Y128.24 E-.01269
;WIPE_END
G1 X117.048 Y121.282 Z1.2
G1 X115.441 Y117.716 Z1.2
G1 Z.8
G1 E.8 F1800
G1 F7200
G1 X115.255 Y117.584 E.00693
G1 X115.33 Y117.592 E.00229
G1 X115.406 Y117.318 E.00865
G1 X115.476 Y117.249 E.00298
G1 X115.54 Y117.244 E.00197
G1 X115.571 Y117.264 E.00111
G1 X115.632 Y117.384 E.00411
G1 X115.625 Y117.635 E.00762
G1 X115.559 Y117.714 E.00313
G1 X115.499 Y117.726 E.00187
G1 X115.48 Y117.723 E.00058
G1 E-.728 F1800
;WIPE_START
G1 F30000
G1 X115.255 Y117.584 E-.01587
G1 X115.33 Y117.592 E-.00453
G1 X115.406 Y117.318 E-.01706
G1 X115.476 Y117.249 E-.00589
G1 X115.54 Y117.244 E-.00388
G1 X115.571 Y117.264 E-.0022
G1 X115.632 Y117.384 E-.0081
G1 X115.625 Y117.625 E-.01447
;WIPE_END
G1 X107.993 Y117.581 Z1.2
G1 X105.57 Y117.567 Z1.2
G1 Z.8
G1 E.8 F1800
G1 F7200
G1 X105.526 Y117.596 E.0016
G1 X105.294 Y117.572 E.0071
G1 X105.401 Y117.299 E.00893
G1 X105.462 Y117.262 E.00217
G1 X105.525 Y117.269 E.00193
G1 X105.57 Y117.307 E.00179
G1 X105.598 Y117.368 E.00205
G1 X105.599 Y117.504 E.00412
G1 X105.586 Y117.53 E.00089
G1 E-.73752 F1800
;WIPE_START
G1 F30000
G1 X105.526 Y117.596 E-.00533
G1 X105.294 Y117.572 E-.01401
G1 X105.401 Y117.299 E-.01761
G1 X105.462 Y117.262 E-.00428
G1 X105.525 Y117.269 E-.00381
G1 X105.57 Y117.307 E-.00354
G1 X105.598 Y117.368 E-.00404
G1 X105.599 Y117.504 E-.00812
G1 X105.586 Y117.53 E-.00176
;WIPE_END
G1 X105.362 Y118.376 Z1.2
G1 Z.8
G1 E.8 F1800
G1 F7200
G1 X105.459 Y118.394 E.00301
G1 X105.496 Y118.434 E.00164
G1 X105.502 Y118.473 E.00122
G1 X105.481 Y118.508 E.00123
G1 X105.426 Y118.505 E.00169
G1 X105.396 Y118.481 E.00117
G1 X105.374 Y118.414 E.00215
G1 E-.77685 F1800
;WIPE_START
G1 F30000
G1 X105.459 Y118.394 E-.00522
G1 X105.496 Y118.434 E-.00324
G1 X105.502 Y118.473 E-.0024
G1 X105.481 Y118.508 E-.00242
G1 X105.426 Y118.505 E-.00333
G1 X105.396 Y118.481 E-.00231
G1 X105.374 Y118.414 E-.00423
;WIPE_END
G1 X112.451 Y121.274 Z1.2
G1 X129.381 Y128.117 Z1.2
G1 Z.8
G1 E.8 F1800
G1 F7200
G1 X129.489 Y128.92 E.02466
G1 X128.658 Y129.062 E.02565
G1 X128.826 Y129.611 E.01749
G1 X128.959 Y129.835 E.00792
G1 X129.145 Y130.011 E.00778
G1 X129.379 Y130.137 E.00809
G1 X129.644 Y130.208 E.00834
G1 X129.977 Y130.219 E.01014
G1 X130.309 Y130.143 E.01035
G1 X130.521 Y130.031 E.0073
G1 X130.795 Y129.755 E.01184
G1 X130.888 Y129.584 E.00591
G1 X130.953 Y129.328 E.00803
G1 X130.922 Y128.998 E.01008
G1 X130.811 Y128.769 E.00775
G1 X130.71 Y128.658 E.00456
G1 X130.78 Y128.612 E.00254
G1 X130.937 Y128.433 E.00724
G1 X131.041 Y128.22 E.00721
G1 X131.088 Y127.981 E.0074
G1 X131.068 Y127.661 E.00975
G1 X130.895 Y127.256 E.01339
G1 X130.647 Y126.995 E.01094
G1 X130.344 Y126.821 E.01065
G1 X129.993 Y126.741 E.01093
G1 X129.669 Y126.765 E.00989
G1 X129.538 Y126.775 E.00397
G1 X129.228 Y126.899 E.01016
G1 X128.912 Y127.174 E.01276
G1 X128.752 Y127.454 E.0098
G1 X128.626 Y127.976 E.01633
G1 X129.606 Y128.095 E.03001
G1 X129.673 Y127.793 E.0094
G1 X129.724 Y127.701 E.0032
G1 X129.817 Y127.647 E.00327
G1 X129.946 Y127.661 E.00395
G1 X130.024 Y127.726 E.00309
G1 X130.067 Y127.822 E.00318
G1 X130.078 Y127.921 E.00302
G1 X130.058 Y128.054 E.0041
G1 X129.99 Y128.148 E.00353
G1 X129.935 Y128.173 E.00186
G1 X129.42 Y128.121 E.01572
G1 E-.728 F1800
;WIPE_START
G1 F30000
G1 X129.489 Y128.92 E-.04814
G1 X129.097 Y128.987 E-.02386
;WIPE_END
G1 X125.476 Y127.827 Z1.2
G1 Z.8
G1 E.8 F1800
G1 F7200
G1 X126.171 Y127.899 E.02127
G1 X125.552 Y127.988 E.01904
G1 X125.87 Y129.676 E.05223
G1 X127.521 Y129.676 E.05022
G1 X127.521 Y128.807 E.02641
G1 X127.017 Y128.807 E.01534
G1 X127.129 Y128.766 E.00364
G1 X127.418 Y128.515 E.01164
G1 X127.568 Y128.245 E.00941
G1 X127.635 Y127.84 E.01246
G1 X127.581 Y127.485 E.01092
G1 X127.463 Y127.235 E.0084
G1 X127.245 Y126.979 E.01022
G1 X126.935 Y126.802 E.01087
G1 X126.567 Y126.745 E.01132
G1 X126.3 Y126.784 E.00822
G1 X126.189 Y126.801 E.00342
G1 X125.938 Y126.925 E.00852
G1 X125.738 Y127.112 E.00831
G1 X125.602 Y127.345 E.00821
G1 X125.486 Y127.788 E.01394
G1 E-.728 F1800
;WIPE_START
G1 F30000
G1 X126.171 Y127.899 E-.04166
G1 X125.671 Y127.971 E-.03034
;WIPE_END
G1 X124.446 Y127.689 Z1.2
G1 Z.8
G1 E.8 F1800
G1 F7200
G1 X125.346 Y127.689 E.02735
G1 X125.346 Y126.79 E.02735
G1 X124.446 Y126.79 E.02735
G1 X124.446 Y127.649 E.02613
M73 P44 R11
G1 E-.728 F1800
;WIPE_START
G1 F30000
G1 X125.346 Y127.689 E-.054
G1 X125.346 Y127.389 E-.018
;WIPE_END
G1 X123.269 Y128.892 Z1.2
G1 Z.8
G1 E.8 F1800
G1 F7200
G1 X123.217 Y128.9 E.00163
G1 X123.133 Y128.874 E.00265
G1 X123.107 Y128.829 E.00159
G1 X123.047 Y128.494 E.01034
G1 X122.151 Y128.584 E.02739
G1 X122.227 Y129.013 E.01326
G1 X122.343 Y129.296 E.00931
G1 X122.605 Y129.557 E.01123
G1 X122.947 Y129.695 E.01121
G1 X123.435 Y129.709 E.01485
G1 X123.799 Y129.584 E.0117
G1 X124.023 Y129.395 E.00892
G1 X124.195 Y129.089 E.01068
G1 X124.232 Y128.765 E.00993
G1 X124.174 Y128.456 E.00956
G1 X123.911 Y128.013 E.01567
G1 X123.544 Y127.655 E.01558
G1 X124.231 Y127.655 E.02087
G1 X124.231 Y126.79 E.02631
G1 X122.072 Y126.79 E.06567
G1 X122.22 Y127.382 E.01856
G1 X122.368 Y127.656 E.00947
G1 X122.624 Y127.96 E.0121
G1 X123.251 Y128.587 E.02695
G1 X123.305 Y128.678 E.00323
G1 X123.326 Y128.763 E.00265
G1 X123.321 Y128.836 E.00223
G1 X123.297 Y128.862 E.00109
G1 E-.728 F1800
;WIPE_START
G1 F30000
G1 X123.217 Y128.9 E-.00531
G1 X123.133 Y128.874 E-.00523
G1 X123.107 Y128.829 E-.00314
G1 X123.047 Y128.494 E-.0204
G1 X122.418 Y128.557 E-.03793
;WIPE_END
G1 X121.123 Y127.566 Z1.2
G1 Z.8
G1 E.8 F1800
G1 F7200
G1 X121.123 Y126.79 E.0236
G1 X119.3 Y126.79 E.05545
G1 X119.434 Y127.321 E.01665
G1 X119.56 Y127.554 E.00807
G1 X120.133 Y128.153 E.0252
G1 X119.35 Y128.232 E.02393
G1 X119.49 Y128.771 E.01695
G1 X119.585 Y128.927 E.00556
G1 X119.767 Y129.087 E.00737
G1 X120.114 Y129.21 E.0112
G1 X120.455 Y129.208 E.01036
G1 X120.762 Y129.103 E.00988
G1 X120.998 Y128.883 E.0098
G1 X121.123 Y128.542 E.01106
G1 X121.11 Y128.282 E.0079
G1 X121.044 Y128.074 E.00665
G1 X120.858 Y127.784 E.01046
G1 X120.647 Y127.566 E.00923
G1 X121.083 Y127.566 E.01327
G1 E-.728 F1800
;WIPE_START
G1 F30000
G1 X121.123 Y126.79 E-.04663
G1 X120.7 Y126.79 E-.02537
;WIPE_END
G1 X115.146 Y121.556 Z1.2
G1 X113.582 Y120.082 Z1.2
G1 Z.8
G1 E.8 F1800
SET_VELOCITY_LIMIT ACCEL=3000
;TYPE:Inner wall
;WIDTH:0.45
G1 F12000
G1 X117.418 Y120.082 E.12598
G1 X117.418 Y130.918 E.35581
G1 X113.582 Y130.918 E.12598
G1 X113.582 Y120.122 E.3545
G1 E-.728 F1800
;WIPE_START
G1 F30000
G1 X114.781 Y120.109 E-.072
;WIPE_END
G1 X114.525 Y117.642 Z1.2
G1 Z.8
G1 E.8 F1800
SET_VELOCITY_LIMIT ACCEL=2000
;TYPE:Outer wall
;WIDTH:0.42
G1 F7200
G1 X114.834 Y119.277 E.05062
G1 X116.434 Y119.277 E.04868
G1 X116.434 Y118.427 E.02587
G1 X115.974 Y118.427 E.01401
G1 X116.198 Y118.301 E.00784
G1 X116.392 Y118.076 E.00901
G1 X116.507 Y117.805 E.00897
G1 X116.54 Y117.417 E.01184
G1 X116.46 Y117.077 E.01063
G1 X116.257 Y116.762 E.01136
G1 X116.069 Y116.602 E.00754
G1 X115.753 Y116.471 E.01038
G1 X115.415 Y116.451 E.01033
G1 X115.201 Y116.491 E.0066
G1 X114.905 Y116.617 E.00978
G1 X114.707 Y116.802 E.00824
G1 X114.575 Y117.028 E.00795
G1 X114.452 Y117.501 E.01488
G1 X115.062 Y117.564 E.01865
G1 X114.565 Y117.636 E.01527
G1 E-.728 F1800
;WIPE_START
G1 F30000
G1 X114.759 Y118.82 E-.072
;WIPE_END
G1 X111.267 Y119.32 Z1.2
G1 Z.8
G1 E.8 F1800
G1 F7200
G1 X111.267 Y117.797 E.04631
G1 X111.565 Y117.797 E.00906
G1 X111.565 Y116.973 E.02507
G1 X111.267 Y116.973 E.00906
G1 X111.267 Y116.49 E.01469
G1 X110.402 Y116.49 E.02632
G1 X110.402 Y116.973 E.01469
G1 X109.42 Y116.973 E.02987
G1 X109.42 Y117.651 E.02061
G1 X110.56 Y119.32 E.06148
G1 X111.227 Y119.32 E.02029
G1 E-.728 F1800
;WIPE_START
G1 F30000
G1 X111.259 Y118.12 E-.072
;WIPE_END
G1 X103.63 Y118.353 Z1.2
G1 X100.587 Y118.447 Z1.2
G1 Z.8
G1 E.8 F1800
G1 F7200
G1 X100.547 Y118.505 E.00216
G1 X100.418 Y118.493 E.00392
G1 X100.395 Y118.453 E.00142
G1 X100.336 Y118.125 E.01012
G1 X99.44 Y118.215 E.02737
G1 X99.594 Y118.809 E.01866
G1 X99.702 Y118.985 E.00629
G1 X99.91 Y119.168 E.0084
G1 X100.256 Y119.29 E.01117
G1 X96.097 Y119.29 E.12648
G1 X96.097 Y116.49 E.08516
G1 X95.217 Y116.49 E.02676
G1 X95.217 Y118.027 E.04676
G1 X94.623 Y117.76 E.01982
G1 X94.623 Y118.634 E.02657
G1 X94.961 Y118.798 E.01143
G1 X95.135 Y118.926 E.00655
G1 X95.23 Y119.028 E.00426
G1 X95.373 Y119.29 E.00907
G1 X92.79 Y119.29 E.07855
G1 X92.79 Y131.71 E.37774
G1 X108.21 Y131.71 E.46898
G1 X108.21 Y119.29 E.37774
G1 X105.719 Y119.29 E.07577
G1 X106.023 Y119.163 E.01004
G1 X106.267 Y118.918 E.01052
G1 X106.391 Y118.577 E.01103
G1 X106.364 Y118.287 E.00885
G1 X106.27 Y118.091 E.00662
G1 X106.219 Y118.036 E.00226
G1 X106.455 Y117.704 E.01241
G1 X106.498 Y117.488 E.00669
G1 X106.481 Y117.219 E.00819
G1 X106.337 Y116.882 E.01116
G1 X106.129 Y116.663 E.00917
G1 X105.876 Y116.517 E.0089
G1 X105.583 Y116.451 E.00913
G1 X105.317 Y116.47 E.0081
G1 X105.206 Y116.478 E.00338
G1 X104.946 Y116.583 E.00854
G1 X104.682 Y116.812 E.01064
G1 X104.548 Y117.048 E.00823
G1 X104.434 Y117.517 E.01468
G1 X105.047 Y117.591 E.01878
G1 X105.13 Y118.202 E.01873
G1 X104.457 Y118.316 E.02074
G1 X104.607 Y118.806 E.0156
G1 X104.719 Y118.995 E.00667
G1 X104.876 Y119.143 E.00657
G1 X105.073 Y119.249 E.00679
G1 X105.225 Y119.29 E.00479
G1 X100.758 Y119.29 E.13587
G1 X101.06 Y119.186 E.00972
G1 X101.317 Y118.948 E.01065
G1 X101.41 Y118.781 E.00581
G1 X101.472 Y118.532 E.00781
G1 X101.458 Y118.246 E.00871
G1 X101.382 Y118.006 E.00765
G1 X101.162 Y117.665 E.01235
G1 X100.827 Y117.337 E.01425
G1 X101.474 Y117.337 E.01966
G1 X101.474 Y116.49 E.02577
G1 X99.382 Y116.49 E.06362
G1 X99.528 Y117.07 E.01818
G1 X99.67 Y117.334 E.00915
G1 X99.917 Y117.628 E.01167
G1 X100.495 Y118.199 E.02471
G1 X100.559 Y118.293 E.00345
G1 X100.586 Y118.374 E.00261
G1 X100.586 Y118.407 E.00098
G1 E-.728 F1800
;WIPE_START
G1 F30000
G1 X100.547 Y118.505 E-.00639
G1 X100.418 Y118.493 E-.00774
G1 X100.395 Y118.453 E-.0028
G1 X100.336 Y118.125 E-.01996
G1 X99.754 Y118.183 E-.03511
;WIPE_END
G1 X92.79 Y115.71 Z1.2
G1 Z.8
G1 E.8 F1800
G1 F7200
G1 X96.61 Y115.71 E.11618
G1 X96.61 Y106.29 E.2865
G1 X92.79 Y106.29 E.11618
G1 X92.79 Y115.67 E.28528
G1 E-.728 F1800
;WIPE_START
G1 F30000
G1 X93.99 Y115.683 E-.072
;WIPE_END
G1 X97.698 Y109.011 Z1.2
G1 X99.21 Y106.29 Z1.2
G1 Z.8
G1 E.8 F1800
G1 F7200
G1 X96.79 Y106.29 E.0736
G1 X96.79 Y115.71 E.2865
G1 X99.21 Y115.71 E.0736
G1 X99.21 Y106.33 E.28528
G1 X99.59 Y106.29 F30000
G1 F7200
G1 X99.59 Y115.71 E.2865
G1 X102.01 Y115.71 E.0736
G1 X102.01 Y106.29 E.2865
G1 X99.63 Y106.29 E.07238
G1 E-.728 F1800
;WIPE_START
G1 F30000
G1 X99.625 Y107.49 E-.072
;WIPE_END
G1 X105.01 Y106.29 Z1.2
G1 Z.8
G1 E.8 F1800
G1 F7200
G1 X102.59 Y106.29 E.0736
G1 X102.59 Y115.71 E.2865
G1 X105.01 Y115.71 E.0736
G1 X105.01 Y106.33 E.28528
G1 X105.79 Y106.29 F30000
G1 F7200
G1 X105.79 Y115.71 E.2865
G1 X107.21 Y115.71 E.04319
G1 X107.21 Y106.29 E.2865
G1 X105.83 Y106.29 E.04197
G1 E-.728 F1800
;WIPE_START
G1 F30000
G1 X105.825 Y107.49 E-.072
;WIPE_END
G1 X109.882 Y111.143 Z1.2
G1 Z.8
G1 E.8 F1800
G1 F7200
G1 X109.792 Y111.407 E.00847
G1 X109.81 Y111.685 E.00847
G1 X109.933 Y111.935 E.00847
G1 X110.143 Y112.118 E.00847
G1 X110.407 Y112.208 E.00847
G1 X110.685 Y112.19 E.00847
G1 X110.935 Y112.067 E.00847
G1 X111.118 Y111.857 E.00847
G1 X111.208 Y111.593 E.00847
G1 X111.19 Y111.315 E.00847
G1 X111.067 Y111.065 E.00847
G1 X110.857 Y110.882 E.00847
G1 X110.593 Y110.792 E.00847
G1 X110.315 Y110.81 E.00847
G1 X110.065 Y110.933 E.00847
G1 X109.908 Y111.113 E.00726
G1 E-.728 F1800
;WIPE_START
G1 F30000
G1 X109.792 Y111.407 E-.01896
G1 X109.81 Y111.685 E-.01672
G1 X109.933 Y111.935 E-.01672
G1 X110.143 Y112.118 E-.01672
G1 X110.189 Y112.134 E-.00289
;WIPE_END
G1 X114.44 Y110.705 Z1.2
G1 Z.8
G1 E.8 F1800
G1 F7200
G1 X114.319 Y110.635 E.00423
G1 X114.091 Y110.557 E.00733
G1 X113.782 Y110.546 E.00941
G1 X113.588 Y110.591 E.00605
G1 X113.378 Y110.693 E.00711
G1 X113.262 Y110.781 E.00443
G1 X113.102 Y110.963 E.00735
G1 X112.973 Y111.244 E.00941
G1 X112.941 Y111.437 E.00596
G1 X112.947 Y111.625 E.00573
G1 X112.991 Y111.812 E.00584
G1 X113.099 Y112.031 E.00742
G1 X113.22 Y112.18 E.00583
G1 X113.366 Y112.299 E.00573
G1 X113.532 Y112.388 E.00572
G1 X113.702 Y112.44 E.00542
G1 X113.843 Y112.459 E.00432
G1 X114.074 Y112.445 E.00703
G1 X114.215 Y112.408 E.00443
G1 X114.422 Y112.307 E.00703
G1 X114.538 Y112.218 E.00444
G1 X114.695 Y112.04 E.00723
G1 X114.765 Y111.919 E.00423
G1 X114.843 Y111.691 E.00733
G1 X114.854 Y111.382 E.00941
G1 X114.809 Y111.188 E.00606
G1 X114.703 Y110.972 E.00732
G1 X114.618 Y110.861 E.00424
G1 X114.47 Y110.731 E.006
G1 E-.728 F1800
;WIPE_START
G1 F30000
G1 X114.319 Y110.635 E-.01071
G1 X114.091 Y110.557 E-.01446
G1 X113.782 Y110.546 E-.01857
G1 X113.588 Y110.591 E-.01194
G1 X113.378 Y110.693 E-.01404
G1 X113.348 Y110.716 E-.00228
;WIPE_END
G1 X118.159 Y110.646 Z1.2
G1 Z.8
G1 E.8 F1800
G1 F7200
G1 X118.037 Y110.54 E.00492
G1 X117.899 Y110.448 E.00503
G1 X117.617 Y110.331 E.0093
G1 X117.379 Y110.292 E.00733
G1 X117.138 Y110.299 E.00733
G1 X116.843 Y110.379 E.0093
G1 X116.692 Y110.453 E.00513
G1 X116.502 Y110.59 E.00711
G1 X116.342 Y110.76 E.00711
G1 X116.25 Y110.898 E.00503
G1 X116.153 Y111.111 E.00712
G1 X116.099 Y111.342 E.00722
G1 X116.092 Y111.579 E.00722
G1 X116.13 Y111.813 E.00722
G1 X116.214 Y112.036 E.00722
G1 X116.341 Y112.24 E.00733
G1 X116.562 Y112.461 E.00952
G1 X116.833 Y112.618 E.00951
G1 X117.055 Y112.686 E.00705
G1 X117.287 Y112.71 E.0071
G1 X117.457 Y112.7 E.00519
G1 X117.62 Y112.668 E.00505
G1 X117.906 Y112.549 E.00941
G1 X118.154 Y112.359 E.00952
G1 X118.305 Y112.175 E.00722
G1 X118.387 Y112.032 E.00503
G1 X118.471 Y111.811 E.00721
G1 X118.511 Y111.513 E.00915
G1 X118.488 Y111.268 E.00748
G1 X118.444 Y111.104 E.00515
G1 X118.309 Y110.83 E.0093
G1 X118.184 Y110.677 E.006
G1 E-.728 F1800
;WIPE_START
G1 F30000
G1 X118.037 Y110.54 E-.01208
G1 X117.899 Y110.448 E-.00992
G1 X117.617 Y110.331 E-.01835
G1 X117.379 Y110.292 E-.01445
G1 X117.138 Y110.299 E-.01445
G1 X117.094 Y110.311 E-.00274
;WIPE_END
G1 X119.524 Y110.92 Z1.2
G1 Z.8
G1 E.8 F1800
G1 F7200
G1 X119.433 Y111.164 E.00791
G1 X119.389 Y111.483 E.00981
G1 X119.401 Y111.677 E.00592
G1 X119.487 Y111.998 E.01011
G1 X119.605 Y112.22 E.00763
G1 X119.772 Y112.426 E.00809
G1 X119.964 Y112.584 E.00754
G1 X120.198 Y112.711 E.0081
G1 X120.444 Y112.786 E.00782
G1 X120.687 Y112.81 E.00742
G1 X120.874 Y112.799 E.00571
G1 X121.125 Y112.741 E.00783
G1 X121.423 Y112.594 E.0101
G1 X121.567 Y112.483 E.00553
G1 X121.74 Y112.298 E.00771
G1 X121.876 Y112.08 E.00782
G1 X121.967 Y111.836 E.00791
G1 X122.011 Y111.517 E.00981
G1 X121.999 Y111.326 E.00581
G1 X121.941 Y111.075 E.00784
G1 X121.794 Y110.777 E.0101
G1 X121.681 Y110.631 E.00562
G1 X121.439 Y110.417 E.00981
G1 X121.202 Y110.289 E.00819
G1 X120.969 Y110.217 E.00744
G1 X120.783 Y110.192 E.00571
G1 X120.529 Y110.2 E.00773
G1 X120.275 Y110.259 E.00792
G1 X119.977 Y110.406 E.0101
G1 X119.833 Y110.517 E.00553
G1 X119.66 Y110.702 E.00771
G1 X119.545 Y110.886 E.0066
G1 E-.728 F1800
;WIPE_START
G1 F30000
G1 X119.433 Y111.164 E-.01797
G1 X119.389 Y111.483 E-.01935
G1 X119.401 Y111.677 E-.01167
G1 X119.487 Y111.998 E-.01994
G1 X119.511 Y112.044 E-.00307
;WIPE_END
G1 X125.458 Y111.583 Z1.2
G1 Z.8
G1 E.8 F1800
G1 F7200
G1 X125.438 Y111.248 E.01021
G1 X125.358 Y110.98 E.00851
G1 X125.232 Y110.744 E.00813
G1 X125.062 Y110.538 E.00811
G1 X124.856 Y110.369 E.00811
G1 X124.633 Y110.248 E.00771
G1 X124.449 Y110.185 E.00592
G1 X124.189 Y110.142 E.00803
G1 X123.919 Y110.151 E.00822
G1 X123.582 Y110.241 E.0106
G1 X123.347 Y110.367 E.00812
G1 X123.198 Y110.481 E.00572
G1 X122.976 Y110.732 E.01018
G1 X122.847 Y110.969 E.00821
G1 X122.765 Y111.234 E.00842
G1 X122.739 Y111.489 E.00782
G1 X122.763 Y111.755 E.0081
G1 X122.839 Y112.01 E.00811
G1 X122.961 Y112.244 E.00802
G1 X123.081 Y112.402 E.00604
G1 X123.341 Y112.63 E.0105
G1 X123.567 Y112.752 E.00781
G1 X123.754 Y112.816 E.00601
G1 X124.083 Y112.861 E.0101
G1 X124.284 Y112.849 E.00613
G1 X124.618 Y112.759 E.01051
G1 X124.856 Y112.632 E.00822
G1 X125.062 Y112.463 E.00811
G1 X125.223 Y112.267 E.0077
G1 X125.323 Y112.097 E.00601
G1 X125.431 Y111.782 E.0101
G1 X125.453 Y111.623 E.0049
G1 E-.728 F1800
;WIPE_START
G1 F30000
G1 X125.438 Y111.248 E-.0225
G1 X125.358 Y110.98 E-.0168
G1 X125.232 Y110.744 E-.01604
G1 X125.062 Y110.538 E-.01601
G1 X125.054 Y110.531 E-.00065
;WIPE_END
G1 X126.137 Y111.135 Z1.2
G1 Z.8
G1 E.8 F1800
G1 F7200
G1 X126.092 Y111.408 E.00841
G1 X126.101 Y111.684 E.00841
G1 X126.164 Y111.954 E.00841
G1 X126.278 Y112.206 E.00841
G1 X126.441 Y112.433 E.00851
G1 X126.702 Y112.663 E.01058
G1 X126.879 Y112.767 E.00623
G1 X127.135 Y112.863 E.00833
G1 X127.408 Y112.908 E.00841
G1 X127.684 Y112.899 E.00841
G1 X127.954 Y112.836 E.00841
G1 X128.206 Y112.722 E.00841
G1 X128.43 Y112.561 E.00841
G1 X128.622 Y112.357 E.00851
G1 X128.796 Y112.056 E.01058
G1 X128.863 Y111.862 E.00623
G1 X128.908 Y111.592 E.00833
G1 X128.899 Y111.316 E.00841
G1 X128.836 Y111.046 E.00841
G1 X128.722 Y110.794 E.00841
G1 X128.561 Y110.57 E.00841
G1 X128.359 Y110.381 E.00841
G1 X128.124 Y110.234 E.00841
G1 X127.865 Y110.137 E.00841
G1 X127.592 Y110.092 E.00841
G1 X127.316 Y110.101 E.00841
G1 X127.046 Y110.164 E.00841
G1 X126.794 Y110.278 E.00841
G1 X126.57 Y110.439 E.00841
G1 X126.381 Y110.641 E.00841
G1 X126.234 Y110.876 E.00841
G1 X126.151 Y111.097 E.0072
G1 E-.728 F1800
;WIPE_START
G1 F30000
G1 X126.092 Y111.408 E-.01896
G1 X126.101 Y111.684 E-.0166
G1 X126.164 Y111.954 E-.0166
G1 X126.278 Y112.206 E-.0166
G1 X126.31 Y112.25 E-.00325
;WIPE_END
G1 X133.936 Y111.944 Z1.2
G1 X137.79 Y111.79 Z1.2
G1 Z.8
G1 E.8 F1800
G1 F7200
G1 X137.79 Y115.71 E.11922
G1 X148.21 Y115.71 E.31691
G1 X148.21 Y111.79 E.11922
G1 X137.83 Y111.79 E.31569
G1 E-.728 F1800
;WIPE_START
G1 F30000
G1 X137.818 Y112.99 E-.072
;WIPE_END
G1 X136.036 Y111.715 Z1.2
G1 Z.8
G1 E.8 F1800
SET_VELOCITY_LIMIT ACCEL=3000
;TYPE:Inner wall
;WIDTH:0.45
G1 F12000
G1 X135.95 Y111.712 E.00283
G1 X135.873 Y111.677 E.00279
G1 X135.815 Y111.615 E.00278
G1 X135.785 Y111.536 E.00279
G1 X135.788 Y111.451 E.00279
G1 X135.828 Y111.368 E.00302
G1 X135.89 Y111.311 E.00276
G1 X135.979 Y111.283 E.00307
G1 X136.056 Y111.29 E.00254
G1 X136.127 Y111.323 E.00257
G1 X136.185 Y111.385 E.00278
G1 X136.215 Y111.464 E.00279
G1 X136.212 Y111.549 E.00279
G1 X136.172 Y111.632 E.00302
G1 X136.11 Y111.689 E.00276
G1 X136.074 Y111.702 E.00126
G1 E-.728 F1800
;WIPE_START
G1 F30000
G1 X135.95 Y111.712 E-.00746
G1 X135.873 Y111.677 E-.0051
G1 X135.815 Y111.615 E-.00507
G1 X135.785 Y111.536 E-.0051
G1 X135.788 Y111.451 E-.0051
G1 X135.828 Y111.368 E-.00551
G1 X135.89 Y111.311 E-.00505
G1 X135.979 Y111.283 E-.00561
G1 X136.056 Y111.29 E-.00465
G1 X136.127 Y111.323 E-.0047
G1 X136.185 Y111.385 E-.00507
G1 X136.215 Y111.464 E-.0051
G1 X136.212 Y111.549 E-.0051
G1 X136.188 Y111.6 E-.00339
;WIPE_END
G1 X137.79 Y111.21 Z1.2
G1 Z.8
G1 E.8 F1800
SET_VELOCITY_LIMIT ACCEL=2000
;TYPE:Outer wall
;WIDTH:0.42
G1 F7200
G1 X148.21 Y111.21 E.31691
G1 X148.21 Y107.29 E.11922
G1 X137.79 Y107.29 E.31691
G1 X137.79 Y111.17 E.11801
M73 P45 R11
G1 E-.728 F1800
;WIPE_START
G1 F30000
G1 X138.99 Y111.175 E-.072
;WIPE_END
G1 X143.446 Y104.978 Z1.2
G1 X143.489 Y104.918 Z1.2
G1 Z.8
G1 E.8 F1800
SET_VELOCITY_LIMIT ACCEL=3000
;TYPE:Inner wall
;WIDTH:0.45
G1 F12000
G1 X92.981 Y104.918 E1.65834
G1 X92.793 Y104.931 E.00617
G1 X92.59 Y104.971 E.0068
G1 X92.414 Y105.031 E.00612
G1 X92.212 Y105.127 E.00733
G1 X92.036 Y105.244 E.00694
G1 X91.881 Y105.381 E.0068
G1 X91.744 Y105.536 E.0068
G1 X91.629 Y105.709 E.0068
G1 X91.538 Y105.894 E.0068
G1 X91.471 Y106.09 E.0068
G1 X91.431 Y106.293 E.0068
G1 X91.418 Y106.481 E.00617
G1 X91.418 Y146.519 E1.31459
G1 X91.431 Y146.707 E.00617
G1 X91.471 Y146.91 E.0068
G1 X91.538 Y147.106 E.0068
G1 X91.629 Y147.291 E.0068
G1 X91.744 Y147.464 E.0068
G1 X91.881 Y147.619 E.0068
G1 X92.036 Y147.756 E.0068
G1 X92.209 Y147.871 E.0068
G1 X92.394 Y147.962 E.0068
G1 X92.59 Y148.029 E.0068
G1 X92.793 Y148.069 E.0068
G1 X92.981 Y148.082 E.00617
G1 X94.833 Y148.082 E.06081
G1 X93.669 Y146.754 E.05797
G1 X93.597 Y146.608 E.00535
G1 X93.582 Y146.481 E.0042
G1 X93.582 Y134.019 E.40917
G1 X93.597 Y133.892 E.0042
G1 X93.669 Y133.746 E.00534
G1 X93.791 Y133.639 E.00534
G1 X93.946 Y133.586 E.00534
G1 X160.981 Y133.582 E2.201
G1 X161.16 Y133.615 E.00597
G1 X161.295 Y133.705 E.00534
G1 X161.385 Y133.84 E.00534
G1 X161.418 Y134.019 E.00597
G1 X161.418 Y146.481 E.40917
G1 X161.403 Y146.608 E.0042
G1 X161.331 Y146.754 E.00535
G1 X160.167 Y148.082 E.05797
G1 X163.019 Y148.082 E.09365
G1 X163.207 Y148.069 E.00617
G1 X163.41 Y148.029 E.0068
G1 X163.606 Y147.962 E.0068
G1 X163.791 Y147.871 E.0068
G1 X163.964 Y147.756 E.0068
G1 X164.119 Y147.619 E.0068
G1 X164.256 Y147.464 E.0068
G1 X164.371 Y147.291 E.0068
G1 X164.462 Y147.106 E.0068
G1 X164.529 Y146.91 E.0068
G1 X164.569 Y146.707 E.0068
G1 X164.582 Y146.519 E.00617
G1 X164.582 Y106.481 E1.31458
G1 X164.569 Y106.293 E.00617
G1 X164.529 Y106.09 E.0068
G1 X164.462 Y105.894 E.0068
G1 X164.371 Y105.709 E.0068
G1 X164.256 Y105.536 E.0068
G1 X164.119 Y105.381 E.0068
G1 X163.964 Y105.244 E.0068
G1 X163.791 Y105.129 E.0068
G1 X163.606 Y105.038 E.0068
G1 X163.41 Y104.971 E.0068
G1 X163.207 Y104.931 E.0068
G1 X163.019 Y104.918 E.00617
G1 X161.002 Y104.918 E.06622
G1 X161.002 Y104.102 E.0268
G1 X162.98 Y104.102 E.06495
G1 X163.313 Y104.124 E.01094
G1 X163.62 Y104.185 E.01029
G1 X163.917 Y104.286 E.01029
G1 X164.198 Y104.424 E.01029
G1 X164.459 Y104.599 E.01029
G1 X164.695 Y104.805 E.01029
G1 X164.901 Y105.041 E.01029
G1 X165.076 Y105.302 E.01029
G1 X165.214 Y105.583 E.01029
G1 X165.315 Y105.88 E.01029
G1 X165.376 Y106.187 E.01029
G1 X165.398 Y106.52 E.01094
G1 X165.398 Y146.48 E1.31204
G1 X165.376 Y146.813 E.01094
G1 X165.315 Y147.12 E.01029
G1 X165.214 Y147.417 E.01029
G1 X165.076 Y147.698 E.01029
G1 X164.901 Y147.959 E.01029
G1 X164.695 Y148.195 E.01029
G1 X164.459 Y148.401 E.01029
G1 X164.198 Y148.576 E.01029
G1 X163.917 Y148.714 E.01029
G1 X163.62 Y148.815 E.01029
G1 X163.313 Y148.876 E.01029
G1 X162.98 Y148.898 E.01094
G1 X93.02 Y148.898 E2.29704
G1 X92.687 Y148.876 E.01094
G1 X92.38 Y148.815 E.01029
G1 X92.083 Y148.714 E.01029
G1 X91.802 Y148.576 E.01029
G1 X91.541 Y148.401 E.01029
G1 X91.305 Y148.195 E.01029
G1 X91.099 Y147.959 E.01029
G1 X90.924 Y147.698 E.01029
G1 X90.786 Y147.417 E.01029
G1 X90.685 Y147.12 E.01029
G1 X90.624 Y146.813 E.01029
G1 X90.602 Y146.48 E.01094
G1 X90.602 Y106.52 E1.31204
G1 X90.624 Y106.187 E.01094
G1 X90.685 Y105.88 E.01029
G1 X90.786 Y105.583 E.01029
G1 X90.924 Y105.302 E.01029
G1 X91.099 Y105.041 E.01029
G1 X91.305 Y104.805 E.01029
G1 X91.541 Y104.599 E.01029
G1 X91.802 Y104.424 E.01029
G1 X92.083 Y104.286 E.01029
G1 X92.38 Y104.185 E.01029
G1 X92.687 Y104.124 E.01029
G1 X93.02 Y104.102 E.01094
G1 X150.898 Y104.102 E1.90034
G1 X150.898 Y104.918 E.0268
G1 X143.529 Y104.918 E.24196
G1 E-.728 F1800
;WIPE_START
G1 F30000
G1 X142.329 Y104.918 E-.072
;WIPE_END
G1 X149.961 Y104.918 Z1.2
G1 X154.102 Y104.918 Z1.2
G1 Z.8
G1 E.8 F1800
G1 F12000
G1 X154.102 Y104.102 E.0268
G1 X157.998 Y104.102 E.12791
G1 X157.998 Y104.918 E.0268
G1 X154.142 Y104.918 E.1266
G1 E-.728 F1800
;WIPE_START
G1 F30000
G1 X154.102 Y104.102 E-.04904
G1 X154.485 Y104.102 E-.02296
;WIPE_END
G1 X158.163 Y110.79 Z1.2
G1 X160.3 Y114.676 Z1.2
G1 Z.8
G1 E.8 F1800
SET_VELOCITY_LIMIT ACCEL=2000
;TYPE:Outer wall
;WIDTH:0.42
G1 F7200
G1 X160.3 Y115.584 E.02763
G1 X160.658 Y115.758 E.0121
G1 X160.846 Y115.896 E.00708
G1 X160.987 Y116.058 E.00656
G1 X161.117 Y116.321 E.0089
G1 X161.862 Y116.321 E.02265
G1 X161.862 Y113.29 E.09217
G1 X160.944 Y113.29 E.02793
G1 X160.944 Y114.965 E.05095
G1 X160.336 Y114.692 E.02025
G1 E-.728 F1800
;WIPE_START
G1 F30000
G1 X160.3 Y115.584 E-.05357
G1 X160.576 Y115.718 E-.01843
;WIPE_END
G1 X159.046 Y114.208 Z1.2
G1 Z.8
G1 E.8 F1800
G1 F7200
G1 X159.965 Y114.208 E.02793
G1 X159.965 Y113.29 E.02793
G1 X159.046 Y113.29 E.02793
G1 X159.046 Y114.168 E.02671
G1 E-.728 F1800
;WIPE_START
G1 F30000
G1 X159.965 Y114.208 E-.05515
G1 X159.965 Y113.928 E-.01685
;WIPE_END
G1 X157.862 Y116.317 Z1.2
G1 Z.8
G1 E.8 F1800
G1 F7200
G1 X158.092 Y116.271 E.00714
G1 X158.432 Y116.063 E.01211
G1 X158.586 Y115.863 E.00767
G1 X158.702 Y115.603 E.00866
G1 X158.805 Y114.973 E.01944
G1 X158.771 Y114.253 E.02191
G1 X158.648 Y113.82 E.01371
G1 X158.436 Y113.504 E.01155
G1 X158.082 Y113.288 E.01262
G1 X157.643 Y113.248 E.0134
G1 X157.419 Y113.309 E.00708
G1 X157.326 Y113.334 E.00293
G1 X157.135 Y113.455 E.00687
G1 X156.974 Y113.619 E.00697
G1 X156.847 Y113.836 E.00766
G1 X156.763 Y114.106 E.00859
G1 X156.715 Y114.424 E.00978
G1 X156.704 Y114.973 E.01671
G1 X156.739 Y115.32 E.01061
G1 X156.859 Y115.742 E.01333
G1 X156.998 Y115.974 E.00825
G1 X157.16 Y116.137 E.00696
G1 X157.526 Y116.302 E.01222
G1 X157.822 Y116.316 E.00902
G1 E-.728 F1800
;WIPE_START
G1 F30000
G1 X158.092 Y116.271 E-.01642
G1 X158.432 Y116.063 E-.0239
G1 X158.586 Y115.863 E-.01514
G1 X158.698 Y115.612 E-.01654
;WIPE_END
G1 X154.282 Y115.475 Z1.2
G1 Z.8
G1 E.8 F1800
G1 F7200
G1 X154.224 Y115.485 E.00179
G1 X154.131 Y115.455 E.00296
G1 X154.102 Y115.405 E.00176
G1 X154.04 Y115.063 E.01056
G1 X153.116 Y115.155 E.02824
G1 X153.231 Y115.685 E.01648
G1 X153.327 Y115.887 E.00681
G1 X153.592 Y116.152 E.01141
G1 X153.945 Y116.294 E.01156
G1 X154.449 Y116.309 E.01536
G1 X154.825 Y116.18 E.01207
G1 X155.056 Y115.986 E.00918
G1 X155.233 Y115.67 E.01101
G1 X155.271 Y115.336 E.01023
G1 X155.213 Y115.027 E.00955
G1 X155.097 Y114.783 E.00821
G1 X154.933 Y114.553 E.00862
G1 X154.544 Y114.173 E.01652
G1 X155.27 Y114.173 E.02208
G1 X155.27 Y113.29 E.02685
G1 X153.044 Y113.29 E.06771
G1 X153.196 Y113.894 E.01894
G1 X153.348 Y114.177 E.00979
G1 X153.614 Y114.493 E.01255
G1 X154.266 Y115.145 E.02805
G1 X154.323 Y115.242 E.00343
G1 X154.346 Y115.333 E.00283
G1 X154.341 Y115.412 E.00241
G1 X154.309 Y115.446 E.00142
G1 E-.728 F1800
;WIPE_START
G1 F30000
G1 X154.224 Y115.485 E-.00562
G1 X154.131 Y115.455 E-.00585
G1 X154.102 Y115.405 E-.00347
G1 X154.04 Y115.063 E-.02084
G1 X153.44 Y115.123 E-.03623
;WIPE_END
G1 X152.965 Y114.208 Z1.2
G1 Z.8
G1 E.8 F1800
G1 F7200
G1 X152.965 Y113.29 E.02793
G1 X152.046 Y113.29 E.02793
G1 X152.046 Y114.208 E.02793
G1 X152.925 Y114.208 E.02671
G1 E-.728 F1800
;WIPE_START
G1 F30000
G1 X152.965 Y113.29 E-.05515
G1 X152.684 Y113.29 E-.01685
;WIPE_END
G1 X151.436 Y113.504 Z1.2
G1 Z.8
G1 E.8 F1800
G1 F7200
G1 X151.082 Y113.288 E.01262
G1 X150.643 Y113.248 E.0134
G1 X150.419 Y113.309 E.00708
G1 X150.326 Y113.334 E.00293
G1 X150.135 Y113.455 E.00687
G1 X149.974 Y113.619 E.00697
G1 X149.847 Y113.836 E.00766
G1 X149.763 Y114.106 E.00859
G1 X149.715 Y114.424 E.00978
G1 X149.704 Y114.973 E.01671
G1 X149.739 Y115.32 E.01061
G1 X149.859 Y115.742 E.01333
G1 X149.998 Y115.974 E.00825
G1 X150.16 Y116.137 E.00696
G1 X150.526 Y116.302 E.01222
G1 X150.862 Y116.317 E.01023
G1 X151.092 Y116.271 E.00714
G1 X151.432 Y116.063 E.01211
G1 X151.586 Y115.863 E.00767
G1 X151.702 Y115.603 E.00866
G1 X151.805 Y114.973 E.01944
G1 X151.771 Y114.253 E.02191
G1 X151.648 Y113.82 E.01371
G1 X151.459 Y113.537 E.01034
G1 E-.728 F1800
;WIPE_START
G1 F30000
G1 X151.082 Y113.288 E-.02709
G1 X150.643 Y113.248 E-.02643
G1 X150.419 Y113.309 E-.01396
G1 X150.346 Y113.329 E-.00451
;WIPE_END
G1 X145.105 Y118.877 Z1.2
G1 X144.79 Y119.21 Z1.2
G1 Z.8
G1 E.8 F1800
G1 F7200
G1 X162.21 Y119.21 E.52981
G1 X162.21 Y118.29 E.02798
G1 X144.79 Y118.29 E.52981
G1 X144.79 Y119.17 E.02676
G1 E-.728 F1800
;WIPE_START
G1 F30000
G1 X145.99 Y119.173 E-.072
;WIPE_END
G1 X142.918 Y121.216 Z1.2
G1 Z.8
G1 E.8 F1800
SET_VELOCITY_LIMIT ACCEL=3000
;TYPE:Inner wall
;WIDTH:0.45
G1 F12000
G1 X142.918 Y129.481 E.27135
G1 X142.903 Y129.608 E.0042
G1 X142.831 Y129.754 E.00534
G1 X142.754 Y129.831 E.00358
G1 X142.66 Y129.885 E.00358
G1 X142.481 Y129.918 E.00597
G1 X135.519 Y129.918 E.22858
G1 X135.392 Y129.903 E.0042
G1 X135.246 Y129.831 E.00534
G1 X135.169 Y129.754 E.00358
G1 X135.115 Y129.66 E.00358
G1 X135.082 Y129.481 E.00597
G1 X135.082 Y120.019 E.31067
G1 X135.097 Y119.892 E.0042
G1 X135.169 Y119.746 E.00534
G1 X135.246 Y119.669 E.00358
G1 X135.332 Y119.619 E.00326
G1 X135.519 Y119.582 E.00627
G1 X142.545 Y119.586 E.23068
G1 X142.709 Y119.639 E.00565
G1 X142.831 Y119.746 E.00535
G1 X142.903 Y119.892 E.00535
G1 X142.918 Y120.019 E.0042
G1 X142.918 Y121.176 E.038
G1 E-.728 F1800
;WIPE_START
G1 F30000
G1 X142.918 Y122.376 E-.072
;WIPE_END
G1 X144.79 Y123.21 Z1.2
G1 Z.8
G1 E.8 F1800
SET_VELOCITY_LIMIT ACCEL=2000
;TYPE:Outer wall
;WIDTH:0.42
G1 F7200
G1 X162.21 Y123.21 E.52981
G1 X162.21 Y121.79 E.04319
G1 X144.79 Y121.79 E.52981
G1 X144.79 Y123.17 E.04197
G1 E-.728 F1800
;WIPE_START
G1 F30000
G1 X145.99 Y123.173 E-.072
;WIPE_END

G1 X146.501 Y124.097 Z0.857143
G1 X146.096 Y125.073 Z0.914286
G1 X145.082 Y125.365 Z0.971429
G1 X144.22 Y124.754 Z1.02857
G1 X144.161 Y123.699 Z1.08571
G1 X144.949 Y122.996 Z1.14286
G1 X145.99 Y123.173 Z1.2
G1 X156.61 Y130.71 Z1.2
G1 Z.8
G1 E.8 F1800
G1 F3000
M106 S255
G1 X156.61 Y129.5 E.0368
G1 F2580
G1 X156.61 Y129.3 E.00608
SET_VELOCITY_LIMIT ACCEL=1000
;TYPE:Overhang wall
;WIDTH:0.4
G1 F3000
G1 X156.61 Y129.21 E.00259
G1 X158.19 Y129.21 E.0455
G1 X158.19 Y129.3 E.00259
SET_VELOCITY_LIMIT ACCEL=2000
;TYPE:Outer wall
;WIDTH:0.42
G1 F2580
G1 X158.19 Y129.5 E.00608
M106 S181
G1 F3000
G1 X158.19 Y130.71 E.0368
G1 F7200
G1 X158.733 Y130.71 E.01651
G1 X161.667 Y130.71 E.08923
G1 X162.21 Y130.71 E.01651
G1 X162.21 Y130.167 E.01651
G1 X162.21 Y126.333 E.11661
G1 X162.21 Y125.79 E.01651
G1 X161.667 Y125.79 E.01651
G1 X145.333 Y125.79 E.49678
G1 X144.79 Y125.79 E.01651
G1 X144.79 Y126.333 E.01651
G1 X144.79 Y130.167 E.11661
G1 X144.79 Y130.71 E.01651
G1 X145.333 Y130.71 E.01651
G1 X148.267 Y130.71 E.08923
G1 X148.81 Y130.71 E.01651
G1 F3420
G1 X148.81 Y130.11 E.01825
G1 X150.39 Y130.11 E.04805
G1 X150.39 Y130.71 E.01825
G1 F7200
G1 X151.41 Y130.71 E.03102
M106 S255
G1 F1980
G1 X151.41 Y129.81 E.02737
G1 X152.99 Y129.81 E.04805
M106 S181
G1 X152.99 Y130.71 E.02737
G1 F7200
G1 X154.01 Y130.71 E.03102
M106 S255
G1 F3000
G1 X154.01 Y129.7 E.03072
G1 F2100
G1 X154.01 Y129.51 E.00578
G1 X155.59 Y129.51 E.04805
G1 X155.59 Y129.7 E.00578
M106 S181
G1 F3000
G1 X155.59 Y130.71 E.03072
G1 F7200
G1 X156.57 Y130.71 E.02981
G1 X157.002 Y131.102 F30000
SET_VELOCITY_LIMIT ACCEL=3000
;TYPE:Inner wall
;WIDTH:0.45
G1 F11160
G1 X157.002 Y129.602 E.04925
G1 X157.798 Y129.602 E.02614
G1 X157.798 Y131.102 E.04925
G1 F12000
G1 X162.418 Y131.102 E.15169
G1 X162.418 Y131.918 E.02679
G1 X144.582 Y131.918 E.58562
G1 X144.582 Y131.102 E.02679
G1 X149.202 Y131.102 E.15169
G1 X149.202 Y130.502 E.0197
G1 X149.998 Y130.502 E.02614
G1 X149.998 Y131.102 E.0197
G1 X151.802 Y131.102 E.05923
G1 X151.802 Y130.202 E.02955
G1 X152.598 Y130.202 E.02614
G1 X152.598 Y131.102 E.02955
G1 X154.402 Y131.102 E.05923
G1 X154.402 Y129.902 E.0394
G1 X155.198 Y129.902 E.02614
G1 X155.198 Y131.102 E.0394
G1 X156.962 Y131.102 E.05792
G1 E-.728 F1800
M73 P46 R11
;WIPE_START
G1 F30000
G1 X156.994 Y129.903 E-.072
;WIPE_END

G1 X157.129 Y128.855 Z0.857143
G1 X158.033 Y128.308 Z0.914286
G1 X159.024 Y128.673 Z0.971429
G1 X159.356 Y129.675 Z1.02857
G1 X158.78 Y130.56 Z1.08571
G1 X157.729 Y130.661 Z1.14286
G1 X156.994 Y129.903 Z1.2
G1 X151.29 Y112.71 Z1.2
G1 Z.8
G1 E.8 F1800
SET_VELOCITY_LIMIT ACCEL=2000
;TYPE:Outer wall
;WIDTH:0.42
G1 F7200
G1 X153.71 Y112.71 E.0736
G1 X153.71 Y103.71 E.27372
G1 X158.39 Y103.71 E.14234
G1 X158.39 Y112.71 E.27372
G1 X160.61 Y112.71 E.06752
G1 X160.61 Y103.71 E.27372
G1 X162.993 Y103.71 E.07248
G1 X163.364 Y103.734 E.01131
G1 X163.722 Y103.806 E.0111
G1 X164.068 Y103.923 E.0111
G1 X164.395 Y104.084 E.0111
G1 X164.698 Y104.287 E.0111
G1 X164.973 Y104.527 E.0111
G1 X165.213 Y104.802 E.0111
G1 X165.416 Y105.105 E.0111
G1 X165.577 Y105.432 E.0111
G1 X165.694 Y105.778 E.0111
G1 X165.766 Y106.136 E.0111
G1 X165.79 Y106.507 E.01131
G1 X165.79 Y146.493 E1.21613
G1 X165.766 Y146.864 E.01131
G1 X165.694 Y147.222 E.0111
G1 X165.577 Y147.568 E.0111
G1 X165.416 Y147.895 E.0111
G1 X165.213 Y148.198 E.0111
G1 X164.973 Y148.473 E.0111
G1 X164.698 Y148.713 E.0111
G1 X164.395 Y148.916 E.0111
G1 X164.067 Y149.077 E.0111
G1 X163.722 Y149.195 E.0111
G1 X163.364 Y149.266 E.0111
G1 X162.993 Y149.29 E.01131
G1 X93.007 Y149.29 E2.12854
G1 X92.636 Y149.266 E.01131
G1 X92.278 Y149.195 E.0111
G1 X91.932 Y149.077 E.0111
G1 X91.605 Y148.916 E.0111
G1 X91.302 Y148.713 E.0111
G1 X91.027 Y148.473 E.0111
G1 X90.787 Y148.198 E.0111
G1 X90.584 Y147.895 E.0111
G1 X90.423 Y147.568 E.0111
G1 X90.306 Y147.222 E.0111
G1 X90.234 Y146.864 E.0111
G1 X90.21 Y146.493 E.01131
G1 X90.21 Y106.507 E1.21613
G1 X90.234 Y106.136 E.01131
G1 X90.306 Y105.778 E.0111
G1 X90.423 Y105.432 E.0111
G1 X90.584 Y105.105 E.0111
G1 X90.787 Y104.802 E.0111
G1 X91.027 Y104.527 E.0111
G1 X91.302 Y104.287 E.0111
G1 X91.605 Y104.084 E.0111
G1 X91.932 Y103.923 E.0111
G1 X92.278 Y103.806 E.0111
G1 X92.636 Y103.734 E.0111
G1 X93.007 Y103.71 E.01131
G1 X151.29 Y103.71 E1.7726
G1 X151.29 Y112.67 E.27251
G1 X151.865 Y113 F30000
SET_VELOCITY_LIMIT ACCEL=3000
;TYPE:Gap infill
;WIDTH:0.230842
G1 F15000
G1 X153.891 Y113 E.03071
G1 E-.728 F1800
;WIPE_START
G1 F30000
G1 X152.691 Y113 E-.072
;WIPE_END
G1 X158.865 Y113 Z1.2
G1 Z.8
G1 E.8 F1800
G1 F15000
G1 X160.146 Y113 E.01941
G1 E-.728 F1800
;WIPE_START
G1 F30000
G1 X158.946 Y113 E-.072
;WIPE_END
G1 X160.909 Y105.624 Z1.2
G1 X161.206 Y104.51 Z1.2
G1 Z.8
G1 E.8 F1800
;WIDTH:0.451707
G1 F15000
G1 X163.039 Y104.513 E.06045
G1 X163.26 Y104.528 E.00729
G1 X163.502 Y104.575 E.00814
G1 X163.761 Y104.662 E.00901
G1 X163.995 Y104.777 E.00858
G1 X164.211 Y104.922 E.00858
G1 X164.407 Y105.093 E.00858
G1 X164.578 Y105.289 E.00858
G1 X164.723 Y105.505 E.00858
G1 X164.838 Y105.739 E.00858
G1 X164.922 Y105.985 E.00858
G1 X164.972 Y106.24 E.00858
G1 X164.99 Y106.533 E.00967
G1 X164.988 Y146.526 E1.3186
G1 X164.972 Y146.76 E.00773
G1 X164.924 Y147.002 E.00814
G1 X164.843 Y147.249 E.00858
G1 X164.723 Y147.495 E.00901
G1 X164.586 Y147.7 E.00814
G1 X164.407 Y147.907 E.00901
G1 X164.211 Y148.078 E.00858
G1 X163.995 Y148.223 E.00858
G1 X163.761 Y148.338 E.00858
G1 X163.502 Y148.425 E.00901
G1 X163.26 Y148.472 E.00814
G1 X163.026 Y148.488 E.00773
G1 X159.538 Y148.49 E.11499
G1 X159.436 Y147.97 F30000
;TYPE:Internal solid infill
;WIDTH:0.38292
G1 F15000
G1 X159.373 Y148.007 E.00202
G1 X159.438 Y148.041 E.00202
G1 X159.16 Y148.451 F30000
;WIDTH:0.443124
G1 F15000
G1 X159.109 Y148.451 E.00161
G1 X159.084 Y148.494 E.00161
G1 X159.109 Y148.538 E.00161
G1 X159.165 Y148.529 E.0018
G1 E-.78765 F1800
;WIPE_START
G1 F30000
G1 X159.109 Y148.538 E-.00334
G1 X159.084 Y148.494 E-.003
G1 X159.109 Y148.451 E-.003
G1 X159.16 Y148.451 E-.003
;WIPE_END
G1 X161.255 Y146.001 Z1.2
G1 Z.8
G1 E.8 F1800
;WIDTH:0.422111
G1 F15000
G1 X158.691 Y148.565 E.11088
G1 X158.155 Y148.565 E.0164
G1 X161.085 Y145.635 E.12673
G1 X161.085 Y145.098 E.0164
G1 X157.619 Y148.565 E.14993
G1 X157.083 Y148.565 E.0164
G1 X161.085 Y144.562 E.17312
G1 X161.085 Y144.026 E.0164
G1 X156.546 Y148.565 E.19632
G1 X156.01 Y148.565 E.0164
G1 X161.085 Y143.49 E.21951
G1 X161.085 Y142.953 E.0164
G1 X155.474 Y148.565 E.24271
G1 X154.938 Y148.565 E.0164
G1 X161.085 Y142.417 E.2659
G1 X161.085 Y141.881 E.0164
G1 X154.401 Y148.565 E.28909
G1 X153.865 Y148.565 E.0164
G1 X161.085 Y141.345 E.31229
G1 X161.085 Y140.808 E.0164
G1 X153.329 Y148.565 E.33548
G1 X152.793 Y148.565 E.0164
G1 X161.085 Y140.272 E.35868
G1 X161.085 Y139.736 E.0164
G1 X152.256 Y148.565 E.38187
G1 X151.72 Y148.565 E.0164
G1 X161.085 Y139.199 E.40507
G1 X161.085 Y138.663 E.0164
G1 X151.184 Y148.565 E.42826
G1 X150.648 Y148.565 E.0164
G1 X161.085 Y138.127 E.45145
G1 X161.085 Y137.591 E.0164
M73 P46 R10
G1 X150.111 Y148.565 E.47465
G1 X149.575 Y148.565 E.0164
G1 X161.085 Y137.054 E.49784
G1 X161.085 Y136.518 E.0164
G1 X149.039 Y148.565 E.52104
G1 X148.502 Y148.565 E.0164
G1 X161.085 Y135.982 E.54423
G1 X161.085 Y135.446 E.0164
G1 X147.966 Y148.565 E.56743
G1 X147.43 Y148.565 E.0164
G1 X161.085 Y134.909 E.59062
G1 X161.085 Y134.373 E.0164
G1 X146.894 Y148.565 E.61381
G1 X146.357 Y148.565 E.0164
G1 X160.998 Y133.924 E.63326
G1 X160.471 Y133.915 E.01613
G1 X145.821 Y148.565 E.63364
G1 X145.285 Y148.565 E.0164
G1 X159.935 Y133.915 E.63364
G1 X159.398 Y133.915 E.0164
G1 X144.749 Y148.565 E.63364
G1 X144.212 Y148.565 E.0164
G1 X158.862 Y133.915 E.63363
G1 X158.326 Y133.915 E.0164
G1 X143.676 Y148.565 E.63363
G1 X143.14 Y148.565 E.0164
G1 X157.79 Y133.915 E.63363
G1 X157.253 Y133.915 E.0164
G1 X142.604 Y148.565 E.63363
G1 X142.067 Y148.565 E.0164
G1 X156.717 Y133.915 E.63363
G1 X156.181 Y133.915 E.0164
G1 X141.531 Y148.565 E.63363
G1 X140.995 Y148.565 E.0164
G1 X155.644 Y133.915 E.63362
G1 X155.108 Y133.915 E.0164
G1 X140.459 Y148.565 E.63362
G1 X139.922 Y148.565 E.0164
G1 X154.572 Y133.915 E.63362
G1 X154.036 Y133.915 E.0164
G1 X139.386 Y148.565 E.63362
G1 X138.85 Y148.565 E.0164
G1 X153.499 Y133.915 E.63362
G1 X152.963 Y133.915 E.0164
G1 X138.314 Y148.565 E.63362
G1 X137.777 Y148.565 E.0164
G1 X152.427 Y133.915 E.63361
G1 X151.89 Y133.915 E.0164
G1 X137.241 Y148.565 E.63361
G1 X136.705 Y148.565 E.0164
G1 X151.354 Y133.915 E.63361
G1 X150.818 Y133.916 E.0164
G1 X136.169 Y148.565 E.63361
G1 X135.632 Y148.565 E.0164
G1 X150.281 Y133.916 E.63361
G1 X149.745 Y133.916 E.0164
G1 X135.096 Y148.565 E.63361
G1 X134.56 Y148.565 E.0164
G1 X149.209 Y133.916 E.6336
G1 X148.673 Y133.916 E.0164
G1 X134.024 Y148.565 E.6336
G1 X133.487 Y148.565 E.0164
G1 X148.136 Y133.916 E.6336
G1 X147.6 Y133.916 E.0164
M73 P47 R10
G1 X132.951 Y148.565 E.6336
G1 X132.415 Y148.565 E.0164
G1 X147.064 Y133.916 E.6336
G1 X146.527 Y133.916 E.0164
G1 X131.879 Y148.565 E.6336
G1 X131.342 Y148.565 E.0164
G1 X145.991 Y133.916 E.63359
G1 X145.455 Y133.916 E.0164
G1 X130.806 Y148.565 E.63359
G1 X130.27 Y148.565 E.0164
G1 X144.918 Y133.916 E.63359
G1 X144.382 Y133.916 E.0164
G1 X129.733 Y148.565 E.63359
G1 X129.197 Y148.565 E.0164
G1 X143.846 Y133.916 E.63359
G1 X143.31 Y133.916 E.0164
G1 X128.661 Y148.565 E.63359
G1 X128.125 Y148.565 E.0164
G1 X142.773 Y133.916 E.63358
G1 X142.237 Y133.916 E.0164
G1 X127.588 Y148.565 E.63358
G1 X127.052 Y148.565 E.0164
G1 X141.701 Y133.916 E.63358
G1 X141.164 Y133.916 E.0164
G1 X126.516 Y148.565 E.63358
G1 X125.98 Y148.565 E.0164
G1 X140.628 Y133.916 E.63358
G1 X140.092 Y133.916 E.0164
G1 X125.443 Y148.565 E.63358
G1 X124.907 Y148.565 E.0164
G1 X139.556 Y133.916 E.63357
G1 X139.019 Y133.916 E.0164
G1 X124.371 Y148.565 E.63357
G1 X123.835 Y148.565 E.0164
G1 X138.483 Y133.916 E.63357
G1 X137.947 Y133.916 E.0164
G1 X123.298 Y148.565 E.63357
G1 X122.762 Y148.565 E.0164
G1 X137.41 Y133.916 E.63357
G1 X136.874 Y133.917 E.0164
G1 X122.226 Y148.565 E.63357
G1 X121.69 Y148.565 E.0164
G1 X136.338 Y133.917 E.63356
G1 X135.801 Y133.917 E.0164
G1 X121.153 Y148.565 E.63356
G1 X120.617 Y148.565 E.0164
G1 X135.265 Y133.917 E.63356
G1 X134.729 Y133.917 E.0164
G1 X120.081 Y148.565 E.63356
G1 X119.545 Y148.565 E.0164
G1 X134.193 Y133.917 E.63356
G1 X133.656 Y133.917 E.0164
G1 X119.008 Y148.565 E.63356
G1 X118.472 Y148.565 E.0164
G1 X133.12 Y133.917 E.63355
G1 X132.584 Y133.917 E.0164
G1 X117.936 Y148.565 E.63355
G1 X117.4 Y148.565 E.0164
G1 X132.047 Y133.917 E.63355
G1 X131.511 Y133.917 E.0164
G1 X116.863 Y148.565 E.63355
G1 X116.327 Y148.565 E.0164
G1 X130.975 Y133.917 E.63355
G1 X130.439 Y133.917 E.0164
G1 X115.791 Y148.565 E.63355
G1 X115.255 Y148.565 E.0164
G1 X129.902 Y133.917 E.63354
G1 X129.366 Y133.917 E.0164
G1 X114.718 Y148.565 E.63354
G1 X114.182 Y148.565 E.0164
G1 X128.83 Y133.917 E.63354
G1 X128.293 Y133.917 E.0164
G1 X113.646 Y148.565 E.63354
G1 X113.11 Y148.565 E.0164
G1 X127.757 Y133.917 E.63354
G1 X127.221 Y133.917 E.0164
G1 X112.573 Y148.565 E.63354
G1 X112.037 Y148.565 E.0164
G1 X126.684 Y133.917 E.63353
G1 X126.148 Y133.917 E.0164
G1 X111.501 Y148.565 E.63353
G1 X110.964 Y148.565 E.0164
G1 X125.612 Y133.917 E.63353
G1 X125.076 Y133.917 E.0164
G1 X110.428 Y148.565 E.63353
G1 X109.892 Y148.565 E.0164
G1 X124.539 Y133.917 E.63353
G1 X124.003 Y133.917 E.0164
G1 X109.356 Y148.565 E.63353
G1 X108.819 Y148.565 E.0164
G1 X123.467 Y133.917 E.63352
G1 X122.93 Y133.918 E.0164
G1 X108.283 Y148.565 E.63352
G1 X107.747 Y148.565 E.0164
G1 X122.394 Y133.918 E.63352
G1 X121.858 Y133.918 E.0164
G1 X107.211 Y148.565 E.63352
G1 X106.674 Y148.565 E.0164
G1 X121.321 Y133.918 E.63352
G1 X120.785 Y133.918 E.0164
G1 X106.138 Y148.565 E.63352
G1 X105.602 Y148.565 E.0164
G1 X120.249 Y133.918 E.63351
G1 X119.713 Y133.918 E.0164
G1 X105.066 Y148.565 E.63351
G1 X104.529 Y148.565 E.0164
G1 X119.176 Y133.918 E.63351
G1 X118.64 Y133.918 E.0164
G1 X103.993 Y148.565 E.63351
G1 X103.457 Y148.565 E.0164
G1 X118.104 Y133.918 E.63351
G1 X117.567 Y133.918 E.0164
G1 X102.921 Y148.565 E.63351
G1 X102.384 Y148.565 E.0164
G1 X117.031 Y133.918 E.6335
G1 X116.495 Y133.918 E.0164
G1 X101.848 Y148.565 E.6335
G1 X101.312 Y148.565 E.0164
G1 X115.959 Y133.918 E.6335
G1 X115.422 Y133.918 E.0164
G1 X100.776 Y148.565 E.6335
G1 X100.239 Y148.565 E.0164
G1 X114.886 Y133.918 E.6335
G1 X114.35 Y133.918 E.0164
G1 X99.703 Y148.565 E.6335
G1 X99.167 Y148.565 E.0164
G1 X113.813 Y133.918 E.63349
G1 X113.277 Y133.918 E.0164
G1 X98.631 Y148.565 E.63349
G1 X98.094 Y148.565 E.0164
G1 X112.741 Y133.918 E.63349
G1 X112.204 Y133.918 E.0164
G1 X97.558 Y148.565 E.63349
G1 X97.022 Y148.565 E.0164
G1 X111.668 Y133.918 E.63349
G1 X111.132 Y133.918 E.0164
M73 P48 R10
G1 X96.486 Y148.565 E.63349
G1 X95.949 Y148.565 E.0164
G1 X110.596 Y133.918 E.63348
G1 X110.059 Y133.918 E.0164
G1 X95.795 Y148.183 E.61696
G1 X95.795 Y147.931 E.0077
G1 X95.511 Y147.931 E.00869
G1 X109.523 Y133.918 E.60605
G1 X108.987 Y133.919 E.0164
G1 X95.065 Y147.84 E.60215
G1 X94.814 Y147.555 E.01162
G1 X108.45 Y133.919 E.58979
G1 X107.914 Y133.919 E.0164
G1 X94.564 Y147.269 E.57743
G1 X94.313 Y146.983 E.01162
G1 X107.378 Y133.919 E.56507
G1 X106.841 Y133.919 E.0164
G1 X94.063 Y146.697 E.55271
G1 X93.921 Y146.511 E.00715
G1 X93.915 Y146.309 E.00619
G1 X106.305 Y133.919 E.53591
G1 X105.769 Y133.919 E.0164
G1 X93.915 Y145.773 E.51272
G1 X93.915 Y145.237 E.0164
G1 X105.233 Y133.919 E.48952
G1 X104.696 Y133.919 E.0164
G1 X93.915 Y144.7 E.46633
G1 X93.915 Y144.164 E.0164
G1 X104.16 Y133.919 E.44313
G1 X103.624 Y133.919 E.0164
G1 X93.915 Y143.628 E.41993
G1 X93.915 Y143.092 E.0164
G1 X103.087 Y133.919 E.39674
G1 X102.551 Y133.919 E.0164
G1 X93.915 Y142.555 E.37354
G1 X93.915 Y142.019 E.0164
G1 X102.015 Y133.919 E.35035
G1 X101.479 Y133.919 E.0164
G1 X93.915 Y141.483 E.32715
G1 X93.915 Y140.947 E.0164
G1 X100.942 Y133.919 E.30395
G1 X100.406 Y133.919 E.0164
G1 X93.915 Y140.41 E.28076
G1 X93.915 Y139.874 E.0164
G1 X99.87 Y133.919 E.25756
G1 X99.333 Y133.919 E.0164
G1 X93.915 Y139.338 E.23437
G1 X93.915 Y138.802 E.0164
G1 X98.797 Y133.919 E.21117
G1 X98.261 Y133.919 E.0164
G1 X93.915 Y138.265 E.18797
G1 X93.915 Y137.729 E.0164
G1 X97.724 Y133.919 E.16478
G1 X97.188 Y133.919 E.0164
G1 X93.915 Y137.193 E.14158
G1 X93.915 Y136.656 E.0164
G1 X96.652 Y133.919 E.11839
G1 X96.116 Y133.919 E.0164
G1 X93.915 Y136.12 E.09519
G1 X93.915 Y135.584 E.0164
G1 X95.579 Y133.919 E.07199
G1 X95.043 Y133.92 E.0164
G1 X93.915 Y135.048 E.0488
G1 X93.915 Y134.511 E.0164
G1 X94.676 Y133.75 E.03294
G1 E-.728 F1800
;WIPE_START
G1 F30000
G1 X93.915 Y134.511 E-.06462
G1 X93.915 Y134.634 E-.00738
;WIPE_END
G1 X101.433 Y135.948 Z1.2
G1 X161.215 Y146.394 Z1.2
G1 Z.8
G1 E.8 F1800
;TYPE:Gap infill
;WIDTH:0.226974
G1 F15000
G1 X161.078 Y146.585 E.00349
;WIDTH:0.258866
G1 X160.617 Y147.077 E.01174
;WIDTH:0.298271
G1 X160.157 Y147.569 E.01388
;WIDTH:0.317973
G1 X159.696 Y148.06 E.01495
G1 E-.75957 F1800
;WIPE_START
G1 F30000
G1 X160.157 Y147.569 E-.04043
;WIPE_END
G1 X164.322 Y146.888 Z1.2
G1 Z.8
G1 E.8 F1800
SET_VELOCITY_LIMIT ACCEL=1500
;TYPE:Top surface
;WIDTH:0.421223
G1 F12000
G1 X163.852 Y147.358 E.02209
G1 X163.605 Y147.547 E.01037
G1 X163.313 Y147.668 E.0105
G1 X163.158 Y147.699 E.00526
G1 X162.966 Y147.709 E.00639
G1 X164.209 Y146.466 E.05846
G1 X164.209 Y145.931 E.01779
G1 X162.431 Y147.709 E.08363
G1 X161.896 Y147.709 E.01779
G1 X164.209 Y145.396 E.10879
G1 X164.209 Y144.861 E.01779
G1 X161.361 Y147.709 E.13395
G1 X160.989 Y147.709 E.01238
G1 X161.627 Y146.981 E.0322
G1 X161.728 Y146.807 E.0067
G1 X164.209 Y144.326 E.11669
G1 X164.209 Y143.791 E.01779
G1 X161.791 Y146.209 E.11374
G1 X161.791 Y145.674 E.01779
G1 X164.209 Y143.256 E.11374
G1 X164.209 Y142.721 E.01779
G1 X161.791 Y145.139 E.11374
G1 X161.791 Y144.604 E.01779
G1 X164.209 Y142.186 E.11374
G1 X164.209 Y141.651 E.01779
G1 X161.791 Y144.069 E.11374
G1 X161.791 Y143.534 E.01779
G1 X164.209 Y141.116 E.11374
G1 X164.209 Y140.581 E.01779
G1 X161.791 Y142.999 E.11374
G1 X161.791 Y142.464 E.01779
G1 X164.209 Y140.046 E.11374
G1 X164.209 Y139.511 E.01779
G1 X161.791 Y141.929 E.11374
G1 X161.791 Y141.394 E.01779
G1 X164.209 Y138.976 E.11374
G1 X164.209 Y138.441 E.01779
G1 X161.791 Y140.859 E.11374
G1 X161.791 Y140.324 E.01779
G1 X164.209 Y137.906 E.11374
G1 X164.209 Y137.371 E.01779
G1 X161.791 Y139.789 E.11374
G1 X161.791 Y139.254 E.01779
G1 X164.209 Y136.836 E.11374
G1 X164.209 Y136.301 E.01779
G1 X161.791 Y138.719 E.11374
G1 X161.791 Y138.184 E.01779
G1 X164.209 Y135.766 E.11374
G1 X164.209 Y135.231 E.01779
G1 X161.791 Y137.649 E.11374
G1 X161.791 Y137.114 E.01779
G1 X164.209 Y134.696 E.11374
G1 X164.209 Y134.161 E.01779
G1 X161.791 Y136.579 E.11374
G1 X161.791 Y136.044 E.01779
G1 X164.209 Y133.626 E.11374
G1 X164.209 Y133.091 E.01779
G1 X161.791 Y135.509 E.11374
G1 X161.791 Y134.974 E.01779
G1 X164.209 Y132.556 E.11374
G1 X164.209 Y132.021 E.01779
G1 X161.791 Y134.439 E.11374
G1 X161.785 Y133.91 E.01758
G1 X164.209 Y131.486 E.11403
G1 X164.209 Y130.951 E.01779
G1 X161.633 Y133.527 E.12117
G1 X161.481 Y133.373 E.0072
G1 X161.338 Y133.287 E.00555
G1 X162.334 Y132.291 E.04686
G1 X162.791 Y132.291 E.01519
G1 X162.791 Y131.834 E.01519
G1 X164.209 Y130.416 E.0667
G1 X164.209 Y129.881 E.01779
G1 X162.791 Y131.299 E.0667
G1 X162.791 Y130.764 E.01779
G1 X164.209 Y129.346 E.0667
G1 X164.209 Y128.811 E.01779
G1 X162.567 Y130.453 E.07721
G1 X162.567 Y129.918 E.01779
G1 X164.209 Y128.276 E.07721
G1 X164.209 Y127.741 E.01779
G1 X162.567 Y129.383 E.07721
G1 X162.567 Y128.848 E.01779
G1 X164.209 Y127.206 E.07721
G1 X164.209 Y126.671 E.01779
G1 X162.567 Y128.313 E.07721
G1 X162.567 Y127.778 E.01779
G1 X164.209 Y126.136 E.07721
G1 X164.209 Y125.601 E.01779
G1 X162.567 Y127.243 E.07721
G1 X162.567 Y126.708 E.01779
G1 X164.209 Y125.066 E.07721
G1 X164.209 Y124.531 E.01779
G1 X162.567 Y126.173 E.07721
G1 X162.567 Y125.638 E.01779
G1 X164.209 Y123.996 E.07721
G1 X164.209 Y123.461 E.01779
G1 X162.238 Y125.433 E.09273
G1 X161.703 Y125.433 E.01779
G1 X164.209 Y122.926 E.11789
G1 X164.209 Y122.391 E.01779
G1 X161.168 Y125.433 E.14306
G1 X160.633 Y125.433 E.01779
G1 X164.209 Y121.856 E.16822
G1 X164.209 Y121.321 E.01779
G1 X162.567 Y122.963 E.07721
G1 X162.567 Y122.428 E.01779
G1 X164.209 Y120.786 E.07721
G1 X164.209 Y120.251 E.01779
G1 X162.567 Y121.893 E.07721
G1 X162.567 Y121.433 E.0153
G1 X162.493 Y121.433 E.00249
G1 X164.209 Y119.716 E.08074
G1 X164.209 Y119.181 E.01779
G1 X161.958 Y121.433 E.1059
G1 X161.423 Y121.433 E.01779
G1 X164.209 Y118.646 E.13106
G1 X164.209 Y118.111 E.01779
G1 X160.888 Y121.433 E.15623
G1 X160.353 Y121.433 E.01779
G1 X162.218 Y119.567 E.08772
G1 X162.567 Y119.567 E.01164
G1 X162.567 Y119.218 E.01164
G1 X164.209 Y117.576 E.07721
G1 X164.209 Y117.041 E.01779
G1 X162.567 Y118.683 E.07721
G1 X162.567 Y118.148 E.01779
G1 X164.209 Y116.506 E.07721
G1 X164.209 Y115.971 E.01779
G1 X162.248 Y117.933 E.09226
G1 X161.713 Y117.933 E.01779
G1 X164.209 Y115.436 E.11742
G1 X164.209 Y114.901 E.01779
G1 X161.178 Y117.933 E.14259
G1 X160.643 Y117.933 E.01779
G1 X164.209 Y114.366 E.16775
G1 X164.209 Y113.831 E.01779
G1 X162.219 Y115.821 E.09358
G1 X162.219 Y115.286 E.01779
G1 X164.209 Y113.296 E.09358
G1 X164.209 Y112.761 E.01779
M73 P49 R10
G1 X162.219 Y114.751 E.09358
G1 X162.219 Y114.216 E.01779
G1 X164.209 Y112.226 E.09358
G1 X164.209 Y111.691 E.01779
G1 X162.219 Y113.681 E.09358
G1 X162.219 Y113.146 E.01779
G1 X164.209 Y111.156 E.09358
G1 X164.209 Y110.621 E.01779
G1 X161.898 Y112.933 E.10872
G1 X161.363 Y112.933 E.01779
G1 X164.209 Y110.086 E.13389
G1 X164.209 Y109.551 E.01779
G1 X160.967 Y112.793 E.15247
G1 X160.967 Y112.258 E.01779
G1 X164.209 Y109.016 E.15247
G1 X164.209 Y108.481 E.01779
G1 X160.967 Y111.723 E.15247
G1 X160.967 Y111.188 E.01779
G1 X164.209 Y107.946 E.15247
G1 X164.209 Y107.411 E.01779
G1 X160.967 Y110.653 E.15247
G1 X160.967 Y110.118 E.01779
G1 X164.209 Y106.876 E.15247
G1 X164.209 Y106.493 E.01273
G1 X164.2 Y106.35 E.00476
G1 X160.967 Y109.583 E.15203
G1 X160.967 Y109.048 E.01779
G1 X164.071 Y105.944 E.14599
G1 X163.96 Y105.764 E.00705
G1 X163.845 Y105.635 E.00573
G1 X160.967 Y108.513 E.13533
G1 X160.967 Y107.978 E.01779
G1 X163.53 Y105.415 E.12051
G1 X163.313 Y105.332 E.00772
G1 X163.112 Y105.298 E.00677
G1 X160.967 Y107.443 E.10088
G1 X160.967 Y106.908 E.01779
G1 X162.584 Y105.291 E.07604
G1 X162.049 Y105.291 E.01779
G1 X160.967 Y106.373 E.05087
G1 X160.967 Y105.838 E.01779
G1 X161.514 Y105.291 E.02571
G1 X160.979 Y105.291 E.01779
G1 X160.798 Y105.472 E.00853
G1 E-.728 F1800
;WIPE_START
G1 F30000
G1 X160.979 Y105.291 E-.01539
G1 X161.514 Y105.291 E-.0321
G1 X161.225 Y105.58 E-.02451
;WIPE_END
G1 X158.755 Y112.802 Z1.2
G1 X158.722 Y112.898 Z1.2
G1 Z.8
G1 E.8 F1800
G1 F12000
G1 X158.374 Y113.246 E.01639
G1 E-.77043 F1800
;WIPE_START
G1 F30000
G1 X158.722 Y112.898 E-.02957
;WIPE_END
G1 X160.341 Y114.489 Z1.2
G1 Z.8
G1 E.8 F1800
G1 F12000
G1 X160.586 Y114.244 E.01151
G1 X160.586 Y113.709 E.01779
G1 X160.322 Y113.973 E.01242
G1 X160.322 Y113.438 E.01779
G1 X160.777 Y112.983 E.02139
G1 E-.728 F1800
;WIPE_START
G1 F30000
G1 X160.322 Y113.438 E-.03859
G1 X160.322 Y113.973 E-.0321
G1 X160.337 Y113.958 E-.00131
;WIPE_END
G1 X161.532 Y116.508 Z1.2
G1 Z.8
G1 E.8 F1800
G1 F12000
G1 X160.108 Y117.933 E.06698
G1 X159.573 Y117.933 E.01779
G1 X160.873 Y116.632 E.06115
G1 X160.696 Y116.275 E.01328
G1 X159.038 Y117.933 E.07798
G1 X158.503 Y117.933 E.01779
G1 X160.403 Y116.032 E.08941
G1 X160.043 Y115.857 E.01332
G1 X157.968 Y117.933 E.09762
G1 X157.433 Y117.933 E.01779
G1 X159.942 Y115.423 E.11805
G1 X159.942 Y114.888 E.01779
G1 X156.898 Y117.933 E.14321
G1 X156.363 Y117.933 E.01779
G1 X157.63 Y116.665 E.05964
G1 X157.441 Y116.656 E.0063
G1 X157.209 Y116.551 E.00847
G1 X155.828 Y117.933 E.06498
G1 X155.293 Y117.933 E.01779
G1 X156.871 Y116.354 E.07426
G1 X156.714 Y116.196 E.00742
G1 X156.632 Y116.058 E.00532
G1 X154.758 Y117.933 E.08816
G1 X154.223 Y117.933 E.01779
G1 X156.471 Y115.684 E.10576
G1 X156.386 Y115.388 E.01025
G1 X156.372 Y115.248 E.00468
G1 X153.688 Y117.933 E.12627
G1 X153.153 Y117.933 E.01779
G1 X154.42 Y116.665 E.0596
G1 X154.504 Y116.668 E.00281
G1 X155.004 Y116.496 E.01757
G1 X155.336 Y116.218 E.01442
G1 X155.58 Y115.782 E.0166
G1 X155.616 Y115.469 E.01047
G1 X156.524 Y114.561 E.04274
G1 E-.728 F1800
;WIPE_START
G1 F30000
G1 X155.676 Y115.409 E-.072
;WIPE_END
G1 X155.423 Y115.127 Z1.2
G1 Z.8
G1 E.8 F1800
G1 F12000
G1 X156.394 Y114.156 E.04566
G1 X156.413 Y114.025 E.00441
G1 X156.518 Y113.691 E.01165
G1 X156.688 Y113.4 E.01119
G1 X156.909 Y113.176 E.01048
G1 X157.18 Y113.004 E.01067
G1 X157.612 Y112.886 E.01489
G1 X157.66 Y112.89 E.00162
G1 X158.033 Y112.518 E.01753
G1 X158.033 Y111.983 E.01779
G1 X155.282 Y114.734 E.12939
G1 X155.458 Y114.022 F30000
G1 F12000
G1 X158.033 Y111.448 E.12111
G1 X158.033 Y110.913 E.01779
G1 X155.627 Y113.318 E.11313
G1 X155.627 Y112.933 E.01281
G1 X155.478 Y112.933 E.00498
G1 X158.033 Y110.378 E.12017
G1 X158.033 Y109.843 E.01779
G1 X154.943 Y112.933 E.14534
G1 X154.408 Y112.933 E.01779
G1 X158.033 Y109.308 E.1705
G1 X158.033 Y108.773 E.01779
G1 X154.067 Y112.738 E.1865
G1 X154.067 Y112.203 E.01779
G1 X158.033 Y108.238 E.1865
G1 X158.033 Y107.703 E.01779
G1 X154.067 Y111.668 E.1865
G1 X154.067 Y111.133 E.01779
G1 X158.033 Y107.168 E.1865
G1 X158.033 Y106.632 E.01779
G1 X154.067 Y110.598 E.1865
G1 X154.067 Y110.063 E.01779
G1 X158.033 Y106.097 E.1865
G1 X158.033 Y105.562 E.01779
G1 X154.067 Y109.528 E.1865
G1 X154.067 Y108.993 E.01779
G1 X157.769 Y105.291 E.1741
G1 X157.234 Y105.291 E.01779
G1 X154.067 Y108.458 E.14894
G1 X154.067 Y107.923 E.01779
G1 X156.699 Y105.291 E.12378
G1 X156.164 Y105.291 E.01779
G1 X154.067 Y107.388 E.09861
G1 X154.067 Y106.853 E.01779
G1 X155.629 Y105.291 E.07345
G1 X155.094 Y105.291 E.01779
G1 X154.067 Y106.318 E.04829
G1 X154.067 Y105.783 E.01779
G1 X154.729 Y105.121 E.0311
G1 E-.728 F1800
;WIPE_START
G1 F30000
G1 X154.067 Y105.783 E-.05611
G1 X154.067 Y106.047 E-.01589
;WIPE_END
G1 X151.767 Y112.898 Z1.2
G1 Z.8
G1 E.8 F1800
G1 F12000
G1 X151.402 Y113.263 E.01719
G1 E-.76899 F1800
;WIPE_START
G1 F30000
G1 X151.767 Y112.898 E-.03101
;WIPE_END
G1 X154.064 Y116.486 Z1.2
G1 Z.8
G1 E.8 F1800
G1 F12000
G1 X152.618 Y117.933 E.06806
G1 X152.083 Y117.933 E.01779
G1 X153.51 Y116.505 E.06716
G1 X153.391 Y116.457 E.00428
G1 X153.207 Y116.273 E.00865
G1 X151.548 Y117.933 E.07806
G1 X151.013 Y117.933 E.01779
G1 X152.972 Y115.973 E.09216
G1 X152.891 Y115.8 E.00635
G1 X152.84 Y115.57 E.00786
G1 X150.478 Y117.933 E.11114
G1 X149.943 Y117.933 E.01779
G1 X153.254 Y114.621 E.15576
G1 X153.208 Y114.566 E.00239
G1 X152.774 Y114.566 E.01442
G1 X152.128 Y115.212 E.03038
G1 X152.164 Y114.993 E.00736
G1 X152.148 Y114.657 E.0112
G1 X152.409 Y114.396 E.01227
G1 E-.728 F1800
;WIPE_START
G1 F30000
G1 X152.148 Y114.657 E-.02213
G1 X152.164 Y114.993 E-.0202
G1 X152.128 Y115.212 E-.01328
G1 X152.322 Y115.019 E-.01639
;WIPE_END
G1 X150.836 Y116.504 Z1.2
G1 Z.8
G1 E.8 F1800
G1 F12000
G1 X149.408 Y117.933 E.06718
G1 X148.873 Y117.933 E.01779
G1 X150.24 Y116.565 E.06432
G1 X149.953 Y116.435 E.01048
G1 X149.894 Y116.376 E.00277
G1 X148.338 Y117.933 E.0732
G1 X147.803 Y117.933 E.01779
G1 X149.649 Y116.086 E.08684
G1 X149.528 Y115.885 E.00781
G1 X149.481 Y115.719 E.00573
G1 X147.268 Y117.933 E.10411
G1 X146.733 Y117.933 E.01779
G1 X149.376 Y115.289 E.12435
G1 X149.346 Y114.988 E.01006
G1 X149.35 Y114.78 E.00691
G1 X148.567 Y115.563 E.03681
G1 X148.567 Y116.067 E.01679
G1 X148.063 Y116.067 E.01679
G1 X146.198 Y117.933 E.08772
G1 X145.662 Y117.933 E.01779
G1 X147.528 Y116.067 E.08772
G1 X146.993 Y116.067 E.01779
G1 X144.958 Y118.102 E.0957
G1 E-.728 F1800
;WIPE_START
G1 F30000
G1 X145.806 Y117.254 E-.072
;WIPE_END
G1 X148.398 Y115.197 Z1.2
G1 Z.8
G1 E.8 F1800
G1 F12000
G1 X149.386 Y114.209 E.04647
G1 X149.413 Y114.025 E.00619
G1 X149.518 Y113.691 E.01165
G1 X149.688 Y113.4 E.01119
G1 X149.909 Y113.176 E.01048
G1 X150.18 Y113.004 E.01067
G1 X150.612 Y112.886 E.01489
G1 X150.701 Y112.894 E.00299
G1 X150.933 Y112.663 E.01089
G1 X150.933 Y112.127 E.01779
G1 X148.567 Y114.493 E.11124
G1 X148.567 Y113.958 E.01779
G1 X150.933 Y111.592 E.11124
G1 X150.933 Y111.057 E.01779
G1 X148.567 Y113.423 E.11124
G1 X148.567 Y112.888 E.01779
G1 X150.933 Y110.522 E.11124
G1 X150.933 Y109.987 E.01779
G1 X148.567 Y112.353 E.11124
G1 X148.567 Y111.818 E.01779
G1 X150.933 Y109.452 E.11124
G1 X150.933 Y108.917 E.01779
G1 X148.567 Y111.283 E.11124
G1 X148.567 Y110.748 E.01779
G1 X150.933 Y108.382 E.11124
G1 X150.933 Y107.847 E.01779
G1 X148.567 Y110.213 E.11124
G1 X148.567 Y109.678 E.01779
G1 X150.933 Y107.312 E.11124
G1 X150.933 Y106.777 E.01779
G1 X148.567 Y109.143 E.11124
G1 X148.567 Y108.608 E.01779
G1 X150.933 Y106.242 E.11124
G1 X150.933 Y105.707 E.01779
G1 X148.567 Y108.073 E.11124
G1 X148.567 Y107.538 E.01779
G1 X150.814 Y105.291 E.10567
G1 X150.279 Y105.291 E.01779
G1 X148.567 Y107.003 E.08051
G1 X148.567 Y106.933 E.00233
G1 X148.102 Y106.933 E.01546
G1 X149.744 Y105.291 E.07721
G1 X149.209 Y105.291 E.01779
M73 P50 R10
G1 X147.567 Y106.933 E.07721
G1 X147.032 Y106.933 E.01779
G1 X148.674 Y105.291 E.07721
G1 X148.139 Y105.291 E.01779
G1 X146.497 Y106.933 E.07721
G1 X145.962 Y106.933 E.01779
G1 X147.604 Y105.291 E.07721
G1 X147.069 Y105.291 E.01779
G1 X145.427 Y106.933 E.07721
G1 X144.892 Y106.933 E.01779
G1 X146.534 Y105.291 E.07721
G1 X145.999 Y105.291 E.01779
G1 X144.357 Y106.933 E.07721
G1 X143.822 Y106.933 E.01779
G1 X145.464 Y105.291 E.07721
G1 X144.929 Y105.291 E.01779
G1 X143.287 Y106.933 E.07721
G1 X142.752 Y106.933 E.01779
G1 X144.394 Y105.291 E.07721
G1 X143.859 Y105.291 E.01779
G1 X142.217 Y106.933 E.07721
G1 X141.682 Y106.933 E.01779
G1 X143.324 Y105.291 E.07721
G1 X142.789 Y105.291 E.01779
G1 X141.147 Y106.933 E.07721
G1 X140.612 Y106.933 E.01779
G1 X142.254 Y105.291 E.07721
G1 X141.719 Y105.291 E.01779
G1 X140.077 Y106.933 E.07721
G1 X139.542 Y106.933 E.01779
G1 X141.184 Y105.291 E.07721
G1 X140.649 Y105.291 E.01779
G1 X139.007 Y106.933 E.07721
G1 X138.472 Y106.933 E.01779
G1 X140.284 Y105.121 E.08519
G1 E-.728 F1800
;WIPE_START
G1 F30000
G1 X139.435 Y105.97 E-.072
;WIPE_END
G1 X146.311 Y109.283 Z1.2
G1 X158.932 Y115.363 Z1.2
G1 Z.8
G1 E.8 F1800
G1 F12000
G1 X159.729 Y114.566 E.03752
G1 X159.194 Y114.566 E.01779
G1 X158.984 Y114.776 E.00989
G1 E-.728 F1800
;WIPE_START
G1 F30000
G1 X159.194 Y114.566 E-.01785
G1 X159.729 Y114.566 E-.0321
G1 X159.469 Y114.826 E-.02205
;WIPE_END

G1 X159.503 Y115.881 Z0.857143
G1 X158.698 Y116.565 Z0.914286
G1 X157.662 Y116.363 Z0.971429
G1 X157.174 Y115.427 Z1.02857
G1 X157.602 Y114.461 Z1.08571
G1 X158.623 Y114.194 Z1.14286
G1 X159.469 Y114.826 Z1.2
G1 X161.852 Y119.398 Z1.2
G1 Z.8
G1 E.8 F1800
G1 F12000
G1 X159.818 Y121.433 E.0957
G1 X159.283 Y121.433 E.01779
G1 X161.148 Y119.567 E.08772
G1 X160.613 Y119.567 E.01779
G1 X158.748 Y121.433 E.08772
G1 X158.213 Y121.433 E.01779
G1 X160.078 Y119.567 E.08772
G1 X159.543 Y119.567 E.01779
G1 X157.678 Y121.433 E.08772
G1 X157.143 Y121.433 E.01779
G1 X159.008 Y119.567 E.08772
G1 X158.473 Y119.567 E.01779
G1 X156.608 Y121.433 E.08772
G1 X156.073 Y121.433 E.01779
G1 X157.938 Y119.567 E.08772
G1 X157.403 Y119.567 E.01779
G1 X155.538 Y121.433 E.08772
G1 X155.003 Y121.433 E.01779
G1 X156.868 Y119.567 E.08772
G1 X156.333 Y119.567 E.01779
G1 X154.468 Y121.433 E.08772
G1 X153.933 Y121.433 E.01779
G1 X155.798 Y119.567 E.08772
G1 X155.263 Y119.567 E.01779
G1 X153.398 Y121.433 E.08772
G1 X152.863 Y121.433 E.01779
G1 X154.728 Y119.567 E.08772
G1 X154.193 Y119.567 E.01779
G1 X152.328 Y121.433 E.08772
G1 X151.793 Y121.433 E.01779
G1 X153.658 Y119.567 E.08772
G1 X153.123 Y119.567 E.01779
G1 X151.258 Y121.433 E.08772
G1 X150.723 Y121.433 E.01779
G1 X152.588 Y119.567 E.08772
G1 X152.053 Y119.567 E.01779
G1 X150.188 Y121.433 E.08772
G1 X149.653 Y121.433 E.01779
G1 X151.518 Y119.567 E.08772
G1 X150.983 Y119.567 E.01779
G1 X149.118 Y121.433 E.08772
G1 X148.583 Y121.433 E.01779
G1 X150.448 Y119.567 E.08772
G1 X149.913 Y119.567 E.01779
G1 X148.048 Y121.433 E.08772
G1 X147.513 Y121.433 E.01779
G1 X149.378 Y119.567 E.08772
G1 X148.843 Y119.567 E.01779
G1 X146.978 Y121.433 E.08772
G1 X146.443 Y121.433 E.01779
G1 X148.308 Y119.567 E.08772
G1 X147.773 Y119.567 E.01779
G1 X145.908 Y121.433 E.08772
G1 X145.373 Y121.433 E.01779
G1 X147.407 Y119.398 E.0957
G1 E-.728 F1800
;WIPE_START
G1 F30000
G1 X146.559 Y120.246 E-.072
;WIPE_END

G1 X147.272 Y121.025 Z0.857143
G1 X147.107 Y122.069 Z0.914286
G1 X146.189 Y122.59 Z0.971429
G1 X145.208 Y122.197 Z1.02857
G1 X144.904 Y121.186 Z1.08571
G1 X145.505 Y120.318 Z1.14286
G1 X146.559 Y120.246 Z1.2
G1 X159.928 Y125.602 Z1.2
G1 Z.8
G1 E.8 F1800
G1 F12000
G1 X161.963 Y123.567 E.0957
G1 X161.428 Y123.567 E.01779
G1 X159.563 Y125.433 E.08772
G1 X159.028 Y125.433 E.01779
G1 X160.893 Y123.567 E.08772
G1 X160.358 Y123.567 E.01779
G1 X158.493 Y125.433 E.08772
G1 X157.958 Y125.433 E.01779
G1 X159.823 Y123.567 E.08772
G1 X159.288 Y123.567 E.01779
G1 X157.423 Y125.433 E.08772
G1 X156.888 Y125.433 E.01779
G1 X158.753 Y123.567 E.08772
G1 X158.218 Y123.567 E.01779
G1 X156.353 Y125.433 E.08772
G1 X155.818 Y125.433 E.01779
G1 X157.683 Y123.567 E.08772
G1 X157.148 Y123.567 E.01779
G1 X155.283 Y125.433 E.08772
G1 X154.748 Y125.433 E.01779
G1 X156.613 Y123.567 E.08772
G1 X156.078 Y123.567 E.01779
G1 X154.213 Y125.433 E.08772
G1 X153.678 Y125.433 E.01779
G1 X155.543 Y123.567 E.08772
G1 X155.008 Y123.567 E.01779
G1 X153.143 Y125.433 E.08772
G1 X152.608 Y125.433 E.01779
G1 X154.473 Y123.567 E.08772
G1 X153.938 Y123.567 E.01779
G1 X152.073 Y125.433 E.08772
G1 X151.538 Y125.433 E.01779
G1 X153.403 Y123.567 E.08772
G1 X152.868 Y123.567 E.01779
G1 X151.003 Y125.433 E.08772
G1 X150.468 Y125.433 E.01779
G1 X152.333 Y123.567 E.08772
G1 X151.798 Y123.567 E.01779
G1 X149.933 Y125.433 E.08772
G1 X149.398 Y125.433 E.01779
G1 X151.263 Y123.567 E.08772
G1 X150.728 Y123.567 E.01779
G1 X148.863 Y125.433 E.08772
G1 X148.328 Y125.433 E.01779
G1 X150.193 Y123.567 E.08772
G1 X149.658 Y123.567 E.01779
G1 X147.793 Y125.433 E.08772
G1 X147.258 Y125.433 E.01779
G1 X149.123 Y123.567 E.08772
G1 X148.588 Y123.567 E.01779
G1 X146.723 Y125.433 E.08772
G1 X146.188 Y125.433 E.01779
G1 X148.053 Y123.567 E.08772
G1 X147.518 Y123.567 E.01779
G1 X145.653 Y125.433 E.08772
G1 X145.118 Y125.433 E.01779
G1 X147.152 Y123.398 E.0957
G1 E-.728 F1800
;WIPE_START
G1 F30000
G1 X146.304 Y124.246 E-.072
;WIPE_END

G1 X146.862 Y125.143 Z0.857143
G1 X146.509 Y126.138 Z0.914286
G1 X145.511 Y126.483 Z0.971429
G1 X144.619 Y125.918 Z1.02857
G1 X144.505 Y124.868 Z1.08571
G1 X145.255 Y124.124 Z1.14286
G1 X146.304 Y124.246 Z1.2
G1 X160.711 Y133.379 Z1.2
G1 Z.8
G1 E.8 F1800
G1 F12000
G1 X161.799 Y132.291 E.05116
G1 X161.264 Y132.291 E.01779
G1 X160.346 Y133.209 E.04318
G1 X159.811 Y133.209 E.01779
G1 X160.729 Y132.291 E.04318
G1 X160.194 Y132.291 E.01779
G1 X159.276 Y133.209 E.04318
G1 X158.741 Y133.209 E.01779
G1 X159.659 Y132.291 E.04318
G1 X159.124 Y132.291 E.01779
G1 X158.206 Y133.209 E.04318
G1 X157.671 Y133.209 E.01779
G1 X158.589 Y132.291 E.04318
G1 X158.054 Y132.291 E.01779
G1 X157.136 Y133.209 E.04318
G1 X156.601 Y133.209 E.01779
G1 X157.519 Y132.291 E.04318
G1 X156.984 Y132.291 E.01779
G1 X156.066 Y133.209 E.04318
G1 X155.531 Y133.209 E.01779
G1 X156.449 Y132.291 E.04318
G1 X155.914 Y132.291 E.01779
G1 X154.996 Y133.209 E.04318
G1 X154.461 Y133.209 E.01779
G1 X155.379 Y132.291 E.04318
G1 X154.844 Y132.291 E.01779
G1 X153.926 Y133.209 E.04318
G1 X153.391 Y133.209 E.01779
G1 X154.309 Y132.291 E.04318
G1 X153.774 Y132.291 E.01779
G1 X152.856 Y133.209 E.04318
G1 X152.321 Y133.209 E.01779
G1 X153.239 Y132.291 E.04318
G1 X152.704 Y132.291 E.01779
G1 X151.786 Y133.209 E.04318
G1 X151.251 Y133.209 E.01779
G1 X152.169 Y132.291 E.04318
G1 X151.634 Y132.291 E.01779
G1 X150.716 Y133.209 E.04318
G1 X150.181 Y133.209 E.01779
G1 X151.099 Y132.291 E.04318
G1 X150.564 Y132.291 E.01779
G1 X149.646 Y133.209 E.04318
G1 X149.111 Y133.209 E.01779
G1 X150.029 Y132.291 E.04318
G1 X149.494 Y132.291 E.01779
G1 X148.576 Y133.209 E.04318
G1 X148.041 Y133.209 E.01779
G1 X148.959 Y132.291 E.04318
G1 X148.424 Y132.291 E.01779
G1 X147.506 Y133.209 E.04318
G1 X146.971 Y133.209 E.01779
G1 X147.889 Y132.291 E.04318
G1 X147.354 Y132.291 E.01779
G1 X146.436 Y133.209 E.04318
G1 X145.901 Y133.209 E.01779
G1 X146.819 Y132.291 E.04318
G1 X146.284 Y132.291 E.01779
G1 X145.366 Y133.209 E.04318
G1 X144.831 Y133.209 E.01779
G1 X145.749 Y132.291 E.04318
G1 X145.214 Y132.291 E.01779
G1 X144.296 Y133.209 E.04318
G1 X143.761 Y133.209 E.01779
G1 X144.679 Y132.291 E.04318
G1 X144.209 Y132.291 E.01563
M73 P51 R10
G1 X144.209 Y132.226 E.00216
G1 X143.226 Y133.209 E.04624
G1 X142.691 Y133.209 E.01779
G1 X144.209 Y131.691 E.0714
G1 X144.209 Y131.156 E.01779
G1 X142.156 Y133.209 E.09657
G1 X141.621 Y133.209 E.01779
G1 X144.433 Y130.398 E.13224
G1 X144.433 Y129.863 E.01779
G1 X141.086 Y133.209 E.1574
G1 X140.551 Y133.209 E.01779
G1 X144.433 Y129.328 E.18257
G1 X144.433 Y128.793 E.01779
G1 X140.016 Y133.209 E.20773
G1 X139.481 Y133.209 E.01779
G1 X142.399 Y130.291 E.13725
G1 X142.603 Y130.284 E.00679
G1 X142.803 Y130.23 E.00686
G1 X142.895 Y130.185 E.00344
G1 X143.059 Y130.059 E.00686
G1 X143.185 Y129.895 E.00686
G1 X143.23 Y129.803 E.00344
G1 X143.284 Y129.603 E.00686
G1 X143.291 Y129.399 E.00679
G1 X144.433 Y128.258 E.05369
G1 X144.433 Y127.723 E.01779
G1 X143.291 Y128.864 E.05369
G1 X143.291 Y128.329 E.01779
G1 X144.433 Y127.188 E.05369
G1 X144.433 Y126.653 E.01779
G1 X143.291 Y127.794 E.05369
G1 X143.291 Y127.259 E.01779
G1 X144.602 Y125.948 E.06168
G1 E-.728 F1800
;WIPE_START
G1 F30000
G1 X143.754 Y126.796 E-.072
;WIPE_END
G1 X143.121 Y126.894 Z1.2
G1 Z.8
G1 E.8 F1800
G1 F12000
G1 X146.448 Y123.567 E.15645
G1 X145.913 Y123.567 E.01779
G1 X143.291 Y126.189 E.12331
G1 X143.291 Y125.654 E.01779
G1 X145.378 Y123.567 E.09814
G1 X144.843 Y123.567 E.01779
G1 X143.291 Y125.119 E.07298
G1 X143.291 Y124.584 E.01779
G1 X144.433 Y123.443 E.05369
G1 X144.433 Y122.908 E.01779
G1 X143.291 Y124.049 E.05369
G1 X143.291 Y123.514 E.01779
G1 X144.602 Y122.203 E.06168
G1 E-.728 F1800
;WIPE_START
G1 F30000
G1 X143.754 Y123.051 E-.072
;WIPE_END
G1 X143.121 Y123.149 Z1.2
G1 Z.8
G1 E.8 F1800
G1 F12000
G1 X144.433 Y121.838 E.06168
G1 X144.433 Y121.433 E.01347
G1 X144.838 Y121.433 E.01347
G1 X146.703 Y119.567 E.08772
G1 X146.168 Y119.567 E.01779
G1 X143.291 Y122.444 E.1353
G1 X143.291 Y121.909 E.01779
G1 X145.633 Y119.567 E.11014
G1 X145.098 Y119.567 E.01779
G1 X143.291 Y121.374 E.08497
G1 X143.291 Y120.839 E.01779
G1 X144.563 Y119.567 E.05981
G1 X144.433 Y119.567 E.00432
G1 X144.433 Y119.162 E.01347
G1 X143.291 Y120.304 E.05369
G1 X143.291 Y120.007 E.00989
G1 X143.264 Y119.796 E.00706
G1 X144.602 Y118.458 E.06296
G1 E-.728 F1800
;WIPE_START
G1 F30000
G1 X143.754 Y119.306 E-.072
;WIPE_END
G1 X142.95 Y119.575 Z1.2
G1 Z.8
G1 E.8 F1800
G1 F12000
G1 X146.458 Y116.067 E.16496
G1 X145.923 Y116.067 E.01779
G1 X142.741 Y119.249 E.14964
G1 X142.591 Y119.215 E.0051
G1 X142.246 Y119.209 E.01149
G1 X145.388 Y116.067 E.14776
G1 X144.853 Y116.067 E.01779
G1 X141.711 Y119.209 E.14776
G1 X141.176 Y119.209 E.01779
G1 X144.318 Y116.067 E.14776
G1 X143.783 Y116.067 E.01779
G1 X140.641 Y119.209 E.14776
G1 X140.106 Y119.209 E.01779
G1 X143.248 Y116.067 E.14776
G1 X142.713 Y116.067 E.01779
G1 X139.571 Y119.209 E.14776
G1 X139.036 Y119.209 E.01779
G1 X142.178 Y116.067 E.14776
G1 X141.643 Y116.067 E.01779
G1 X138.501 Y119.209 E.14776
G1 X137.966 Y119.209 E.01779
G1 X141.108 Y116.067 E.14776
G1 X140.573 Y116.067 E.01779
G1 X137.431 Y119.209 E.14776
G1 X136.896 Y119.209 E.01779
M73 P51 R9
G1 X140.038 Y116.067 E.14776
G1 X139.503 Y116.067 E.01779
G1 X136.361 Y119.209 E.14776
G1 X135.826 Y119.209 E.01779
G1 X139.137 Y115.898 E.15574
G1 E-.728 F1800
;WIPE_START
G1 F30000
G1 X138.289 Y116.746 E-.072
;WIPE_END
G1 X140.347 Y124.096 Z1.2
G1 X142.034 Y130.121 Z1.2
G1 Z.8
G1 E.8 F1800
G1 F12000
G1 X138.946 Y133.209 E.14523
G1 X138.411 Y133.209 E.01779
G1 X141.329 Y130.291 E.13725
G1 X140.794 Y130.291 E.01779
G1 X137.876 Y133.209 E.13725
G1 X137.341 Y133.209 E.01779
G1 X140.259 Y130.291 E.13725
G1 X139.724 Y130.291 E.01779
G1 X136.806 Y133.209 E.13725
G1 X136.271 Y133.209 E.01779
G1 X139.189 Y130.291 E.13725
G1 X138.654 Y130.291 E.01779
G1 X135.736 Y133.209 E.13725
G1 X135.201 Y133.209 E.01779
G1 X138.119 Y130.291 E.13725
G1 X137.584 Y130.291 E.01779
G1 X134.666 Y133.209 E.13725
G1 X134.131 Y133.209 E.01779
G1 X137.049 Y130.291 E.13725
G1 X136.514 Y130.291 E.01779
G1 X133.596 Y133.209 E.13725
G1 X133.061 Y133.209 E.01779
G1 X135.979 Y130.291 E.13725
G1 X135.448 Y130.287 E.01767
G1 X132.526 Y133.209 E.13743
G1 X131.991 Y133.209 E.01779
G1 X135.051 Y130.149 E.14394
G1 X134.941 Y130.059 E.00473
G1 X134.8 Y129.865 E.00798
G1 X131.456 Y133.209 E.1573
G1 X130.921 Y133.209 E.01779
G1 X134.709 Y129.421 E.17817
G1 X134.709 Y128.886 E.01779
G1 X130.386 Y133.209 E.20333
G1 X129.851 Y133.209 E.01779
G1 X134.709 Y128.351 E.2285
G1 X134.709 Y127.816 E.01779
G1 X129.316 Y133.209 E.25366
G1 X128.781 Y133.209 E.01779
G1 X134.709 Y127.281 E.27883
G1 X134.709 Y126.746 E.01779
G1 X128.246 Y133.209 E.30399
G1 X127.711 Y133.209 E.01779
G1 X134.709 Y126.211 E.32915
G1 X134.709 Y125.676 E.01779
G1 X131.29 Y129.095 E.1608
G1 X131.272 Y128.901 E.00648
G1 X131.176 Y128.702 E.00734
G1 X131.256 Y128.594 E.00447
G1 X134.709 Y125.141 E.16241
G1 X134.709 Y124.606 E.01779
G1 X131.439 Y127.876 E.15379
G1 X131.421 Y127.577 E.00994
G1 X131.356 Y127.424 E.00553
G1 X134.709 Y124.071 E.15773
G1 X134.709 Y123.536 E.01779
G1 X131.193 Y127.052 E.16536
G1 X130.933 Y126.777 E.01259
G1 X134.709 Y123.001 E.17761
G1 X134.709 Y122.466 E.01779
G1 X130.612 Y126.563 E.19269
G1 X130.475 Y126.484 E.00527
G1 X130.215 Y126.425 E.00887
G1 X134.879 Y121.761 E.21936
G1 E-.728 F1800
;WIPE_START
G1 F30000
G1 X134.03 Y122.61 E-.072
;WIPE_END
G1 X130.511 Y129.382 Z1.2
G1 X129.978 Y130.407 Z1.2
G1 Z.8
G1 E.8 F1800
G1 F12000
G1 X127.176 Y133.209 E.13181
G1 X126.641 Y133.209 E.01779
G1 X129.35 Y130.5 E.12743
G1 X129.246 Y130.472 E.00358
G1 X128.984 Y130.331 E.00989
G1 X126.106 Y133.209 E.13538
G1 X125.571 Y133.209 E.01779
G1 X128.699 Y130.081 E.14711
G1 X128.495 Y129.75 E.01293
G1 X125.036 Y133.209 E.16269
G1 X124.501 Y133.209 E.01779
G1 X128.505 Y129.205 E.18834
G1 E-.728 F1800
;WIPE_START
G1 F30000
G1 X127.657 Y130.053 E-.072
;WIPE_END
G1 X127.311 Y129.864 Z1.2
G1 Z.8
G1 E.8 F1800
G1 F12000
G1 X123.966 Y133.209 E.15735
G1 X123.431 Y133.209 E.01779
G1 X126.607 Y130.033 E.14937
G1 X126.072 Y130.033 E.01779
G1 X122.896 Y133.209 E.14937
G1 X122.361 Y133.209 E.01779
G1 X125.568 Y130.002 E.15085
G1 X125.483 Y129.552 E.01523
G1 X121.826 Y133.209 E.17201
G1 X121.291 Y133.209 E.01779
G1 X125.398 Y129.102 E.19318
G1 X125.313 Y128.652 E.01523
G1 X120.756 Y133.209 E.21435
G1 X120.221 Y133.209 E.01779
G1 X123.366 Y130.064 E.14791
G1 X123.49 Y130.068 E.00412
G1 X123.978 Y129.9 E.01716
G1 X124.303 Y129.627 E.01414
G1 X124.542 Y129.201 E.01624
G1 X124.582 Y128.848 E.01183
G1 X125.228 Y128.202 E.03039
G1 X125.22 Y128.16 E.00143
G1 X125.025 Y128.139 E.00653
G1 X125.049 Y128.047 E.00318
G1 X124.848 Y128.047 E.00668
G1 X124.377 Y128.518 E.02219
G1 E-.728 F1800
;WIPE_START
G1 F30000
G1 X124.848 Y128.047 E-.04003
G1 X125.049 Y128.047 E-.01205
M73 P52 R9
G1 X125.025 Y128.139 E-.00574
G1 X125.22 Y128.16 E-.01179
G1 X125.228 Y128.199 E-.00239
;WIPE_END
G1 X123.01 Y129.885 Z1.2
G1 Z.8
G1 E.8 F1800
G1 F12000
G1 X119.686 Y133.209 E.15637
G1 X119.151 Y133.209 E.01779
G1 X122.471 Y129.889 E.15617
G1 X122.404 Y129.862 E.00242
G1 X122.183 Y129.642 E.01035
G1 X118.616 Y133.209 E.1678
G1 X118.081 Y133.209 E.01779
G1 X121.968 Y129.322 E.18281
G1 X121.882 Y129.113 E.00751
G1 X121.846 Y128.909 E.00689
G1 X117.546 Y133.209 E.20223
G1 X117.011 Y133.209 E.01779
G1 X122.204 Y128.016 E.24425
G1 X122.071 Y127.858 E.00688
G1 X121.986 Y127.699 E.00598
G1 X121.464 Y128.221 E.02451
G1 X121.371 Y127.924 E.01035
G1 X121.481 Y127.924 E.00365
G1 X121.481 Y127.669 E.00846
G1 X121.835 Y127.315 E.01666
G1 X121.727 Y126.888 E.01466
G1 X121.311 Y127.304 E.01958
G1 E-.728 F1800
;WIPE_START
G1 F30000
G1 X121.727 Y126.888 E-.03532
G1 X121.835 Y127.315 E-.02645
G1 X121.714 Y127.436 E-.01023
;WIPE_END
G1 X120.288 Y129.397 Z1.2
G1 Z.8
G1 E.8 F1800
G1 F12000
G1 X116.476 Y133.209 E.17931
G1 X115.941 Y133.209 E.01779
G1 X119.705 Y129.445 E.17706
G1 X119.582 Y129.401 E.00434
G1 X119.387 Y129.228 E.00868
G1 X117.791 Y130.824 E.07505
G1 X117.791 Y131.291 E.01553
G1 X117.324 Y131.291 E.01553
G1 X115.406 Y133.209 E.09022
G1 X114.871 Y133.209 E.01779
G1 X116.789 Y131.291 E.09022
G1 X116.254 Y131.291 E.01779
G1 X114.336 Y133.209 E.09022
G1 X113.801 Y133.209 E.01779
G1 X115.719 Y131.291 E.09022
G1 X115.184 Y131.291 E.01779
G1 X113.266 Y133.209 E.09022
G1 X112.731 Y133.209 E.01779
G1 X114.649 Y131.291 E.09022
G1 X114.114 Y131.291 E.01779
G1 X112.196 Y133.209 E.09022
G1 X111.661 Y133.209 E.01779
G1 X113.579 Y131.291 E.09022
G1 X113.209 Y131.291 E.01231
G1 X113.209 Y131.126 E.00549
G1 X111.126 Y133.209 E.09798
G1 X110.591 Y133.209 E.01779
G1 X113.209 Y130.591 E.12314
G1 X113.209 Y130.056 E.01779
G1 X110.056 Y133.209 E.14831
G1 X109.521 Y133.209 E.01779
G1 X113.209 Y129.521 E.17347
G1 X113.209 Y128.986 E.01779
G1 X108.986 Y133.209 E.19863
G1 X108.451 Y133.209 E.01779
G1 X113.209 Y128.451 E.2238
G1 X113.209 Y127.916 E.01779
G1 X107.916 Y133.209 E.24896
G1 X107.381 Y133.209 E.01779
G1 X113.209 Y127.381 E.27412
G1 X113.209 Y126.846 E.01779
G1 X108.567 Y131.488 E.21832
G1 X108.567 Y130.953 E.01779
G1 X113.209 Y126.311 E.21832
G1 X113.209 Y125.776 E.01779
G1 X108.567 Y130.418 E.21832
G1 X108.567 Y129.883 E.01779
G1 X113.209 Y125.241 E.21832
G1 X113.209 Y124.706 E.01779
G1 X108.567 Y129.348 E.21832
G1 X108.567 Y128.813 E.01779
G1 X113.209 Y124.171 E.21832
G1 X113.209 Y123.636 E.01779
G1 X108.567 Y128.277 E.21832
G1 X108.567 Y127.742 E.01779
G1 X113.209 Y123.101 E.21832
G1 X113.209 Y122.566 E.01779
G1 X108.567 Y127.207 E.21832
G1 X108.567 Y126.672 E.01779
G1 X113.209 Y122.031 E.21832
G1 X113.209 Y121.496 E.01779
G1 X108.567 Y126.137 E.21832
G1 X108.567 Y125.602 E.01779
G1 X113.209 Y120.961 E.21832
G1 X113.209 Y120.426 E.01779
G1 X108.398 Y125.237 E.2263
G1 E-.728 F1800
;WIPE_START
G1 F30000
G1 X109.246 Y124.389 E-.072
;WIPE_END
G1 X114.826 Y119.879 Z1.2
G1 Z.8
G1 E.8 F1800
G1 F12000
G1 X115.07 Y119.635 E.01148
G1 X114.537 Y119.633 E.01773
G1 X114.461 Y119.709 E.00359
G1 X113.926 Y119.709 E.01779
G1 X114.452 Y119.183 E.02476
G1 X114.367 Y118.733 E.01523
G1 X108.567 Y124.532 E.2728
G1 X108.567 Y123.997 E.01779
G1 X114.282 Y118.282 E.2688
G1 X114.196 Y117.834 E.0152
G1 X108.398 Y123.632 E.27272
G1 E-.728 F1800
;WIPE_START
G1 F30000
G1 X109.246 Y122.784 E-.072
;WIPE_END
G1 X103.833 Y119.102 Z1.2
G1 Z.8
G1 E.8 F1800
G1 F12000
G1 X104.345 Y118.59 E.02409
G1 E-.75654 F1800
;WIPE_START
G1 F30000
G1 X103.833 Y119.102 E-.04346
;WIPE_END
G1 X104.666 Y117.734 Z1.2
G1 Z.8
G1 E.8 F1800
G1 F12000
G1 X104.445 Y117.955 E.01041
G1 X103.996 Y118.032 E.01511
G1 X104.084 Y118.316 E.0099
G1 X103.467 Y118.933 E.02899
G1 X102.932 Y118.933 E.01779
G1 X104.207 Y117.658 E.05993
G1 E-.728 F1800
;WIPE_START
G1 F30000
G1 X103.358 Y118.507 E-.072
;WIPE_END
G1 X99.382 Y118.738 Z1.2
G1 Z.8
G1 E.8 F1800
G1 F12000
G1 X99.187 Y118.933 E.00916
G1 X98.652 Y118.933 E.01779
G1 X99.272 Y118.313 E.02913
G1 E-.728 F1800
;WIPE_START
G1 F30000
G1 X98.652 Y118.933 E-.05256
G1 X98.976 Y118.933 E-.01944
;WIPE_END
G1 X99.558 Y117.492 Z1.2
G1 Z.8
G1 E.8 F1800
G1 F12000
G1 X98.117 Y118.933 E.06775
G1 X97.582 Y118.933 E.01779
G1 X99.235 Y117.28 E.07773
G1 X99.192 Y117.2 E.00302
G1 X99.109 Y116.871 E.01129
G1 X96.878 Y119.102 E.10495
G1 E-.728 F1800
;WIPE_START
G1 F30000
G1 X97.726 Y118.254 E-.072
;WIPE_END
G1 X95.029 Y117.206 Z1.2
G1 Z.8
G1 E.8 F1800
G1 F12000
G1 X94.663 Y117.572 E.01725
G1 X94.435 Y118.335 F30000
G1 F12000
G1 X93.837 Y118.933 E.02811
G1 X93.302 Y118.933 E.01779
G1 X94.435 Y117.8 E.05328
G1 E-.728 F1800
;WIPE_START
G1 F30000
G1 X93.587 Y118.648 E-.072
;WIPE_END
G1 X99.233 Y123.783 Z1.2
G1 X108.157 Y131.898 Z1.2
G1 Z.8
G1 E.8 F1800
G1 F12000
G1 X106.846 Y133.209 E.06168
G1 X106.311 Y133.209 E.01779
G1 X107.453 Y132.067 E.05369
G1 X106.918 Y132.067 E.01779
G1 X105.776 Y133.209 E.05369
G1 X105.241 Y133.209 E.01779
G1 X106.383 Y132.067 E.05369
G1 X105.848 Y132.067 E.01779
G1 X104.706 Y133.209 E.05369
G1 X104.171 Y133.209 E.01779
G1 X105.312 Y132.067 E.05369
G1 X104.777 Y132.067 E.01779
G1 X103.636 Y133.209 E.05369
G1 X103.101 Y133.209 E.01779
G1 X104.242 Y132.067 E.05369
G1 X103.707 Y132.067 E.01779
G1 X102.566 Y133.209 E.05369
G1 X102.031 Y133.209 E.01779
G1 X103.172 Y132.067 E.05369
G1 X102.637 Y132.067 E.01779
G1 X101.496 Y133.209 E.05369
G1 X100.961 Y133.209 E.01779
G1 X102.102 Y132.067 E.05369
G1 X101.567 Y132.067 E.01779
G1 X100.426 Y133.209 E.05369
G1 X99.891 Y133.209 E.01779
G1 X101.032 Y132.067 E.05369
G1 X100.497 Y132.067 E.01779
G1 X99.356 Y133.209 E.05369
G1 X98.821 Y133.209 E.01779
G1 X99.962 Y132.067 E.05369
G1 X99.427 Y132.067 E.01779
G1 X98.286 Y133.209 E.05369
G1 X97.751 Y133.209 E.01779
G1 X98.892 Y132.067 E.05369
G1 X98.357 Y132.067 E.01779
G1 X97.216 Y133.209 E.05369
G1 X96.681 Y133.209 E.01779
G1 X97.822 Y132.067 E.05369
G1 X97.287 Y132.067 E.01779
G1 X96.146 Y133.209 E.05369
G1 X95.611 Y133.209 E.01779
G1 X96.752 Y132.067 E.05369
G1 X96.217 Y132.067 E.01779
G1 X95.076 Y133.209 E.05369
G1 X94.541 Y133.209 E.01779
G1 X95.852 Y131.898 E.06168
G1 E-.728 F1800
;WIPE_START
G1 F30000
G1 X95.004 Y132.746 E-.072
;WIPE_END
G1 X94.54 Y140.365 Z1.2
G1 X94.103 Y147.557 Z1.2
G1 Z.8
G1 E.8 F1800
G1 F12000
G1 X93.951 Y147.709 E.00716
G1 X93.416 Y147.709 E.01779
G1 X93.733 Y147.392 E.01492
G1 X93.483 Y147.107 E.01261
G1 X92.888 Y147.702 E.028
G1 X92.687 Y147.668 E.00677
G1 X92.47 Y147.585 E.00772
G1 X93.265 Y146.79 E.03739
G1 X93.216 Y146.603 E.00641
G1 X93.209 Y146.311 E.00972
G1 X92.155 Y147.365 E.04956
G1 X92.04 Y147.236 E.00573
G1 X91.929 Y147.056 E.00705
G1 X93.209 Y145.776 E.06022
G1 X93.209 Y145.241 E.01779
G1 X91.8 Y146.65 E.06626
G1 X91.791 Y146.507 E.00476
G1 X91.791 Y146.124 E.01273
G1 X93.209 Y144.706 E.0667
G1 X93.209 Y144.171 E.01779
G1 X91.791 Y145.589 E.0667
G1 X91.791 Y145.054 E.01779
G1 X93.209 Y143.636 E.0667
G1 X93.209 Y143.101 E.01779
G1 X91.791 Y144.519 E.0667
G1 X91.791 Y143.984 E.01779
M73 P53 R9
G1 X93.209 Y142.566 E.0667
G1 X93.209 Y142.031 E.01779
G1 X91.791 Y143.449 E.0667
G1 X91.791 Y142.914 E.01779
G1 X93.209 Y141.496 E.0667
G1 X93.209 Y140.961 E.01779
G1 X91.791 Y142.379 E.0667
G1 X91.791 Y141.844 E.01779
G1 X93.209 Y140.426 E.0667
G1 X93.209 Y139.891 E.01779
G1 X91.791 Y141.309 E.0667
G1 X91.791 Y140.774 E.01779
G1 X93.209 Y139.356 E.0667
G1 X93.209 Y138.821 E.01779
G1 X91.791 Y140.239 E.0667
G1 X91.791 Y139.704 E.01779
G1 X93.209 Y138.286 E.0667
G1 X93.209 Y137.751 E.01779
G1 X91.791 Y139.169 E.0667
G1 X91.791 Y138.634 E.01779
G1 X93.209 Y137.216 E.0667
G1 X93.209 Y136.681 E.01779
G1 X91.791 Y138.099 E.0667
G1 X91.791 Y137.564 E.01779
G1 X93.209 Y136.146 E.0667
G1 X93.209 Y135.611 E.01779
G1 X91.791 Y137.029 E.0667
G1 X91.791 Y136.494 E.01779
G1 X93.209 Y135.076 E.0667
G1 X93.209 Y134.541 E.01779
G1 X91.791 Y135.959 E.0667
G1 X91.791 Y135.424 E.01779
G1 X93.209 Y134.006 E.0667
G1 X93.216 Y133.897 E.00363
G1 X93.265 Y133.712 E.00637
G1 X93.316 Y133.603 E.00398
G1 X93.441 Y133.441 E.00681
G1 X93.605 Y133.315 E.00686
G1 X93.697 Y133.27 E.00344
G1 X93.897 Y133.216 E.00686
G1 X94.006 Y133.209 E.00363
G1 X95.147 Y132.067 E.0537
G1 X94.612 Y132.067 E.01779
G1 X91.791 Y134.889 E.13271
G1 X91.791 Y134.354 E.01779
G1 X94.077 Y132.067 E.10755
G1 X93.542 Y132.067 E.01779
G1 X91.791 Y133.819 E.08238
G1 X91.791 Y133.284 E.01779
G1 X93.007 Y132.067 E.05722
G1 X92.472 Y132.067 E.01779
G1 X91.791 Y132.749 E.03206
G1 X91.791 Y132.214 E.01779
G1 X92.433 Y131.572 E.03018
G1 X92.433 Y131.037 E.01779
G1 X91.791 Y131.679 E.03018
G1 X91.791 Y131.144 E.01779
G1 X92.433 Y130.502 E.03018
G1 X92.433 Y129.967 E.01779
G1 X91.791 Y130.609 E.03018
G1 X91.791 Y130.074 E.01779
G1 X92.433 Y129.432 E.03018
G1 X92.433 Y128.897 E.01779
G1 X91.791 Y129.539 E.03018
G1 X91.791 Y129.004 E.01779
G1 X92.433 Y128.362 E.03018
G1 X92.433 Y127.827 E.01779
G1 X91.791 Y128.469 E.03018
G1 X91.791 Y127.934 E.01779
G1 X92.433 Y127.292 E.03018
G1 X92.433 Y126.757 E.01779
G1 X91.791 Y127.399 E.03018
G1 X91.791 Y126.864 E.01779
G1 X92.433 Y126.222 E.03018
G1 X92.433 Y125.687 E.01779
G1 X91.791 Y126.329 E.03018
G1 X91.791 Y125.794 E.01779
G1 X92.433 Y125.152 E.03018
G1 X92.433 Y124.617 E.01779
G1 X91.791 Y125.259 E.03018
G1 X91.791 Y124.724 E.01779
G1 X92.433 Y124.082 E.03018
G1 X92.433 Y123.547 E.01779
G1 X91.791 Y124.189 E.03018
G1 X91.791 Y123.654 E.01779
G1 X92.433 Y123.012 E.03018
G1 X92.433 Y122.477 E.01779
G1 X91.791 Y123.119 E.03018
G1 X91.791 Y122.584 E.01779
G1 X92.433 Y121.942 E.03018
G1 X92.433 Y121.407 E.01779
G1 X91.791 Y122.049 E.03018
G1 X91.791 Y121.514 E.01779
G1 X92.433 Y120.872 E.03018
G1 X92.433 Y120.337 E.01779
G1 X91.791 Y120.979 E.03018
G1 X91.791 Y120.444 E.01779
G1 X92.602 Y119.633 E.03816
G1 E-.728 F1800
;WIPE_START
G1 F30000
G1 X91.791 Y120.444 E-.06884
G1 X91.791 Y120.497 E-.00316
;WIPE_END
G1 X91.621 Y120.079 Z1.2
G1 Z.8
G1 E.8 F1800
G1 F12000
G1 X95.029 Y116.671 E.1603
G1 E-.728 F1800
;WIPE_START
G1 F30000
G1 X94.181 Y117.519 E-.072
;WIPE_END
G1 X100.863 Y121.208 Z1.2
G1 X117.621 Y130.459 Z1.2
G1 Z.8
G1 E.8 F1800
G1 F12000
G1 X119.161 Y128.919 E.07243
G1 X119.049 Y128.496 E.01455
G1 X117.791 Y129.754 E.05917
G1 X117.791 Y129.219 E.01779
G1 X119.259 Y127.751 E.06907
G1 X119.098 Y127.451 E.01131
G1 X119.083 Y127.392 E.00203
G1 X117.791 Y128.684 E.06077
G1 X117.791 Y128.149 E.01779
G1 X119.115 Y126.825 E.06229
G1 E-.728 F1800
;WIPE_START
G1 F30000
G1 X118.267 Y127.673 E-.072
;WIPE_END
G1 X125.854 Y128.503 Z1.2
G1 X128.876 Y128.834 Z1.2
G1 Z.8
G1 E.8 F1800
G1 F12000
G1 X129.088 Y128.622 E.00998
G1 X129.057 Y128.388 E.00783
G1 X128.816 Y128.359 E.00807
G1 X127.879 Y129.296 E.04407
G1 X127.879 Y128.761 E.01779
G1 X128.491 Y128.149 E.02879
G1 E-.728 F1800
;WIPE_START
G1 F30000
G1 X127.879 Y128.761 E-.05195
G1 X127.879 Y129.095 E-.02005
;WIPE_END
G1 X127.686 Y128.419 Z1.2
G1 Z.8
G1 E.8 F1800
G1 F12000
G1 X128.299 Y127.806 E.02883
G1 X128.417 Y127.321 E.01659
G1 X128.631 Y126.945 E.01441
G1 X129.039 Y126.59 E.01798
G1 X129.457 Y126.422 E.01496
G1 X129.701 Y126.404 E.00813
G1 X134.709 Y121.396 E.23557
G1 X134.709 Y120.861 E.01779
G1 X127.961 Y127.609 E.31739
G1 X127.926 Y127.38 E.00769
G1 X127.84 Y127.195 E.00679
G1 X134.879 Y120.156 E.33109
G1 E-.728 F1800
;WIPE_START
G1 F30000
G1 X134.03 Y121.005 E-.072
;WIPE_END
G1 X138.602 Y115.898 Z1.2
G1 Z.8
G1 E.8 F1800
G1 F12000
G1 X127.626 Y126.874 E.51628
G1 X127.477 Y126.7 E.00763
G1 X127.342 Y126.623 E.00516
G1 X137.898 Y116.067 E.49647
G1 X137.433 Y116.067 E.01547
G1 X137.433 Y115.997 E.00233
G1 X126.982 Y126.448 E.49153
G1 X126.569 Y126.383 E.01392
G1 X126.502 Y126.393 E.00224
G1 X137.433 Y115.462 E.51413
G1 X137.433 Y114.927 E.01779
G1 X125.732 Y126.628 E.55033
G1 X125.703 Y126.642 E.00107
G1 X125.703 Y126.433 E.00698
G1 X125.392 Y126.433 E.01033
G1 X137.433 Y114.392 E.5663
G1 X137.433 Y113.857 E.01779
G1 X124.857 Y126.433 E.59146
G1 X124.322 Y126.433 E.01779
G1 X137.433 Y113.322 E.61663
G1 X137.433 Y112.787 E.01779
G1 X123.787 Y126.433 E.64179
G1 X123.252 Y126.433 E.01779
G1 X137.433 Y112.252 E.66695
G1 X137.433 Y111.717 E.01779
G1 X122.717 Y126.433 E.69212
G1 X122.182 Y126.433 E.01779
G1 X137.433 Y111.182 E.71728
G1 X137.433 Y110.647 E.01779
G1 X136.59 Y111.49 E.03963
G1 X136.577 Y111.635 E.00483
G1 X136.544 Y111.729 E.00332
G1 X136.405 Y111.932 E.0082
G1 X136.295 Y112.012 E.00452
G1 X136.19 Y112.059 E.00383
G1 X135.99 Y112.09 E.00672
G1 X121.481 Y126.599 E.68242
G1 X121.481 Y126.433 E.00554
G1 X121.112 Y126.433 E.01225
G1 X135.727 Y111.818 E.68737
G1 E-.728 F1800
;WIPE_START
G1 F30000
G1 X134.878 Y112.667 E-.072
;WIPE_END
G1 X136.319 Y111.226 Z1.2
G1 Z.8
G1 E.8 F1800
G1 F12000
G1 X137.433 Y110.112 E.05239
G1 X137.433 Y109.577 E.01779
G1 X136.092 Y110.918 E.06303
G1 X135.942 Y110.911 E.005
G1 X135.828 Y110.933 E.00386
G1 X135.705 Y110.988 E.00447
G1 X135.595 Y111.068 E.00452
G1 X135.456 Y111.271 E.0082
G1 X135.408 Y111.48 E.00715
G1 X135.416 Y111.594 E.0038
G1 X120.577 Y126.433 E.69791
G1 X120.042 Y126.433 E.01779
G1 X137.433 Y109.042 E.81793
G1 X137.433 Y108.507 E.01779
G1 X119.338 Y126.602 E.85108
G1 E-.728 F1800
;WIPE_START
G1 F30000
G1 X120.186 Y125.754 E-.072
;WIPE_END
G1 X117.621 Y127.784 Z1.2
G1 Z.8
G1 E.8 F1800
G1 F12000
G1 X137.602 Y107.803 E.9398
G1 E-.728 F1800
;WIPE_START
G1 F30000
G1 X136.754 Y108.651 E-.072
;WIPE_END
G1 X139.749 Y105.121 Z1.2
G1 Z.8
G1 E.8 F1800
G1 F12000
G1 X137.937 Y106.933 E.08519
G1 X137.433 Y106.933 E.01679
G1 X137.433 Y107.437 E.01679
G1 X133.703 Y111.167 E.17542
G1 X133.614 Y111.125 E.00327
G1 X133.446 Y111.113 E.00559
G1 X133.316 Y111.155 E.00455
G1 X133.197 Y111.251 E.00508
G1 X133.12 Y111.398 E.0055
G1 X133.11 Y111.475 E.00257
G1 X133.128 Y111.627 E.0051
G1 X133.166 Y111.704 E.00286
G1 X117.791 Y127.079 E.72314
G1 X117.791 Y126.544 E.01779
M73 P54 R9
G1 X139.044 Y105.291 E.99963
G1 X138.509 Y105.291 E.01779
G1 X117.791 Y126.009 E.97447
G1 X117.791 Y125.474 E.01779
G1 X137.974 Y105.291 E.9493
G1 X137.439 Y105.291 E.01779
G1 X117.791 Y124.939 E.92414
G1 X117.791 Y124.404 E.01779
G1 X136.904 Y105.291 E.89898
G1 X136.369 Y105.291 E.01779
G1 X117.791 Y123.869 E.87381
G1 X117.791 Y123.334 E.01779
G1 X127.912 Y113.213 E.47605
G1 X128.069 Y113.176 E.00536
G1 X128.385 Y113.033 E.01154
G1 X128.667 Y112.831 E.01154
G1 X128.91 Y112.571 E.01182
G1 X129.123 Y112.206 E.01407
G1 X129.218 Y111.907 E.01045
G1 X135.834 Y105.291 E.31116
G1 X135.299 Y105.291 E.01779
G1 X129.257 Y111.333 E.28418
G1 X129.16 Y110.895 E.01492
G1 X134.764 Y105.291 E.26358
G1 X134.229 Y105.291 E.01779
G1 X128.98 Y110.54 E.2469
G1 X128.831 Y110.333 E.00849
G1 X128.739 Y110.246 E.00421
G1 X133.694 Y105.291 E.23308
G1 X133.159 Y105.291 E.01779
G1 X128.44 Y110.01 E.22196
G1 X128.283 Y109.912 E.00615
G1 X128.079 Y109.836 E.00724
G1 X132.624 Y105.291 E.21376
G1 X132.089 Y105.291 E.01779
G1 X127.472 Y109.908 E.21716
G1 E-.728 F1800
;WIPE_START
G1 F30000
G1 X128.32 Y109.06 E-.072
;WIPE_END
G1 X125.625 Y111.22 Z1.2
G1 Z.8
G1 E.8 F1800
G1 F12000
G1 X125.788 Y111.057 E.00764
G1 X125.912 Y110.717 E.01206
G1 X126.096 Y110.422 E.01154
G1 X126.333 Y110.169 E.01154
G1 X126.615 Y109.967 E.01154
G1 X126.931 Y109.824 E.01154
G1 X127.049 Y109.796 E.00402
G1 X131.554 Y105.291 E.21191
G1 X131.019 Y105.291 E.01779
G1 X125.612 Y110.698 E.2543
G1 X125.53 Y110.544 E.00578
G1 X125.395 Y110.38 E.00708
G1 X130.484 Y105.291 E.23935
G1 X129.949 Y105.291 E.01779
G1 X125.119 Y110.121 E.2272
G1 X125.056 Y110.07 E.00268
G1 X124.782 Y109.923 E.01035
G1 X129.414 Y105.291 E.21785
G1 X128.879 Y105.291 E.01779
G1 X124.214 Y109.956 E.21941
G1 E-.728 F1800
;WIPE_START
G1 F30000
G1 X125.063 Y109.107 E-.072
;WIPE_END
G1 X127.497 Y113.093 Z1.2
G1 Z.8
G1 E.8 F1800
G1 F12000
G1 X117.791 Y122.799 E.45652
G1 X117.791 Y122.264 E.01779
G1 X126.899 Y113.156 E.42839
G1 X126.724 Y113.09 E.0062
G1 X126.538 Y112.982 E.00716
G1 X117.791 Y121.729 E.41143
G1 X117.791 Y121.194 E.01779
G1 X126.247 Y112.738 E.39771
G1 X126.174 Y112.674 E.00323
G1 X126.008 Y112.442 E.00949
G1 X117.791 Y120.659 E.38648
G1 X117.791 Y120.124 E.01779
G1 X125.969 Y111.946 E.38466
G1 E-.728 F1800
;WIPE_START
G1 F30000
G1 X125.121 Y112.794 E-.072
;WIPE_END
G1 X124.357 Y113.023 Z1.2
G1 Z.8
G1 E.8 F1800
G1 F12000
G1 X117.671 Y119.709 E.31445
G1 X117.136 Y119.709 E.01779
G1 X123.678 Y113.167 E.30772
G1 X123.423 Y113.08 E.00898
G1 X123.297 Y113.013 E.00473
G1 X116.431 Y119.879 E.32295
G1 X116.31 Y119.465 F30000
G1 F12000
G1 X115.896 Y119.879 E.01946
G1 E-.7649 F1800
;WIPE_START
G1 F30000
G1 X116.31 Y119.465 E-.0351
;WIPE_END
G1 X116.622 Y119.153 Z1.2
G1 Z.8
G1 E.8 F1800
G1 F12000
G1 X122.983 Y112.792 E.29918
G1 X122.818 Y112.647 E.00731
G1 X122.721 Y112.519 E.00534
G1 X116.792 Y118.448 E.27887
G1 X116.792 Y118.049 E.01329
G1 X116.859 Y117.892 E.00566
G1 X116.863 Y117.842 E.00167
G1 X122.524 Y112.181 E.26628
G1 X122.405 Y111.765 E.01439
G1 X122.327 Y111.843 E.00367
G1 X122.316 Y111.924 E.00274
G1 X122.198 Y112.239 E.01117
G1 X122.025 Y112.517 E.01089
G1 X121.808 Y112.749 E.01058
G1 X121.612 Y112.899 E.00819
G1 X121.246 Y113.079 E.01358
G1 X121.043 Y113.127 E.00692
G1 X116.878 Y117.292 E.19591
G1 X116.793 Y116.935 E.01222
G1 X116.757 Y116.878 E.00224
G1 X120.486 Y113.149 E.17538
G1 X120.373 Y113.138 E.00375
G1 X120.058 Y113.042 E.01096
G1 X116.547 Y116.553 E.16512
G1 X116.265 Y116.3 E.0126
G1 X119.719 Y112.846 E.16244
G1 X119.517 Y112.679 E.0087
G1 X119.443 Y112.587 E.00394
G1 X115.747 Y116.283 E.17382
G1 E-.728 F1800
;WIPE_START
G1 F30000
G1 X116.596 Y115.434 E-.072
;WIPE_END
G1 X119.351 Y112.143 Z1.2
G1 Z.8
G1 E.8 F1800
G1 F12000
G1 X115.403 Y116.092 E.18571
G1 X115.097 Y116.147 E.01036
G1 X114.707 Y116.313 E.01407
G1 X114.425 Y116.576 E.01285
G1 X114.242 Y116.89 E.01207
G1 X114.113 Y117.382 E.01691
G1 X108.567 Y122.927 E.26085
G1 X108.567 Y122.392 E.01779
G1 X111.283 Y119.677 E.12771
G1 X111.625 Y119.677 E.01138
G1 X111.625 Y119.335 E.01138
G1 X119.223 Y111.737 E.35736
G1 X118.667 Y111.757 F30000
G1 F12000
G1 X119.24 Y111.185 E.02694
G1 E-.7514 F1800
;WIPE_START
G1 F30000
G1 X118.667 Y111.757 E-.0486
;WIPE_END
G1 X117.552 Y112.873 Z1.2
G1 Z.8
G1 E.8 F1800
G1 F12000
G1 X111.625 Y118.8 E.27878
G1 X111.625 Y118.265 E.01779
G1 X116.883 Y113.007 E.24731
G1 X116.689 Y112.948 E.00674
G1 X116.511 Y112.844 E.00687
G1 X111.923 Y117.432 E.21578
G1 X111.923 Y116.897 E.01779
G1 X116.208 Y112.612 E.20153
G1 X116.059 Y112.464 E.00698
G1 X115.968 Y112.317 E.00575
G1 X111.669 Y116.615 E.20218
G1 X111.625 Y116.615 E.00148
G1 X111.617 Y116.133 E.01606
G1 X115.8 Y111.95 E.19672
G1 X115.733 Y111.603 E.01177
G1 X115.737 Y111.478 E.00416
G1 X111.082 Y116.133 E.21894
G1 X110.547 Y116.133 E.01779
G1 X114.045 Y112.635 E.16451
G1 E-.728 F1800
;WIPE_START
G1 F30000
G1 X113.197 Y113.483 E-.072
;WIPE_END
G1 X110.917 Y119.508 Z1.2
G1 Z.8
G1 E.8 F1800
G1 F12000
G1 X108.567 Y121.857 E.11053
G1 X108.567 Y121.322 E.01779
G1 X110.307 Y119.583 E.08182
G1 X110.09 Y119.265 E.0128
G1 X108.567 Y120.787 E.07161
G1 X108.567 Y120.252 E.01779
G1 X109.873 Y118.947 E.06139
G1 X109.656 Y118.629 E.0128
G1 X108.567 Y119.717 E.05118
G1 X108.567 Y119.182 E.01779
G1 X109.438 Y118.311 E.04097
G1 X109.221 Y117.994 E.0128
G1 X108.282 Y118.933 E.04416
G1 X107.747 Y118.933 E.01779
G1 X109.232 Y117.448 E.06983
G1 E-.728 F1800
;WIPE_START
G1 F30000
G1 X108.384 Y118.296 E-.072
;WIPE_END
G1 X107.043 Y119.102 Z1.2
G1 Z.8
G1 E.8 F1800
G1 F12000
G1 X109.062 Y117.083 E.095
G1 X109.062 Y116.615 E.01553
G1 X109.529 Y116.615 E.01553
G1 X113.418 Y112.727 E.18291
G1 X113.167 Y112.598 E.00941
G1 X113.082 Y112.528 E.00365
G1 X106.677 Y118.933 E.30123
G1 X106.642 Y118.933 E.00118
M73 P55 R9
G1 X106.754 Y118.624 E.01093
G1 X106.729 Y118.346 E.00927
G1 X112.82 Y112.255 E.2865
G1 X112.643 Y111.897 E.01329
G1 X106.469 Y118.071 E.29043
G1 E-.728 F1800
;WIPE_START
G1 F30000
G1 X107.317 Y117.223 E-.072
;WIPE_END
G1 X114.431 Y114.458 Z1.2
G1 X122.194 Y111.441 Z1.2
G1 Z.8
G1 E.8 F1800
G1 F12000
G1 X122.407 Y111.228 E.00999
G1 X122.516 Y110.83 E.01376
G1 X122.682 Y110.526 E.01151
G1 X122.953 Y110.219 E.01362
G1 X123.153 Y110.065 E.00838
G1 X123.45 Y109.906 E.01122
G1 X123.831 Y109.804 E.01311
G1 X128.344 Y105.291 E.21228
G1 X127.809 Y105.291 E.01779
G1 X122.235 Y110.865 E.26215
G1 X122.099 Y110.588 E.01027
G1 X122.046 Y110.519 E.00289
G1 X127.274 Y105.291 E.2459
G1 X126.739 Y105.291 E.01779
G1 X121.785 Y110.245 E.23302
G1 X121.645 Y110.122 E.00618
G1 X121.468 Y110.027 E.00669
G1 X126.204 Y105.291 E.22274
G1 X125.669 Y105.291 E.01779
G1 X121.082 Y109.878 E.21576
G1 X120.802 Y109.834 E.00944
G1 X120.584 Y109.841 E.00723
G1 X125.134 Y105.291 E.214
G1 X124.599 Y105.291 E.01779
G1 X118.808 Y111.082 E.27236
G1 X118.781 Y110.978 E.00357
G1 X118.647 Y110.708 E.01002
G1 X124.064 Y105.291 E.25477
G1 X123.529 Y105.291 E.01779
G1 X118.419 Y110.401 E.24033
G1 X118.255 Y110.255 E.00729
G1 X118.12 Y110.165 E.00541
G1 X122.994 Y105.291 E.22926
G1 X122.459 Y105.291 E.01779
G1 X117.751 Y109.999 E.22146
G1 X117.403 Y109.933 E.01178
G1 X117.278 Y109.937 E.00416
G1 X121.924 Y105.291 E.21854
G1 X121.389 Y105.291 E.01779
G1 X115.209 Y111.471 E.29068
G1 X115.214 Y111.347 E.00412
G1 X115.125 Y111.02 E.01128
G1 X120.854 Y105.291 E.26946
G1 X120.319 Y105.291 E.01779
G1 X114.93 Y110.68 E.25349
G1 X114.88 Y110.616 E.00271
G1 X114.656 Y110.419 E.00992
G1 X119.784 Y105.291 E.2412
G1 X119.249 Y105.291 E.01779
G1 X114.158 Y110.382 E.23944
G1 E-.728 F1800
;WIPE_START
G1 F30000
G1 X115.007 Y109.533 E-.072
;WIPE_END
G1 X118.884 Y105.121 Z1.2
G1 Z.8
G1 E.8 F1800
G1 F12000
G1 X113.816 Y110.189 E.23836
G1 X113.747 Y110.186 E.00228
G1 X113.467 Y110.252 E.00956
G1 X113.19 Y110.388 E.01028
G1 X113.018 Y110.518 E.00718
G1 X112.799 Y110.766 E.01098
G1 X112.628 Y111.138 E.01364
G1 X112.583 Y111.422 E.00955
G1 X106.836 Y117.169 E.27029
G1 X106.684 Y116.786 E.01371
G1 X118.179 Y105.291 E.54064
G1 X117.644 Y105.291 E.01779
G1 X111.552 Y111.383 E.28651
G1 X111.542 Y111.221 E.00539
G1 X111.422 Y110.978 E.00901
G1 X117.109 Y105.291 E.26748
G1 X116.574 Y105.291 E.01779
G1 X111.178 Y110.687 E.25381
G1 X111.039 Y110.566 E.00612
G1 X110.834 Y110.496 E.00722
G1 X116.209 Y105.121 E.25281
G1 E-.728 F1800
;WIPE_START
G1 F30000
G1 X115.36 Y105.97 E-.072
;WIPE_END
G1 X110.781 Y112.076 Z1.2
G1 X110.548 Y112.387 Z1.2
G1 Z.8
G1 E.8 F1800
G1 F12000
G1 X107.567 Y115.367 E.14019
G1 X107.567 Y114.832 E.01779
G1 X109.965 Y112.435 E.11275
G1 X109.678 Y112.187 E.01261
G1 X107.567 Y114.297 E.09929
G1 X107.567 Y113.762 E.01779
G1 X109.623 Y111.706 E.0967
G1 E-.728 F1800
;WIPE_START
G1 F30000
G1 X108.775 Y112.555 E-.072
;WIPE_END
G1 X107.398 Y113.397 Z1.2
G1 Z.8
G1 E.8 F1800
G1 F12000
G1 X109.431 Y111.364 E.09563
G1 X109.566 Y110.961 E.01414
G1 X109.843 Y110.644 E.014
G1 X110.221 Y110.458 E.014
G1 X110.345 Y110.45 E.00413
G1 X115.504 Y105.291 E.24266
G1 X114.969 Y105.291 E.01779
G1 X107.567 Y112.692 E.34813
G1 X107.567 Y112.157 E.01779
G1 X114.434 Y105.291 E.32296
G1 X113.899 Y105.291 E.01779
G1 X107.567 Y111.622 E.2978
G1 X107.567 Y111.087 E.01779
G1 X113.364 Y105.291 E.27264
G1 X112.829 Y105.291 E.01779
G1 X107.567 Y110.552 E.24747
G1 X107.567 Y110.017 E.01779
G1 X112.294 Y105.291 E.22231
G1 X111.759 Y105.291 E.01779
G1 X107.567 Y109.482 E.19715
G1 X107.567 Y108.947 E.01779
G1 X111.224 Y105.291 E.17198
G1 X110.689 Y105.291 E.01779
G1 X107.567 Y108.412 E.14682
G1 X107.567 Y107.877 E.01779
G1 X110.154 Y105.291 E.12166
G1 X109.619 Y105.291 E.01779
G1 X107.567 Y107.342 E.09649
G1 X107.567 Y106.807 E.01779
G1 X109.084 Y105.291 E.07133
G1 X108.549 Y105.291 E.01779
G1 X107.567 Y106.272 E.04616
G1 X107.567 Y105.933 E.0113
G1 X107.372 Y105.933 E.00649
G1 X108.014 Y105.291 E.03018
G1 X107.479 Y105.291 E.01779
G1 X106.837 Y105.933 E.03018
G1 X106.302 Y105.933 E.01779
G1 X107.114 Y105.121 E.03816
G1 E-.728 F1800
;WIPE_START
G1 F30000
G1 X106.302 Y105.933 E-.06884
G1 X106.355 Y105.933 E-.00316
;WIPE_END
G1 X106.876 Y113.547 Z1.2
G1 X107.037 Y115.898 Z1.2
G1 Z.8
G1 E.8 F1800
G1 F12000
G1 X106.452 Y116.483 E.02754
G1 X106.353 Y116.379 E.00478
G1 X106.142 Y116.258 E.00808
G1 X106.332 Y116.067 E.00895
G1 X105.797 Y116.067 E.01779
G1 X105.602 Y116.263 E.00918
G1 X105.602 Y115.728 F30000
G1 F12000
G1 X105.21 Y116.12 E.01844
G1 X105.125 Y116.126 E.00285
G1 X104.757 Y116.273 E.0132
G1 X104.401 Y116.583 E.01566
G1 X104.212 Y116.914 E.0127
G1 X104.147 Y117.183 E.00918
G1 X102.397 Y118.933 E.0823
G1 X101.862 Y118.933 E.01779
G1 X104.727 Y116.067 E.13476
G1 X104.192 Y116.067 E.01779
G1 X101.825 Y118.435 E.11136
G1 X101.812 Y118.182 E.00841
G1 X101.748 Y117.977 E.00715
G1 X103.657 Y116.067 E.08983
G1 X103.122 Y116.067 E.01779
G1 X101.831 Y117.359 E.06073
G1 X101.831 Y116.824 E.01779
G1 X102.587 Y116.067 E.03557
G1 X102.052 Y116.067 E.01779
G1 X101.831 Y116.289 E.01041
G1 X101.831 Y116.133 E.0052
G1 X101.452 Y116.133 E.0126
G1 X101.517 Y116.067 E.00306
G1 X100.982 Y116.067 E.01779
G1 X100.917 Y116.133 E.00306
G1 X100.382 Y116.133 E.01779
G1 X100.447 Y116.067 E.00306
G1 X99.912 Y116.067 E.01779
G1 X99.678 Y116.302 E.01104
G1 X99.547 Y115.898 F30000
G1 F12000
G1 X99.312 Y116.133 E.01104
G1 X98.923 Y116.133 E.01294
G1 X99.002 Y116.443 E.01066
G1 X96.512 Y118.933 E.11708
G1 X96.455 Y118.933 E.00192
G1 X96.455 Y118.455 E.01587
G1 X98.842 Y116.067 E.11231
G1 X98.307 Y116.067 E.01779
G1 X96.455 Y117.92 E.08715
G1 X96.455 Y117.385 E.01779
G1 X97.772 Y116.067 E.06198
G1 X97.237 Y116.067 E.01779
G1 X96.455 Y116.85 E.03682
G1 X96.455 Y116.315 E.01779
G1 X96.702 Y116.067 E.01166
G1 X96.167 Y116.067 E.01779
G1 X96.102 Y116.133 E.00306
G1 X95.567 Y116.133 E.01779
G1 X95.632 Y116.067 E.00306
G1 X95.097 Y116.067 E.01779
G1 X91.791 Y119.374 E.15552
G1 X91.791 Y118.839 E.01779
G1 X94.562 Y116.067 E.13036
G1 X94.027 Y116.067 E.01779
G1 X91.791 Y118.304 E.10519
G1 X91.791 Y117.769 E.01779
G1 X93.492 Y116.067 E.08003
G1 X92.957 Y116.067 E.01779
G1 X91.791 Y117.234 E.05487
G1 X91.791 Y116.699 E.01779
G1 X92.433 Y116.057 E.03018
G1 X92.433 Y115.522 E.01779
G1 X91.791 Y116.164 E.03018
G1 X91.791 Y115.629 E.01779
G1 X92.433 Y114.987 E.03018
G1 X92.433 Y114.452 E.01779
G1 X91.791 Y115.094 E.03018
G1 X91.791 Y114.559 E.01779
G1 X92.433 Y113.917 E.03018
G1 X92.433 Y113.382 E.01779
G1 X91.791 Y114.024 E.03018
G1 X91.791 Y113.489 E.01779
G1 X92.433 Y112.847 E.03018
G1 X92.433 Y112.312 E.01779
G1 X91.791 Y112.954 E.03018
G1 X91.791 Y112.419 E.01779
G1 X92.433 Y111.777 E.03018
G1 X92.433 Y111.242 E.01779
G1 X91.791 Y111.884 E.03018
G1 X91.791 Y111.349 E.01779
G1 X92.433 Y110.707 E.03018
G1 X92.433 Y110.172 E.01779
G1 X91.791 Y110.814 E.03018
G1 X91.791 Y110.279 E.01779
G1 X92.433 Y109.637 E.03018
G1 X92.433 Y109.102 E.01779
G1 X91.791 Y109.744 E.03018
G1 X91.791 Y109.209 E.01779
G1 X92.433 Y108.567 E.03018
G1 X92.433 Y108.032 E.01779
G1 X91.791 Y108.674 E.03018
G1 X91.791 Y108.139 E.01779
G1 X92.433 Y107.497 E.03018
G1 X92.433 Y106.962 E.01779
G1 X91.621 Y107.774 E.03816
G1 E-.728 F1800
;WIPE_START
G1 F30000
G1 X92.433 Y106.962 E-.06884
G1 X92.433 Y107.015 E-.00316
M73 P56 R9
;WIPE_END
G1 X98.767 Y111.273 Z1.2
G1 X105.198 Y115.597 Z1.2
G1 Z.8
G1 E.8 F1800
G1 F12000
G1 X105.433 Y115.362 E.01104
G1 X105.433 Y114.827 E.01779
G1 X105.367 Y114.892 E.00306
G1 X105.367 Y114.357 E.01779
G1 X105.433 Y114.292 E.00306
G1 X105.433 Y113.757 E.01779
G1 X105.367 Y113.822 E.00306
G1 X105.367 Y113.287 E.01779
G1 X105.433 Y113.222 E.00306
G1 X105.433 Y112.687 E.01779
G1 X105.367 Y112.752 E.00306
G1 X105.367 Y112.217 E.01779
G1 X105.433 Y112.152 E.00306
G1 X105.433 Y111.617 E.01779
G1 X105.367 Y111.682 E.00306
G1 X105.367 Y111.147 E.01779
G1 X105.433 Y111.082 E.00306
G1 X105.433 Y110.547 E.01779
G1 X105.367 Y110.612 E.00306
G1 X105.367 Y110.077 E.01779
G1 X105.433 Y110.012 E.00306
G1 X105.433 Y109.477 E.01779
G1 X105.367 Y109.542 E.00306
G1 X105.367 Y109.007 E.01779
G1 X105.433 Y108.942 E.00306
G1 X105.433 Y108.407 E.01779
G1 X105.367 Y108.472 E.00306
G1 X105.367 Y107.937 E.01779
G1 X105.433 Y107.872 E.00306
G1 X105.433 Y107.337 E.01779
G1 X105.367 Y107.402 E.00306
G1 X105.367 Y106.867 E.01779
G1 X105.602 Y106.633 E.01104
G1 X105.198 Y106.502 F30000
G1 F12000
G1 X106.409 Y105.291 E.05697
G1 X105.874 Y105.291 E.01779
G1 X105.232 Y105.933 E.03018
G1 X104.697 Y105.933 E.01779
G1 X105.339 Y105.291 E.03018
G1 X104.804 Y105.291 E.01779
G1 X104.162 Y105.933 E.03018
G1 X103.627 Y105.933 E.01779
G1 X104.269 Y105.291 E.03018
G1 X103.734 Y105.291 E.01779
G1 X103.092 Y105.933 E.03018
G1 X102.557 Y105.933 E.01779
G1 X103.199 Y105.291 E.03018
G1 X102.664 Y105.291 E.01779
G1 X102.022 Y105.933 E.03018
G1 X101.487 Y105.933 E.01779
G1 X102.129 Y105.291 E.03018
G1 X101.594 Y105.291 E.01779
G1 X100.952 Y105.933 E.03018
G1 X100.417 Y105.933 E.01779
G1 X101.059 Y105.291 E.03018
G1 X100.524 Y105.291 E.01779
G1 X99.882 Y105.933 E.03018
G1 X99.347 Y105.933 E.01779
G1 X99.989 Y105.291 E.03018
G1 X99.454 Y105.291 E.01779
G1 X98.812 Y105.933 E.03018
G1 X98.277 Y105.933 E.01779
G1 X98.919 Y105.291 E.03018
G1 X98.384 Y105.291 E.01779
G1 X97.742 Y105.933 E.03018
G1 X97.207 Y105.933 E.01779
G1 X97.849 Y105.291 E.03018
G1 X97.314 Y105.291 E.01779
G1 X96.672 Y105.933 E.03018
G1 X96.137 Y105.933 E.01779
G1 X96.779 Y105.291 E.03018
G1 X96.244 Y105.291 E.01779
G1 X95.602 Y105.933 E.03018
G1 X95.067 Y105.933 E.01779
G1 X95.709 Y105.291 E.03018
G1 X95.174 Y105.291 E.01779
G1 X94.532 Y105.933 E.03018
G1 X93.997 Y105.933 E.01779
G1 X94.639 Y105.291 E.03018
G1 X94.104 Y105.291 E.01779
G1 X93.293 Y106.102 E.03816
G1 E-.728 F1800
;WIPE_START
G1 F30000
G1 X94.104 Y105.291 E-.06884
G1 X94.157 Y105.291 E-.00316
;WIPE_END
G1 X93.739 Y105.121 Z1.2
G1 Z.8
G1 E.8 F1800
G1 F12000
G1 X92.927 Y105.933 E.03816
G1 X92.433 Y105.933 E.01646
G1 X92.433 Y106.427 E.01646
G1 X91.791 Y107.069 E.03018
G1 X91.791 Y106.534 E.01779
G1 X93.034 Y105.291 E.05846
G1 X92.842 Y105.301 E.00639
G1 X92.687 Y105.332 E.00526
G1 X92.397 Y105.452 E.01045
G1 X92.148 Y105.642 E.01042
G1 X91.678 Y106.112 E.0221
G1 E-.728 F1800
;WIPE_START
G1 F30000
G1 X92.148 Y105.642 E-.03987
G1 X92.397 Y105.452 E-.01879
G1 X92.602 Y105.367 E-.01334
;WIPE_END
G1 X100.212 Y105.949 Z1.2
G1 X102.3 Y106.109 Z1.2
M73 P56 R8
G1 Z.8
G1 E.8 F1800
SET_VELOCITY_LIMIT ACCEL=3000
;TYPE:Gap infill
;WIDTH:0.230842
G1 F15000
G1 X102.3 Y115.891 E.14827
G1 E-.728 F1800
;WIPE_START
G1 F30000
G1 X102.3 Y114.691 E-.072
;WIPE_END
G1 X109.151 Y118.055 Z1.2
G1 X114.01 Y120.442 Z1.2
G1 Z.8
G1 E.8 F1800
;TYPE:Internal solid infill
;WIDTH:0.442568
G1 F15000
G1 X113.935 Y120.485 E.00279
G1 X114.015 Y120.52 E.00281
G1 E-.78958 F1800
;WIPE_START
G1 F30000
G1 X113.935 Y120.485 E-.00523
G1 X114.01 Y120.442 E-.00519
;WIPE_END
G1 X116.498 Y127.657 Z1.2
G1 X117.026 Y129.191 Z1.2
G1 Z.8
G1 E.8 F1800
;WIDTH:0.419999
G1 F15000
G1 X115.691 Y130.526 E.05742
G1 X117.026 Y130.526 E.0406
G1 X117.026 Y129.231 E.03939
G1 E-.728 F1800
;WIPE_START
G1 F30000
G1 X117.026 Y130.431 E-.072
;WIPE_END
G1 X116.661 Y130.092 Z1.2
G1 Z.8
G1 E.8 F1800
;WIDTH:0.4479
G1 F15000
G1 X116.61 Y130.092 E.00165
G1 X116.585 Y130.135 E.00165
G1 X116.61 Y130.179 E.00165
G1 X116.666 Y130.17 E.00185
G1 E-.78749 F1800
;WIPE_START
G1 F30000
G1 X116.61 Y130.179 E-.0034
G1 X116.585 Y130.135 E-.00304
G1 X116.61 Y130.092 E-.00304
G1 X116.661 Y130.092 E-.00304
;WIPE_END
G1 X115.196 Y130.755 Z1.2
G1 Z.8
G1 E.8 F1800
;WIDTH:0.419999
G1 F15000
G1 X117.085 Y128.866 E.08125
G1 X117.085 Y128.333 E.01622
G1 X114.833 Y130.585 E.09689
G1 X114.299 Y130.585 E.01622
G1 X117.085 Y127.799 E.11983
G1 X117.085 Y127.266 E.01622
G1 X113.915 Y130.436 E.13636
G1 X113.915 Y129.903 E.01622
G1 X117.085 Y126.733 E.13636
G1 X117.085 Y126.199 E.01622
G1 X113.915 Y129.37 E.13636
G1 X113.915 Y128.837 E.01622
G1 X117.085 Y125.666 E.13636
G1 X117.085 Y125.133 E.01622
G1 X113.915 Y128.303 E.13636
G1 X113.915 Y127.77 E.01622
G1 X117.085 Y124.6 E.13636
G1 X117.085 Y124.066 E.01622
G1 X113.915 Y127.237 E.13636
G1 X113.915 Y126.704 E.01622
G1 X117.085 Y123.533 E.13636
G1 X117.085 Y123 E.01622
G1 X113.915 Y126.17 E.13636
G1 X113.915 Y125.637 E.01622
G1 X117.085 Y122.467 E.13636
G1 X117.085 Y121.933 E.01622
G1 X113.915 Y125.104 E.13636
G1 X113.915 Y124.57 E.01622
G1 X117.085 Y121.4 E.13636
G1 X117.085 Y120.867 E.01622
G1 X113.915 Y124.037 E.13636
G1 X113.915 Y123.504 E.01622
G1 X117.004 Y120.415 E.13287
G1 X116.471 Y120.415 E.01622
G1 X113.915 Y122.971 E.10993
G1 X113.915 Y122.437 E.01622
G1 X115.937 Y120.415 E.08699
G1 X115.404 Y120.415 E.01622
G1 X113.915 Y121.904 E.06406
G1 X113.915 Y121.371 E.01622
G1 X115.041 Y120.245 E.04842
G1 E-.728 F1800
;WIPE_START
G1 F30000
G1 X114.192 Y121.094 E-.072
;WIPE_END
G1 X121.436 Y123.497 Z1.2
G1 X135.807 Y128.264 Z1.2
G1 Z.8
G1 E.8 F1800
;TYPE:Sparse infill
;WIDTH:0.45
G1 F12000
G1 X135.807 Y126.635 E.05346
G1 X137.502 Y120.308 E.21507
G1 X142.193 Y120.311 E.15402
G1 X142.193 Y123.283 E.09757
G1 X135.807 Y124.994 E.21708
G1 X135.807 Y121.993 E.09853
G1 X142.193 Y128.379 E.29653
G1 X142.193 Y129.193 E.02672
G1 X141.379 Y129.193 E.02674
G1 X141.835 Y129.774 F30000
G1 F12000
G1 X142.468 Y129.774 E.02077
G1 X142.609 Y129.748 E.00471
G1 X142.712 Y129.669 E.00426
G1 X142.762 Y129.566 E.00375
G1 X142.774 Y129.472 E.00311
G1 X142.774 Y128.96 E.01682
G1 X142.753 Y128.939 E.00095
G1 X142.753 Y123.133 E.19065
G1 X142.774 Y123.127 E.0007
G1 X142.774 Y120.028 E.10176
G1 X142.762 Y119.934 E.00311
G1 X142.714 Y119.836 E.00359
G1 X142.636 Y119.767 E.00342
G1 X142.522 Y119.73 E.00392
G1 X137.658 Y119.728 E.15971
G1 X137.652 Y119.749 E.00073
G1 X135.549 Y119.747 E.06907
G1 X135.418 Y119.764 E.00432
G1 X135.293 Y119.861 E.00522
G1 X135.262 Y119.936 E.00265
G1 X135.247 Y120.049 E.00374
G1 X135.247 Y121.433 E.04544
G1 X135.226 Y121.412 E.00095
G1 X135.247 Y128.726 E.24012
G1 X135.226 Y128.802 E.0026
G1 X135.226 Y129.468 E.02185
G1 X135.252 Y129.609 E.00471
G1 X135.285 Y129.665 E.00213
G1 X135.331 Y129.712 E.00217
G1 X135.434 Y129.762 E.00375
G1 X136.007 Y129.774 E.01883
G1 X135.448 Y129.447 F30000
;TYPE:Internal solid infill
;WIDTH:0.383002
G1 F15000
G1 X135.473 Y129.513 E.00192
G1 X135.603 Y129.556 E.00377
G1 X142.447 Y129.552 E.18773
G1 X142.556 Y129.46 E.00389
G1 X142.556 Y120.107 E.25655
G1 X142.463 Y119.948 E.00505
G1 X135.603 Y119.944 E.18816
G1 X135.486 Y119.974 E.00332
G1 X135.444 Y120.103 E.00374
G1 X135.448 Y129.407 E.2552
G1 E-.728 F1800
;WIPE_START
G1 F30000
G1 X135.448 Y128.207 E-.072
;WIPE_END
G1 X142.643 Y130.753 Z1.2
G1 X144.785 Y131.51 Z1.2
G1 Z.8
G1 E.8 F1800
;TYPE:Gap infill
;WIDTH:0.453201
G1 F15000
G1 X149.406 Y131.51 E.1529
G1 X149.503 Y131.487 E.00331
;WIDTH:0.52146
G1 F13572.224
G1 X149.6 Y131.464 E.00386
;WIDTH:0.521459
G1 X149.697 Y131.487 E.00386
;WIDTH:0.475303
G1 F15000
G1 X149.794 Y131.51 E.00348
;WIDTH:0.453222
G1 X152.006 Y131.51 E.07318
G1 X152.103 Y131.487 E.00331
;WIDTH:0.52146
G1 F13572.224
G1 X152.2 Y131.464 E.00386
;WIDTH:0.521459
G1 X152.297 Y131.487 E.00386
;WIDTH:0.475303
G1 F15000
G1 X152.394 Y131.51 E.00348
;WIDTH:0.453222
G1 X154.606 Y131.51 E.07318
G1 X154.703 Y131.487 E.00331
;WIDTH:0.52146
G1 F13572.224
G1 X154.8 Y131.464 E.00386
;WIDTH:0.521459
G1 X154.897 Y131.487 E.00386
;WIDTH:0.475303
G1 F15000
G1 X154.994 Y131.51 E.00348
;WIDTH:0.453222
G1 X157.206 Y131.51 E.07318
G1 X157.303 Y131.487 E.00331
;WIDTH:0.52146
G1 F13572.224
G1 X157.4 Y131.464 E.00386
;WIDTH:0.525729
G1 F13452.216
G1 X157.4 Y131.411 E.00206
;WIDTH:0.488111
G1 F14588.904
G1 X157.4 Y131.358 E.0019
;WIDTH:0.432964
G1 F15000
G1 X157.4 Y129.806 E.04885
G1 E-.728 F1800
;WIPE_START
G1 F30000
G1 X157.4 Y131.006 E-.072
;WIPE_END

G1 X156.942 Y131.957 Z0.857143
G1 X155.912 Y132.192 Z0.914286
G1 X155.087 Y131.534 Z0.971429
G1 X155.087 Y130.478 Z1.02857
G1 X155.912 Y129.819 Z1.08571
G1 X156.942 Y130.054 Z1.14286
G1 X157.4 Y131.006 Z1.2
G1 X157.4 Y131.464 Z1.2
G1 Z.8
G1 E.8 F1800
;WIDTH:0.521459
G1 F13572.236
G1 X157.497 Y131.487 E.00386
;WIDTH:0.475303
G1 F15000
G1 X157.594 Y131.51 E.00348
;WIDTH:0.452224
G1 X162.215 Y131.51 E.15254
G1 E-.728 F1800
;WIPE_START
G1 F30000
G1 X161.015 Y131.51 E-.072
;WIPE_END
G1 X154.8 Y131.464 Z1.2
G1 Z.8
G1 E.8 F1800
;WIDTH:0.525729
G1 F13452.216
G1 X154.8 Y131.411 E.00206
;WIDTH:0.488111
G1 F14588.904
G1 X154.8 Y131.358 E.0019
;WIDTH:0.433271
G1 F15000
G1 X154.8 Y130.106 E.03944
G1 E-.728 F1800
;WIPE_START
G1 F30000
G1 X154.8 Y131.306 E-.072
;WIPE_END
G1 X152.2 Y130.406 Z1.2
G1 Z.8
G1 E.8 F1800
;WIDTH:0.43377
G1 F15000
G1 X152.2 Y131.358 E.03004
;WIDTH:0.488111
G1 F14588.904
G1 X152.2 Y131.411 E.0019
;WIDTH:0.525729
G1 F13452.216
G1 X152.2 Y131.464 E.00206
G1 E-.79683 F1800
;WIPE_START
G1 F30000
G1 X152.2 Y131.411 E-.00317
;WIPE_END
G1 X149.6 Y131.464 Z1.2
G1 Z.8
G1 E.8 F1800
G1 F13452.216
G1 X149.6 Y131.411 E.00206
;WIDTH:0.488111
G1 F14588.904
G1 X149.6 Y131.358 E.0019
;WIDTH:0.434729
G1 F15000
G1 X149.6 Y130.706 E.02063
G1 E-.76083 F1800
;WIPE_START
G1 F30000
G1 X149.6 Y131.358 E-.03917
;WIPE_END

G1 X149.986 Y130.375 Z0.857143
G1 X150.995 Y130.064 Z0.914286
G1 X151.868 Y130.659 Z0.971429
G1 X151.946 Y131.712 Z1.02857
G1 X151.172 Y132.431 Z1.08571
G1 X150.128 Y132.273 Z1.14286
G1 X149.6 Y131.358 Z1.2
G1 X148.115 Y111.5 Z1.2
G1 Z.8
G1 E.8 F1800
;WIDTH:0.230842
G1 F15000
G1 X137.886 Y111.5 E.15504
G1 E-.728 F1800
;WIPE_START
G1 F30000
G1 X139.086 Y111.5 E-.072
;WIPE_END
G1 X145.624 Y107.563 Z1.2
G1 X150.694 Y104.51 Z1.2
G1 Z.8
G1 E.8 F1800
;WIDTH:0.451979
G1 F15000
G1 X93.033 Y104.51 E1.90242
G1 X92.74 Y104.528 E.00967
G1 X92.472 Y104.582 E.00902
G1 X92.239 Y104.663 E.00815
G1 X92.025 Y104.767 E.00786
G1 X91.789 Y104.922 E.0093
G1 X91.593 Y105.093 E.00859
G1 X91.422 Y105.289 E.00859
G1 X91.277 Y105.505 E.00859
G1 X91.168 Y105.727 E.00815
G1 X91.078 Y105.985 E.00902
G1 X91.03 Y106.227 E.00815
G1 X91.01 Y106.533 E.01011
G1 X91.01 Y146.467 E1.31754
G1 X91.028 Y146.76 E.00967
G1 X91.078 Y147.015 E.00859
G1 X91.162 Y147.261 E.00859
G1 X91.277 Y147.495 E.00859
G1 X91.422 Y147.711 E.00859
G1 X91.593 Y147.907 E.00859
G1 X91.789 Y148.078 E.00859
G1 X92.005 Y148.223 E.00858
G1 X92.239 Y148.338 E.00859
G1 X92.498 Y148.425 E.00902
G1 X92.74 Y148.472 E.00815
G1 X92.974 Y148.488 E.00774
G1 X95.462 Y148.49 E.08207
G1 E-.728 F1800
;WIPE_START
G1 F30000
G1 X94.262 Y148.489 E-.072
;WIPE_END
G1 X100.419 Y143.979 Z1.2
G1 X154.306 Y104.51 Z1.2
G1 Z.8
M73 P57 R8
G1 E.8 F1800
;WIDTH:0.452224
G1 F15000
G1 X157.794 Y104.51 E.11517
G1 E-.728 F1800
;WIPE_START
G1 F30000
G1 X156.594 Y104.51 E-.072
;WIPE_END
G1 X157.431 Y112.097 Z1.2
G1 X157.803 Y115.468 Z1.2
G1 Z.8
G1 E.8 F1800
SET_VELOCITY_LIMIT ACCEL=2000
;TYPE:Outer wall
;WIDTH:0.37852
G1 F7200
G1 X157.741 Y115.498 E.00186
G1 X157.713 Y115.479 E.00091
G1 X157.657 Y115.336 E.00416
G1 X157.624 Y114.986 E.00952
G1 X157.627 Y114.49 E.01344
G1 X157.653 Y114.241 E.00677
G1 X157.697 Y114.109 E.00377
G1 X157.729 Y114.073 E.0013
G1 X157.792 Y114.086 E.00174
G1 X157.842 Y114.188 E.00308
G1 X157.88 Y114.489 E.00821
G1 X157.881 Y115.076 E.01588
G1 X157.856 Y115.321 E.00669
G1 X157.817 Y115.43 E.00312
M106 S217
;LAYER_CHANGE
;Z:1
;HEIGHT:0.2
;BEFORE_LAYER_CHANGE
;1
G92 E0

G1 E-.728 F1800
;WIPE_START
G1 F30000
G1 X157.741 Y115.498 E-.00608
G1 X157.713 Y115.479 E-.00202
G1 X157.657 Y115.336 E-.00923
G1 X157.624 Y114.986 E-.02109
G1 X157.627 Y114.49 E-.02979
G1 X157.634 Y114.427 E-.00378
;WIPE_END
M73 L5
;LAYER:5
SET_PRINT_STATS_INFO TOTAL_LAYER=9 CURRENT_LAYER=5
;_SET_FAN_SPEED_CHANGING_LAYER

G1 X157.14 Y115.36 Z1.05714
G1 X156.102 Y115.556 Z1.11429
G1 X155.302 Y114.867 Z1.17143
G1 X155.342 Y113.812 Z1.22857
G1 X156.192 Y113.185 Z1.28571
G1 X157.212 Y113.459 Z1.34286
G1 X157.634 Y114.427 Z1.4
G1 X157.002 Y131.102 Z1.4
G1 Z1
G1 E.8 F1800
SET_VELOCITY_LIMIT ACCEL=3000
;TYPE:Inner wall
;WIDTH:0.45
G1 F12000
G1 X157.002 Y129.9 E.03947
G1 F11160
G1 X157.002 Y129.102 E.0262
G1 X157.798 Y129.102 E.02614
G1 X157.798 Y129.9 E.0262
G1 F12000
G1 X157.798 Y131.102 E.03947
G1 X162.398 Y131.102 E.15103
G1 X162.398 Y131.898 E.02614
G1 X144.602 Y131.898 E.5843
G1 X144.602 Y131.102 E.02614
G1 X149.202 Y131.102 E.15103
G1 X149.202 Y130.302 E.02627
G1 X149.998 Y130.302 E.02614
G1 X149.998 Y131.102 E.02627
G1 X151.802 Y131.102 E.05923
G1 X151.802 Y129.902 E.0394
G1 X152.598 Y129.902 E.02614
G1 X152.598 Y131.102 E.0394
G1 X154.402 Y131.102 E.05923
G1 X154.402 Y129.502 E.05253
G1 X155.198 Y129.502 E.02614
G1 X155.198 Y131.102 E.05253
G1 X156.962 Y131.102 E.05792
SET_VELOCITY_LIMIT ACCEL=2000
G1 X156.61 Y130.71 F30000
;TYPE:Outer wall
;WIDTH:0.42
G1 F3000
M106 S255
G1 X156.61 Y129 E.05201
G1 F2580
G1 X156.61 Y128.8 E.00608
SET_VELOCITY_LIMIT ACCEL=1000
;TYPE:Overhang wall
;WIDTH:0.4
G1 F3000
G1 X156.61 Y128.71 E.00259
G1 X158.19 Y128.71 E.0455
G1 X158.19 Y128.8 E.00259
SET_VELOCITY_LIMIT ACCEL=2000
;TYPE:Outer wall
;WIDTH:0.42
G1 F2580
G1 X158.19 Y129 E.00608
M106 S217
G1 F3000
G1 X158.19 Y130.71 E.05201
G1 F7200
G1 X158.733 Y130.71 E.01651
G1 X162.79 Y130.71 E.12339
G1 X162.79 Y132.29 E.04805
G1 X144.21 Y132.29 E.56509
G1 X144.21 Y130.71 E.04805
G1 X148.267 Y130.71 E.12339
G1 X148.81 Y130.71 E.01651
G1 F3420
G1 X148.81 Y129.91 E.02433
G1 X150.39 Y129.91 E.04805
G1 X150.39 Y130.71 E.02433
G1 F7200
G1 X151.41 Y130.71 E.03102
M106 S255
G1 F1980
G1 X151.41 Y129.51 E.0365
G1 X152.99 Y129.51 E.04805
M106 S217
G1 X152.99 Y130.71 E.0365
G1 F7200
G1 X154.01 Y130.71 E.03102
M106 S255
G1 F3000
G1 X154.01 Y129.3 E.04288
G1 F2100
G1 X154.01 Y129.11 E.00578
G1 X155.59 Y129.11 E.04805
G1 X155.59 Y129.3 E.00578
M106 S217
G1 F3000
G1 X155.59 Y130.71 E.04288
G1 F7200
G1 X156.57 Y130.71 E.02981
G1 E-.728 F1800
;WIPE_START
G1 F30000
G1 X156.595 Y129.51 E-.072
;WIPE_END
G1 X157.4 Y131.306 Z1.4
G1 Z1
G1 E.8 F1800
SET_VELOCITY_LIMIT ACCEL=3000
;TYPE:Gap infill
;WIDTH:0.431684
G1 F15000
G1 X157.4 Y129.306 E.06271
G1 E-.728 F1800
;WIPE_START
G1 F30000
G1 X157.4 Y130.506 E-.072
;WIPE_END

G1 X158.239 Y131.147 Z1.05714
G1 X158.26 Y132.203 Z1.11429
G1 X157.447 Y132.878 Z1.17143
G1 X156.413 Y132.664 Z1.22857
G1 X155.936 Y131.721 Z1.28571
G1 X156.375 Y130.761 Z1.34286
G1 X157.4 Y130.506 Z1.4
G1 X162.194 Y131.5 Z1.4
G1 Z1
G1 E.8 F1800
G1 F15000
G1 X157.594 Y131.5 E.14424
;WIDTH:0.455982
G1 X157.497 Y131.476 E.00334
;WIDTH:0.490177
G1 F14521.533
G1 X157.4 Y131.451 E.00361
G1 X157.4 Y131.306 E.00526
G1 X157.4 Y131.451 F30000
;WIDTH:0.504577
G1 F14068.567
G1 X157.303 Y131.476 E.00373
;WIDTH:0.432737
G1 F15000
G1 X157.206 Y131.5 E.00315
G1 X154.994 Y131.5 E.06952
;WIDTH:0.455982
G1 X154.897 Y131.476 E.00334
;WIDTH:0.490177
G1 F14521.533
G1 X154.8 Y131.451 E.00361
G1 X154.8 Y131.306 E.00526
;WIDTH:0.431684
G1 F15000
G1 X154.8 Y129.706 E.05017
G1 E-.728 F1800
;WIPE_START
G1 F30000
G1 X154.8 Y130.906 E-.072
;WIPE_END
G1 X154.8 Y131.451 Z1.4
G1 Z1
G1 E.8 F1800
;WIDTH:0.504577
G1 F14068.567
G1 X154.703 Y131.476 E.00373
;WIDTH:0.432737
G1 F15000
G1 X154.606 Y131.5 E.00315
G1 X152.394 Y131.5 E.06952
;WIDTH:0.455982
G1 X152.297 Y131.476 E.00334
;WIDTH:0.490177
G1 F14521.533
G1 X152.2 Y131.451 E.00361
G1 X152.2 Y131.306 E.00526
;WIDTH:0.431684
G1 F15000
G1 X152.2 Y130.106 E.03763
G1 E-.728 F1800
;WIPE_START
G1 F30000
G1 X152.2 Y131.306 E-.072
;WIPE_END
G1 X152.2 Y131.451 Z1.4
G1 Z1
G1 E.8 F1800
;WIDTH:0.504577
G1 F14068.567
G1 X152.103 Y131.476 E.00373
;WIDTH:0.432737
G1 F15000
G1 X152.006 Y131.5 E.00315
G1 X149.794 Y131.5 E.06952
;WIDTH:0.455982
G1 X149.697 Y131.476 E.00334
;WIDTH:0.490177
G1 F14521.533
G1 X149.6 Y131.451 E.00361
G1 X149.6 Y131.306 E.00526
;WIDTH:0.431684
G1 F15000
G1 X149.6 Y130.506 E.02508
G1 E-.752 F1800
;WIPE_START
G1 F30000
G1 X149.6 Y131.306 E-.048
;WIPE_END
G1 X149.6 Y131.451 Z1.4
G1 Z1
G1 E.8 F1800
;WIDTH:0.504577
G1 F14068.567
G1 X149.503 Y131.476 E.00373
;WIDTH:0.43272
G1 F15000
G1 X149.406 Y131.5 E.00315
G1 X144.806 Y131.5 E.14462
G1 E-.728 F1800
;WIPE_START
G1 F30000
G1 X146.006 Y131.5 E-.072
;WIPE_END
G1 X149.142 Y124.542 Z1.4
G1 X157.998 Y104.898 Z1.4
G1 Z1
G1 E.8 F1800
;TYPE:Inner wall
;WIDTH:0.45
G1 F12000
G1 X154.102 Y104.898 E.12791
G1 X154.102 Y104.102 E.02613
G1 X157.998 Y104.102 E.12791
G1 X157.998 Y104.858 E.02482
SET_VELOCITY_LIMIT ACCEL=2000
G1 X158.39 Y105.29 F30000
;TYPE:Outer wall
;WIDTH:0.42
G1 F7200
G1 X153.71 Y105.29 E.14234
G1 X153.71 Y103.71 E.04805
G1 X158.39 Y103.71 E.14234
G1 X158.39 Y105.25 E.04684
G1 E-.728 F1800
;WIPE_START
G1 F30000
G1 X157.19 Y105.26 E-.072
;WIPE_END
G1 X157.794 Y104.5 Z1.4
G1 Z1
G1 E.8 F1800
SET_VELOCITY_LIMIT ACCEL=3000
;TYPE:Gap infill
;WIDTH:0.431684
G1 F15000
G1 X154.306 Y104.5 E.10939
G1 E-.728 F1800
;WIPE_START
G1 F30000
G1 X155.506 Y104.5 E-.072
;WIPE_END
G1 X156.446 Y112.074 Z1.4
G1 X160.913 Y148.065 Z1.4
G1 Z1
G1 E.8 F1800
;TYPE:Inner wall
;WIDTH:0.45
G1 F12000
G1 X160.922 Y148.102 E.00123
G1 X163.039 Y148.102 E.06953
G1 X163.416 Y148.053 E.01247
G1 X163.804 Y147.892 E.01378
G1 X164.137 Y147.637 E.01378
G1 X164.392 Y147.304 E.01378
G1 X164.553 Y146.916 E.01378
G1 X164.602 Y146.539 E.01247
G1 X164.594 Y106.29 E1.32152
G1 X164.49 Y105.904 E.01312
G1 X164.38 Y105.681 E.00819
G1 X164.137 Y105.363 E.01312
G1 X163.804 Y105.108 E.01378
G1 X163.416 Y104.947 E.01378
G1 X163.039 Y104.898 E.01247
G1 X161.002 Y104.898 E.06689
G1 X161.002 Y104.102 E.02613
G1 X162.98 Y104.102 E.06495
G1 X163.313 Y104.124 E.01094
G1 X163.62 Y104.185 E.01029
G1 X163.917 Y104.286 E.01029
G1 X164.198 Y104.424 E.01029
G1 X164.459 Y104.599 E.01029
G1 X164.695 Y104.805 E.01029
G1 X164.901 Y105.041 E.01029
G1 X165.076 Y105.302 E.01029
G1 X165.214 Y105.583 E.01029
G1 X165.315 Y105.88 E.01029
G1 X165.376 Y106.187 E.01029
G1 X165.398 Y106.52 E.01094
G1 X165.398 Y146.48 E1.31204
G1 X165.376 Y146.813 E.01094
G1 X165.315 Y147.12 E.01029
G1 X165.214 Y147.417 E.01029
G1 X165.076 Y147.698 E.01029
G1 X164.901 Y147.959 E.01029
G1 X164.695 Y148.195 E.01029
G1 X164.459 Y148.401 E.01029
G1 X164.198 Y148.576 E.01029
G1 X163.917 Y148.714 E.01029
G1 X163.62 Y148.815 E.01029
G1 X163.313 Y148.876 E.01029
G1 X162.98 Y148.898 E.01094
G1 X93.02 Y148.898 E2.29704
G1 X92.687 Y148.876 E.01094
G1 X92.38 Y148.815 E.01029
G1 X92.083 Y148.714 E.01029
G1 X91.802 Y148.576 E.01029
G1 X91.541 Y148.401 E.01029
G1 X91.339 Y148.224 E.00883
G1 X91.096 Y147.955 E.01189
G1 X90.924 Y147.698 E.01015
G1 X90.786 Y147.417 E.01029
G1 X90.699 Y147.163 E.00883
G1 X90.624 Y146.808 E.01189
G1 X90.602 Y146.48 E.0108
G1 X90.602 Y106.52 E1.31204
G1 X90.624 Y106.187 E.01094
G1 X90.685 Y105.88 E.01029
G1 X90.786 Y105.583 E.01029
G1 X90.924 Y105.302 E.01029
G1 X91.099 Y105.041 E.01029
G1 X91.305 Y104.805 E.01029
G1 X91.541 Y104.599 E.01029
G1 X91.802 Y104.424 E.01029
G1 X92.083 Y104.286 E.01029
G1 X92.337 Y104.199 E.00883
G1 X92.692 Y104.124 E.01189
G1 X93.02 Y104.102 E.0108
G1 X150.898 Y104.102 E1.90034
G1 X150.898 Y104.898 E.02613
G1 X92.98 Y104.898 E1.90163
G1 X92.772 Y104.912 E.00684
G1 X92.405 Y105.008 E.01247
G1 X92.041 Y105.213 E.01369
G1 X91.851 Y105.379 E.0083
G1 X91.608 Y105.696 E.01312
G1 X91.447 Y106.084 E.01378
G1 X91.398 Y106.461 E.01247
G1 X91.398 Y146.539 E1.31593
G1 X91.447 Y146.916 E.01247
G1 X91.608 Y147.304 E.01378
G1 X91.863 Y147.637 E.01378
G1 X92.181 Y147.88 E.01312
G1 X92.404 Y147.99 E.00819
G1 X92.787 Y148.093 E.013
G1 X94.077 Y148.108 E.04237
G1 X94.306 Y147.126 E.0331
G1 X93.738 Y146.798 E.02152
G1 X93.66 Y146.696 E.00422
G1 X93.621 Y146.602 E.00337
G1 X93.602 Y146.461 E.00467
G1 X93.602 Y134.02 E.40848
G1 X93.633 Y133.861 E.00532
G1 X93.703 Y133.737 E.00465
G1 X93.804 Y133.66 E.00417
G1 X93.898 Y133.621 E.00337
G1 X94.039 Y133.602 E.00467
G1 X160.961 Y133.602 E2.19724
G1 X161.152 Y133.634 E.00636
G1 X161.298 Y133.738 E.00592
G1 X161.363 Y133.85 E.00423
G1 X161.398 Y134.02 E.0057
G1 X161.398 Y146.48 E.40912
G1 X161.363 Y146.65 E.0057
G1 X161.312 Y146.739 E.00337
G1 X161.239 Y146.812 E.00336
G1 X160.694 Y147.126 E.02066
G1 X160.904 Y148.026 E.03036
SET_VELOCITY_LIMIT ACCEL=2000
G1 X161.233 Y147.71 F30000
;TYPE:Outer wall
;WIDTH:0.42
G1 F7200
G1 X163.014 Y147.71 E.05416
G1 X163.314 Y147.671 E.0092
G1 X163.606 Y147.549 E.00962
G1 X163.857 Y147.357 E.00962
G1 X164.049 Y147.106 E.00962
G1 X164.171 Y146.814 E.00962
G1 X164.21 Y146.514 E.0092
G1 X164.201 Y106.342 E1.22178
G1 X164.121 Y106.043 E.00941
G1 X164.045 Y105.889 E.00524
G1 X163.857 Y105.643 E.00941
G1 X163.606 Y105.451 E.00962
G1 X163.314 Y105.329 E.00962
G1 X163.014 Y105.29 E.0092
G1 X160.61 Y105.29 E.07311
G1 X160.61 Y103.71 E.04805
G1 X162.993 Y103.71 E.07248
G1 X163.364 Y103.734 E.01131
G1 X163.722 Y103.806 E.0111
G1 X164.067 Y103.923 E.0111
G1 X164.395 Y104.084 E.0111
G1 X164.698 Y104.287 E.0111
G1 X164.973 Y104.527 E.0111
G1 X165.213 Y104.802 E.0111
G1 X165.416 Y105.105 E.0111
G1 X165.577 Y105.432 E.0111
G1 X165.694 Y105.778 E.0111
G1 X165.766 Y106.136 E.0111
G1 X165.79 Y106.507 E.01131
G1 X165.79 Y146.493 E1.21613
G1 X165.766 Y146.864 E.01131
G1 X165.694 Y147.222 E.0111
G1 X165.577 Y147.568 E.0111
G1 X165.416 Y147.895 E.0111
G1 X165.213 Y148.198 E.0111
G1 X164.973 Y148.473 E.0111
G1 X164.698 Y148.713 E.0111
G1 X164.395 Y148.916 E.0111
G1 X164.068 Y149.077 E.0111
G1 X163.722 Y149.195 E.0111
G1 X163.364 Y149.266 E.0111
G1 X162.993 Y149.29 E.01131
G1 X93.007 Y149.29 E2.12854
G1 X92.636 Y149.266 E.01131
G1 X92.278 Y149.195 E.0111
G1 X91.932 Y149.077 E.0111
G1 X91.605 Y148.916 E.0111
G1 X91.302 Y148.713 E.0111
G1 X91.063 Y148.504 E.00965
G1 X90.786 Y148.197 E.01258
G1 X90.584 Y147.895 E.01105
G1 X90.423 Y147.567 E.0111
G1 X90.321 Y147.267 E.00965
G1 X90.234 Y146.863 E.01258
G1 X90.21 Y146.493 E.01126
G1 X90.21 Y106.507 E1.21613
G1 X90.234 Y106.136 E.01131
M73 P58 R8
G1 X90.306 Y105.778 E.0111
G1 X90.423 Y105.432 E.0111
G1 X90.584 Y105.105 E.0111
G1 X90.787 Y104.802 E.0111
G1 X91.027 Y104.527 E.0111
G1 X91.302 Y104.287 E.0111
G1 X91.605 Y104.084 E.0111
G1 X91.932 Y103.923 E.0111
G1 X92.233 Y103.821 E.00965
G1 X92.637 Y103.734 E.01258
G1 X93.007 Y103.71 E.01126
G1 X151.29 Y103.71 E1.7726
G1 X151.29 Y105.29 E.04805
G1 X92.993 Y105.29 E1.77302
G1 X92.836 Y105.3 E.0048
G1 X92.553 Y105.375 E.00888
G1 X92.269 Y105.534 E.00991
G1 X92.139 Y105.649 E.00527
G1 X91.951 Y105.894 E.00941
G1 X91.829 Y106.186 E.00962
G1 X91.79 Y106.486 E.0092
G1 X91.79 Y146.514 E1.21738
G1 X91.829 Y146.814 E.0092
G1 X91.951 Y147.106 E.00962
G1 X92.143 Y147.357 E.00962
G1 X92.389 Y147.545 E.00941
G1 X92.543 Y147.621 E.00524
G1 X92.841 Y147.701 E.00937
G1 X93.767 Y147.712 E.02817
G1 X93.858 Y147.32 E.01223
G1 X93.514 Y147.122 E.01207
G1 X93.447 Y147.063 E.00272
G1 X93.317 Y146.894 E.00647
G1 X93.239 Y146.704 E.00626
G1 X93.21 Y146.486 E.00668
G1 X93.21 Y134.007 E.37954
G1 X93.217 Y133.903 E.00315
G1 X93.267 Y133.712 E.00601
G1 X93.379 Y133.513 E.00694
G1 X93.437 Y133.447 E.00268
G1 X93.606 Y133.317 E.00647
G1 X93.796 Y133.239 E.00626
G1 X94.014 Y133.21 E.00668
G1 X160.986 Y133.21 E2.03688
G1 X161.211 Y133.24 E.00689
G1 X161.302 Y133.271 E.00293
G1 X161.389 Y133.313 E.00293
G1 X161.563 Y133.447 E.00668
G1 X161.622 Y133.514 E.00272
G1 X161.728 Y133.698 E.00647
G1 X161.783 Y133.904 E.00647
G1 X161.79 Y134.007 E.00314
G1 X161.79 Y146.493 E.37975
G1 X161.783 Y146.596 E.00314
G1 X161.728 Y146.802 E.00647
G1 X161.625 Y146.98 E.00626
G1 X161.48 Y147.125 E.00626
G1 X161.142 Y147.32 E.01186
G1 X161.224 Y147.671 E.01096
G1 E-.728 F1800
;WIPE_START
G1 F30000
G1 X162.424 Y147.697 E-.072
;WIPE_END
G1 X160.806 Y148.5 Z1.4
G1 Z1
G1 E.8 F1800
SET_VELOCITY_LIMIT ACCEL=3000
;TYPE:Gap infill
;WIDTH:0.43817
G1 F15000
G1 X163.078 Y148.496 E.07244
G1 X163.518 Y148.434 E.01418
G1 X163.979 Y148.245 E.01587
G1 X164.416 Y147.916 E.01744
G1 X164.734 Y147.501 E.01666
G1 X164.934 Y147.018 E.01666
G1 X164.978 Y146.76 E.00834
G1 X165 Y146.467 E.00937
G1 X164.985 Y106.239 E1.28245
G1 X164.853 Y105.748 E.01621
G1 X164.705 Y105.456 E.01042
G1 X164.416 Y105.084 E.01502
G1 X163.979 Y104.755 E.01744
G1 X163.518 Y104.566 E.01587
G1 X163.078 Y104.504 E.01418
G1 X161.206 Y104.5 E.05968
G1 E-.728 F1800
;WIPE_START
G1 F30000
G1 X162.406 Y104.503 E-.072
;WIPE_END
G1 X154.773 Y104.501 Z1.4
G1 X150.694 Y104.5 Z1.4
G1 Z1
G1 E.8 F1800
;WIDTH:0.431603
G1 F15000
G1 X93.033 Y104.5 E1.80766
G1 X92.727 Y104.519 E.00961
G1 X92.28 Y104.634 E.01448
G1 X92.003 Y104.773 E.0097
G1 X91.782 Y104.913 E.00819
G1 X91.551 Y105.123 E.00981
G1 X91.255 Y105.521 E.01554
G1 X91.066 Y105.982 E.01561
G1 X91.022 Y106.24 E.0082
G1 X91 Y106.533 E.00921
G1 X91.003 Y146.553 E1.25461
G1 X91.075 Y147.041 E.01548
G1 X91.266 Y147.501 E.01561
G1 X91.603 Y147.931 E.01714
G1 X91.988 Y148.225 E.01517
G1 X92.283 Y148.366 E.01024
G1 X92.739 Y148.485 E.01477
G1 X94.194 Y148.504 E.04562
G1 X94.622 Y148.452 F30000
;TYPE:Internal solid infill
;WIDTH:0.44169
G1 F15000
G1 X94.547 Y148.495 E.00278
G1 X94.627 Y148.53 E.00279
G1 E-.78961 F1800
;WIPE_START
G1 F30000
G1 X94.547 Y148.495 E-.00521
G1 X94.622 Y148.452 E-.00518
;WIPE_END
G1 X102.063 Y146.756 Z1.4
G1 X159.073 Y133.766 Z1.4
G1 Z1
G1 E.8 F1800
;WIDTH:0.419999
G1 F15000
G1 X161.065 Y135.757 E.08565
G1 X161.065 Y136.29 E.01622
G1 X158.71 Y133.935 E.10129
G1 X158.176 Y133.935 E.01622
G1 X161.065 Y136.824 E.12423
G1 X161.065 Y137.357 E.01622
G1 X157.643 Y133.935 E.14717
G1 X157.11 Y133.935 E.01622
G1 X161.065 Y137.89 E.1701
G1 X161.065 Y138.423 E.01622
G1 X156.577 Y133.935 E.19304
G1 X156.043 Y133.935 E.01622
G1 X161.065 Y138.957 E.21598
G1 X161.065 Y139.49 E.01622
G1 X155.51 Y133.935 E.23891
G1 X154.977 Y133.935 E.01622
G1 X161.065 Y140.023 E.26185
G1 X161.065 Y140.557 E.01622
G1 X154.443 Y133.935 E.28479
G1 X153.91 Y133.935 E.01622
G1 X161.065 Y141.09 E.30772
G1 X161.065 Y141.623 E.01622
G1 X153.377 Y133.935 E.33066
G1 X152.844 Y133.935 E.01622
G1 X161.065 Y142.156 E.3536
G1 X161.065 Y142.69 E.01622
G1 X152.31 Y133.935 E.37653
G1 X151.777 Y133.935 E.01622
G1 X161.065 Y143.223 E.39947
G1 X161.065 Y143.756 E.01622
G1 X151.244 Y133.935 E.42241
G1 X150.711 Y133.935 E.01622
G1 X161.065 Y144.289 E.44534
G1 X161.065 Y144.823 E.01622
G1 X150.177 Y133.935 E.46828
G1 X149.644 Y133.935 E.01622
G1 X161.065 Y145.356 E.49122
G1 X161.065 Y145.889 E.01622
G1 X149.111 Y133.935 E.51415
G1 X148.578 Y133.935 E.01622
G1 X161.065 Y146.423 E.53709
G1 X161.035 Y146.545 E.00383
G1 X160.793 Y146.684 E.00848
G1 X148.044 Y133.935 E.54834
G1 X147.511 Y133.935 E.01622
G1 X160.455 Y146.879 E.55674
G1 X160.313 Y146.961 E.00497
G1 X160.408 Y147.365 E.01263
G1 X146.978 Y133.935 E.57765
G1 X146.444 Y133.935 E.01622
G1 X160.472 Y147.963 E.60336
G1 X160.472 Y148.496 E.01622
G1 X145.911 Y133.935 E.62629
G1 X145.378 Y133.935 E.01622
G1 X160.007 Y148.565 E.62923
G1 X159.474 Y148.565 E.01622
G1 X144.845 Y133.935 E.62923
G1 X144.311 Y133.935 E.01622
G1 X158.941 Y148.565 E.62923
G1 X158.407 Y148.565 E.01622
G1 X143.778 Y133.935 E.62923
G1 X143.245 Y133.935 E.01622
G1 X157.874 Y148.565 E.62923
G1 X157.341 Y148.565 E.01622
G1 X142.712 Y133.935 E.62923
G1 X142.178 Y133.935 E.01622
G1 X156.808 Y148.565 E.62923
G1 X156.274 Y148.565 E.01622
G1 X141.645 Y133.935 E.62923
G1 X141.112 Y133.935 E.01622
G1 X155.741 Y148.565 E.62923
G1 X155.208 Y148.565 E.01622
G1 X140.578 Y133.935 E.62923
G1 X140.045 Y133.935 E.01622
G1 X154.675 Y148.565 E.62923
G1 X154.141 Y148.565 E.01622
G1 X139.512 Y133.935 E.62923
G1 X138.979 Y133.935 E.01622
G1 X153.608 Y148.565 E.62923
G1 X153.075 Y148.565 E.01622
G1 X138.445 Y133.935 E.62923
G1 X137.912 Y133.935 E.01622
G1 X152.541 Y148.565 E.62923
G1 X152.008 Y148.565 E.01622
G1 X137.379 Y133.935 E.62923
G1 X136.846 Y133.935 E.01622
G1 X151.475 Y148.565 E.62923
G1 X150.942 Y148.565 E.01622
G1 X136.312 Y133.935 E.62923
G1 X135.779 Y133.935 E.01622
G1 X150.408 Y148.565 E.62923
G1 X149.875 Y148.565 E.01622
G1 X135.246 Y133.935 E.62923
G1 X134.712 Y133.935 E.01622
M73 P59 R8
G1 X149.342 Y148.565 E.62923
G1 X148.809 Y148.565 E.01622
G1 X134.179 Y133.935 E.62923
G1 X133.646 Y133.935 E.01622
G1 X148.275 Y148.565 E.62923
G1 X147.742 Y148.565 E.01622
G1 X133.113 Y133.935 E.62923
G1 X132.579 Y133.935 E.01622
G1 X147.209 Y148.565 E.62923
G1 X146.675 Y148.565 E.01622
G1 X132.046 Y133.935 E.62923
G1 X131.513 Y133.935 E.01622
G1 X146.142 Y148.565 E.62923
G1 X145.609 Y148.565 E.01622
G1 X130.98 Y133.935 E.62923
G1 X130.446 Y133.935 E.01622
G1 X145.076 Y148.565 E.62923
G1 X144.542 Y148.565 E.01622
G1 X129.913 Y133.935 E.62923
G1 X129.38 Y133.935 E.01622
G1 X144.009 Y148.565 E.62923
G1 X143.476 Y148.565 E.01622
G1 X128.847 Y133.935 E.62923
G1 X128.313 Y133.935 E.01622
G1 X142.943 Y148.565 E.62923
G1 X142.409 Y148.565 E.01622
G1 X127.78 Y133.935 E.62923
G1 X127.247 Y133.935 E.01622
G1 X141.876 Y148.565 E.62923
G1 X141.343 Y148.565 E.01622
G1 X126.713 Y133.935 E.62923
G1 X126.18 Y133.935 E.01622
G1 X140.809 Y148.565 E.62923
G1 X140.276 Y148.565 E.01622
G1 X125.647 Y133.935 E.62923
G1 X125.114 Y133.935 E.01622
G1 X139.743 Y148.565 E.62923
G1 X139.21 Y148.565 E.01622
G1 X124.58 Y133.935 E.62923
G1 X124.047 Y133.935 E.01622
G1 X138.676 Y148.565 E.62923
G1 X138.143 Y148.565 E.01622
G1 X123.514 Y133.935 E.62923
G1 X122.981 Y133.935 E.01622
G1 X137.61 Y148.565 E.62923
G1 X137.077 Y148.565 E.01622
G1 X122.447 Y133.935 E.62923
G1 X121.914 Y133.935 E.01622
G1 X136.543 Y148.565 E.62923
G1 X136.01 Y148.565 E.01622
G1 X121.381 Y133.935 E.62923
G1 X120.847 Y133.935 E.01622
G1 X135.477 Y148.565 E.62923
G1 X134.944 Y148.565 E.01622
G1 X120.314 Y133.935 E.62923
G1 X119.781 Y133.935 E.01622
G1 X134.41 Y148.565 E.62923
G1 X133.877 Y148.565 E.01622
G1 X119.248 Y133.935 E.62923
G1 X118.714 Y133.935 E.01622
G1 X133.344 Y148.565 E.62923
G1 X132.81 Y148.565 E.01622
G1 X118.181 Y133.935 E.62923
G1 X117.648 Y133.935 E.01622
G1 X132.277 Y148.565 E.62923
G1 X131.744 Y148.565 E.01622
G1 X117.115 Y133.935 E.62923
G1 X116.581 Y133.935 E.01622
G1 X131.211 Y148.565 E.62923
G1 X130.677 Y148.565 E.01622
G1 X116.048 Y133.935 E.62923
G1 X115.515 Y133.935 E.01622
G1 X130.144 Y148.565 E.62923
G1 X129.611 Y148.565 E.01622
G1 X114.981 Y133.935 E.62923
G1 X114.448 Y133.935 E.01622
G1 X129.078 Y148.565 E.62923
G1 X128.544 Y148.565 E.01622
G1 X113.915 Y133.935 E.62923
G1 X113.382 Y133.935 E.01622
G1 X128.011 Y148.565 E.62923
G1 X127.478 Y148.565 E.01622
G1 X112.848 Y133.935 E.62923
G1 X112.315 Y133.935 E.01622
G1 X126.944 Y148.565 E.62923
G1 X126.411 Y148.565 E.01622
G1 X111.782 Y133.935 E.62923
G1 X111.249 Y133.935 E.01622
G1 X125.878 Y148.565 E.62923
G1 X125.345 Y148.565 E.01622
G1 X110.715 Y133.935 E.62923
G1 X110.182 Y133.935 E.01622
G1 X124.811 Y148.565 E.62923
G1 X124.278 Y148.565 E.01622
G1 X109.649 Y133.935 E.62923
G1 X109.116 Y133.935 E.01622
G1 X123.745 Y148.565 E.62923
G1 X123.212 Y148.565 E.01622
G1 X108.582 Y133.935 E.62923
G1 X108.049 Y133.935 E.01622
G1 X122.678 Y148.565 E.62923
G1 X122.145 Y148.565 E.01622
G1 X107.516 Y133.935 E.62923
G1 X106.982 Y133.935 E.01622
G1 X121.612 Y148.565 E.62923
G1 X121.078 Y148.565 E.01622
G1 X106.449 Y133.935 E.62923
G1 X105.916 Y133.935 E.01622
G1 X120.545 Y148.565 E.62923
G1 X120.012 Y148.565 E.01622
G1 X105.383 Y133.935 E.62923
G1 X104.849 Y133.935 E.01622
G1 X119.479 Y148.565 E.62923
G1 X118.945 Y148.565 E.01622
G1 X104.316 Y133.935 E.62923
G1 X103.783 Y133.935 E.01622
G1 X118.412 Y148.565 E.62923
G1 X117.879 Y148.565 E.01622
G1 X103.25 Y133.935 E.62923
G1 X102.716 Y133.935 E.01622
G1 X117.346 Y148.565 E.62923
G1 X116.812 Y148.565 E.01622
G1 X102.183 Y133.935 E.62923
G1 X101.65 Y133.935 E.01622
G1 X116.279 Y148.565 E.62923
G1 X115.746 Y148.565 E.01622
G1 X101.116 Y133.935 E.62923
G1 X100.583 Y133.935 E.01622
G1 X115.213 Y148.565 E.62923
G1 X114.679 Y148.565 E.01622
G1 X100.05 Y133.935 E.62923
G1 X99.517 Y133.935 E.01622
G1 X114.146 Y148.565 E.62923
G1 X113.613 Y148.565 E.01622
G1 X98.983 Y133.935 E.62923
G1 X98.45 Y133.935 E.01622
M73 P60 R8
G1 X113.079 Y148.565 E.62923
G1 X112.546 Y148.565 E.01622
G1 X97.917 Y133.935 E.62923
G1 X97.384 Y133.935 E.01622
G1 X112.013 Y148.565 E.62923
G1 X111.48 Y148.565 E.01622
G1 X96.85 Y133.935 E.62923
G1 X96.317 Y133.935 E.01622
G1 X110.946 Y148.565 E.62923
G1 X110.413 Y148.565 E.01622
G1 X95.784 Y133.935 E.62923
G1 X95.25 Y133.935 E.01622
G1 X109.88 Y148.565 E.62923
G1 X109.347 Y148.565 E.01622
G1 X94.717 Y133.935 E.62923
G1 X94.184 Y133.935 E.01622
G1 X108.813 Y148.565 E.62923
G1 X108.28 Y148.565 E.01622
G1 X93.935 Y134.22 E.61698
G1 X93.935 Y134.753 E.01622
G1 X107.747 Y148.565 E.59405
G1 X107.213 Y148.565 E.01622
G1 X93.935 Y135.287 E.57111
G1 X93.935 Y135.82 E.01622
G1 X106.68 Y148.565 E.54817
G1 X106.147 Y148.565 E.01622
G1 X93.935 Y136.353 E.52524
G1 X93.935 Y136.886 E.01622
G1 X105.614 Y148.565 E.5023
G1 X105.08 Y148.565 E.01622
G1 X93.935 Y137.42 E.47936
G1 X93.935 Y137.953 E.01622
G1 X104.547 Y148.565 E.45643
G1 X104.014 Y148.565 E.01622
G1 X93.935 Y138.486 E.43349
G1 X93.935 Y139.019 E.01622
G1 X103.481 Y148.565 E.41055
G1 X102.947 Y148.565 E.01622
G1 X93.935 Y139.553 E.38762
G1 X93.935 Y140.086 E.01622
G1 X102.414 Y148.565 E.36468
G1 X101.881 Y148.565 E.01622
G1 X93.935 Y140.619 E.34174
G1 X93.935 Y141.153 E.01622
G1 X101.347 Y148.565 E.31881
G1 X100.814 Y148.565 E.01622
G1 X93.935 Y141.686 E.29587
G1 X93.935 Y142.219 E.01622
G1 X100.281 Y148.565 E.27293
G1 X99.748 Y148.565 E.01622
G1 X93.935 Y142.752 E.25
G1 X93.935 Y143.286 E.01622
G1 X99.214 Y148.565 E.22706
G1 X98.681 Y148.565 E.01622
G1 X93.935 Y143.819 E.20412
G1 X93.935 Y144.352 E.01622
G1 X98.148 Y148.565 E.18119
G1 X97.615 Y148.565 E.01622
G1 X93.935 Y144.885 E.15825
G1 X93.935 Y145.419 E.01622
G1 X97.081 Y148.565 E.13531
G1 X96.548 Y148.565 E.01622
G1 X93.935 Y145.952 E.11238
G1 X93.942 Y146.492 E.01643
G1 X96.015 Y148.565 E.08914
G1 X95.482 Y148.565 E.01622
G1 X94.392 Y147.475 E.04685
G1 E-.728 F1800
;WIPE_START
G1 F30000
G1 X95.241 Y148.324 E-.072
;WIPE_END
G1 X95.078 Y148.694 Z1.4
G1 Z1
G1 E.8 F1800
;TYPE:Gap infill
;WIDTH:0.419967
G1 F15000
G1 X94.325 Y147.941 E.03239
G1 E-.73609 F1800
;WIPE_START
G1 F30000
G1 X95.078 Y148.694 E-.06391
;WIPE_END
G1 X102.52 Y146.998 Z1.4
G1 X159.568 Y133.994 Z1.4
G1 Z1
G1 E.8 F1800
;TYPE:Internal solid infill
;WIDTH:0.419999
G1 F15000
G1 X161.006 Y135.432 E.06183
G1 X161.006 Y134.08 E.04111
G1 X160.946 Y133.994 E.00319
G1 X159.608 Y133.994 E.04067
G1 E-.728 F1800
;WIPE_START
G1 F30000
G1 X160.808 Y133.994 E-.072
;WIPE_END
G1 X160.614 Y134.365 Z1.4
G1 Z1
G1 E.8 F1800
;WIDTH:0.507862
G1 F13969.15
G1 X160.556 Y134.365 E.00218
G1 X160.527 Y134.415 E.00218
G1 X160.556 Y134.466 E.00218
G1 X160.614 Y134.466 E.00218
G1 X160.623 Y134.45 E.00068
G1 E-.78496 F1800
;WIPE_START
G1 F30000
G1 X160.614 Y134.466 E-.00109
G1 X160.556 Y134.466 E-.00349
G1 X160.527 Y134.415 E-.00349
G1 X160.556 Y134.365 E-.00349
G1 X160.614 Y134.365 E-.00349
;WIPE_END

G1 X160.271 Y133.366 Z1.05714
G1 X160.837 Y132.475 Z1.11429
G1 X161.887 Y132.363 Z1.17143
G1 X162.63 Y133.113 Z1.22857
G1 X162.506 Y134.162 Z1.28571
G1 X161.609 Y134.719 Z1.34286
G1 X160.614 Y134.365 Z1.4
G1 X137.71 Y111.21 Z1.4
G1 Z1
G1 E.8 F1800
SET_VELOCITY_LIMIT ACCEL=2000
;TYPE:Outer wall
;WIDTH:0.42
G1 F7200
G1 X148.29 Y111.21 E.32178
G1 X148.29 Y111.79 E.01764
G1 X137.71 Y111.79 E.32178
G1 X137.71 Y111.25 E.01642
G1 X137.906 Y111.5 F30000
SET_VELOCITY_LIMIT ACCEL=3000
;TYPE:Gap infill
;WIDTH:0.230842
G1 F15000
G1 X148.094 Y111.5 E.15442
G1 E-.728 F1800
;WIPE_START
G1 F30000
G1 X146.894 Y111.5 E-.072
;WIPE_END
G1 X143.578 Y118.374 Z1.4
G1 X142.866 Y119.848 Z1.4
G1 Z1
G1 E.8 F1800
;TYPE:Inner wall
;WIDTH:0.45
G1 F12000
G1 X142.898 Y120.039 E.00636
G1 X142.898 Y129.461 E.30932
G1 X142.879 Y129.602 E.00467
G1 X142.815 Y129.741 E.00506
G1 X142.696 Y129.84 E.00506
G1 X142.602 Y129.879 E.00337
G1 X142.461 Y129.898 E.00467
G1 X135.539 Y129.898 E.22724
G1 X135.398 Y129.879 E.00467
G1 X135.259 Y129.815 E.00506
G1 X135.16 Y129.696 E.00506
G1 X135.121 Y129.602 E.00337
G1 X135.102 Y129.461 E.00467
G1 X135.102 Y120.039 E.30933
G1 X135.121 Y119.898 E.00467
G1 X135.17 Y119.779 E.00423
G1 X135.262 Y119.688 E.00426
G1 X135.371 Y119.624 E.00414
G1 X135.539 Y119.602 E.00558
G1 X142.541 Y119.61 E.22989
G1 X142.677 Y119.645 E.00461
G1 X142.778 Y119.722 E.00418
G1 X142.843 Y119.816 E.00374
SET_VELOCITY_LIMIT ACCEL=2000
G1 X143.231 Y119.702 F30000
;TYPE:Outer wall
;WIDTH:0.42
G1 F7200
G1 X143.26 Y119.789 E.0028
G1 X143.29 Y120.014 E.00689
G1 X143.29 Y129.486 E.28809
G1 X143.261 Y129.704 E.00668
G1 X143.18 Y129.901 E.00647
G1 X143.126 Y129.981 E.00293
G1 X143.063 Y130.053 E.00293
G1 X142.894 Y130.183 E.00647
G1 X142.704 Y130.261 E.00626
G1 X142.486 Y130.29 E.00668
G1 X135.514 Y130.29 E.21206
G1 X135.296 Y130.261 E.00668
G1 X135.099 Y130.18 E.00647
G1 X135.019 Y130.126 E.00293
G1 X134.947 Y130.063 E.00293
G1 X134.817 Y129.894 E.00647
G1 X134.739 Y129.704 E.00626
G1 X134.71 Y129.486 E.00668
G1 X134.71 Y120.014 E.28809
G1 X134.739 Y119.796 E.00668
G1 X134.82 Y119.599 E.00647
G1 X134.87 Y119.525 E.00272
G1 X135.02 Y119.374 E.00648
G1 X135.194 Y119.273 E.00611
G1 X135.29 Y119.239 E.0031
G1 X135.514 Y119.21 E.00685
G1 X142.591 Y119.218 E.21524
G1 X142.809 Y119.274 E.00686
G1 X142.889 Y119.313 E.00269
G1 X143.057 Y119.443 E.00647
G1 X143.187 Y119.611 E.00647
G1 X143.214 Y119.666 E.00184
G1 E-.728 F1800
;WIPE_START
G1 F30000
G1 X143.26 Y119.789 E-.00791
G1 X143.29 Y120.014 E-.0136
G1 X143.29 Y120.855 E-.05049
;WIPE_END
G1 X137.737 Y126.092 Z1.4
G1 X135.269 Y128.419 Z1.4
G1 Z1
G1 E.8 F1800
SET_VELOCITY_LIMIT ACCEL=1000
;TYPE:Internal Bridge
;WIDTH:0.4
;HEIGHT:0.4
G1 F4500
M106 S255
G1 X135.567 Y129.528 E.05531
G1 X136.033 Y129.528 E.02243
G1 X135.472 Y127.436 E.1043
G1 X135.472 Y125.697 E.08371
G1 X136.498 Y129.528 E.19096
G1 X136.964 Y129.528 E.02243
G1 X135.472 Y123.958 E.27761
G1 X135.472 Y122.22 E.08371
G1 X137.43 Y129.528 E.36427
G1 X137.896 Y129.528 E.02243
G1 X135.472 Y120.481 E.45093
G1 X135.472 Y120.064 E.02009
G1 X135.489 Y119.983 E.00397
G1 X135.801 Y119.972 E.01504
G1 X138.362 Y129.528 E.47629
G1 X138.828 Y129.528 E.02243
G1 X136.267 Y119.973 E.47627
G1 X136.733 Y119.973 E.02244
G1 X139.294 Y129.528 E.47624
G1 X139.76 Y129.528 E.02243
G1 X137.199 Y119.974 E.47622
G1 X137.665 Y119.974 E.02244
G1 X140.225 Y129.528 E.47619
G1 X140.691 Y129.528 E.02243
G1 X138.131 Y119.975 E.47617
G1 X138.597 Y119.975 E.02244
G1 X141.157 Y129.528 E.47614
G1 X141.623 Y129.528 E.02243
G1 X139.063 Y119.976 E.47612
G1 X139.529 Y119.976 E.02244
G1 X142.089 Y129.528 E.47609
G1 X142.504 Y129.519 E.01998
G1 X142.528 Y129.429 E.0045
G1 X139.995 Y119.977 E.47113
G1 X140.461 Y119.977 E.02244
G1 X142.528 Y127.69 E.38444
G1 X142.528 Y125.952 E.08371
G1 X140.927 Y119.978 E.29776
G1 X141.393 Y119.978 E.02244
M73 P61 R8
G1 X142.528 Y124.213 E.21108
G1 X142.528 Y122.474 E.08371
G1 X141.859 Y119.979 E.12439
G1 X142.325 Y119.979 E.02244
G1 X142.731 Y121.492 E.07538
G1 E-.728 F1800
;WIPE_START
G1 F30000
G1 X142.42 Y120.332 E-.072
;WIPE_END
G1 X138.02 Y114.096 Z1.4
G1 X136.196 Y111.511 Z1.4
G1 Z1
G1 E.8 F1800
SET_VELOCITY_LIMIT ACCEL=3000
;TYPE:Inner wall
;WIDTH:0.45
;HEIGHT:0.2
G1 F12000
M106 S217
G1 X136.161 Y111.604 E.00329
G1 X136.116 Y111.663 E.00241
G1 X136.032 Y111.691 E.00291
G1 X135.931 Y111.682 E.00335
G1 X135.866 Y111.642 E.0025
G1 X135.82 Y111.575 E.00267
G1 X135.804 Y111.489 E.00285
G1 X135.839 Y111.396 E.00329
G1 X135.871 Y111.354 E.00172
G1 X135.99 Y111.299 E.00429
G1 X136.083 Y111.325 E.00318
G1 X136.163 Y111.393 E.00346
G1 X136.191 Y111.462 E.00243
G1 X136.192 Y111.471 E.00029
SET_VELOCITY_LIMIT ACCEL=2000
G1 X136.578 Y111.608 F30000
;TYPE:Outer wall
;WIDTH:0.42
G1 F7200
G1 X136.507 Y111.797 E.00614
G1 X136.414 Y111.919 E.00468
G1 X136.331 Y111.988 E.00327
G1 X136.118 Y112.076 E.007
G1 X135.884 Y112.077 E.00713
G1 X135.672 Y111.989 E.00699
G1 X135.51 Y111.827 E.00698
G1 X135.422 Y111.615 E.00697
G1 X135.422 Y111.392 E.00678
G1 X135.493 Y111.203 E.00614
G1 X135.586 Y111.081 E.00468
G1 X135.661 Y111.019 E.00295
G1 X135.855 Y110.93 E.00649
G1 X136.073 Y110.916 E.00665
G1 X136.228 Y110.957 E.00488
G1 X136.328 Y111.01 E.00342
G1 X136.49 Y111.173 E.007
G1 X136.578 Y111.385 E.00697
G1 X136.578 Y111.568 E.00556
G1 E-.728 F1800
;WIPE_START
G1 F30000
G1 X136.507 Y111.797 E-.01438
G1 X136.414 Y111.919 E-.00924
G1 X136.331 Y111.988 E-.00645
G1 X136.118 Y112.076 E-.01381
G1 X135.884 Y112.077 E-.01406
G1 X135.672 Y111.989 E-.01379
G1 X135.669 Y111.986 E-.00027
;WIPE_END
G1 X133.79 Y111.246 Z1.4
G1 Z1
G1 E.8 F1800
G1 F7200
G1 X133.865 Y111.376 E.00458
G1 X133.885 Y111.525 E.00458
G1 X133.846 Y111.671 E.00458
G1 X133.754 Y111.79 E.00458
G1 X133.624 Y111.865 E.00458
G1 X133.475 Y111.885 E.00458
G1 X133.329 Y111.846 E.00458
G1 X133.21 Y111.754 E.00458
G1 X133.135 Y111.624 E.00458
G1 X133.114 Y111.468 E.0048
G1 X133.159 Y111.315 E.00484
G1 X133.265 Y111.194 E.0049
G1 X133.4 Y111.127 E.00458
G1 X133.554 Y111.117 E.00469
G1 X133.668 Y111.152 E.00362
G1 X133.758 Y111.221 E.00347
G1 E-.728 F1800
;WIPE_START
G1 F30000
G1 X133.865 Y111.376 E-.01129
G1 X133.885 Y111.525 E-.00903
G1 X133.846 Y111.671 E-.00903
G1 X133.754 Y111.79 E-.00903
G1 X133.624 Y111.865 E-.00903
G1 X133.475 Y111.885 E-.00903
G1 X133.329 Y111.846 E-.00903
G1 X133.243 Y111.78 E-.00651
;WIPE_END
G1 X131.18 Y111.548 Z1.4
G1 Z1
G1 E.8 F1800
M73 P61 R7
G1 F7200
G1 X131.147 Y111.613 E.00221
G1 X131.093 Y111.661 E.00221
G1 X131.024 Y111.684 E.00221
G1 X130.952 Y111.68 E.00221
G1 X130.887 Y111.647 E.00221
G1 X130.839 Y111.593 E.00221
G1 X130.816 Y111.524 E.00221
G1 X130.82 Y111.452 E.00221
G1 X130.853 Y111.387 E.00221
G1 X130.907 Y111.339 E.00221
G1 X130.976 Y111.316 E.00221
G1 X131.048 Y111.32 E.00221
G1 X131.113 Y111.353 E.00221
G1 X131.161 Y111.407 E.00221
G1 X131.184 Y111.476 E.00221
G1 X131.182 Y111.508 E.00099
G1 E-.73049 F1800
;WIPE_START
G1 F30000
G1 X131.147 Y111.613 E-.00663
G1 X131.093 Y111.661 E-.00435
G1 X131.024 Y111.684 E-.00435
G1 X130.952 Y111.68 E-.00435
G1 X130.887 Y111.647 E-.00435
G1 X130.839 Y111.593 E-.00435
G1 X130.816 Y111.524 E-.00435
G1 X130.82 Y111.452 E-.00435
G1 X130.853 Y111.387 E-.00435
G1 X130.907 Y111.339 E-.00435
G1 X130.976 Y111.316 E-.00435
G1 X131.048 Y111.32 E-.00435
G1 X131.113 Y111.353 E-.00435
G1 X131.161 Y111.407 E-.00435
G1 X131.184 Y111.476 E-.00435
G1 X131.182 Y111.508 E-.00195
;WIPE_END
G1 X131.365 Y119.138 Z1.4
G1 X131.444 Y122.458 Z1.4
G1 Z1
G1 E.8 F1800
;WIDTH:0.37852
G1 F7200
G1 X131.631 Y123.514 E.02902
G1 X132.865 Y123.514 E.03342
G1 X132.865 Y123.763 E.00675
G1 X131.438 Y123.763 E.03865
G1 X131.16 Y122.29 E.04058
G1 X131.418 Y122.252 E.00706
G1 X131.487 Y122.317 E.00256
G1 X131.722 Y122.45 E.00731
G1 X131.91 Y122.493 E.00521
G1 X132.146 Y122.485 E.00641
G1 X132.35 Y122.411 E.00586
G1 X132.52 Y122.273 E.00595
G1 X132.64 Y122.077 E.00621
G1 X132.7 Y121.837 E.00669
G1 X132.7 Y121.479 E.00968
G1 X132.64 Y121.225 E.00709
G1 X132.473 Y120.97 E.00824
G1 X132.231 Y120.818 E.00771
G1 X131.952 Y120.787 E.00762
G1 X131.661 Y120.888 E.00832
G1 X131.437 Y121.123 E.00879
G1 X131.391 Y121.265 E.00404
G1 X131.095 Y121.235 E.00807
G1 X131.112 Y121.169 E.00184
G1 X131.233 Y120.961 E.00651
G1 X131.409 Y120.797 E.00652
G1 X131.629 Y120.688 E.00663
G1 X132.011 Y120.632 E.01045
G1 X132.295 Y120.676 E.0078
G1 X132.365 Y120.687 E.00192
G1 X132.649 Y120.849 E.00885
G1 X132.855 Y121.09 E.00857
G1 X132.99 Y121.412 E.00944
G1 X133.019 Y121.674 E.00714
G1 X132.981 Y121.991 E.00865
G1 X132.918 Y122.163 E.00495
G1 X132.822 Y122.317 E.0049
G1 X132.695 Y122.45 E.00497
G1 X132.559 Y122.546 E.00453
G1 X132.32 Y122.634 E.00688
G1 X132.051 Y122.645 E.00729
G1 X131.482 Y122.47 E.01611
G1 E-.728 F1800
;WIPE_START
G1 F30000
G1 X131.631 Y123.514 E-.06326
G1 X131.776 Y123.514 E-.00874
;WIPE_END
G1 X129.527 Y120.982 Z1.4
G1 Z1
G1 E.8 F1800
G1 F7200
G1 X129.527 Y120.689 E.00791
G1 X129.819 Y120.689 E.00791
G1 X129.819 Y120.982 E.00791
G1 X129.567 Y120.982 E.00683
G1 E-.73207 F1800
;WIPE_START
G1 F30000
G1 X129.527 Y120.689 E-.0177
G1 X129.819 Y120.689 E-.01754
G1 X129.819 Y120.982 E-.01754
G1 X129.567 Y120.982 E-.01514
;WIPE_END
G1 X127.43 Y122.345 Z1.4
G1 Z1
G1 E.8 F1800
G1 F7200
G1 X127.912 Y122.671 E.01575
G1 X128.084 Y122.887 E.00747
G1 X128.128 Y123.03 E.00405
G1 X128.122 Y123.244 E.00579
G1 X128.09 Y123.347 E.00291
G1 X127.989 Y123.513 E.00527
G1 X127.808 Y123.681 E.0067
G1 X127.662 Y123.759 E.00447
G1 X127.488 Y123.808 E.00488
G1 X127.289 Y123.824 E.00542
G1 X127.049 Y123.801 E.00652
G1 X126.897 Y123.755 E.00428
G1 X126.714 Y123.657 E.00563
G1 X126.622 Y123.575 E.00335
G1 X126.464 Y123.31 E.00833
G1 X126.448 Y123.251 E.00166
G1 X126.698 Y123.209 E.00687
G1 X126.753 Y123.375 E.00473
G1 X126.888 Y123.523 E.00544
G1 X127.091 Y123.631 E.00623
G1 X127.327 Y123.653 E.00641
G1 X127.547 Y123.594 E.00616
G1 X127.723 Y123.452 E.00615
G1 X127.826 Y123.245 E.00624
G1 X127.834 Y122.935 E.0084
G1 X127.687 Y122.642 E.00888
G1 X127.395 Y122.467 E.00921
G1 X127.262 Y122.453 E.00364
G1 X127.243 Y122.315 E.00377
G1 X127.46 Y122.307 E.00589
G1 X127.645 Y122.236 E.00536
G1 X127.802 Y122.109 E.00547
G1 X127.917 Y121.934 E.00564
G1 X127.977 Y121.726 E.00588
G1 X127.976 Y121.426 E.00811
G1 X127.915 Y121.209 E.00611
G1 X127.797 Y121.027 E.00586
G1 X127.635 Y120.893 E.00569
G1 X127.44 Y120.817 E.00566
G1 X127.175 Y120.815 E.00716
G1 X126.945 Y120.907 E.0067
G1 X126.796 Y121.039 E.00541
G1 X126.689 Y121.213 E.00552
G1 X126.666 Y121.3 E.00242
G1 X126.392 Y121.266 E.00747
G1 X126.41 Y121.192 E.00208
G1 X126.529 Y120.983 E.00652
G1 X126.788 Y120.758 E.00926
G1 X127.018 Y120.665 E.00673
G1 X127.422 Y120.636 E.01095
G1 X127.61 Y120.669 E.00519
G1 X127.78 Y120.735 E.00493
G1 X128.018 Y120.906 E.00792
G1 X128.138 Y121.045 E.00498
G1 X128.224 Y121.199 E.00477
G1 X128.276 Y121.366 E.00473
G1 X128.292 Y121.541 E.00477
G1 X128.234 Y121.842 E.00829
G1 X128.154 Y121.973 E.00416
G1 X128.044 Y122.078 E.00411
G1 X127.467 Y122.329 E.01704
G1 E-.728 F1800
;WIPE_START
G1 F30000
G1 X127.912 Y122.671 E-.03368
G1 X128.084 Y122.887 E-.01657
G1 X128.128 Y123.03 E-.00897
G1 X128.122 Y123.243 E-.01278
;WIPE_END
G1 X123.903 Y121.975 Z1.4
G1 Z1
G1 E.8 F1800
G1 F7200
G1 X123.818 Y121.968 E.00231
G1 X123.863 Y121.972 E.00123
G1 E-.79456 F1800
;WIPE_START
G1 F30000
G1 X123.818 Y121.968 E-.00272
G1 X123.863 Y121.972 E-.00272
;WIPE_END
G1 X123.495 Y122.707 Z1.4
G1 Z1
G1 E.8 F1800
G1 F7200
G1 X124.368 Y122.707 E.02364
G1 X124.368 Y122.777 E.00189
G1 X123.447 Y122.777 E.02493
G1 X123.268 Y121.824 E.02625
G1 X123.386 Y121.807 E.00324
G1 X123.458 Y121.858 E.00239
G1 X123.338 Y121.821 E.00339
G1 X123.488 Y122.667 E.02327
G1 E-.728 F1800
;WIPE_START
G1 F30000
G1 X124.368 Y122.707 E-.05287
G1 X124.368 Y122.777 E-.0042
G1 X124.119 Y122.777 E-.01493
;WIPE_END
G1 X123.299 Y120.864 Z1.4
G1 Z1
G1 E.8 F1800
G1 F7200
G1 X123.413 Y120.757 E.00423
G1 X123.555 Y120.687 E.00429
G1 X123.732 Y120.661 E.00484
G1 X123.532 Y120.731 E.00574
G1 X123.355 Y120.917 E.00696
G1 X123.331 Y120.988 E.00203
G1 X123.232 Y120.978 E.0027
G1 X123.279 Y120.898 E.00251
G1 X123.958 Y120.672 F30000
G1 F7200
G1 X123.788 Y120.652 E.00465
G1 X123.919 Y120.667 E.00357
G1 E-.78418 F1800
;WIPE_START
G1 F30000
G1 X123.788 Y120.652 E-.00791
G1 X123.919 Y120.667 E-.00791
;WIPE_END
G1 X124.022 Y121.971 Z1.4
G1 Z1
G1 E.8 F1800
G1 F7200
G1 X123.931 Y121.974 E.00248
G1 X124.223 Y121.808 E.0091
G1 X124.358 Y121.475 E.00972
G1 X124.358 Y121.193 E.00764
G1 X124.311 Y120.996 E.00549
G1 X124.18 Y120.796 E.00646
G1 X123.99 Y120.677 E.00608
G1 X124.047 Y120.686 E.00155
G1 X124.233 Y120.791 E.00579
G1 X124.371 Y120.953 E.00575
G1 X124.441 Y121.103 E.00447
G1 X124.477 Y121.338 E.00644
G1 X124.432 Y121.611 E.0075
G1 X124.349 Y121.76 E.00459
G1 X124.169 Y121.917 E.00647
G1 X124.06 Y121.957 E.00315
G1 E-.728 F1800
;WIPE_START
G1 F30000
G1 X123.931 Y121.974 E-.00782
G1 X124.223 Y121.808 E-.02018
G1 X124.358 Y121.475 E-.02154
G1 X124.358 Y121.193 E-.01693
G1 X124.337 Y121.104 E-.00553
;WIPE_END
G1 X122.193 Y120.689 Z1.4
G1 Z1
G1 E.8 F1800
G1 F7200
G1 X122.193 Y120.79 E.00273
G1 X122.092 Y120.79 E.00273
G1 X122.092 Y120.689 E.00273
G1 X122.153 Y120.689 E.00164
G1 E-.77778 F1800
;WIPE_START
G1 F30000
G1 X122.193 Y120.79 E-.0065
G1 X122.092 Y120.79 E-.00604
G1 X122.092 Y120.689 E-.00604
G1 X122.153 Y120.689 E-.00364
;WIPE_END
G1 X119.874 Y122.437 Z1.4
G1 Z1
G1 E.8 F1800
G1 F7200
G1 X119.965 Y122.428 E.0025
G1 X119.973 Y122.469 E.00111
G1 X120.082 Y122.657 E.00588
G1 X120.257 Y122.77 E.00565
G1 X120.45 Y122.803 E.00529
G1 X120.276 Y122.798 E.00471
G1 X120.075 Y122.717 E.00584
G1 X119.928 Y122.57 E.00563
G1 X119.889 Y122.474 E.00281
G1 E-.728 F1800
;WIPE_START
G1 F30000
G1 X119.965 Y122.428 E-.00536
G1 X119.973 Y122.469 E-.00247
G1 X120.082 Y122.657 E-.01304
G1 X120.257 Y122.77 E-.01252
G1 X120.45 Y122.803 E-.01173
G1 X120.276 Y122.798 E-.01044
G1 X120.075 Y122.717 E-.01294
G1 X120.034 Y122.676 E-.00349
;WIPE_END
G1 X119.933 Y120.756 Z1.4
G1 Z1
G1 E.8 F1800
G1 F7200
G1 X120.289 Y121.223 E.01589
G1 X120.84 Y121.762 E.02088
G1 X121.041 Y122.099 E.01062
G1 X121.074 Y122.279 E.00496
G1 X121.053 Y122.464 E.00503
G1 X120.957 Y122.637 E.00536
G1 X120.845 Y122.73 E.00395
G1 X120.62 Y122.808 E.00644
G1 X120.469 Y122.803 E.00407
G1 X120.671 Y122.771 E.00552
G1 X120.87 Y122.63 E.00662
G1 X120.96 Y122.439 E.00571
G1 X120.975 Y122.227 E.00575
G1 X120.924 Y122.025 E.00564
G1 X120.816 Y121.84 E.0058
G1 X120.165 Y121.19 E.0249
G1 X119.946 Y120.93 E.00919
G1 X119.83 Y120.689 E.00725
G1 X121.077 Y120.689 E.03377
G1 X121.077 Y120.756 E.0018
G1 X119.973 Y120.756 E.02988
G1 E-.728 F1800
;WIPE_START
G1 F30000
G1 X120.289 Y121.223 E-.03382
G1 X120.744 Y121.668 E-.03818
;WIPE_END
G1 X118.504 Y128.964 Z1.4
G1 X117.79 Y131.29 Z1.4
G1 Z1
G1 E.8 F1800
;WIDTH:0.42
G1 F7200
G1 X113.21 Y131.29 E.13929
G1 X113.21 Y119.71 E.35219
G1 X117.79 Y119.71 E.13929
G1 X117.79 Y131.25 E.35097
G1 E-.728 F1800
;WIPE_START
G1 F30000
G1 X116.59 Y131.26 E-.072
;WIPE_END
G1 X117.315 Y123.663 Z1.4
G1 X117.601 Y120.662 Z1.4
G1 Z1
G1 E.8 F1800
SET_VELOCITY_LIMIT ACCEL=1500
;TYPE:Top surface
;WIDTH:0.420399
G1 F12000
G1 X117.008 Y120.068 E.02785
G1 X116.474 Y120.068 E.01772
G1 X117.432 Y121.026 E.04494
G1 X117.432 Y121.56 E.01772
G1 X115.94 Y120.068 E.07
G1 X115.407 Y120.068 E.01772
G1 X117.432 Y122.093 E.09505
G1 X117.432 Y122.627 E.01772
G1 X114.873 Y120.068 E.1201
G1 X114.339 Y120.068 E.01772
G1 X117.432 Y123.161 E.14516
G1 X117.432 Y123.695 E.01772
G1 X113.805 Y120.068 E.17021
G1 X113.568 Y120.068 E.00786
G1 X113.568 Y120.365 E.00986
G1 X117.432 Y124.229 E.18132
G1 X117.432 Y124.763 E.01772
G1 X113.568 Y120.899 E.18132
G1 X113.568 Y121.433 E.01772
G1 X117.432 Y125.296 E.18132
G1 X117.432 Y125.83 E.01772
G1 X113.568 Y121.967 E.18132
G1 X113.568 Y122.501 E.01772
G1 X117.432 Y126.364 E.18132
G1 X117.432 Y126.898 E.01772
G1 X113.568 Y123.034 E.18132
G1 X113.568 Y123.568 E.01772
G1 X117.432 Y127.432 E.18132
G1 X117.432 Y127.966 E.01772
G1 X113.568 Y124.102 E.18132
G1 X113.568 Y124.636 E.01772
G1 X117.432 Y128.5 E.18132
G1 X117.432 Y129.033 E.01772
G1 X113.568 Y125.17 E.18132
G1 X113.568 Y125.704 E.01772
G1 X117.432 Y129.567 E.18132
G1 X117.432 Y130.101 E.01772
G1 X113.568 Y126.237 E.18132
G1 X113.568 Y126.771 E.01772
G1 X117.432 Y130.635 E.18132
G1 X117.432 Y130.932 E.00985
G1 X117.195 Y130.932 E.00786
G1 X113.568 Y127.305 E.17021
G1 X113.568 Y127.839 E.01772
G1 X116.661 Y130.932 E.14515
G1 X116.127 Y130.932 E.01772
G1 X113.568 Y128.373 E.1201
G1 X113.568 Y128.907 E.01772
G1 X115.593 Y130.932 E.09504
G1 X115.06 Y130.932 E.01772
G1 X113.568 Y129.44 E.06999
G1 X113.568 Y129.974 E.01772
G1 X114.526 Y130.932 E.04494
G1 X113.992 Y130.932 E.01772
G1 X113.399 Y130.338 E.02785
M106 S196
;LAYER_CHANGE
;Z:1.2
;HEIGHT:0.2
;BEFORE_LAYER_CHANGE
;1.2
G92 E0

G1 E-.728 F1800
;WIPE_START
G1 F30000
G1 X113.992 Y130.932 E-.05034
G1 X114.353 Y130.932 E-.02166
;WIPE_END
M73 L6
;LAYER:6
SET_PRINT_STATS_INFO TOTAL_LAYER=9 CURRENT_LAYER=6
;_SET_FAN_SPEED_CHANGING_LAYER

G1 X115.302 Y131.394 Z1.25714
G1 X115.533 Y132.424 Z1.31429
G1 X114.872 Y133.247 Z1.37143
G1 X113.816 Y133.243 Z1.42857
G1 X113.16 Y132.415 Z1.48571
G1 X113.4 Y131.386 Z1.54286
G1 X114.353 Y130.932 Z1.6
G1 X157.002 Y131.102 Z1.6
G1 Z1.2
G1 E.8 F1800
SET_VELOCITY_LIMIT ACCEL=3000
;TYPE:Inner wall
;WIDTH:0.45
G1 F12000
G1 X157.002 Y129.4 E.05588
G1 F11160
G1 X157.002 Y128.602 E.0262
G1 X157.798 Y128.602 E.02614
G1 X157.798 Y129.4 E.0262
G1 F12000
G1 X157.798 Y131.102 E.05588
G1 X162.398 Y131.102 E.15103
G1 X162.398 Y131.898 E.02614
G1 X144.602 Y131.898 E.5843
G1 X144.602 Y131.102 E.02614
G1 X149.202 Y131.102 E.15103
G1 X149.202 Y130.102 E.03283
G1 X149.998 Y130.102 E.02614
G1 X149.998 Y131.102 E.03283
G1 X151.802 Y131.102 E.05923
G1 X151.802 Y129.602 E.04925
G1 X152.598 Y129.602 E.02614
G1 X152.598 Y131.102 E.04925
G1 X154.402 Y131.102 E.05923
G1 X154.402 Y129.8 E.04275
G1 X154.402 Y129.102 E.02292
G1 X155.198 Y129.102 E.02614
G1 X155.198 Y129.8 E.02292
G1 X155.198 Y131.102 E.04275
G1 X156.962 Y131.102 E.05792
SET_VELOCITY_LIMIT ACCEL=2000
G1 X156.61 Y130.71 F30000
;TYPE:Outer wall
;WIDTH:0.42
G1 F7200
G1 X156.61 Y130.167 E.01651
G1 X156.61 Y129.34 E.02515
M106 S255
G1 F3000
G1 X156.61 Y128.5 E.02555
G1 F2580
G1 X156.61 Y128.3 E.00608
SET_VELOCITY_LIMIT ACCEL=1000
;TYPE:Overhang wall
;WIDTH:0.4
G1 F3000
G1 X156.61 Y128.21 E.00259
G1 X158.19 Y128.21 E.0455
G1 X158.19 Y128.3 E.00259
SET_VELOCITY_LIMIT ACCEL=2000
;TYPE:Outer wall
;WIDTH:0.42
G1 F2580
G1 X158.19 Y128.5 E.00608
M106 S196
G1 F3000
G1 X158.19 Y129.34 E.02555
G1 F7200
M73 P62 R7
G1 X158.19 Y130.167 E.02515
G1 X158.19 Y130.71 E.01651
G1 X158.733 Y130.71 E.01651
G1 X162.16 Y130.71 E.10423
G1 X162.79 Y130.71 E.01916
G1 X162.79 Y132.29 E.04805
G1 X144.21 Y132.29 E.56509
G1 X144.21 Y130.71 E.04805
G1 X144.84 Y130.71 E.01916
G1 X148.267 Y130.71 E.10423
G1 X148.81 Y130.71 E.01651
G1 F3420
G1 X148.81 Y129.71 E.03041
G1 X150.39 Y129.71 E.04805
G1 X150.39 Y130.71 E.03041
G1 F7200
G1 X151.41 Y130.71 E.03102
M106 S255
G1 F1980
G1 X151.41 Y129.21 E.04562
G1 X152.99 Y129.21 E.04805
M106 S196
G1 X152.99 Y130.71 E.04562
G1 F7200
G1 X154.01 Y130.71 E.03102
M106 S255
G1 F3000
G1 X154.01 Y128.9 E.05505
G1 F2100
G1 X154.01 Y128.71 E.00578
G1 X155.59 Y128.71 E.04805
G1 X155.59 Y128.9 E.00578
M106 S196
G1 F3000
G1 X155.59 Y130.71 E.05505
G1 F7200
G1 X156.57 Y130.71 E.02981
G1 E-.728 F1800
;WIPE_START
G1 F30000
G1 X156.59 Y129.51 E-.072
;WIPE_END
G1 X157.4 Y131.306 Z1.6
G1 Z1.2
G1 E.8 F1800
SET_VELOCITY_LIMIT ACCEL=3000
;TYPE:Gap infill
;WIDTH:0.431684
G1 F15000
G1 X157.4 Y128.806 E.07839
G1 E-.728 F1800
;WIPE_START
G1 F30000
G1 X157.4 Y130.006 E-.072
;WIPE_END

G1 X158.172 Y130.726 Z1.25714
G1 X158.09 Y131.779 Z1.31429
G1 X157.216 Y132.371 Z1.37143
G1 X156.207 Y132.057 Z1.42857
G1 X155.825 Y131.073 Z1.48571
G1 X156.355 Y130.16 Z1.54286
G1 X157.4 Y130.006 Z1.6
G1 X162.194 Y131.5 Z1.6
G1 Z1.2
G1 E.8 F1800
G1 F15000
G1 X157.594 Y131.5 E.14424
;WIDTH:0.455982
G1 X157.497 Y131.476 E.00334
;WIDTH:0.490177
G1 F14521.533
G1 X157.4 Y131.451 E.00361
G1 X157.4 Y131.306 E.00526
G1 X157.4 Y131.451 F30000
;WIDTH:0.504577
G1 F14068.567
G1 X157.303 Y131.476 E.00373
;WIDTH:0.432737
G1 F15000
G1 X157.206 Y131.5 E.00315
G1 X154.994 Y131.5 E.06952
;WIDTH:0.455982
G1 X154.897 Y131.476 E.00334
;WIDTH:0.490177
G1 F14521.533
G1 X154.8 Y131.451 E.00361
G1 X154.8 Y131.306 E.00526
;WIDTH:0.431684
G1 F15000
G1 X154.8 Y129.306 E.06271
G1 E-.728 F1800
;WIPE_START
G1 F30000
G1 X154.8 Y130.506 E-.072
;WIPE_END
G1 X154.8 Y131.451 Z1.6
G1 Z1.2
G1 E.8 F1800
;WIDTH:0.504577
G1 F14068.567
G1 X154.703 Y131.476 E.00373
;WIDTH:0.432737
G1 F15000
G1 X154.606 Y131.5 E.00315
G1 X152.394 Y131.5 E.06952
;WIDTH:0.455982
G1 X152.297 Y131.476 E.00334
;WIDTH:0.490177
G1 F14521.533
G1 X152.2 Y131.451 E.00361
G1 X152.2 Y131.306 E.00526
;WIDTH:0.431684
G1 F15000
G1 X152.2 Y129.806 E.04703
G1 E-.728 F1800
;WIPE_START
G1 F30000
G1 X152.2 Y131.006 E-.072
;WIPE_END
G1 X152.2 Y131.451 Z1.6
G1 Z1.2
G1 E.8 F1800
;WIDTH:0.504577
G1 F14068.567
G1 X152.103 Y131.476 E.00373
;WIDTH:0.432737
G1 F15000
G1 X152.006 Y131.5 E.00315
G1 X149.794 Y131.5 E.06952
;WIDTH:0.455982
G1 X149.697 Y131.476 E.00334
;WIDTH:0.490177
G1 F14521.533
G1 X149.6 Y131.451 E.00361
G1 X149.6 Y131.306 E.00526
;WIDTH:0.431684
G1 F15000
G1 X149.6 Y130.306 E.03136
G1 E-.74 F1800
;WIPE_START
G1 F30000
G1 X149.6 Y131.306 E-.06
;WIPE_END
G1 X149.6 Y131.451 Z1.6
G1 Z1.2
G1 E.8 F1800
;WIDTH:0.504577
G1 F14068.567
G1 X149.503 Y131.476 E.00373
;WIDTH:0.43272
G1 F15000
G1 X149.406 Y131.5 E.00315
G1 X144.806 Y131.5 E.14462
G1 E-.728 F1800
;WIPE_START
G1 F30000
G1 X146.006 Y131.5 E-.072
;WIPE_END
G1 X149.142 Y124.542 Z1.6
G1 X157.998 Y104.898 Z1.6
G1 Z1.2
G1 E.8 F1800
;TYPE:Inner wall
;WIDTH:0.45
G1 F12000
G1 X154.102 Y104.898 E.12791
G1 X154.102 Y104.102 E.02613
G1 X157.998 Y104.102 E.12791
G1 X157.998 Y104.858 E.02482
SET_VELOCITY_LIMIT ACCEL=2000
G1 X158.39 Y105.29 F30000
;TYPE:Outer wall
;WIDTH:0.42
G1 F7200
G1 X153.71 Y105.29 E.14234
G1 X153.71 Y103.71 E.04805
G1 X158.39 Y103.71 E.14234
G1 X158.39 Y105.25 E.04684
G1 E-.728 F1800
;WIPE_START
G1 F30000
G1 X157.19 Y105.26 E-.072
;WIPE_END
G1 X157.794 Y104.5 Z1.6
G1 Z1.2
G1 E.8 F1800
SET_VELOCITY_LIMIT ACCEL=3000
;TYPE:Gap infill
;WIDTH:0.431684
G1 F15000
G1 X154.306 Y104.5 E.10939
G1 E-.728 F1800
;WIPE_START
G1 F30000
G1 X155.506 Y104.5 E-.072
;WIPE_END
G1 X150.24 Y110.025 Z1.6
G1 X127.767 Y133.602 Z1.6
G1 Z1.2
G1 E.8 F1800
;TYPE:Inner wall
;WIDTH:0.45
G1 F12000
G1 X127.807 Y133.796 E.00652
G1 X127.602 Y133.886 E.00736
G1 X127.319 Y134.158 E.01289
G1 X127.215 Y134.326 E.00647
G1 X126.899 Y133.959 E.0159
G1 X126.604 Y133.78 E.01131
G1 X126.654 Y133.602 E.00608
G1 X127.727 Y133.602 E.03521
G1 E-.728 F1800
;WIPE_START
G1 F30000
G1 X127.807 Y133.796 E-.01262
G1 X127.602 Y133.886 E-.01345
G1 X127.319 Y134.158 E-.02355
G1 X127.215 Y134.326 E-.01183
G1 X127.1 Y134.193 E-.01055
;WIPE_END
G1 X122.301 Y133.602 Z1.6
G1 Z1.2
G1 E.8 F1800
G1 F12000
G1 X125.29 Y133.602 E.09812
G1 X125.344 Y133.771 E.00584
G1 X124.928 Y134.071 E.01685
G1 X124.699 Y134.368 E.01231
G1 X124.639 Y134.506 E.00493
G1 X123.203 Y134.506 E.04716
G1 X123.012 Y134.201 E.01181
G1 X122.332 Y133.628 E.02921
G1 E-.728 F1800
;WIPE_START
G1 F30000
G1 X123.532 Y133.617 E-.072
;WIPE_END
G1 X124.44 Y136.244 Z1.6
G1 Z1.2
G1 E.8 F1800
G1 F12000
G1 X124.506 Y136.642 E.01324
G1 X124.633 Y137.021 E.01312
G1 X124.849 Y137.383 E.01387
G1 X124.541 Y137.355 E.01017
G1 X124.185 Y137.41 E.01183
G1 X122.965 Y137.41 E.04004
G1 X123.149 Y137.122 E.01121
G1 X123.428 Y136.244 E.03025
G1 X124.4 Y136.244 E.03193
G1 E-.728 F1800
;WIPE_START
G1 F30000
G1 X124.506 Y136.642 E-.02471
G1 X124.633 Y137.021 E-.02397
G1 X124.832 Y137.355 E-.02332
;WIPE_END
G1 X120.713 Y133.602 Z1.6
G1 Z1.2
G1 E.8 F1800
G1 F12000
G1 X121.116 Y133.602 E.01325
G1 X121.17 Y133.772 E.00587
G1 X120.713 Y134.096 E.01841
G1 X120.713 Y133.642 E.01491
G1 E-.728 F1800
;WIPE_START
G1 F30000
G1 X121.116 Y133.602 E-.02434
G1 X121.17 Y133.772 E-.01072
G1 X120.713 Y134.096 E-.03364
G1 X120.713 Y134.041 E-.0033
;WIPE_END
G1 X115.548 Y133.602 Z1.6
G1 Z1.2
G1 E.8 F1800
G1 F12000
G1 X115.912 Y133.602 E.01196
G1 X115.951 Y133.8 E.00661
G1 X115.799 Y133.861 E.0054
G1 X115.548 Y134.065 E.0106
G1 X115.548 Y133.642 E.01389
G1 E-.728 F1800
;WIPE_START
G1 F30000
G1 X115.912 Y133.602 E-.02199
G1 X115.951 Y133.8 E-.01208
G1 X115.799 Y133.861 E-.00986
G1 X115.548 Y134.065 E-.01937
G1 X115.548 Y133.92 E-.0087
;WIPE_END
G1 X111.55 Y133.602 Z1.6
G1 Z1.2
G1 E.8 F1800
G1 F12000
G1 X112.154 Y133.602 E.01983
G1 X112.533 Y134.951 E.046
G1 X112.715 Y135.266 E.01195
G1 X113.173 Y135.812 E.02338
G1 X112.134 Y135.915 E.03426
G1 X112.661 Y137.196 E.04547
G1 X112.829 Y137.41 E.00894
G1 X111.21 Y137.41 E.05316
G1 X111.497 Y136.898 E.01929
G1 X111.555 Y136.393 E.01667
G1 X111.47 Y135.943 E.01502
G1 X111.305 Y135.595 E.01265
G1 X111.168 Y135.403 E.00777
G1 X111.55 Y135.403 E.01255
G1 X111.55 Y133.642 E.05781
G1 E-.728 F1800
;WIPE_START
G1 F30000
G1 X112.154 Y133.602 E-.03632
G1 X112.315 Y134.174 E-.03568
;WIPE_END
G1 X110.045 Y139.155 Z1.6
G1 Z1.2
G1 E.8 F1800
G1 F12000
G1 X109.489 Y138.887 E.02025
G1 X109.489 Y138.685 E.00664
G1 X108.237 Y138.685 E.04112
G1 X108.237 Y137.41 E.04186
G1 X107.083 Y137.41 E.0379
G1 X107.262 Y137.177 E.00966
G1 X107.465 Y136.652 E.01847
G1 X107.535 Y136.224 E.01426
G1 X107.556 Y135.767 E.01502
G1 X107.541 Y135.444 E.01061
G1 X108.866 Y135.444 E.04348
G1 X109.174 Y135.812 E.01577
G1 X108.136 Y135.915 E.03426
G1 X108.663 Y137.196 E.04547
G1 X108.864 Y137.452 E.0107
G1 X109.118 Y137.65 E.01057
G1 X109.591 Y137.841 E.01674
G1 X110.045 Y137.887 E.01499
G1 X110.045 Y139.115 E.04032
G1 E-.728 F1800
;WIPE_START
G1 F30000
G1 X109.489 Y138.887 E-.03603
G1 X109.489 Y138.685 E-.01214
G1 X109.092 Y138.685 E-.02383
;WIPE_END
G1 X107.152 Y134.221 Z1.6
G1 Z1.2
G1 E.8 F1800
G1 F12000
G1 X106.926 Y133.959 E.01133
G1 X106.632 Y133.78 E.01131
G1 X106.682 Y133.602 E.00608
G1 X107.152 Y133.602 E.01543
G1 X107.152 Y134.181 E.01899
G1 E-.728 F1800
;WIPE_START
G1 F30000
G1 X106.926 Y133.959 E-.01896
G1 X106.632 Y133.78 E-.02067
G1 X106.682 Y133.602 E-.01111
G1 X107.036 Y133.602 E-.02126
;WIPE_END
G1 X103.587 Y140.047 Z1.6
G1 Z1.2
G1 E.8 F1800
G1 F12000
G1 X103.482 Y139.803 E.00874
G1 X103.463 Y139.699 E.00344
G1 X103.455 Y139.396 E.00996
G1 X103.478 Y139.175 E.0073
G1 X103.669 Y139.149 E.00631
G1 X103.858 Y139.638 E.01721
G1 X103.609 Y140.014 E.0148
G1 E-.728 F1800
;WIPE_START
G1 F30000
G1 X103.482 Y139.803 E-.01479
G1 X103.463 Y139.699 E-.00629
G1 X103.455 Y139.396 E-.01821
G1 X103.478 Y139.175 E-.01335
G1 X103.669 Y139.149 E-.01153
G1 X103.716 Y139.271 E-.00783
;WIPE_END
G1 X96.746 Y136.198 Z1.6
G1 Z1.2
G1 E.8 F1800
G1 F12000
G1 X96.467 Y136.198 E.00914
G1 X96.467 Y133.602 E.08524
G1 X97.91 Y133.602 E.04737
G1 X97.947 Y133.802 E.00667
G1 X97.756 Y133.875 E.00674
G1 X97.418 Y134.099 E.0133
G1 X97.122 Y134.405 E.01398
G1 X96.839 Y134.931 E.0196
G1 X96.718 Y135.539 E.02037
G1 X96.721 Y136.035 E.01627
G1 X96.74 Y136.159 E.00412
G1 E-.728 F1800
;WIPE_START
G1 F30000
G1 X96.467 Y136.198 E-.01651
G1 X96.467 Y135.273 E-.05549
;WIPE_END
G1 X98.834 Y136.217 Z1.6
G1 Z1.2
G1 E.8 F1800
G1 F12000
G1 X98.679 Y136.231 E.00513
G1 X98.583 Y136.162 E.00388
G1 X98.55 Y136.108 E.00206
G1 X98.514 Y135.961 E.00498
G1 X98.514 Y135.624 E.01108
G1 X98.555 Y135.463 E.00544
G1 X98.618 Y135.376 E.00352
G1 X98.696 Y135.347 E.00274
G1 X98.805 Y135.342 E.00358
G1 X98.896 Y135.388 E.00335
G1 X98.96 Y135.51 E.00452
G1 X98.983 Y135.621 E.00371
G1 X98.991 Y135.872 E.00827
G1 X98.932 Y136.162 E.0097
G1 X98.869 Y136.197 E.00236
G1 E-.728 F1800
;WIPE_START
G1 F30000
G1 X98.679 Y136.231 E-.0116
G1 X98.583 Y136.162 E-.00709
G1 X98.55 Y136.108 E-.00377
G1 X98.514 Y135.961 E-.00909
G1 X98.514 Y135.624 E-.02024
G1 X98.555 Y135.463 E-.00994
G1 X98.618 Y135.376 E-.00643
G1 X98.678 Y135.354 E-.00383
;WIPE_END
G1 X100.363 Y134.395 Z1.6
G1 Z1.2
G1 E.8 F1800
G1 F12000
G1 X100.081 Y134.102 E.01334
G1 X99.745 Y133.877 E.01328
G1 X99.549 Y133.801 E.00689
G1 X99.587 Y133.602 E.00666
G1 X100.363 Y133.602 E.02548
G1 X100.363 Y134.355 E.02471
G1 E-.728 F1800
;WIPE_START
G1 F30000
G1 X100.081 Y134.102 E-.02271
G1 X99.745 Y133.877 E-.02427
G1 X99.549 Y133.801 E-.01259
G1 X99.587 Y133.602 E-.01216
G1 X99.591 Y133.602 E-.00028
;WIPE_END
G1 X99.278 Y138.152 Z1.6
G1 Z1.2
G1 E.8 F1800
G1 F12000
G1 X99.113 Y138.096 E.00573
G1 X99.113 Y137.907 E.0062
G1 X99.296 Y137.847 E.00633
G1 X99.401 Y137.994 E.00593
G1 X99.303 Y138.121 E.00524
G1 E-.7452 F1800
;WIPE_START
G1 F30000
G1 X99.113 Y138.096 E-.01148
G1 X99.113 Y137.907 E-.01132
G1 X99.296 Y137.847 E-.01158
G1 X99.401 Y137.994 E-.01084
G1 X99.303 Y138.121 E-.00958
;WIPE_END
G1 X97.375 Y139.155 Z1.6
G1 Z1.2
G1 E.8 F1800
G1 F12000
G1 X97.002 Y138.975 E.01361
G1 X97.002 Y137.869 E.03632
G1 X97.375 Y137.869 E.01226
G1 X97.375 Y139.115 E.04092
G1 E-.728 F1800
;WIPE_START
G1 F30000
G1 X97.002 Y138.975 E-.02393
G1 X97.002 Y138.174 E-.04807
;WIPE_END
G1 X94.606 Y145.421 Z1.6
G1 X94.084 Y146.998 Z1.6
G1 Z1.2
G1 E.8 F1800
G1 F12000
G1 X93.738 Y146.798 E.01312
G1 X93.66 Y146.696 E.00422
G1 X93.621 Y146.602 E.00337
G1 X93.602 Y146.461 E.00467
G1 X93.602 Y140.172 E.20646
G1 X93.799 Y140.133 E.00659
G1 X94.114 Y140.901 E.02723
G1 X94.316 Y141.156 E.0107
G1 X94.57 Y141.355 E.01057
G1 X95.043 Y141.545 E.01674
G1 X95.46 Y141.588 E.01376
G1 X95.796 Y141.564 E.01106
G1 X96.319 Y141.384 E.01815
G1 X96.681 Y141.08 E.01554
G1 X96.878 Y140.728 E.01323
G1 X97.209 Y140.888 E.01207
G1 X97.378 Y141.013 E.0069
G1 X97.45 Y141.09 E.00344
G1 X97.719 Y141.585 E.01853
G1 X99.113 Y141.585 E.04577
G1 X99.113 Y140.804 E.02565
G1 X99.293 Y140.755 E.00611
G1 X99.473 Y141.057 E.01154
G1 X99.707 Y141.292 E.01089
G1 X99.985 Y141.46 E.01068
G1 X100.306 Y141.562 E.01106
G1 X100.765 Y141.583 E.01509
G1 X101.095 Y141.517 E.01105
G1 X101.391 Y141.382 E.0107
G1 X101.649 Y141.177 E.01081
G1 X101.971 Y140.759 E.0173
G1 X102.349 Y141.167 E.01827
G1 X102.678 Y141.395 E.01312
G1 X102.862 Y141.471 E.00656
G1 X102.244 Y142.443 E.03783
G1 X101.9 Y142.227 E.01334
G1 X101.62 Y142.125 E.00978
G1 X101.227 Y142.062 E.01307
G1 X100.857 Y142.067 E.01216
G1 X100.446 Y142.144 E.01373
G1 X100.063 Y142.314 E.01375
G1 X99.589 Y142.694 E.01996
G1 X99.589 Y142.118 E.0189
G1 X94.084 Y142.118 E.18073
G1 X94.084 Y146.958 E.1589
G1 E-.728 F1800
;WIPE_START
G1 F30000
G1 X93.738 Y146.798 E-.02287
G1 X93.66 Y146.696 E-.00772
G1 X93.621 Y146.602 E-.00615
G1 X93.602 Y146.461 E-.00854
G1 X93.602 Y146.015 E-.02672
;WIPE_END
G1 X94.626 Y139.516 Z1.6
G1 Z1.2
G1 E.8 F1800
G1 F12000
G1 X93.602 Y139.618 E.03379
G1 X93.602 Y138.066 E.05097
G1 X93.813 Y138.037 E.00699
G1 X93.987 Y138.655 E.02109
G1 X94.168 Y138.971 E.01195
G1 X94.6 Y139.485 E.02206
G1 E-.728 F1800
;WIPE_START
G1 F30000
G1 X93.602 Y139.618 E-.06043
G1 X93.602 Y139.425 E-.01157
;WIPE_END
G1 X94.699 Y136.198 Z1.6
G1 Z1.2
G1 E.8 F1800
G1 F12000
G1 X93.602 Y136.198 E.03601
G1 X93.606 Y133.963 E.07337
G1 X93.631 Y133.862 E.00343
G1 X93.685 Y133.759 E.00384
G1 X93.804 Y133.66 E.00506
G1 X93.898 Y133.621 E.00337
G1 X94.039 Y133.602 E.00467
G1 X94.699 Y133.602 E.02164
G1 X94.699 Y136.158 E.08393
G1 E-.728 F1800
;WIPE_START
G1 F30000
G1 X93.602 Y136.198 E-.06584
G1 X93.602 Y136.096 E-.00616
;WIPE_END
G1 X101.218 Y136.6 Z1.6
G1 X135.93 Y138.9 Z1.6
G1 Z1.2
G1 E.8 F1800
G1 F12000
G1 X136.045 Y139.077 E.00695
G1 X136.466 Y139.512 E.01987
G1 X136.035 Y139.555 E.01423
G1 X135.975 Y139.408 E.0052
G1 X135.765 Y139.154 E.01083
G1 X135.908 Y138.934 E.00861
G1 E-.728 F1800
;WIPE_START
G1 F30000
G1 X136.045 Y139.077 E-.01193
G1 X136.466 Y139.512 E-.03631
G1 X136.072 Y139.551 E-.02377
;WIPE_END
G1 X134.405 Y135.403 Z1.6
G1 Z1.2
G1 E.8 F1800
M73 P63 R7
G1 F12000
G1 X134.508 Y135.76 E.01221
G1 X134.68 Y136.131 E.01341
G1 X134.292 Y136.131 E.01274
G1 X134.256 Y135.943 E.00626
G1 X134.091 Y135.595 E.01265
G1 X133.954 Y135.403 E.00777
G1 X134.365 Y135.403 E.0135
G1 E-.728 F1800
;WIPE_START
G1 F30000
G1 X134.508 Y135.76 E-.02309
G1 X134.68 Y136.131 E-.0245
G1 X134.292 Y136.131 E-.02328
G1 X134.288 Y136.112 E-.00113
;WIPE_END
G1 X130.942 Y133.602 Z1.6
G1 Z1.2
G1 E.8 F1800
G1 F12000
G1 X131.196 Y134.506 E.03083
G1 X129.868 Y134.506 E.0436
G1 X129.571 Y134.092 E.01673
G1 X129.11 Y133.774 E.01838
G1 X129.164 Y133.602 E.0059
G1 X130.902 Y133.602 E.05706
G1 E-.728 F1800
;WIPE_START
G1 F30000
G1 X131.196 Y134.506 E-.05703
G1 X130.947 Y134.506 E-.01497
;WIPE_END
G1 X127.428 Y141.279 Z1.6
G1 X124.518 Y146.882 Z1.6
G1 Z1.2
G1 E.8 F1800
G1 F12000
G1 X124.352 Y146.424 E.01599
G1 X126.076 Y142.118 E.15228
G1 X124.026 Y142.118 E.06729
G1 X123.712 Y142.936 E.02876
G1 X123.08 Y142.936 E.02075
G1 X122.783 Y142.118 E.02857
G1 X118.035 Y142.118 E.1559
G1 X118.035 Y144.242 E.06973
G1 X117.755 Y143.918 E.01405
G1 X117.47 Y143.715 E.01149
G1 X117.158 Y143.574 E.01124
G1 X116.626 Y143.49 E.0177
G1 X116.249 Y143.485 E.01238
G1 X116.249 Y142.118 E.04486
G1 X114.359 Y142.118 E.06205
G1 X114.359 Y146.886 E.15654
G1 X116.694 Y146.868 E.07667
G1 X117.119 Y146.813 E.01407
G1 X117.476 Y146.67 E.01263
G1 X117.783 Y146.442 E.01256
G1 X118.035 Y146.135 E.01302
G1 X118.035 Y146.852 E.02354
G1 X119.924 Y146.852 E.06205
G1 X119.924 Y143.888 E.09732
G1 X121.443 Y143.888 E.04986
G1 X122.417 Y146.389 E.08812
G1 X122.234 Y146.882 E.01726
G1 X124.478 Y146.882 E.07369
G1 E-.728 F1800
;WIPE_START
G1 F30000
G1 X124.352 Y146.424 E-.02848
G1 X124.621 Y145.751 E-.04352
;WIPE_END
G1 X132.132 Y144.391 Z1.6
G1 X147.914 Y141.532 Z1.6
G1 Z1.2
G1 E.8 F1800
G1 F12000
G1 X147.914 Y139.831 E.05586
G1 X147.826 Y139.831 E.0029
G1 X147.95 Y139.607 E.00842
G1 X148.045 Y139.159 E.01504
G1 X148.031 Y138.717 E.01451
G1 X147.871 Y138.225 E.01698
G1 X147.597 Y137.835 E.01565
G1 X147.168 Y137.513 E.01761
G1 X147.151 Y137.351 E.00535
G1 X146.203 Y137.374 E.03114
G1 X145.727 Y137.385 E.01561
G1 X145.716 Y137.502 E.00388
G1 X145.381 Y137.734 E.01338
G1 X145.381 Y137.41 E.01065
G1 X141.874 Y137.41 E.11516
G1 X142.424 Y138.768 E.04811
G1 X142.626 Y139.077 E.01212
G1 X143.047 Y139.512 E.01987
G1 X141.967 Y139.62 E.03562
G1 X142.494 Y140.9 E.04547
G1 X142.695 Y141.156 E.01069
G1 X142.949 Y141.355 E.01057
G1 X143.422 Y141.545 E.01674
G1 X143.839 Y141.588 E.01376
G1 X144.175 Y141.564 E.01106
G1 X144.698 Y141.384 E.01816
G1 X145.22 Y140.946 E.02236
G1 X145.33 Y141.532 E.01958
G1 X147.874 Y141.532 E.08353
G1 E-.728 F1800
;WIPE_START
G1 F30000
G1 X147.903 Y140.333 E-.072
;WIPE_END
G1 X153.188 Y145.838 Z1.6
G1 X154.533 Y147.24 Z1.6
G1 Z1.2
G1 E.8 F1800
G1 F12000
G1 X154.533 Y145.889 E.04433
G1 X155.005 Y145.889 E.01548
G1 X155.005 Y145.497 E.01288
G1 X155.334 Y145.733 E.01328
G1 X155.663 Y145.874 E.01178
G1 X156.016 Y145.943 E.0118
G1 X156.409 Y145.942 E.01288
G1 X156.933 Y145.818 E.01768
G1 X157.277 Y145.625 E.01294
G1 X157.561 Y145.364 E.01266
G1 X157.783 Y145.034 E.01308
G1 X157.928 Y144.653 E.01338
G1 X158.004 Y144.24 E.01378
G1 X158.017 Y143.901 E.01114
G1 X158.282 Y143.856 E.00884
G1 X158.037 Y143.379 E.01761
G1 X158.044 Y143.224 E.00512
G1 X157.957 Y143.224 E.00283
G1 X157.711 Y142.743 E.01772
G1 X157.425 Y142.438 E.01373
G1 X157.088 Y142.227 E.01307
G1 X156.808 Y142.125 E.00978
G1 X156.415 Y142.062 E.01307
G1 X156.045 Y142.067 E.01216
G1 X155.634 Y142.144 E.01373
G1 X155.198 Y142.337 E.01564
G1 X154.242 Y142.077 E.03253
G1 X153.777 Y142.061 E.01525
G1 X153.295 Y142.189 E.01638
G1 X152.8 Y142.583 E.02077
G1 X152.8 Y142.118 E.01524
G1 X147.571 Y142.118 E.1717
G1 X147.571 Y142.983 E.02839
G1 X147.364 Y143.016 E.00686
G1 X147.076 Y142.118 E.03094
G1 X144.001 Y142.118 E.10096
G1 X142.808 Y145.889 E.12986
G1 X147.571 Y145.889 E.15637
G1 X147.571 Y146.882 E.03257
G1 X149.424 Y146.882 E.06084
G1 X149.424 Y145.951 E.03055
G1 X150.073 Y145.904 E.02138
G1 X150.611 Y145.643 E.01963
G1 X150.783 Y145.426 E.00908
G1 X150.947 Y145.484 E.0057
G1 X150.947 Y146.882 E.0459
G1 X152.8 Y146.882 E.06084
G1 X152.8 Y146.232 E.02134
G1 X154.499 Y147.22 E.06453
G1 E-.728 F1800
;WIPE_START
G1 F30000
G1 X154.53 Y146.02 E-.072
;WIPE_END
G1 X160.913 Y148.065 Z1.6
G1 Z1.2
G1 E.8 F1800
G1 F12000
G1 X160.922 Y148.102 E.00123
G1 X163.039 Y148.102 E.06953
G1 X163.416 Y148.053 E.01247
G1 X163.804 Y147.892 E.01378
G1 X164.137 Y147.637 E.01378
G1 X164.392 Y147.304 E.01378
G1 X164.553 Y146.916 E.01378
G1 X164.602 Y146.539 E.01247
G1 X164.594 Y106.29 E1.32152
G1 X164.49 Y105.904 E.01312
G1 X164.38 Y105.681 E.00819
G1 X164.137 Y105.363 E.01312
G1 X163.804 Y105.108 E.01378
G1 X163.416 Y104.947 E.01378
G1 X163.039 Y104.898 E.01247
G1 X161.002 Y104.898 E.06689
G1 X161.002 Y104.102 E.02613
G1 X162.98 Y104.102 E.06495
G1 X163.313 Y104.124 E.01094
G1 X163.62 Y104.185 E.01029
G1 X163.917 Y104.286 E.01029
G1 X164.198 Y104.424 E.01029
G1 X164.459 Y104.599 E.01029
G1 X164.695 Y104.805 E.01029
G1 X164.901 Y105.041 E.01029
G1 X165.076 Y105.302 E.01029
G1 X165.214 Y105.583 E.01029
G1 X165.315 Y105.88 E.01029
G1 X165.376 Y106.187 E.01029
G1 X165.398 Y106.52 E.01094
G1 X165.398 Y146.48 E1.31204
G1 X165.376 Y146.813 E.01094
G1 X165.315 Y147.12 E.01029
G1 X165.214 Y147.417 E.01029
G1 X165.076 Y147.698 E.01029
G1 X164.901 Y147.959 E.01029
G1 X164.695 Y148.195 E.01029
G1 X164.459 Y148.401 E.01029
G1 X164.198 Y148.576 E.01029
G1 X163.917 Y148.714 E.01029
G1 X163.62 Y148.815 E.01029
G1 X163.313 Y148.876 E.01029
G1 X162.98 Y148.898 E.01094
G1 X93.02 Y148.898 E2.29704
G1 X92.687 Y148.876 E.01094
G1 X92.38 Y148.815 E.01029
G1 X92.083 Y148.714 E.01029
G1 X91.802 Y148.576 E.01029
G1 X91.541 Y148.401 E.01029
G1 X91.305 Y148.195 E.01029
G1 X91.099 Y147.959 E.01029
G1 X90.924 Y147.698 E.01029
G1 X90.786 Y147.417 E.01029
G1 X90.685 Y147.12 E.01029
G1 X90.624 Y146.813 E.01029
G1 X90.602 Y146.48 E.01094
G1 X90.602 Y106.52 E1.31204
G1 X90.624 Y106.187 E.01094
G1 X90.685 Y105.88 E.01029
G1 X90.786 Y105.583 E.01029
G1 X90.924 Y105.302 E.01029
G1 X91.099 Y105.041 E.01029
G1 X91.305 Y104.805 E.01029
G1 X91.541 Y104.599 E.01029
G1 X91.802 Y104.424 E.01029
G1 X92.083 Y104.286 E.01029
G1 X92.38 Y104.185 E.01029
G1 X92.687 Y104.124 E.01029
G1 X93.02 Y104.102 E.01094
G1 X150.898 Y104.102 E1.90034
G1 X150.898 Y104.898 E.02613
G1 X92.98 Y104.898 E1.90163
G1 X92.776 Y104.911 E.00674
G1 X92.465 Y104.989 E.0105
G1 X92.207 Y105.105 E.00929
G1 X92.024 Y105.228 E.00724
G1 X91.851 Y105.379 E.00754
G1 X91.608 Y105.696 E.01312
G1 X91.447 Y106.084 E.01378
G1 X91.398 Y106.461 E.01247
G1 X91.398 Y146.539 E1.31593
G1 X91.447 Y146.916 E.01247
G1 X91.608 Y147.304 E.01378
G1 X91.863 Y147.637 E.01378
G1 X92.181 Y147.88 E.01312
G1 X92.404 Y147.99 E.00819
G1 X92.787 Y148.093 E.013
G1 X94.077 Y148.108 E.04237
G1 X94.306 Y147.126 E.0331
G1 X94.196 Y147.063 E.00416
G1 X94.244 Y146.882 E.00615
G1 X99.589 Y146.882 E.17547
G1 X99.589 Y145.234 E.05408
G1 X99.853 Y145.523 E.01285
G1 X100.146 Y145.733 E.01182
G1 X100.476 Y145.874 E.01178
G1 X100.828 Y145.943 E.0118
G1 X101.206 Y145.942 E.01239
G1 X101.58 Y145.873 E.01248
G1 X101.945 Y145.721 E.01299
G1 X102.364 Y145.378 E.01776
G1 X102.583 Y145.052 E.0129
G1 X102.839 Y145.41 E.01445
G1 X103.098 Y145.644 E.01147
G1 X103.393 Y145.816 E.0112
G1 X103.734 Y145.923 E.01171
G1 X104.235 Y145.945 E.01648
G1 X104.465 Y145.889 E.00776
G1 X106.087 Y145.889 E.05325
G1 X106.086 Y145.197 E.02275
G1 X106.479 Y145.57 E.01781
G1 X106.81 Y145.767 E.01266
G1 X107.168 Y145.892 E.01243
G1 X107.552 Y145.948 E.01273
G1 X108.051 Y145.92 E.01643
G1 X108.427 Y145.814 E.01281
G1 X108.764 Y145.637 E.0125
G1 X109.058 Y145.393 E.01255
G1 X109.362 Y145.018 E.01584
G1 X109.659 Y145.399 E.01588
G1 X109.959 Y145.643 E.01269
G1 X110.31 Y145.821 E.01291
G1 X110.785 Y145.937 E.01608
G1 X111.238 Y145.943 E.01488
G1 X111.62 Y145.875 E.01272
G1 X111.974 Y145.735 E.01251
G1 X112.291 Y145.523 E.0125
G1 X112.56 Y145.25 E.0126
G1 X112.767 Y144.933 E.01242
G1 X112.904 Y144.581 E.01242
G1 X112.97 Y144.206 E.0125
G1 X112.97 Y143.816 E.01281
G1 X112.903 Y143.438 E.01257
G1 X112.765 Y143.084 E.0125
G1 X112.558 Y142.765 E.01249
G1 X112.288 Y142.49 E.01264
G1 X111.973 Y142.277 E.01248
G1 X111.621 Y142.135 E.01247
G1 X111.242 Y142.065 E.01265
G1 X110.811 Y142.07 E.01416
G1 X110.449 Y142.145 E.01215
G1 X110.1 Y142.283 E.01231
G1 X109.773 Y142.494 E.01276
G1 X109.485 Y142.793 E.01364
G1 X109.375 Y143.017 E.00819
G1 X109.056 Y142.621 E.01669
G1 X108.762 Y142.375 E.01256
G1 X108.427 Y142.197 E.01247
G1 X108.062 Y142.091 E.01249
G1 X107.678 Y142.057 E.01266
G1 X107.312 Y142.089 E.01205
G1 X106.958 Y142.184 E.01202
G1 X106.613 Y142.345 E.01252
G1 X106.301 Y142.581 E.01283
G1 X106.094 Y142.834 E.01074
G1 X106.032 Y142.278 E.01836
G1 X105.89 Y141.865 E.01435
G1 X105.731 Y141.618 E.00963
G1 X105.47 Y141.369 E.01187
G1 X104.976 Y141.145 E.01781
G1 X105.848 Y139.805 E.05248
G1 X105.105 Y139.628 E.02507
G1 X105.099 Y139.442 E.0061
G1 X105.641 Y139.27 E.01869
G1 X105.188 Y138.19 E.03846
G1 X104.982 Y137.913 E.01135
G1 X104.64 Y137.625 E.01466
G1 X104.224 Y137.439 E.01496
G1 X103.765 Y137.36 E.0153
G1 X103.227 Y137.389 E.01767
G1 X102.843 Y137.503 E.01316
G1 X102.501 Y137.69 E.0128
G1 X102.191 Y137.96 E.01351
G1 X101.966 Y138.294 E.01321
G1 X101.869 Y138.044 E.00881
G1 X101.696 Y137.844 E.00866
G1 X102.131 Y137.844 E.01428
G1 X102.131 Y135.374 E.0811
G1 X103.638 Y135.374 E.04945
G1 X103.638 Y133.602 E.05819
G1 X105.317 Y133.602 E.05515
G1 X105.372 Y133.771 E.00584
G1 X104.956 Y134.071 E.01685
G1 X104.726 Y134.368 E.01231
G1 X104.575 Y134.72 E.01257
G1 X104.487 Y135.116 E.01335
G1 X104.444 Y135.767 E.02142
G1 X104.465 Y136.228 E.01514
G1 X104.534 Y136.642 E.01378
G1 X104.66 Y137.021 E.01312
G1 X104.858 Y137.352 E.01267
G1 X105.092 Y137.587 E.01089
G1 X105.37 Y137.756 E.01068
G1 X105.692 Y137.858 E.01106
G1 X106.151 Y137.879 E.01509
G1 X106.468 Y137.815 E.01064
G1 X106.468 Y141.573 E.12338
G1 X109.688 Y141.573 E.10571
G1 X109.688 Y140.796 E.02552
G1 X109.879 Y140.888 E.00696
G1 X110.04 Y141.007 E.00657
G1 X110.15 Y141.133 E.0055
G1 X110.374 Y141.585 E.01656
G1 X111.783 Y141.585 E.04627
G1 X111.783 Y139.148 E.08002
G1 X113.158 Y139.148 E.04515
G1 X113.144 Y139.479 E.01086
G1 X113.166 Y139.932 E.01491
G1 X113.234 Y140.346 E.01378
G1 X113.361 Y140.725 E.01312
G1 X113.559 Y141.057 E.01267
G1 X113.793 Y141.292 E.01089
G1 X114.07 Y141.46 E.01068
G1 X114.392 Y141.562 E.01107
G1 X114.851 Y141.583 E.01509
G1 X115.181 Y141.517 E.01105
G1 X115.477 Y141.382 E.0107
G1 X115.735 Y141.177 E.01081
G1 X115.991 Y140.844 E.01378
G1 X116.251 Y141.181 E.01395
G1 X116.509 Y141.385 E.0108
G1 X116.804 Y141.518 E.01066
G1 X117.133 Y141.583 E.01101
G1 X117.593 Y141.562 E.0151
G1 X117.915 Y141.459 E.01111
G1 X118.193 Y141.288 E.01072
G1 X118.427 Y141.052 E.01092
G1 X118.631 Y140.711 E.01304
G1 X118.793 Y140.137 E.01957
G1 X118.835 Y139.25 E.02915
G1 X118.79 Y138.802 E.01478
G1 X118.691 Y138.389 E.01395
G1 X118.315 Y137.664 E.02682
G1 X118.754 Y137.841 E.01553
G1 X119.171 Y137.883 E.01376
G1 X119.507 Y137.859 E.01106
G1 X119.856 Y137.739 E.01214
G1 X119.856 Y141.577 E.12602
G1 X122.085 Y141.561 E.07316
G1 X122.524 Y141.491 E.01462
G1 X122.898 Y141.318 E.01351
G1 X123.197 Y141.027 E.01372
G1 X123.283 Y140.865 E.00602
G1 X123.527 Y141.181 E.0131
G1 X123.785 Y141.385 E.0108
G1 X124.081 Y141.518 E.01066
G1 X124.41 Y141.583 E.01101
G1 X124.869 Y141.562 E.0151
G1 X125.191 Y141.459 E.01111
G1 X125.47 Y141.288 E.01072
G1 X125.704 Y141.052 E.01091
G1 X125.907 Y140.711 E.01304
G1 X126.07 Y140.137 E.01957
G1 X126.116 Y139.148 E.03251
G1 X127.021 Y139.148 E.0297
G1 X127.144 Y139.504 E.01235
G1 X127.231 Y139.636 E.00519
G1 X127.085 Y139.965 E.01182
G1 X127.086 Y140.509 E.01786
G1 X127.298 Y141.011 E.0179
G1 X127.716 Y141.394 E.01861
G1 X127.928 Y141.464 E.00733
G1 X127.942 Y141.572 E.00358
G1 X129.291 Y141.572 E.0443
G1 X129.297 Y141.431 E.00462
G1 X129.718 Y141.123 E.01713
G1 X129.973 Y140.668 E.01713
G1 X130.034 Y140.354 E.01053
G1 X130.015 Y139.972 E.01255
G1 X129.907 Y139.648 E.01121
G1 X130.081 Y139.278 E.01344
G1 X130.138 Y138.862 E.01376
G1 X130.035 Y138.276 E.01954
G1 X129.7 Y137.773 E.01986
G1 X129.398 Y137.582 E.01172
G1 X129.574 Y137.458 E.00708
G1 X129.814 Y137.162 E.01249
G1 X129.977 Y136.814 E.01263
G1 X130.074 Y136.429 E.01303
G1 X130.094 Y136.244 E.00612
G1 X131.057 Y136.244 E.03163
G1 X131.449 Y137.196 E.0338
G1 X131.617 Y137.41 E.00894
G1 X131.11 Y137.41 E.01664
G1 X131.11 Y141.573 E.13669
G1 X134.775 Y141.561 E.12032
G1 X135.215 Y141.491 E.01462
G1 X135.588 Y141.318 E.01351
G1 X135.958 Y140.957 E.01698
G1 X136.115 Y141.156 E.00833
G1 X136.369 Y141.355 E.01057
G1 X136.842 Y141.545 E.01674
G1 X137.259 Y141.588 E.01376
G1 X137.627 Y141.561 E.01213
G1 X137.799 Y142.405 E.02827
G1 X137.409 Y142.197 E.01454
G1 X137.043 Y142.091 E.01249
G1 X136.659 Y142.057 E.01266
G1 X136.293 Y142.089 E.01205
G1 X135.94 Y142.184 E.01202
G1 X135.594 Y142.345 E.01252
G1 X135.283 Y142.581 E.01283
G1 X135.226 Y142.65 E.00294
G1 X135.063 Y142.591 E.00568
G1 X135.068 Y142.118 E.01551
G1 X130.064 Y142.118 E.1643
G1 X130.064 Y142.674 E.01825
G1 X129.71 Y142.356 E.01563
G1 X129.345 Y142.169 E.01347
G1 X128.952 Y142.076 E.01325
G1 X128.639 Y142.057 E.01028
G1 X128.041 Y142.138 E.01982
G1 X127.644 Y142.314 E.01424
G1 X127.321 Y142.574 E.01363
G1 X127.087 Y142.884 E.01276
G1 X126.899 Y143.324 E.01571
G1 X126.819 Y143.805 E.01601
G1 X126.821 Y144.186 E.01251
G1 X126.876 Y144.566 E.01263
G1 X126.996 Y144.925 E.01243
G1 X127.185 Y145.25 E.01232
G1 X127.435 Y145.523 E.01216
G1 X127.727 Y145.733 E.01182
G1 X128.057 Y145.874 E.01178
G1 X128.41 Y145.943 E.0118
G1 X128.788 Y145.942 E.01239
G1 X129.161 Y145.873 E.01248
G1 X129.526 Y145.721 E.01299
G1 X130.064 Y145.282 E.02277
G1 X130.064 Y145.889 E.01994
G1 X131.705 Y145.889 E.0539
G1 X132.076 Y145.954 E.01235
G1 X132.467 Y145.911 E.01291
G1 X132.817 Y145.776 E.01233
G1 X132.867 Y145.737 E.00208
G1 X133.331 Y145.928 E.01646
G1 X133.722 Y145.949 E.01286
G1 X134.03 Y145.905 E.01023
G1 X134.319 Y145.803 E.01005
G1 X134.6 Y145.623 E.01098
G1 X134.91 Y145.235 E.01628
G1 X134.978 Y145.001 E.008
G1 X135.18 Y145.303 E.01192
G1 X135.461 Y145.57 E.01271
G1 X135.792 Y145.767 E.01266
G1 X136.149 Y145.892 E.01244
G1 X136.533 Y145.948 E.01273
G1 X137.033 Y145.92 E.01643
G1 X137.408 Y145.814 E.01281
G1 X137.746 Y145.637 E.0125
G1 X138.249 Y145.22 E.02146
G1 X138.247 Y146.882 E.05457
G1 X141.815 Y146.882 E.11712
G1 X141.815 Y142.118 E.15639
G1 X140.043 Y142.118 E.05818
G1 X139.991 Y141.825 E.00978
G1 X139.821 Y141.532 E.01112
G1 X141.334 Y141.532 E.04967
G1 X141.334 Y139.831 E.05586
G1 X141.246 Y139.831 E.0029
G1 X141.37 Y139.607 E.00841
G1 X141.465 Y139.159 E.01504
G1 X141.451 Y138.717 E.01451
G1 X141.291 Y138.225 E.01698
G1 X141.017 Y137.835 E.01565
G1 X140.588 Y137.513 E.01761
G1 X140.571 Y137.351 E.00535
G1 X139.147 Y137.385 E.04676
G1 X139.136 Y137.502 E.00388
G1 X138.801 Y137.734 E.01338
G1 X138.801 Y137.41 E.01065
G1 X136.943 Y137.41 E.061
G1 X136.943 Y136.636 E.02543
G1 X136.429 Y135.948 E.0282
G1 X136.144 Y135.353 E.02164
G1 X135.998 Y134.832 E.01779
G1 X135.862 Y133.602 E.04062
G1 X160.961 Y133.602 E.82407
G1 X161.152 Y133.634 E.00636
G1 X161.298 Y133.738 E.00592
G1 X161.363 Y133.85 E.00423
G1 X161.398 Y134.02 E.0057
G1 X161.398 Y146.48 E.40912
G1 X161.363 Y146.65 E.0057
G1 X161.312 Y146.739 E.00337
G1 X161.239 Y146.812 E.00336
G1 X160.694 Y147.126 E.02066
G1 X160.904 Y148.026 E.03036
SET_VELOCITY_LIMIT ACCEL=2000
G1 X161.233 Y147.71 F30000
;TYPE:Outer wall
;WIDTH:0.42
G1 F7200
G1 X163.014 Y147.71 E.05416
G1 X163.314 Y147.671 E.0092
G1 X163.606 Y147.549 E.00962
G1 X163.857 Y147.357 E.00962
G1 X164.049 Y147.106 E.00962
G1 X164.171 Y146.814 E.00962
G1 X164.21 Y146.514 E.0092
G1 X164.201 Y106.342 E1.22178
G1 X164.121 Y106.043 E.00941
G1 X164.045 Y105.889 E.00524
G1 X163.857 Y105.643 E.00941
G1 X163.606 Y105.451 E.00962
M73 P64 R7
G1 X163.314 Y105.329 E.00962
G1 X163.014 Y105.29 E.0092
G1 X160.61 Y105.29 E.07311
G1 X160.61 Y103.71 E.04805
G1 X162.993 Y103.71 E.07248
G1 X163.364 Y103.734 E.01131
G1 X163.722 Y103.806 E.0111
G1 X164.068 Y103.923 E.0111
G1 X164.395 Y104.084 E.0111
G1 X164.698 Y104.287 E.0111
G1 X164.973 Y104.527 E.0111
G1 X165.213 Y104.802 E.0111
G1 X165.416 Y105.105 E.0111
G1 X165.577 Y105.432 E.0111
G1 X165.694 Y105.778 E.0111
G1 X165.766 Y106.136 E.0111
G1 X165.79 Y106.507 E.01131
G1 X165.79 Y146.493 E1.21613
G1 X165.766 Y146.864 E.01131
G1 X165.694 Y147.222 E.0111
G1 X165.577 Y147.568 E.0111
G1 X165.416 Y147.895 E.0111
G1 X165.213 Y148.198 E.0111
G1 X164.973 Y148.473 E.0111
G1 X164.698 Y148.713 E.0111
G1 X164.395 Y148.916 E.0111
G1 X164.068 Y149.077 E.0111
G1 X163.722 Y149.195 E.0111
G1 X163.364 Y149.266 E.0111
G1 X162.993 Y149.29 E.01131
G1 X93.007 Y149.29 E2.12854
G1 X92.636 Y149.266 E.01131
G1 X92.278 Y149.195 E.0111
G1 X91.932 Y149.077 E.0111
G1 X91.605 Y148.916 E.0111
G1 X91.302 Y148.713 E.0111
G1 X91.027 Y148.473 E.0111
G1 X90.787 Y148.198 E.0111
G1 X90.584 Y147.895 E.0111
G1 X90.423 Y147.568 E.0111
G1 X90.306 Y147.222 E.0111
G1 X90.234 Y146.864 E.0111
G1 X90.21 Y146.493 E.01131
G1 X90.21 Y106.507 E1.21613
G1 X90.234 Y106.136 E.01131
G1 X90.306 Y105.778 E.0111
G1 X90.423 Y105.432 E.0111
G1 X90.584 Y105.105 E.0111
G1 X90.787 Y104.802 E.0111
G1 X91.027 Y104.527 E.0111
G1 X91.302 Y104.287 E.0111
G1 X91.605 Y104.084 E.0111
G1 X91.932 Y103.923 E.0111
G1 X92.278 Y103.806 E.0111
G1 X92.636 Y103.734 E.0111
G1 X93.007 Y103.71 E.01131
G1 X151.29 Y103.71 E1.7726
G1 X151.29 Y105.29 E.04805
G1 X92.993 Y105.29 E1.77302
G1 X92.837 Y105.3 E.00477
G1 X92.595 Y105.361 E.00759
G1 X92.398 Y105.45 E.00656
G1 X92.263 Y105.54 E.00493
G1 X92.139 Y105.649 E.00503
G1 X91.951 Y105.894 E.00941
G1 X91.829 Y106.186 E.00962
G1 X91.79 Y106.486 E.0092
G1 X91.79 Y146.514 E1.21738
G1 X91.829 Y146.814 E.0092
G1 X91.951 Y147.106 E.00962
G1 X92.143 Y147.357 E.00962
G1 X92.389 Y147.545 E.00941
G1 X92.543 Y147.621 E.00524
G1 X92.841 Y147.701 E.00937
G1 X93.767 Y147.712 E.02817
G1 X93.858 Y147.32 E.01223
G1 X93.514 Y147.122 E.01207
G1 X93.447 Y147.063 E.00272
G1 X93.317 Y146.894 E.00647
G1 X93.239 Y146.704 E.00626
G1 X93.21 Y146.486 E.00668
G1 X93.21 Y134.007 E.37954
G1 X93.259 Y133.733 E.00846
G1 X93.374 Y133.519 E.00737
G1 X93.437 Y133.447 E.00293
G1 X93.606 Y133.317 E.00647
G1 X93.796 Y133.239 E.00626
G1 X94.014 Y133.21 E.00668
G1 X160.986 Y133.21 E2.03688
G1 X161.211 Y133.24 E.00689
G1 X161.302 Y133.271 E.00293
G1 X161.389 Y133.313 E.00293
G1 X161.563 Y133.447 E.00668
G1 X161.622 Y133.514 E.00272
G1 X161.728 Y133.698 E.00647
G1 X161.783 Y133.904 E.00647
G1 X161.79 Y134.007 E.00314
G1 X161.79 Y146.493 E.37975
G1 X161.783 Y146.596 E.00314
G1 X161.728 Y146.802 E.00647
G1 X161.625 Y146.98 E.00626
G1 X161.48 Y147.125 E.00626
G1 X161.142 Y147.32 E.01186
G1 X161.224 Y147.671 E.01096
G1 X160.572 Y147.324 F30000
SET_VELOCITY_LIMIT ACCEL=3000
;TYPE:Internal solid infill
;WIDTH:0.419999
G1 F15000
G1 X159.331 Y148.565 E.05337
G1 X158.798 Y148.565 E.01622
G1 X161.065 Y146.298 E.09749
G1 X161.065 Y145.765 E.01622
G1 X158.265 Y148.565 E.12042
G1 X157.732 Y148.565 E.01622
G1 X161.065 Y145.232 E.14336
G1 X161.065 Y144.698 E.01622
G1 X157.198 Y148.565 E.1663
G1 X156.665 Y148.565 E.01622
G1 X161.065 Y144.165 E.18923
G1 X161.065 Y143.632 E.01622
G1 X156.132 Y148.565 E.21217
G1 X155.598 Y148.565 E.01622
G1 X161.065 Y143.098 E.23511
G1 X161.065 Y142.565 E.01622
G1 X157.888 Y145.742 E.13663
G1 X157.771 Y145.624 E.00505
G1 X157.815 Y145.583 E.00185
G1 X158.081 Y145.188 E.01448
G1 X158.187 Y144.91 E.00906
G1 X161.065 Y142.032 E.12377
G1 X161.065 Y141.499 E.01622
G1 X158.136 Y144.428 E.12598
G1 X158.367 Y143.663 F30000
G1 F15000
G1 X161.065 Y140.965 E.11603
G1 X161.065 Y140.432 E.01622
G1 X158.381 Y143.116 E.11542
G1 X158.39 Y142.89 E.00686
G1 X158.161 Y142.89 E.00697
G1 X158.131 Y142.832 E.00198
G1 X161.065 Y139.899 E.12617
G1 X161.065 Y139.366 E.01622
G1 X157.935 Y142.495 E.13461
G1 X157.677 Y142.22 E.01147
G1 X161.065 Y138.832 E.1457
G1 X161.065 Y138.299 E.01622
G1 X157.36 Y142.004 E.15935
G1 X157.235 Y141.926 E.00448
G1 X156.993 Y141.838 E.00784
G1 X161.065 Y137.766 E.17514
G1 X161.065 Y137.233 E.01622
G1 X156.551 Y141.746 E.19414
G1 X156.439 Y141.728 E.00345
G1 X156.03 Y141.734 E.01245
G1 X161.065 Y136.699 E.21656
G1 X161.065 Y136.166 E.01622
G1 X155.306 Y141.925 E.24769
G1 X155.171 Y141.984 E.00448
G1 X154.811 Y141.886 E.01135
G1 X161.065 Y135.633 E.26897
G1 X161.065 Y135.099 E.01622
G1 X154.392 Y141.772 E.287
G1 X154.292 Y141.745 E.00316
G1 X153.899 Y141.732 E.01194
G1 X161.065 Y134.566 E.30819
G1 X161.061 Y134.036 E.01611
G1 X153.238 Y141.86 E.33648
G1 X153.133 Y141.892 E.00334
G1 X153.133 Y141.785 E.00325
G1 X152.779 Y141.785 E.01077
G1 X160.629 Y133.935 E.33763
G1 X160.096 Y133.935 E.01622
G1 X152.246 Y141.785 E.33763
G1 X151.713 Y141.785 E.01622
G1 X159.562 Y133.935 E.33763
G1 X159.029 Y133.935 E.01622
G1 X151.179 Y141.785 E.33763
G1 X150.646 Y141.785 E.01622
G1 X158.496 Y133.935 E.33763
G1 X157.963 Y133.935 E.01622
G1 X150.113 Y141.785 E.33763
G1 X149.579 Y141.785 E.01622
G1 X157.429 Y133.935 E.33763
G1 X156.896 Y133.935 E.01622
G1 X149.046 Y141.785 E.33763
G1 X148.513 Y141.785 E.01622
G1 X156.363 Y133.935 E.33763
G1 X155.83 Y133.935 E.01622
G1 X148.384 Y141.38 E.32022
G1 X148.248 Y141.38 E.00416
G1 X148.248 Y140.984 E.01206
G1 X155.296 Y133.935 E.30317
G1 X154.763 Y133.935 E.01622
G1 X148.248 Y140.451 E.28024
G1 X148.248 Y139.917 E.01622
G1 X154.23 Y133.935 E.2573
G1 X153.696 Y133.935 E.01622
G1 X148.362 Y139.269 E.22943
G1 X148.38 Y139.188 E.00253
G1 X148.365 Y138.734 E.01383
G1 X153.163 Y133.935 E.20638
G1 X152.63 Y133.935 E.01622
G1 X148.251 Y138.315 E.18836
G1 X148.173 Y138.075 E.00768
G1 X148.084 Y137.948 E.0047
G1 X152.097 Y133.935 E.1726
G1 X151.563 Y133.935 E.01622
G1 X147.864 Y137.635 E.15912
G1 X147.569 Y137.397 E.01153
G1 X151.03 Y133.935 E.14888
G1 X150.497 Y133.935 E.01622
G1 X147.421 Y137.011 E.1323
G1 X146.875 Y137.024 E.01662
G1 X149.964 Y133.935 E.13286
G1 X149.43 Y133.935 E.01622
G1 X146.328 Y137.037 E.13342
G1 X145.782 Y137.05 E.01662
G1 X148.897 Y133.935 E.13398
G1 X148.364 Y133.935 E.01622
G1 X145.222 Y137.077 E.13512
G1 X144.689 Y137.077 E.01622
G1 X147.83 Y133.935 E.13512
G1 X147.297 Y133.935 E.01622
G1 X144.156 Y137.077 E.13512
G1 X143.622 Y137.077 E.01622
G1 X146.764 Y133.935 E.13512
G1 X146.231 Y133.935 E.01622
G1 X143.089 Y137.077 E.13512
G1 X142.556 Y137.077 E.01622
G1 X145.697 Y133.935 E.13512
G1 X145.164 Y133.935 E.01622
G1 X141.853 Y137.247 E.14242
G1 E-.728 F1800
;WIPE_START
G1 F30000
G1 X142.701 Y136.398 E-.072
;WIPE_END
G1 X140.971 Y137.596 Z1.6
G1 Z1.2
G1 E.8 F1800
G1 F15000
G1 X144.631 Y133.935 E.15743
G1 X144.098 Y133.935 E.01622
G1 X140.884 Y137.149 E.13821
G1 X140.869 Y137.01 E.00423
G1 X140.48 Y137.02 E.01185
G1 X143.564 Y133.935 E.13267
G1 X143.031 Y133.935 E.01622
G1 X139.934 Y137.033 E.13323
G1 X139.387 Y137.046 E.01662
G1 X142.498 Y133.935 E.13379
G1 X141.964 Y133.935 E.01622
G1 X138.823 Y137.077 E.13512
G1 X138.29 Y137.077 E.01622
G1 X141.431 Y133.935 E.13512
G1 X140.898 Y133.935 E.01622
G1 X137.587 Y137.247 E.14242
G1 E-.728 F1800
;WIPE_START
G1 F30000
G1 X138.435 Y136.398 E-.072
;WIPE_END
G1 X140.494 Y133.806 Z1.6
G1 Z1.2
G1 E.8 F1800
;TYPE:Gap infill
;WIDTH:0.419925
G1 F15000
G1 X137.326 Y136.986 E.1365
;WIDTH:0.383778
G1 X137.307 Y137.046 E.00172
;WIDTH:0.343622
G1 X137.34 Y137.078 E.00111
;WIDTH:0.301105
G1 X137.372 Y137.11 E.00095
;WIDTH:0.258587
G1 X137.405 Y137.142 E.0008
;WIDTH:0.216069
G1 X137.438 Y137.174 E.00064
;WIDTH:0.19481
G1 X137.47 Y137.207 E.00056
G1 E-.79725 F1800
;WIPE_START
G1 F30000
G1 X137.438 Y137.174 E-.00275
;WIPE_END
G1 X144.454 Y140.179 Z1.6
G1 X157.755 Y145.875 Z1.6
G1 Z1.2
G1 E.8 F1800
;WIDTH:0.420617
G1 F15000
G1 X155.243 Y148.387 E.10822
G1 X155.171 Y148.486 E.00373
;WIDTH:0.438284
G1 X155.227 Y148.538 E.00244
;WIDTH:0.397216
G1 X155.283 Y148.59 E.00219
;WIDTH:0.356148
G1 X155.34 Y148.642 E.00194
;WIDTH:0.335614
G1 X155.396 Y148.694 E.00181
G1 E-.7954 F1800
;WIPE_START
G1 F30000
G1 X155.34 Y148.642 E-.0046
;WIPE_END
G1 X153.706 Y146.524 Z1.6
G1 Z1.2
G1 E.8 F1800
M73 P65 R7
SET_VELOCITY_LIMIT ACCEL=1500
;TYPE:Top surface
;WIDTH:0.425364
G1 F12000
G1 X154.331 Y145.9 E.02969
G1 E-.74702 F1800
;WIPE_START
G1 F30000
G1 X153.706 Y146.524 E-.05298
;WIPE_END
G1 X156.738 Y145.656 Z1.6
G1 Z1.2
G1 E.8 F1800
G1 F12000
G1 X157.282 Y145.112 E.02587
G1 X157.45 Y144.862 E.01013
G1 X157.568 Y144.552 E.01112
G1 X157.628 Y144.225 E.01118
G1 X156.283 Y145.57 E.06394
G1 X156.052 Y145.57 E.00777
G1 X155.792 Y145.52 E.00889
G1 X157.654 Y143.658 E.08851
G1 X157.657 Y143.584 E.00251
G1 X157.718 Y143.573 E.00211
G1 X157.542 Y143.229 E.013
G1 X155.429 Y145.343 E.10049
G1 X155.29 Y145.243 E.00575
G1 X155.145 Y145.085 E.00719
G1 X156.094 Y144.136 E.04511
G1 X156.42 Y143.81 F30000
G1 F12000
G1 X157.339 Y142.891 E.04369
G1 X157.186 Y142.728 E.00751
G1 X157.048 Y142.641 E.00549
G1 X153.488 Y146.201 E.16926
G1 X153.146 Y146.002 E.0133
G1 X156.669 Y142.48 E.16748
G1 X156.388 Y142.435 E.00957
G1 X156.17 Y142.438 E.00733
G1 X152.68 Y145.927 E.16592
G1 X152.597 Y146.01 F30000
G1 F12000
G1 X152.099 Y146.509 E.02371
G1 X151.558 Y146.509 E.01819
G1 X155.378 Y142.689 E.18165
G1 X154.63 Y143.29 E.03225
G1 X154.679 Y142.847 E.01497
G1 X151.319 Y146.207 E.15974
G1 X151.319 Y145.666 E.01819
G1 X154.462 Y142.523 E.14945
G1 X154.186 Y142.447 E.00965
G1 X154.003 Y142.441 E.00614
G1 X151.319 Y145.125 E.12761
G1 X151.319 Y144.678 E.01502
G1 X151.239 Y144.665 E.00275
G1 X152.549 Y143.355 E.06229
G1 X152.428 Y143.345 E.00409
G1 X152.428 Y142.935 E.01378
G1 X149.63 Y145.733 E.13305
G1 X149.221 Y146.142 F30000
G1 F12000
G1 X148.854 Y146.509 E.01748
G1 X148.313 Y146.509 E.01819
G1 X152.331 Y142.491 E.19106
G1 X151.79 Y142.491 E.01819
G1 X147.943 Y146.338 E.18291
G1 X147.943 Y145.797 E.01818
G1 X151.249 Y142.491 E.15719
G1 X150.708 Y142.491 E.01819
G1 X147.682 Y145.517 E.14389
G1 X147.141 Y145.517 E.01819
G1 X150.167 Y142.491 E.14389
G1 X149.627 Y142.491 E.01818
G1 X146.641 Y145.477 E.14197
G1 X146.593 Y145.312 E.00577
G1 X146.259 Y145.318 E.01123
G1 X147.359 Y144.218 E.05231
G1 X147.228 Y143.808 E.01446
G1 X145.519 Y145.517 E.08125
G1 X145.049 Y145.517 E.01578
G1 X145.035 Y145.46 E.00197
G1 X147.096 Y143.399 E.09802
G1 X146.965 Y142.989 E.01446
G1 X146.473 Y143.481 E.02338
G1 X146.451 Y143.408 E.00257
G1 X146.164 Y143.413 E.00968
G1 X146.035 Y143.919 E.01757
G1 X144.649 Y145.305 E.0659
G1 X144.491 Y145.303 E.0053
G1 X144.43 Y145.517 E.00747
G1 X143.896 Y145.517 E.01796
G1 X146.833 Y142.58 E.13965
G1 X146.805 Y142.491 E.00314
G1 X146.381 Y142.491 E.01423
G1 X143.355 Y145.517 E.14389
G1 X143.317 Y145.517 E.0013
G1 X143.549 Y144.782 E.02591
G1 X144.498 Y143.833 E.04512
G1 X144.62 Y143.409 E.01485
G1 X144.91 Y143.422 E.00977
G1 X146.01 Y142.321 E.05233
G1 X145.406 Y142.384 F30000
G1 F12000
G1 X143.8 Y143.991 E.07639
G1 X144.05 Y143.2 E.0279
G1 X144.928 Y142.321 E.04178
G1 E-.728 F1800
;WIPE_START
G1 F30000
G1 X144.08 Y143.17 E-.072
;WIPE_END
G1 X147.774 Y143.803 Z1.6
G1 Z1.2
G1 E.8 F1800
G1 F12000
G1 X149.086 Y142.491 E.06239
G1 X148.545 Y142.491 E.01818
G1 X147.943 Y143.093 E.02861
G1 X147.943 Y142.552 E.01819
G1 X148.174 Y142.321 E.01096
G1 E-.728 F1800
;WIPE_START
G1 F30000
G1 X147.943 Y142.552 E-.01955
G1 X147.943 Y143.093 E-.03245
G1 X148.179 Y142.857 E-.02
;WIPE_END
G1 X153.7 Y142.292 Z1.6
G1 Z1.2
G1 E.8 F1800
SET_VELOCITY_LIMIT ACCEL=3000
;TYPE:Gap infill
;WIDTH:0.356426
G1 F15000
G1 X153.208 Y142.731 E.01667
;WIDTH:0.353137
G1 X153.054 Y142.951 E.00672
;WIDTH:0.330867
G1 X152.9 Y143.171 E.00624
G1 E-.78388 F1800
;WIPE_START
G1 F30000
G1 X153.054 Y142.951 E-.01612
;WIPE_END
G1 X150.836 Y144.907 Z1.6
G1 Z1.2
G1 E.8 F1800
;WIDTH:0.249261
G1 F15000
G1 X150.407 Y145.388 E.01073
;WIDTH:0.252233
G1 X150.295 Y145.468 E.00233
;WIDTH:0.211911
G1 X150.182 Y145.548 E.00188
;WIDTH:0.171589
G1 X150.07 Y145.629 E.00143
;WIDTH:0.151428
G1 X149.957 Y145.709 E.00121
G1 E-.79172 F1800
;WIPE_START
G1 F30000
G1 X150.07 Y145.629 E-.00828
;WIPE_END
G1 X150.936 Y145.272 Z1.6
G1 Z1.2
G1 E.8 F1800
;WIDTH:0.378564
G1 F15000
G1 X150.969 Y145.076 E.00539
;WIDTH:0.339177
G1 X151.006 Y144.848 E.00551
;WIDTH:0.28386
G1 X151.025 Y144.489 E.00698
G1 X151.028 Y142.315 E.04226
G1 E-.728 F1800
;WIPE_START
G1 F30000
G1 X151.027 Y143.515 E-.072
;WIPE_END
G1 X149.34 Y142.315 Z1.6
G1 Z1.2
G1 E.8 F1800
;WIDTH:0.265451
G1 F15000
G1 X149.346 Y144.157 E.03307
;WIDTH:0.252104
G1 X149.353 Y144.439 E.00476
G1 E-.78306 F1800
;WIPE_START
G1 F30000
G1 X149.346 Y144.157 E-.01694
;WIPE_END
G1 X147.745 Y144.774 Z1.6
G1 Z1.2
G1 E.8 F1800
;WIDTH:0.116398
G1 F15000
G1 X147.718 Y144.599 E.00105
;WIDTH:0.162553
G1 X147.69 Y144.423 E.00172
;WIDTH:0.208709
G1 X147.663 Y144.247 E.00238
;WIDTH:0.254865
G1 X147.635 Y144.072 E.00304
;WIDTH:0.30102
G1 X147.608 Y143.896 E.0037
;WIDTH:0.347176
G1 X147.58 Y143.72 E.00436
;WIDTH:0.393331
G1 X147.553 Y143.545 E.00503
;WIDTH:0.439487
G1 X147.525 Y143.369 E.00569
;WIDTH:0.462565
G1 X147.498 Y143.193 E.00602
G1 E-.78933 F1800
;WIPE_START
G1 F30000
G1 X147.525 Y143.369 E-.01067
;WIPE_END
G1 X147.346 Y142.223 Z1.6
G1 Z1.2
G1 E.8 F1800
;WIDTH:0.13765
G1 F15000
G1 X147.322 Y142.069 E.00119
;WIDTH:0.159815
G1 X147.298 Y141.915 E.00147
;WIDTH:0.197869
G1 X147.296 Y141.866 E.00061
;WIDTH:0.235998
G1 X147.296 Y141.84 E.00041
;WIDTH:0.223345
G1 X147.367 Y141.825 E.00106
G1 X148.118 Y141.825 E.01092
G1 X147.675 Y141.915 F30000
;WIDTH:0.224675
G1 F15000
G1 X147.225 Y141.825 E.00673
G1 X145.162 Y141.825 E.03024
;WIDTH:0.242611
G1 X144.992 Y141.755 E.00295
;WIDTH:0.283649
G1 X144.823 Y141.685 E.00356
;WIDTH:0.304168
G1 X144.653 Y141.615 E.00386
G1 X144.735 Y141.755 F30000
;WIDTH:0.341424
G1 F15000
G1 X144.612 Y141.776 E.00301
;WIDTH:0.300237
G1 X144.488 Y141.797 E.0026
;WIDTH:0.25905
G1 X144.365 Y141.817 E.00218
;WIDTH:0.214776
G1 X144.221 Y141.84 E.00201
;WIDTH:0.19328
G1 X143.872 Y141.852 E.00424
G1 E-.77903 F1800
;WIPE_START
G1 F30000
G1 X144.221 Y141.84 E-.02097
;WIPE_END
G1 X144.735 Y141.755 Z1.6
G1 Z1.2
G1 E.8 F1800
;WIDTH:0.382611
G1 F15000
G1 X144.858 Y141.735 E.00343
;WIDTH:0.421566
G1 X144.928 Y141.716 E.00219
;WIDTH:0.44707
G1 X145.143 Y141.638 E.00747
G1 X144.98 Y140.864 F30000
;WIDTH:0.134145
G1 F15000
G1 X145.058 Y140.77 E.0009
;WIDTH:0.154557
G1 X145.136 Y140.677 E.0011
;WIDTH:0.195381
G1 X145.214 Y140.583 E.0015
;WIDTH:0.225183
G1 X145.24 Y140.541 E.00072
G1 X145.235 Y140.397 E.00212
;WIDTH:0.180391
G1 X145.229 Y140.253 E.0016
;WIDTH:0.137143
G1 X145.224 Y140.109 E.0011
;WIDTH:0.120571
G1 X145.148 Y139.702 E.00259
G1 X145.093 Y139.529 E.00114
;WIDTH:0.181244
G1 X145.039 Y139.365 E.00193
;WIDTH:0.20586
G1 X144.939 Y139.098 E.00375
G1 E-.78287 F1800
;WIPE_START
G1 F30000
G1 X145.039 Y139.365 E-.01713
;WIPE_END
G1 X146.928 Y141.329 Z1.6
G1 Z1.2
G1 E.8 F1800
SET_VELOCITY_LIMIT ACCEL=1500
;TYPE:Top surface
;WIDTH:0.4302
G1 F12000
G1 X147.542 Y140.715 E.02958
G1 X147.542 Y140.203 E.01742
G1 X147.506 Y140.203 E.00122
G1 X146.55 Y141.16 E.04605
G1 X146.002 Y141.16 E.01865
G1 X147.486 Y139.675 E.07148
G1 X147.597 Y139.475 E.0078
G1 X147.671 Y139.125 E.01217
G1 X147.666 Y138.948 E.00604
G1 X145.61 Y141.004 E.099
G1 X145.523 Y140.544 E.01596
G1 X146.143 Y139.924 E.02985
G1 X146.177 Y139.889 F30000
G1 F12000
G1 X147.568 Y138.498 E.06697
G1 X147.534 Y138.393 E.00375
G1 X147.366 Y138.153 E.00999
G1 X144.439 Y141.079 E.14089
G1 X144.1 Y141.196 E.01221
G1 X143.765 Y141.206 E.01141
G1 X147.068 Y137.903 E.15902
G1 X146.995 Y137.849 E.00308
G1 X146.825 Y137.802 E.00603
G1 X146.817 Y137.732 E.0024
G1 X146.689 Y137.735 E.00438
G1 X143.321 Y141.103 E.16217
G1 X143.137 Y141.029 E.00674
G1 X142.974 Y140.901 E.00704
G1 X146.128 Y137.748 E.15184
G1 X146.066 Y137.749 E.00208
G1 X146.063 Y137.787 E.00129
G1 X145.889 Y137.836 E.00614
G1 X145.009 Y138.445 E.03646
G1 X145.009 Y138.319 E.0043
G1 X142.76 Y140.568 E.10828
G1 X142.6 Y140.18 E.01429
G1 X143.066 Y139.714 E.02245
G1 X143.299 Y139.481 F30000
G1 F12000
G1 X144.998 Y137.783 E.08178
G1 X144.45 Y137.783 E.01865
G1 X143.895 Y138.337 E.0267
G1 X144.034 Y138.337 E.00472
G1 X143.77 Y138.985 E.02381
G1 X143.544 Y138.688 E.01269
G1 X143.15 Y139.083 E.019
G1 X142.888 Y138.797 E.0132
G1 X143.902 Y137.783 E.04884
G1 X143.354 Y137.783 E.01865
G1 X142.694 Y138.443 E.0318
G1 X142.536 Y138.053 E.01432
G1 X142.976 Y137.613 E.0212
G1 E-.728 F1800
;WIPE_START
G1 F30000
G1 X142.536 Y138.053 E-.03736
G1 X142.694 Y138.443 E-.02524
G1 X142.805 Y138.332 E-.0094
;WIPE_END
G1 X141.465 Y137.654 Z1.6
G1 Z1.2
G1 E.8 F1800
SET_VELOCITY_LIMIT ACCEL=3000
;TYPE:Gap infill
;WIDTH:0.504154
G1 F14081.473
G1 X141.683 Y138.065 E.01731
G1 X141.933 Y138.751 E.02715
G1 X141.661 Y139.361 F30000
;WIDTH:0.281795
G1 F15000
G1 X141.665 Y139.757 E.00763
;WIDTH:0.321798
G1 X141.699 Y139.927 E.00391
;WIDTH:0.367791
G1 X141.733 Y140.098 E.00455
;WIDTH:0.413784
G1 X141.766 Y140.268 E.00519
;WIDTH:0.459778
G1 X141.8 Y140.438 E.00584
G1 E-.78958 F1800
;WIPE_START
G1 F30000
G1 X141.766 Y140.268 E-.01042
;WIPE_END
G1 X141.537 Y141.825 Z1.6
G1 Z1.2
G1 E.8 F1800
;WIDTH:0.222092
G1 F15000
G1 X140.198 Y141.825 E.01936
G1 X139.887 Y142.315 F30000
;WIDTH:0.241783
G1 F15000
G1 X139.995 Y142.414 E.00236
;WIDTH:0.257544
G1 X140.011 Y142.43 E.00039
;WIDTH:0.289067
G1 X140.027 Y142.445 E.00044
;WIDTH:0.300368
G1 X140.031 Y146.685 E.08804
G1 E-.728 F1800
;WIPE_START
G1 F30000
G1 X140.03 Y145.485 E-.072
;WIPE_END
G1 X140.842 Y146.679 Z1.6
G1 Z1.2
G1 E.8 F1800
SET_VELOCITY_LIMIT ACCEL=1500
;TYPE:Top surface
;WIDTH:0.423725
G1 F12000
G1 X141.442 Y146.078 E.02843
G1 X141.442 Y145.54 E.01803
G1 X140.473 Y146.509 E.04589
G1 X139.934 Y146.509 E.01803
G1 X141.442 Y145.001 E.07139
G1 X141.442 Y144.463 E.01803
G1 X139.396 Y146.509 E.09689
G1 X138.857 Y146.509 E.01803
G1 X141.442 Y143.924 E.12239
G1 X141.442 Y143.386 E.01803
G1 X138.62 Y146.207 E.13361
G1 X138.62 Y145.669 E.01803
G1 X141.442 Y142.847 E.13361
G1 X141.442 Y142.491 E.01192
G1 X141.26 Y142.491 E.00611
G1 X138.619 Y145.132 E.12503
G1 X138.617 Y144.726 E.01359
G1 X138.511 Y144.701 E.00364
G1 X140.721 Y142.491 E.10462
G1 X140.183 Y142.491 E.01803
G1 X137.183 Y145.491 E.14202
G1 X136.971 Y145.55 E.00737
G1 X136.562 Y145.573 E.01373
G1 X139.717 Y142.418 E.1494
G1 X139.636 Y141.96 E.01557
G1 X136.112 Y145.484 E.16686
G1 X135.95 Y145.428 E.00575
G1 X135.75 Y145.308 E.00781
G1 X136.498 Y144.56 E.03545
G1 X136.546 Y144.596 E.002
G1 X136.779 Y144.572 E.00785
G1 X136.916 Y144.49 E.00534
G1 X137.025 Y144.334 E.00639
G1 X137.078 Y144.09 E.00836
G1 X137.068 Y143.989 E.00337
G1 X137.951 Y143.107 E.04177
G1 X137.77 Y142.883 E.00963
G1 X137.697 Y142.822 E.00318
G1 X136.83 Y143.689 E.04105
G1 X136.408 Y144.111 F30000
G1 F12000
G1 X135.463 Y145.057 E.04476
G1 X135.295 Y144.806 E.0101
G1 X135.259 Y144.721 E.00307
G1 X137.378 Y142.602 E.10032
G1 X137.268 Y142.544 E.00419
G1 X136.981 Y142.461 E.00998
G1 X134.97 Y144.472 E.09523
G1 X134.9 Y144.542 F30000
G1 F12000
G1 X133.894 Y145.548 E.04765
G1 X133.706 Y145.575 E.00636
G1 X133.414 Y145.559 E.00978
G1 X133.365 Y145.539 E.00178
G1 X136.455 Y142.449 E.14631
G1 X136.358 Y142.457 E.00325
G1 X136.068 Y142.535 E.01007
G1 X135.787 Y142.666 E.01036
G1 X135.543 Y142.851 E.01028
G1 X135.351 Y143.085 E.01014
G1 X135.185 Y143.392 E.01166
G1 X135.017 Y143.348 E.00581
G1 X132.983 Y145.382 E.09629
G1 X132.81 Y145.311 E.00628
G1 X132.632 Y145.448 E.00751
G1 X132.378 Y145.546 E.00913
G1 X132.269 Y145.558 E.00367
G1 X134.686 Y143.141 E.11445
G1 X134.691 Y142.597 E.01819
G1 X131.766 Y145.522 E.13847
G1 X131.233 Y145.517 E.01786
G1 X134.259 Y142.491 E.14327
G1 X133.72 Y142.491 E.01803
G1 X131.284 Y144.927 E.11536
G1 X131.262 Y144.949 F30000
G1 F12000
G1 X130.694 Y145.517 E.0269
G1 X130.436 Y145.517 E.00864
G1 X130.436 Y145.236 E.00939
G1 X133.182 Y142.491 E.12999
G1 X132.643 Y142.491 E.01803
G1 X130.343 Y144.791 E.10889
G1 X129.968 Y144.677 E.01312
G1 X129.667 Y145.125 E.01808
G1 X129.333 Y145.398 E.01445
G1 X129.1 Y145.495 E.00844
G1 X132.105 Y142.491 E.14224
G1 X131.566 Y142.491 E.01803
M73 P65 R6
G1 X128.487 Y145.57 E.14579
G1 X128.167 Y145.516 E.01084
M73 P66 R6
G1 X128.052 Y145.467 E.00421
G1 X131.027 Y142.491 E.14089
G1 X130.489 Y142.491 E.01803
G1 X130.266 Y142.713 E.01053
G1 X130.002 Y142.978 F30000
G1 F12000
G1 X127.715 Y145.265 E.10831
G1 X127.46 Y144.982 E.01277
G1 X128.471 Y143.97 E.0479
G1 X128.761 Y143.681 F30000
G1 F12000
G1 X129.644 Y142.797 E.04181
G1 X129.497 Y142.665 E.00662
G1 X129.325 Y142.577 E.00644
G1 X127.286 Y144.617 E.09657
G1 X127.24 Y144.48 E.00484
G1 X127.195 Y144.17 E.01049
G1 X128.914 Y142.45 E.08143
G1 X128.653 Y142.431 E.00876
G1 X128.354 Y142.472 E.01012
G1 X127.025 Y143.801 E.06291
G1 E-.728 F1800
;WIPE_START
G1 F30000
G1 X127.874 Y142.952 E-.072
;WIPE_END
G1 X135.503 Y142.729 Z1.6
G1 X138.414 Y142.644 Z1.6
G1 Z1.2
G1 E.8 F1800
G1 F12000
G1 X139.403 Y141.655 E.04682
G1 X139.118 Y141.401 E.01277
G1 X138.169 Y142.351 E.04495
G1 X138.077 Y141.904 E.01528
G1 X138.534 Y141.447 E.02163
G1 X138.149 Y141.523 E.01315
G1 X138.074 Y141.369 E.00576
G1 X137.842 Y141.6 E.01097
G1 E-.728 F1800
;WIPE_START
G1 F30000
G1 X138.074 Y141.369 E-.01965
G1 X138.149 Y141.523 E-.01032
G1 X138.534 Y141.447 E-.02358
G1 X138.317 Y141.664 E-.01845
;WIPE_END
G1 X140.267 Y141.329 Z1.6
G1 Z1.2
G1 E.8 F1800
G1 F12000
G1 X140.961 Y140.635 E.03287
G1 X140.961 Y140.203 E.01445
G1 X140.855 Y140.203 E.00358
G1 X139.898 Y141.16 E.04528
G1 X139.36 Y141.16 E.01803
G1 X140.983 Y139.537 E.07684
G1 X141.017 Y139.475 E.00236
G1 X141.091 Y139.125 E.01196
G1 X141.084 Y138.897 E.00764
G1 X139.021 Y140.96 E.09766
G1 X138.935 Y140.507 E.01543
G1 X139.556 Y139.887 E.02937
G1 X139.564 Y139.879 F30000
G1 F12000
G1 X140.977 Y138.465 E.06692
G1 X140.954 Y138.393 E.00253
G1 X140.771 Y138.133 E.01065
G1 X137.807 Y141.097 E.14034
G1 X137.52 Y141.196 E.01016
G1 X137.264 Y141.214 E.00857
G1 X137.162 Y141.203 E.00345
G1 X140.473 Y137.892 E.15676
G1 X140.415 Y137.849 E.00243
G1 X140.244 Y137.802 E.00593
G1 X140.237 Y137.732 E.00236
G1 X140.092 Y137.735 E.00485
G1 X136.729 Y141.098 E.15922
G1 X136.557 Y141.029 E.00622
G1 X136.39 Y140.898 E.00708
G1 X139.54 Y137.748 E.14915
G1 X139.486 Y137.749 E.00181
G1 X139.482 Y137.787 E.00127
G1 X139.309 Y137.836 E.00604
G1 X138.428 Y138.445 E.03585
G1 X138.428 Y138.321 E.00415
G1 X136.05 Y140.7 E.1126
G1 E-.728 F1800
;WIPE_START
G1 F30000
G1 X136.899 Y139.851 E-.072
;WIPE_END
G1 X136.499 Y139.712 Z1.6
G1 Z1.2
G1 E.8 F1800
G1 F12000
G1 X135.075 Y141.136 E.06742
G1 X134.744 Y141.189 E.01121
G1 X134.482 Y141.191 E.00879
G1 X135.774 Y139.899 E.06118
G1 X135.651 Y139.602 E.01076
G1 X135.598 Y139.536 E.00283
G1 X133.768 Y141.366 E.08662
G1 E-.728 F1800
;WIPE_START
G1 F30000
G1 X134.617 Y140.517 E-.072
;WIPE_END
G1 X136.724 Y139.487 Z1.6
G1 Z1.2
G1 E.8 F1800
G1 F12000
G1 X138.428 Y137.783 E.08068
G1 X137.89 Y137.783 E.01802
G1 X137.335 Y138.337 E.02626
G1 X137.453 Y138.337 E.00395
G1 X137.19 Y138.985 E.02341
G1 X136.973 Y138.7 E.01199
G1 X136.579 Y139.093 E.01862
G1 X136.319 Y138.815 E.01276
G1 X137.351 Y137.783 E.04888
G1 X136.813 Y137.783 E.01803
G1 X136.106 Y138.489 E.03347
G1 X135.928 Y138.217 E.01088
G1 X135.305 Y139.18 E.03838
G1 X135.355 Y139.241 E.00264
G1 X133.397 Y141.199 E.0927
G1 X132.856 Y141.201 E.01809
G1 X136.57 Y137.487 E.17585
G1 X136.57 Y136.948 E.01803
G1 X132.318 Y141.201 E.20134
G1 X131.779 Y141.201 E.01803
G1 X136.542 Y136.438 E.2255
G1 E-.728 F1800
;WIPE_START
G1 F30000
G1 X135.693 Y137.286 E-.072
;WIPE_END
G1 X135.727 Y136.715 Z1.6
G1 Z1.2
G1 E.8 F1800
G1 F12000
G1 X136.312 Y136.13 E.0277
G1 E-.75036 F1800
;WIPE_START
G1 F30000
G1 X135.727 Y136.715 E-.04964
;WIPE_END
G1 X135.71 Y136.731 Z1.6
G1 Z1.2
G1 E.8 F1800
G1 F12000
G1 X134.816 Y137.625 E.04233
G1 E-.728 F1800
;WIPE_START
G1 F30000
G1 X135.665 Y136.777 E-.072
;WIPE_END
G1 X134.112 Y138.329 Z1.6
G1 Z1.2
G1 E.8 F1800
G1 F12000
G1 X131.483 Y140.959 E.12451
G1 X131.483 Y140.42 E.01803
G1 X133.943 Y137.96 E.11648
G1 X133.943 Y137.455 E.01689
G1 X134.447 Y137.455 E.01689
G1 X135.996 Y135.907 E.07333
G1 X135.822 Y135.542 E.01352
G1 X131.483 Y139.882 E.20545
G1 X131.483 Y139.343 E.01803
G1 X134.323 Y136.503 E.13446
G1 X133.983 Y136.503 E.01137
G1 X133.951 Y136.336 E.0057
G1 X131.483 Y138.805 E.11688
G1 X131.483 Y138.266 E.01803
G1 X133.832 Y135.917 E.11121
G1 X133.769 Y135.785 E.0049
G1 X133.626 Y135.584 E.00825
G1 X131.855 Y137.355 E.08383
G1 E-.728 F1800
;WIPE_START
G1 F30000
G1 X132.704 Y136.506 E-.072
;WIPE_END
G1 X134.837 Y135.988 Z1.6
G1 Z1.2
G1 E.8 F1800
G1 F12000
G1 X135.695 Y135.131 E.0406
G1 X135.631 Y134.903 E.00792
G1 X135.606 Y134.681 E.00748
G1 X134.813 Y135.474 E.03754
G1 X134.692 Y135.056 E.01456
G1 X135.553 Y134.196 E.04073
G1 X135.54 Y134.078 E.00397
G1 X135.132 Y134.078 E.01365
G1 X134.468 Y134.742 E.03142
G1 E-.728 F1800
;WIPE_START
G1 F30000
G1 X135.132 Y134.078 E-.05631
G1 X135.393 Y134.078 E-.01569
;WIPE_END
G1 X134.763 Y133.908 Z1.6
G1 Z1.2
G1 E.8 F1800
G1 F12000
G1 X134.382 Y134.289 E.01803
G1 X133.964 Y134.313 E.01404
G1 X133.964 Y134.708 E.01323
G1 X131.742 Y136.93 E.10518
G1 X131.585 Y136.548 E.01381
G1 X131.946 Y136.187 E.01708
G1 X131.561 Y136.226 E.01293
G1 X131.561 Y136.033 E.00645
G1 X131.428 Y136.166 E.00631
G1 X131.307 Y135.871 E.01067
G1 X131.184 Y135.871 E.0041
G1 X131.561 Y135.495 E.01784
G1 X131.561 Y134.956 E.01803
G1 X130.476 Y136.041 E.05137
G1 E-.728 F1800
;WIPE_START
G1 F30000
G1 X131.325 Y135.193 E-.072
;WIPE_END
G1 X132.296 Y135.837 Z1.6
G1 Z1.2
G1 E.8 F1800
G1 F12000
G1 X134.055 Y134.078 E.08325
G1 X133.516 Y134.078 E.01803
G1 X132.962 Y134.633 E.02626
G1 X132.989 Y134.633 E.00091
G1 X132.725 Y135.28 E.02341
G1 X132.547 Y135.047 E.00981
G1 X132.147 Y135.447 E.01895
G1 X131.878 Y135.178 E.01275
G1 X132.978 Y134.078 E.05209
G1 X132.439 Y134.078 E.01803
G1 X131.585 Y134.933 E.04046
G1 X131.421 Y134.557 F30000
G1 F12000
G1 X132.07 Y133.908 E.03073
G1 E-.74493 F1800
;WIPE_START
G1 F30000
G1 X131.421 Y134.557 E-.05507
;WIPE_END
G1 X129.802 Y140.485 Z1.6
G1 Z1.2
G1 E.8 F1800
G1 F12000
G1 X129.374 Y140.913 E.02027
G1 X128.983 Y141.199 E.01622
G1 X128.549 Y141.199 E.01452
G1 X129.649 Y140.1 E.05204
G1 X129.646 Y140.041 E.00197
G1 X129.582 Y139.85 E.00673
G1 X129.493 Y139.717 E.00537
G1 X128.086 Y141.124 E.0666
G1 X127.908 Y141.065 E.00627
G1 X127.751 Y140.921 E.00716
G1 X128.917 Y139.754 E.05523
G1 X128.686 Y139.592 E.00943
G1 X129.28 Y139.259 E.0228
G1 X129.273 Y139.398 E.00466
G1 X129.755 Y138.917 E.02279
G1 X129.761 Y138.87 E.0016
G1 X129.687 Y138.446 E.01439
G1 X127.53 Y140.603 E.10211
G1 X127.458 Y140.433 E.00617
G1 X127.458 Y140.137 E.00994
G1 X128.012 Y139.582 E.02624
G1 X128.031 Y139.563 F30000
G1 F12000
G1 X129.48 Y138.114 E.06859
G1 X129.434 Y138.045 E.00278
G1 X129.174 Y137.881 E.01028
G1 X127.575 Y139.481 E.07573
G1 X127.48 Y139.338 E.00575
G1 X127.403 Y139.114 E.00792
G1 X129.79 Y136.727 E.11301
G1 E-.728 F1800
;WIPE_START
G1 F30000
G1 X128.942 Y137.576 E-.072
;WIPE_END
G1 X127.033 Y138.945 Z1.6
G1 Z1.2
G1 E.8 F1800
G1 F12000
G1 X129.717 Y136.261 E.12708
G1 X129.759 Y135.871 E.01313
G1 X130.107 Y135.871 E.01168
G1 X131.101 Y134.878 E.04702
G1 X130.562 Y134.878 E.01803
G1 X128.002 Y137.438 E.12118
G1 X128.277 Y137.669 E.01202
G1 X127.68 Y138.063 E.02393
G1 X127.518 Y138.266 E.00871
G1 X127.263 Y138.177 E.00903
G1 X126.495 Y138.945 E.03638
G1 E-.728 F1800
;WIPE_START
G1 F30000
G1 X127.263 Y138.177 E-.06519
G1 X127.37 Y138.215 E-.00681
;WIPE_END
G1 X127.59 Y137.312 Z1.6
G1 Z1.2
G1 E.8 F1800
G1 F12000
G1 X130.023 Y134.878 E.11521
G1 X129.677 Y134.878 E.0116
G1 X129.597 Y134.767 E.00461
G1 X129.095 Y135.268 E.02376
G1 X129.06 Y135.046 E.00753
G1 X128.562 Y135.468 E.02186
G1 X128.741 Y135.622 E.00791
G1 X127.344 Y137.02 E.06616
G1 E-.728 F1800
;WIPE_START
G1 F30000
G1 X128.192 Y136.171 E-.072
;WIPE_END
G1 X125.866 Y140.113 Z1.6
G1 Z1.2
G1 E.8 F1800
G1 F12000
G1 X124.786 Y141.193 E.05111
G1 X124.437 Y141.209 E.01169
G1 X124.265 Y141.175 E.00588
G1 X125.894 Y139.546 E.07714
G1 E-.728 F1800
;WIPE_START
G1 F30000
G1 X125.046 Y140.394 E-.072
;WIPE_END
G1 X123.78 Y141.122 Z1.6
G1 Z1.2
G1 E.8 F1800
G1 F12000
G1 X125.729 Y139.173 E.0923
G1 X125.689 Y138.776 E.01335
G1 X126.126 Y138.776 E.01462
G1 X127.076 Y137.826 E.04498
G1 X127.076 Y137.783 E.00144
G1 X126.73 Y137.783 E.01159
G1 X126.691 Y137.672 E.00392
G1 X123.642 Y140.721 E.14435
G1 X123.472 Y140.353 E.01358
G1 X125.509 Y138.316 E.09646
G1 X125.409 Y138.123 E.00727
G1 X125.287 Y138 E.00582
G1 X123.376 Y139.91 E.09047
G1 X123.387 Y139.361 E.0184
G1 X124.949 Y137.799 E.07396
G1 X124.807 Y137.754 E.005
G1 X124.553 Y137.73 E.00854
G1 X124.466 Y137.743 E.00294
G1 X123.225 Y138.984 E.05875
G1 E-.728 F1800
;WIPE_START
G1 F30000
G1 X124.073 Y138.136 E-.072
;WIPE_END
G1 X123.332 Y139.955 Z1.6
G1 Z1.2
G1 E.8 F1800
G1 F12000
G1 X122.105 Y141.181 E.05807
G1 X121.555 Y141.193 E.01843
G1 X123.045 Y139.703 E.07053
G1 X122.802 Y139.407 E.01281
G1 X121.012 Y141.197 E.08471
G1 X120.47 Y141.2 E.01816
G1 X123.828 Y137.842 E.15899
G1 X123.442 Y137.903 E.01309
G1 X123.519 Y137.783 E.00479
G1 X123.349 Y137.783 E.00569
G1 X120.229 Y140.903 E.14775
G1 X120.229 Y140.365 E.01803
M73 P67 R6
G1 X122.811 Y137.783 E.12225
G1 X122.302 Y137.783 E.01705
G1 X121.715 Y138.623 E.03432
G1 X121.499 Y138.555 E.00755
G1 X120.229 Y139.826 E.06016
G1 X120.229 Y139.288 E.01803
G1 X121.422 Y138.094 E.05651
G1 E-.728 F1800
;WIPE_START
G1 F30000
G1 X120.574 Y138.943 E-.072
;WIPE_END
G1 X118.605 Y139.835 Z1.6
G1 Z1.2
G1 E.8 F1800
G1 F12000
G1 X117.234 Y141.206 E.06492
G1 X117.161 Y141.209 E.00243
G1 X116.919 Y141.161 E.00827
G1 X116.795 Y141.105 E.00453
G1 X118.453 Y139.448 E.07848
G1 X118.462 Y139.26 E.00629
G1 X118.429 Y138.933 E.011
G1 X116.486 Y140.876 E.09199
G1 X116.354 Y140.705 E.00725
G1 X116.281 Y140.543 E.00594
G1 X118.327 Y138.497 E.09686
G1 X118.143 Y138.142 E.01338
G1 X116.114 Y140.171 E.09608
G1 X115.965 Y139.842 E.0121
G1 X115.664 Y140.621 E.02799
G1 X115.175 Y141.111 E.02316
G1 X115.065 Y141.16 E.00402
G1 X114.822 Y141.209 E.0083
G1 X114.55 Y141.197 E.00913
G1 X117.859 Y137.887 E.15668
G1 X117.758 Y137.825 E.00398
G1 X117.461 Y137.747 E.01027
G1 X114.141 Y141.067 E.1572
G1 X114.025 Y140.997 E.00455
G1 X113.85 Y140.819 E.00833
G1 X117.706 Y136.963 E.18255
G1 E-.728 F1800
;WIPE_START
G1 F30000
G1 X116.858 Y137.812 E-.072
;WIPE_END
G1 X116.467 Y137.664 Z1.6
G1 Z1.2
G1 E.8 F1800
G1 F12000
G1 X117.749 Y136.382 E.0607
G1 X117.804 Y136.239 E.00512
G1 X117.74 Y136.246 E.00217
G1 X117.759 Y135.833 E.01382
G1 X116.026 Y137.566 E.08203
G1 X115.835 Y138.296 F30000
G1 F12000
G1 X113.666 Y140.465 E.10268
G1 X113.597 Y140.256 E.00736
G1 X113.56 Y140.033 E.00758
G1 X115.502 Y138.09 E.09198
G1 X115.383 Y137.952 E.00613
G1 X115.208 Y137.846 E.00683
G1 X113.52 Y139.534 E.07995
G1 X113.538 Y138.977 E.01866
G1 X114.807 Y137.709 E.06005
G1 X114.467 Y137.601 E.01193
G1 X113.978 Y137.999 E.02109
G1 X113.201 Y138.776 E.03679
G1 X112.663 Y138.776 E.01803
G1 X113.22 Y138.218 E.02639
G1 X113.219 Y137.68 E.01802
G1 X112.226 Y138.673 E.04702
G1 X112.226 Y138.135 E.01803
G1 X112.748 Y137.613 E.02471
G1 E-.728 F1800
;WIPE_START
G1 F30000
G1 X112.226 Y138.135 E-.04429
G1 X112.226 Y138.597 E-.02771
;WIPE_END
G1 X119.221 Y135.543 Z1.6
G1 X120.008 Y135.2 Z1.6
G1 Z1.2
G1 E.8 F1800
G1 F12000
G1 X121.226 Y133.982 E.05765
G1 E-.728 F1800
;WIPE_START
G1 F30000
G1 X120.377 Y134.831 E-.072
;WIPE_END
G1 X125.913 Y137.911 Z1.6
G1 Z1.2
G1 E.8 F1800
G1 F12000
G1 X129.372 Y134.453 E.16374
G1 X129.306 Y134.362 E.00377
G1 X129.08 Y134.206 E.00918
G1 X125.795 Y137.491 E.15554
G1 X125.73 Y137.488 E.00219
G1 X125.376 Y137.372 E.01247
G1 X128.69 Y134.057 E.15692
G1 X128.583 Y134.029 E.00371
G1 X128.156 Y134.053 E.01433
G1 X125.112 Y137.097 E.1441
G1 X124.973 Y136.864 E.00906
G1 X124.931 Y136.739 E.00443
G1 X126.968 Y134.702 E.09643
G1 X126.903 Y134.534 E.00603
G1 X126.762 Y134.37 E.00725
G1 X124.828 Y136.304 E.09155
G1 X124.794 Y135.871 E.01453
G1 X124.722 Y135.871 E.00241
G1 X126.463 Y134.13 E.08243
G1 X126.22 Y134.049 E.00857
G1 X126.024 Y134.031 E.0066
G1 X124.014 Y136.041 E.09518
G1 E-.728 F1800
;WIPE_START
G1 F30000
G1 X124.862 Y135.193 E-.072
;WIPE_END
G1 X121.849 Y137.667 Z1.6
G1 Z1.2
G1 E.8 F1800
G1 F12000
G1 X122.927 Y136.589 E.05105
G1 X123.155 Y135.871 E.02521
G1 X123.645 Y135.871 E.01639
G1 X124.638 Y134.878 E.04702
G1 X124.1 Y134.878 E.01803
G1 X120.229 Y138.749 E.18326
G1 X120.229 Y138.211 E.01803
G1 X120.657 Y137.783 E.02026
G1 X121.075 Y137.783 E.01399
G1 X121.219 Y137.319 E.01625
G1 X121.161 Y137.279 E.00239
G1 X123.561 Y134.878 E.11364
G1 X123.022 Y134.878 E.01803
G1 X120.891 Y137.01 E.10093
G1 X120.666 Y136.697 E.01292
G1 X121.203 Y136.159 E.02545
G1 X121.253 Y136.488 E.01112
G1 X121.752 Y136.07 E.0218
G1 X121.508 Y135.854 E.0109
G1 X122.8 Y134.563 E.06116
G1 X122.728 Y134.448 E.00453
G1 X122.537 Y134.287 E.00837
G1 X119.325 Y137.499 E.15206
G1 X119.176 Y137.509 E.00499
G1 X118.82 Y137.466 E.01203
G1 X122.185 Y134.1 E.15934
G1 X121.938 Y134.03 E.0086
G1 X121.704 Y134.043 E.00785
G1 X120.419 Y135.328 E.06084
G1 X120.191 Y135.556 F30000
G1 F12000
G1 X118.443 Y137.304 E.08276
G1 X118.292 Y137.186 E.00641
G1 X118.173 Y137.035 E.00643
G1 X119.966 Y135.242 E.08492
G1 E-.728 F1800
;WIPE_START
G1 F30000
G1 X119.118 Y136.09 E-.072
;WIPE_END
G1 X120.51 Y134.16 Z1.6
G1 Z1.2
G1 E.8 F1800
G1 F12000
G1 X118.873 Y135.796 E.07749
G1 X118.604 Y135.527 E.01275
G1 X120.053 Y134.078 E.06861
G1 X119.514 Y134.078 E.01803
G1 X118.227 Y135.365 E.06094
G1 E-.728 F1800
;WIPE_START
G1 F30000
G1 X119.076 Y134.517 E-.072
;WIPE_END
G1 X119.145 Y133.908 Z1.6
G1 Z1.2
G1 E.8 F1800
G1 F12000
G1 X115.832 Y137.221 E.15686
G1 X115.733 Y137.122 E.00471
G1 X115.606 Y136.909 E.00829
G1 X118.607 Y133.908 E.14207
G1 E-.728 F1800
;WIPE_START
G1 F30000
G1 X117.758 Y134.757 E-.072
;WIPE_END
G1 X117.715 Y134.262 Z1.6
G1 Z1.2
G1 E.8 F1800
G1 F12000
G1 X118.068 Y133.908 E.01673
G1 X117.676 Y134.301 F30000
G1 F12000
G1 X114.425 Y137.552 E.15391
G1 X113.937 Y137.502 E.01645
G1 X117.218 Y134.221 E.15534
G1 X117.054 Y134.121 E.00642
G1 X116.845 Y134.055 E.00734
G1 X113.498 Y137.402 E.15848
G1 X113.304 Y137.324 E.00699
G1 X113.154 Y137.207 E.00636
G1 X116.302 Y134.059 E.14904
G1 X115.99 Y134.186 E.01126
G1 X115.792 Y134.347 E.00856
G1 X115.622 Y134.566 E.00928
G1 X115.35 Y134.473 E.00964
G1 X112.936 Y136.886 E.11427
G1 X112.779 Y136.505 E.01381
G1 X113.279 Y136.005 E.02368
G1 X113.478 Y135.806 F30000
G1 F12000
G1 X115.176 Y134.109 E.08037
G1 X115.176 Y134.078 E.00102
G1 X114.667 Y134.078 E.01701
G1 X114.113 Y134.633 E.02626
G1 X114.201 Y134.633 E.00295
G1 X113.937 Y135.28 E.02341
G1 X113.733 Y135.012 E.01127
G1 X113.329 Y135.417 E.01915
G1 X113.082 Y135.125 E.01279
G1 X114.129 Y134.078 E.04955
G1 X113.59 Y134.078 E.01803
G1 X112.876 Y134.793 E.03383
G1 X112.758 Y134.372 E.01462
G1 X113.221 Y133.908 E.02196
G1 E-.728 F1800
;WIPE_START
G1 F30000
G1 X112.758 Y134.372 E-.03936
G1 X112.876 Y134.793 E-.0262
G1 X112.952 Y134.717 E-.00644
;WIPE_END
G1 X117.878 Y136.791 Z1.6
G1 Z1.2
G1 E.8 F1800
G1 F12000
G1 X118.5 Y136.17 E.02944
G1 X117.902 Y136.229 E.02013
G1 X117.8 Y136.331 E.00479
G1 E-.728 F1800
;WIPE_START
G1 F30000
G1 X117.902 Y136.229 E-.00859
G1 X118.5 Y136.17 E-.03608
G1 X118.178 Y136.492 E-.02733
;WIPE_END
G1 X118.536 Y140.298 Z1.6
G1 Z1.2
G1 E.8 F1800
SET_VELOCITY_LIMIT ACCEL=3000
;TYPE:Gap infill
;WIDTH:0.327074
G1 F15000
G1 X118.333 Y140.56 E.00759
;WIDTH:0.373583
G1 X118.129 Y140.821 E.00883
G1 X117.959 Y140.992 E.00644
;WIDTH:0.371482
G1 X117.724 Y141.177 E.00793
;WIDTH:0.357348
G1 X117.489 Y141.363 E.00759
G1 E-.78203 F1800
;WIPE_START
G1 F30000
G1 X117.724 Y141.177 E-.01797
;WIPE_END
G1 X120.475 Y136.697 Z1.6
G1 Z1.2
G1 E.8 F1800
;WIDTH:0.213258
G1 F15000
G1 X120.359 Y136.85 E.00263
;WIDTH:0.252892
G1 X120.243 Y137.003 E.00325
;WIDTH:0.303318
G1 X120.127 Y137.156 E.00403
G1 X119.648 Y137.596 E.01366
G1 E-.74947 F1800
;WIPE_START
G1 F30000
G1 X120.127 Y137.156 E-.03902
G1 X120.243 Y137.003 E-.01151
;WIPE_END
G1 X125.741 Y133.88 Z1.6
G1 Z1.2
G1 E.8 F1800
;WIDTH:0.347695
G1 F15000
G1 X125.467 Y134.113 E.00884
;WIDTH:0.375616
G1 X125.193 Y134.346 E.00965
G1 X125.012 Y134.552 E.00737
;WIDTH:0.338601
G1 X124.918 Y134.691 E.004
;WIDTH:0.320637
G1 X124.824 Y134.829 E.00375
G1 E-.78995 F1800
;WIPE_START
G1 F30000
G1 X124.918 Y134.691 E-.01005
;WIPE_END
G1 X127.925 Y141.706 Z1.6
G1 X128.19 Y142.326 Z1.6
G1 Z1.2
G1 E.8 F1800
;WIDTH:0.157717
G1 F15000
G1 X128.064 Y142.413 E.00142
;WIDTH:0.202194
G1 X127.937 Y142.5 E.00197
;WIDTH:0.246671
G1 X127.81 Y142.586 E.00252
;WIDTH:0.285198
G1 X127.563 Y142.808 E.00649
G1 X127.36 Y143.042 E.00605
;WIDTH:0.241734
G1 X127.301 Y143.129 E.00168
;WIDTH:0.201951
G1 X127.242 Y143.216 E.00135
;WIDTH:0.162167
G1 X127.183 Y143.303 E.00101
;WIDTH:0.122384
G1 X127.124 Y143.39 E.00067
;WIDTH:0.102493
G1 X127.103 Y143.431 E.00022
G1 E-.79724 F1800
;WIPE_START
G1 F30000
G1 X127.124 Y143.39 E-.00276
;WIPE_END
G1 X125.733 Y140.553 Z1.6
G1 Z1.2
G1 E.8 F1800
;WIDTH:0.136327
G1 F15000
G1 X125.606 Y140.716 E.00155
;WIDTH:0.189447
G1 X125.48 Y140.878 E.00243
G1 X125.293 Y141.065 E.00312
;WIDTH:0.183977
G1 X125.139 Y141.187 E.00223
;WIDTH:0.168496
G1 X124.985 Y141.308 E.00199
G1 E-.78823 F1800
;WIPE_START
G1 F30000
G1 X125.139 Y141.187 E-.01177
;WIPE_END
G1 X123.246 Y140.386 Z1.6
G1 Z1.2
G1 E.8 F1800
;WIDTH:0.240501
G1 F15000
G1 X123.085 Y140.604 E.00432
;WIDTH:0.298957
G1 X122.924 Y140.821 E.00559
G1 X122.704 Y141.038 E.00637
;WIDTH:0.288429
G1 X122.569 Y141.132 E.00326
;WIDTH:0.251141
G1 X122.434 Y141.227 E.00277
;WIDTH:0.232497
G1 X122.299 Y141.321 E.00252
G1 E-.79011 F1800
;WIPE_START
G1 F30000
G1 X122.434 Y141.227 E-.00989
;WIPE_END
G1 X123.026 Y136.835 Z1.6
G1 Z1.2
G1 E.8 F1800
;WIDTH:0.230055
G1 F15000
G1 X122.751 Y137.179 E.00665
G1 X122.534 Y137.39 E.00456
;WIDTH:0.213367
G1 X122.385 Y137.492 E.00249
;WIDTH:0.188544
G1 X122.236 Y137.594 E.00212
G1 E-.78915 F1800
;WIPE_START
G1 F30000
G1 X122.385 Y137.492 E-.01085
;WIPE_END
G1 X129.317 Y140.686 Z1.6
G1 X138.193 Y144.777 Z1.6
G1 Z1.2
G1 E.8 F1800
;WIDTH:0.103582
G1 F15000
G1 X138.128 Y144.866 E.00054
;WIDTH:0.134405
G1 X138.063 Y144.956 E.00082
;WIDTH:0.168273
G1 X137.844 Y145.199 E.00331
G1 X137.601 Y145.42 E.00332
;WIDTH:0.137711
G1 X137.504 Y145.492 E.00092
;WIDTH:0.121197
G1 X137.406 Y145.564 E.00076
G1 E-.79275 F1800
;WIPE_START
G1 F30000
G1 X137.504 Y145.492 E-.00725
;WIPE_END
G1 X138.305 Y144.918 Z1.6
G1 Z1.2
G1 E.8 F1800
;WIDTH:0.231809
G1 F15000
G1 X138.353 Y144.712 E.00322
;WIDTH:0.195298
G1 X138.376 Y144.542 E.00211
;WIDTH:0.147126
G1 X138.399 Y144.364 E.00151
;WIDTH:0.123196
G1 X138.436 Y143.456 E.00588
G1 X138.373 Y143.478 F30000
;WIDTH:0.190517
G1 F15000
G1 X138.35 Y143.306 E.00206
;WIDTH:0.213497
G1 X138.217 Y142.614 E.0097
G1 X138.162 Y142.695 F30000
;WIDTH:0.356624
G1 F15000
G1 X138.071 Y142.586 E.00358
G1 X138.162 Y142.695 F30000
;WIDTH:0.379878
G1 F15000
G1 X138.253 Y142.803 E.00384
;WIDTH:0.396913
G1 X138.24 Y142.876 E.0021
G1 X138.436 Y143.525 E.01935
G1 X138.373 Y143.478 F30000
;WIDTH:0.144555
G1 F15000
G1 X138.397 Y143.649 E.00142
;WIDTH:0.106351
G1 X138.441 Y144.627 E.00501
G1 E-.74129 F1800
;WIPE_START
G1 F30000
G1 X138.397 Y143.649 E-.05871
;WIPE_END
G1 X137.798 Y141.416 Z1.6
G1 Z1.2
G1 E.8 F1800
;WIDTH:0.415566
G1 F15000
G1 X138.481 Y141.075 E.02293
;WIDTH:0.453388
G1 X138.826 Y140.88 E.01314
G1 X138.66 Y140.552 F30000
;WIDTH:0.226341
G1 F15000
G1 X138.654 Y140.404 E.00219
;WIDTH:0.182018
G1 X138.649 Y140.257 E.00166
;WIDTH:0.120041
G1 X138.643 Y140.098 E.00099
G1 X138.566 Y139.694 E.00256
;WIDTH:0.137037
G1 X138.512 Y139.529 E.00131
;WIDTH:0.186689
G1 X138.358 Y139.098 E.00531
G1 E-.77252 F1800
;WIPE_START
G1 F30000
G1 X138.512 Y139.529 E-.02748
;WIPE_END
G1 X138.66 Y140.552 Z1.6
G1 Z1.2
G1 E.8 F1800
;WIDTH:0.259464
G1 F15000
G1 X138.613 Y141.266 E.0125
G1 E-.75706 F1800
;WIPE_START
G1 F30000
G1 X138.66 Y140.552 E-.04294
;WIPE_END
G1 X136.682 Y141.78 Z1.6
G1 Z1.2
G1 E.8 F1800
;TYPE:Internal solid infill
;WIDTH:0.38292
G1 F15000
G1 X137.342 Y141.868 E.01825
G1 E-.76007 F1800
;WIPE_START
G1 F30000
G1 X136.682 Y141.78 E-.03993
;WIPE_END
G1 X136.258 Y141.526 Z1.6
G1 Z1.2
G1 E.8 F1800
;TYPE:Gap infill
;WIDTH:0.583309
G1 F12018.843
G1 X135.531 Y141.859 E.03486
;WIDTH:0.5506
G1 F12793.203
G1 X135.4 Y142.091 E.01087
;WIDTH:0.531425
G1 F13295.352
G1 X135.269 Y142.322 E.01046
G1 X135.395 Y141.821 F30000
;WIDTH:0.408912
G1 F15000
G1 X135.429 Y141.831 E.00104
;WIDTH:0.454872
G1 X135.463 Y141.84 E.00117
;WIDTH:0.500833
G1 F14183.602
G1 X135.497 Y141.85 E.0013
;WIDTH:0.546793
G1 F12889.854
G1 X135.531 Y141.859 E.00143
G1 X135.395 Y141.821 F30000
;WIDTH:0.362951
G1 F15000
G1 X135.361 Y141.811 E.00091
;WIDTH:0.316991
G1 X135.327 Y141.802 E.00078
;WIDTH:0.278947
G1 X135.273 Y141.802 E.00103
;WIDTH:0.249755
G1 X135.038 Y141.821 E.00393
;WIDTH:0.195144
G1 X134.792 Y141.84 E.00303
G1 X130.907 Y141.846 E.0477
M73 P68 R6
G1 E-.728 F1800
;WIPE_START
G1 F30000
G1 X132.107 Y141.844 E-.072
;WIPE_END
G1 X131.78 Y142.315 Z1.6
G1 Z1.2
G1 E.8 F1800
;WIDTH:0.152417
G1 F15000
G1 X131.771 Y144.035 E.0152
;WIDTH:0.142575
G1 X131.79 Y144.434 E.00321
G1 E-.77602 F1800
;WIPE_START
G1 F30000
G1 X131.771 Y144.035 E-.02398
;WIPE_END
G1 X133.369 Y144.386 Z1.6
G1 Z1.2
G1 E.8 F1800
;WIDTH:0.132931
G1 F15000
G1 X133.345 Y144.019 E.00267
;WIDTH:0.145835
G1 X133.353 Y142.315 E.01415
G1 E-.728 F1800
;WIPE_START
G1 F30000
G1 X133.348 Y143.514 E-.072
;WIPE_END
G1 X132.713 Y141.377 Z1.6
G1 Z1.2
G1 E.8 F1800
;WIDTH:0.102504
G1 F15000
G1 X132.713 Y137.678 E.01778
G1 E-.728 F1800
;WIPE_START
G1 F30000
G1 X132.713 Y138.878 E-.072
;WIPE_END
G1 X130.449 Y136.665 Z1.6
G1 Z1.2
G1 E.8 F1800
;TYPE:Internal solid infill
;WIDTH:0.50138
G1 F14166.655
G1 X130.206 Y137.374 E.02773
;WIDTH:0.535793
G1 F13177.523
G1 X130.093 Y137.541 E.00802
;WIDTH:0.523942
G1 F13502.179
G1 X130.189 Y137.726 E.0081
;WIDTH:0.47964
G1 F14871.876
G1 X130.286 Y137.911 E.00735
;WIDTH:0.435338
G1 F15000
G1 X130.382 Y138.097 E.00661
;WIDTH:0.39147
G1 X130.433 Y138.465 E.01046
;WIDTH:0.344961
G1 X130.484 Y138.834 E.00907
G1 X130.434 Y139.363 E.01295
;WIDTH:0.374258
G1 X130.381 Y139.518 E.00437
;WIDTH:0.393321
G1 X130.328 Y139.673 E.00462
G1 X130.389 Y139.925 E.00734
G1 X130.404 Y140.4 E.01342
;WIDTH:0.39453
G1 X130.372 Y140.618 E.00625
;WIDTH:0.423586
G1 X130.339 Y140.836 E.00677
;WIDTH:0.467714
G1 X130.063 Y141.365 E.02044
G1 X130.078 Y141.44 E.00261
G1 X130.158 Y141.567 E.00513
G1 X130.159 Y141.699 E.00453
G1 X130.487 Y141.699 E.01123
G1 X130.515 Y141.439 E.00894
;WIDTH:0.492645
G1 F14441.84
G1 X130.577 Y141.355 E.00379
G1 X130.679 Y141.324 E.00386
;WIDTH:0.478166
G1 F14922.257
G1 X130.699 Y141.067 E.00905
;WIDTH:0.436805
G1 F15000
G1 X130.72 Y140.81 E.00819
;WIDTH:0.402047
G1 X130.734 Y139.917 E.02588
;WIDTH:0.373634
G1 X130.748 Y139.391 E.01403
;WIDTH:0.349058
G1 X130.766 Y138.859 E.01315
G1 X130.736 Y138.14 E.01776
;WIDTH:0.404944
G1 X130.716 Y137.993 E.00431
;WIDTH:0.445272
G1 X130.695 Y137.847 E.0048
;WIDTH:0.485601
G1 F14671.641
G1 X130.675 Y137.701 E.00528
;WIDTH:0.525929
G1 F13446.642
G1 X130.655 Y137.554 E.00576
;WIDTH:0.522293
G1 F13548.647
G1 X130.696 Y137.324 E.00902
;WIDTH:0.480283
G1 F14850.031
G1 X130.736 Y137.095 E.00823
G1 X130.768 Y137.039 E.00227
G1 X130.907 Y136.988 E.0052
G1 X130.775 Y136.665 E.01231
G1 X130.489 Y136.665 E.01011
G1 E-.73517 F1800
;WIPE_START
G1 F30000
G1 X130.775 Y136.665 E-.01719
G1 X130.907 Y136.988 E-.02093
G1 X130.768 Y137.039 E-.00885
G1 X130.736 Y137.095 E-.00386
G1 X130.696 Y137.324 E-.014
;WIPE_END
G1 X130.858 Y134.054 Z1.6
G1 Z1.2
G1 E.8 F1800
;TYPE:Gap infill
;WIDTH:0.539596
G1 F13076.624
G1 X129.794 Y134.054 E.04259
G1 E-.73621 F1800
;WIPE_START
G1 F30000
G1 X130.858 Y134.054 E-.06379
;WIPE_END
G1 X131.16 Y133.654 Z1.6
G1 Z1.2
G1 E.8 F1800
;WIDTH:0.539563
G1 F13077.498
G1 X134.14 Y133.654 E.11936
G1 X134.253 Y133.667 E.00456
;WIDTH:0.539795
G1 F13071.403
G1 X134.253 Y133.706 E.00157
;WIDTH:0.490571
G1 F14508.748
G1 X134.253 Y133.745 E.00141
;WIDTH:0.441347
G1 F15000
G1 X134.253 Y133.784 E.00126
;WIDTH:0.392123
G1 X134.253 Y133.823 E.0011
;WIDTH:0.342898
G1 X134.253 Y133.863 E.00095
;WIDTH:0.287698
G1 X134.253 Y133.915 E.00103
;WIDTH:0.290483
G1 X134.274 Y134.28 E.00731
;WIDTH:0.331874
G1 X134.295 Y134.646 E.00853
;WIDTH:0.37278
G1 X134.317 Y135.03 E.01024
G1 X134.545 Y135.207 E.00768
G1 E-.7596 F1800
;WIPE_START
G1 F30000
G1 X134.317 Y135.03 E-.01732
G1 X134.295 Y134.646 E-.02309
;WIPE_END
G1 X134.253 Y133.667 Z1.6
G1 Z1.2
G1 E.8 F1800
;WIDTH:0.539649
G1 F13075.231
G1 X135.67 Y133.654 E.05679
G1 E-.728 F1800
;WIPE_START
G1 F30000
G1 X134.47 Y133.665 E-.072
;WIPE_END
G1 X137.228 Y137.109 Z1.6
G1 Z1.2
G1 E.8 F1800
;TYPE:Internal solid infill
;WIDTH:0.38292
G1 F15000
G1 X137.164 Y137.146 E.00202
G1 X137.229 Y137.181 E.00202
G1 E-.79116 F1800
;WIPE_START
G1 F30000
G1 X137.164 Y137.146 E-.00442
G1 X137.228 Y137.109 E-.00442
;WIPE_END
G1 X137.221 Y134.791 Z1.6
G1 Z1.2
G1 E.8 F1800
;WIDTH:0.504596
G1 F14067.972
G1 X137.448 Y135.323 E.02155
G1 X137.505 Y135.402 E.00363
G1 X138.116 Y134.791 E.0322
G1 X137.261 Y134.791 E.03186
G1 X136.721 Y134.371 F30000
;WIDTH:0.419999
G1 F15000
G1 X136.761 Y134.705 E.01023
G1 X136.886 Y135.122 E.01323
G1 X137.119 Y135.586 E.0158
G1 X137.459 Y136.041 E.01728
G1 X139.129 Y134.371 E.07183
G1 X136.761 Y134.371 E.07203
G1 X136.3 Y133.994 F30000
G1 F15000
G1 X136.384 Y134.757 E.02333
G1 X136.546 Y135.284 E.0168
G1 X136.766 Y135.744 E.01548
G1 X137.297 Y136.455 E.02701
G1 X137.335 Y136.699 E.00749
G1 X140.039 Y133.994 E.11632
G1 X136.34 Y133.994 E.11252
G1 E-.728 F1800
;WIPE_START
G1 F30000
G1 X137.54 Y133.994 E-.072
;WIPE_END
G1 X135.466 Y141.34 Z1.6
G1 X135.055 Y142.797 Z1.6
G1 Z1.2
G1 E.8 F1800
;TYPE:Gap infill
;WIDTH:0.275335
G1 F15000
G1 X134.976 Y143.17 E.00716
;WIDTH:0.252985
G1 X134.957 Y143.287 E.00201
;WIDTH:0.21667
G1 X134.938 Y143.404 E.00166
;WIDTH:0.1787
G1 X134.917 Y143.532 E.00142
;WIDTH:0.129252
G1 X134.892 Y143.906 E.00261
G1 X134.895 Y144.268 E.00252
;WIDTH:0.153046
G1 X134.917 Y144.477 E.00186
G1 X134.946 Y144.517 E.00044
;WIDTH:0.11959
G1 X135.025 Y144.678 E.00111
G1 E-.78926 F1800
;WIPE_START
G1 F30000
G1 X134.946 Y144.517 E-.01074
;WIPE_END
G1 X129.583 Y141.836 Z1.6
G1 Z1.2
G1 E.8 F1800
;WIDTH:0.308084
G1 F15000
G1 X129.577 Y141.893 E.00122
G1 X129.487 Y141.887 E.00194
;WIDTH:0.25572
G1 X129.439 Y141.877 E.00084
;WIDTH:0.229188
G1 X129.29 Y141.86 E.00225
;WIDTH:0.194614
G1 X129.142 Y141.842 E.00183
;WIDTH:0.159074
G1 X128.985 Y141.825 E.00148
;WIDTH:0.130792
G1 X128.626 Y141.814 E.00254
;WIDTH:0.140816
G1 X128.276 Y141.838 E.00278
;WIDTH:0.160834
G1 X127.925 Y141.862 E.00334
G1 E-.77891 F1800
;WIPE_START
G1 F30000
G1 X128.276 Y141.838 E-.02109
;WIPE_END
G1 X126.52 Y141.304 Z1.6
G1 Z1.2
G1 E.8 F1800
;TYPE:Internal solid infill
;WIDTH:0.523
G1 F13528.693
G1 X126.593 Y141.374 E.00388
;WIDTH:0.482774
G1 F14765.919
G1 X126.665 Y141.443 E.00356
;WIDTH:0.442549
G1 F15000
G1 X126.738 Y141.512 E.00323
;WIDTH:0.402323
G1 X126.81 Y141.582 E.00291
;WIDTH:0.402079
G1 X126.857 Y141.648 E.00235
;WIDTH:0.441817
G1 X126.904 Y141.714 E.00261
;WIDTH:0.461686
G1 X126.951 Y141.78 E.00274
G1 E-.79512 F1800
;WIPE_START
G1 F30000
G1 X126.904 Y141.714 E-.00488
;WIPE_END
G1 X126.558 Y140.251 Z1.6
G1 Z1.2
G1 E.8 F1800
;WIDTH:0.616531
G1 F11322.732
G1 X126.513 Y140.33 E.00421
;WIDTH:0.572858
G1 F12255.874
G1 X126.468 Y140.41 E.00389
;WIDTH:0.529184
G1 F13356.637
G1 X126.423 Y140.489 E.00357
;WIDTH:0.48551
G1 F14674.642
G1 X126.378 Y140.568 E.00325
;WIDTH:0.431525
G1 F15000
G1 X126.333 Y140.647 E.00286
G1 X126.257 Y140.889 E.00793
G1 X126 Y141.31 E.01548
G1 X125.644 Y141.68 E.01609
G1 X125.652 Y141.726 E.00147
G1 X126.42 Y141.731 E.02408
G1 X126.526 Y141.8 E.00397
G1 X126.559 Y141.962 E.0052
G1 X126.385 Y142.454 E.01635
G1 X126.013 Y143.378 E.03122
G1 X126.141 Y143.396 E.00404
G1 X126.205 Y143.461 E.00287
G1 X126.456 Y143.491 E.00791
G1 X126.517 Y143.187 E.0097
G1 X126.722 Y142.701 E.01653
G1 X127.038 Y142.3 E.01601
G1 X127.445 Y141.974 E.01633
G1 X127.537 Y141.932 E.00317
G1 X127.524 Y141.736 E.00616
G1 X127.052 Y141.318 E.01977
G1 X126.924 Y141.134 E.00702
G1 X126.709 Y140.624 E.01735
;WIDTH:0.441836
G1 X126.682 Y140.557 E.00233
;WIDTH:0.48551
G1 F14674.642
G1 X126.655 Y140.49 E.00258
;WIDTH:0.529184
G1 F13356.637
G1 X126.627 Y140.423 E.00284
;WIDTH:0.572858
G1 F12255.874
G1 X126.6 Y140.355 E.00309
;WIDTH:0.594695
G1 F11770.839
G1 X126.573 Y140.288 E.00322
G1 X126.626 Y139.682 F30000
;WIDTH:0.691629
G1 F10011.955
G1 X126.601 Y139.933 E.01315
;WIDTH:0.678854
G1 F10213.082
G1 X126.577 Y140.183 E.0129
G1 E-.78492 F1800
;WIPE_START
G1 F30000
G1 X126.601 Y139.933 E-.01508
;WIPE_END
G1 X125.884 Y138.789 Z1.6
G1 Z1.2
G1 E.8 F1800
;TYPE:Gap infill
;WIDTH:0.112347
G1 F15000
G1 X125.864 Y138.616 E.00097
;WIDTH:0.162582
G1 X125.702 Y137.663 E.00933
G1 X125.205 Y137.613 F30000
;WIDTH:0.431852
G1 F15000
G1 X125.699 Y137.87 E.01749
G1 X125.907 Y138.501 E.02082
G1 E-.728 F1800
;WIPE_START
G1 F30000
G1 X125.699 Y137.87 E-.03982
G1 X125.224 Y137.623 E-.03218
;WIPE_END
G1 X124.107 Y136.637 Z1.6
G1 Z1.2
G1 E.8 F1800
;TYPE:Internal solid infill
;WIDTH:0.422439
G1 F15000
G1 X123.716 Y136.637 E.01198
G1 X123.595 Y137.017 E.01219
G1 X124.214 Y137.008 E.01895
G1 X124.118 Y136.676 E.01057
G1 E-.728 F1800
;WIPE_START
G1 F30000
G1 X124.214 Y137.008 E-.02073
G1 X123.595 Y137.017 E-.03714
G1 X123.666 Y136.792 E-.01413
;WIPE_END
G1 X124.023 Y134.302 Z1.6
G1 Z1.2
G1 E.8 F1800
;TYPE:Gap infill
;WIDTH:0.382877
G1 F15000
G1 X122.942 Y133.806 E.03262
G1 X123.154 Y134.054 F30000
;WIDTH:0.539596
G1 F13076.624
G1 X124.689 Y134.054 E.06148
G1 E-.728 F1800
;WIPE_START
G1 F30000
G1 X123.489 Y134.054 E-.072
;WIPE_END
G1 X122.345 Y133.895 Z1.6
G1 Z1.2
G1 E.8 F1800
;WIDTH:0.269071
G1 F15000
G1 X121.269 Y133.436 E.02133
G1 X120.517 Y133.654 F30000
;WIDTH:0.538614
G1 F13102.529
G1 X117.607 Y133.654 E.11635
;WIDTH:0.561414
G1 F12526.381
G1 X117.52 Y133.677 E.00375
;WIDTH:0.607012
G1 F11513.805
G1 X117.433 Y133.699 E.00408
;WIDTH:0.652611
G1 F10652.69
G1 X117.346 Y133.722 E.00441
;WIDTH:0.651401
G1 F10673.869
G1 X117.362 Y133.76 E.002
;WIDTH:0.603385
G1 F11588.326
G1 X117.378 Y133.798 E.00185
;WIDTH:0.555368
G1 F12674.155
G1 X117.393 Y133.835 E.00169
;WIDTH:0.507352
G1 F13984.504
G1 X117.409 Y133.873 E.00153
;WIDTH:0.459336
G1 F15000
G1 X117.425 Y133.911 E.00137
;WIDTH:0.411319
G1 X117.441 Y133.948 E.00121
;WIDTH:0.375695
G1 X117.46 Y133.974 E.00085
;WIDTH:0.36408
G1 X117.756 Y134.432 E.01412
G1 X117.847 Y134.891 F30000
;WIDTH:0.274014
G1 F15000
G1 X118.328 Y136.009 E.02269
G1 E-.728 F1800
;WIPE_START
G1 F30000
G1 X117.854 Y134.907 E-.072
;WIPE_END
G1 X117.848 Y137.14 Z1.6
G1 Z1.2
G1 E.8 F1800
;WIDTH:0.334881
G1 F15000
G1 X117.868 Y137.149 E.00051
;WIDTH:0.297902
G1 X117.905 Y137.168 E.00085
;WIDTH:0.263186
G1 X118.253 Y137.387 E.0073
G1 X117.848 Y137.14 F30000
;WIDTH:0.363931
G1 F15000
G1 X117.829 Y137.131 E.00056
G1 X117.79 Y137.174 E.00149
;WIDTH:0.371429
G1 X117.762 Y137.244 E.00199
;WIDTH:0.412345
G1 X117.734 Y137.314 E.00224
;WIDTH:0.453261
G1 X117.706 Y137.384 E.00249
;WIDTH:0.473719
G1 X117.685 Y137.618 E.00816
G1 E-.78591 F1800
;WIPE_START
G1 F30000
G1 X117.706 Y137.384 E-.01409
;WIPE_END
G1 X116.24 Y138.089 Z1.6
G1 Z1.2
G1 E.8 F1800
;WIDTH:0.631257
G1 F11039.34
G1 X115.882 Y137.821 E.02124
;WIDTH:0.595684
G1 F11749.761
G1 X115.783 Y137.738 E.00576
;WIDTH:0.545742
G1 F12916.795
G1 X115.62 Y137.604 E.00854
;WIDTH:0.547775
G1 F12864.79
G1 X115.508 Y137.516 E.00582
;WIDTH:0.582501
G1 F12036.838
G1 X115.394 Y137.426 E.00634
;WIDTH:0.618443
G1 F11285.132
G1 X115.338 Y137.382 E.00327
G1 X115.323 Y137.388 E.00076
;WIDTH:0.592033
G1 F11827.89
G1 X115.131 Y137.444 E.00888
;WIDTH:0.548571
G1 F12844.541
G1 X114.938 Y137.501 E.00818
;WIDTH:0.526839
G1 F13421.346
G1 X114.746 Y137.558 E.00783
G1 E-.78797 F1800
;WIPE_START
G1 F30000
G1 X114.938 Y137.501 E-.01203
;WIPE_END
G1 X112.001 Y136.909 Z1.6
G1 Z1.2
G1 E.8 F1800
;TYPE:Internal solid infill
;WIDTH:0.617469
G1 F11304.249
G1 X111.989 Y136.825 E.00393
;WIDTH:0.575199
G1 F12201.956
G1 X111.977 Y136.741 E.00364
;WIDTH:0.532929
G1 F13254.543
G1 X111.966 Y136.657 E.00335
;WIDTH:0.490659
G1 F14505.874
G1 X111.954 Y136.573 E.00306
;WIDTH:0.448389
G1 F15000
G1 X111.942 Y136.489 E.00277
;WIDTH:0.389452
G1 X111.738 Y135.763 E.02108
G1 X112.462 Y135.523 F30000
;WIDTH:0.350831
G1 F15000
G1 X112.279 Y135.226 E.00866
G1 X111.907 Y135.276 E.00932
G1 X111.907 Y135.579 E.00753
G1 X112.422 Y135.527 E.01287
G1 X112.025 Y134.9 F30000
;TYPE:Gap infill
;WIDTH:0.496015
G1 F14334.412
G1 X111.988 Y134.626 E.01009
;WIDTH:0.44666
G1 F15000
G1 X111.95 Y134.353 E.00899
;WIDTH:0.397306
G1 X111.912 Y134.079 E.00789
;WIDTH:0.372628
G1 X111.874 Y133.806 E.00734
G1 X112.372 Y133.654 F30000
;WIDTH:0.538614
G1 F13102.529
G1 X115.352 Y133.654 E.11913
G1 E-.728 F1800
;WIPE_START
G1 F30000
G1 X114.152 Y133.654 E-.072
;WIPE_END
G1 X111.354 Y133.654 Z1.6
G1 Z1.2
G1 E.8 F1800
G1 F13102.529
G1 X107.348 Y133.654 E.16016
G1 E-.728 F1800
;WIPE_START
G1 F30000
G1 X108.548 Y133.654 E-.072
;WIPE_END
G1 X107.839 Y135.694 Z1.6
G1 Z1.2
G1 E.8 F1800
;WIDTH:0.149762
G1 F15000
G1 X107.807 Y135.701 E.00029
G1 X107.705 Y136.491 E.00686
G1 X107.828 Y136.96 F30000
;TYPE:Internal solid infill
;WIDTH:0.535228
G1 F13192.646
G1 X108.03 Y136.955 E.008
G1 E-.7879 F1800
;WIPE_START
G1 F30000
G1 X107.828 Y136.96 E-.0121
;WIPE_END
G1 X107.839 Y135.694 Z1.6
G1 Z1.2
G1 E.8 F1800
;TYPE:Gap infill
;WIDTH:0.11456
G1 F15000
G1 X108.29 Y135.671 E.00261
G1 E-.7729 F1800
;WIPE_START
G1 F30000
G1 X107.839 Y135.694 E-.0271
;WIPE_END
G1 X109.519 Y138.26 Z1.6
G1 Z1.2
G1 E.8 F1800
;TYPE:Internal solid infill
;WIDTH:0.479868
G1 F14864.116
G1 X109.626 Y138.266 E.00376
;WIDTH:0.451565
G1 F15000
G1 X109.697 Y138.374 E.00425
;WIDTH:0.40135
G1 X109.767 Y138.481 E.00373
G1 X109.767 Y138.673 E.00553
G1 X109.519 Y138.26 F30000
;WIDTH:0.465058
G1 F15000
G1 X109.234 Y138.128 E.01072
;WIDTH:0.409357
G1 X108.948 Y137.996 E.0093
G1 X108.621 Y137.75 E.01208
G1 X108.621 Y138.301 E.01627
;WIDTH:0.421379
G1 X109.039 Y138.284 E.01275
;WIDTH:0.440202
G1 X109.479 Y138.264 E.01413
G1 X109.396 Y139.06 F30000
;TYPE:Gap infill
;WIDTH:0.247798
G1 F15000
G1 X109.396 Y140.099 E.01717
G1 E-.73767 F1800
;WIPE_START
G1 F30000
G1 X109.396 Y139.06 E-.06233
;WIPE_END
G1 X109.944 Y141.206 Z1.6
G1 Z1.2
G1 E.8 F1800
;WIDTH:0.12457
G1 F15000
G1 X110.21 Y141.805 E.00432
;WIDTH:0.148728
G1 X110.213 Y141.838 E.00028
;WIDTH:0.19693
G1 X110.216 Y141.867 E.00037
;WIDTH:0.243
G1 X110.22 Y141.897 E.00048
;WIDTH:0.258975
G1 X110.248 Y141.893 E.00049
;WIDTH:0.230542
G1 X110.359 Y141.872 E.00172
;WIDTH:0.185717
G1 X110.577 Y141.849 E.00252
;WIDTH:0.142678
G1 X110.781 Y141.828 E.00165
;WIDTH:0.123323
G1 X111.259 Y141.825 E.0031
G1 X111.479 Y141.845 E.00143
;WIDTH:0.173886
G1 X111.692 Y141.864 E.00226
;WIDTH:0.212308
G1 X111.847 Y141.894 E.00216
;WIDTH:0.247073
G1 X111.987 Y141.921 E.00234
G1 E-.79146 F1800
;WIPE_START
G1 F30000
G1 X111.847 Y141.894 E-.00854
;WIPE_END
G1 X110.795 Y141.383 Z1.6
G1 Z1.2
G1 E.8 F1800
SET_VELOCITY_LIMIT ACCEL=1500
;TYPE:Top surface
;WIDTH:0.430728
G1 F12000
G1 X111.411 Y140.767 E.02967
G1 X111.411 Y140.219 E.0187
G1 X110.543 Y141.087 E.04185
G1 X110.463 Y140.925 E.00616
G1 X110.32 Y140.761 E.00741
G1 X111.411 Y139.67 E.05259
G1 X111.411 Y139.122 E.0187
G1 X109.873 Y140.66 E.07416
G1 E-.728 F1800
;WIPE_START
G1 F30000
G1 X110.721 Y139.812 E-.072
;WIPE_END
G1 X108.614 Y141.37 Z1.6
G1 Z1.2
G1 E.8 F1800
G1 F12000
G1 X109.315 Y140.669 E.03383
G1 X109.315 Y140.202 E.01592
G1 X109.63 Y140.354 E.01192
G1 X111.411 Y138.574 E.08585
G1 X111.411 Y138.025 E.0187
G1 X110.418 Y139.018 E.04789
G1 X110.418 Y138.47 E.0187
G1 X111.105 Y137.783 E.03314
G1 X110.556 Y137.783 E.0187
G1 X110.248 Y138.091 E.01487
G1 X110.118 Y137.672 F30000
G1 F12000
G1 X111.152 Y136.639 E.04983
G1 X111.179 Y136.407 E.00796
G1 X111.124 Y136.118 E.01002
G1 X109.759 Y137.483 E.06584
G1 X109.681 Y137.475 E.00265
G1 X109.351 Y137.342 E.01213
G1 X110.952 Y135.742 E.07718
G1 X110.723 Y135.422 E.01341
G1 X108.933 Y137.212 E.08632
G1 E-.728 F1800
;WIPE_START
G1 F30000
G1 X109.782 Y136.363 E-.072
;WIPE_END
G1 X110.052 Y139.384 Z1.6
G1 Z1.2
G1 E.8 F1800
G1 F12000
G1 X108.235 Y141.201 E.08761
G1 X107.687 Y141.201 E.0187
G1 X109.555 Y139.332 E.09008
G1 X109.185 Y139.154 E.01401
G1 X107.138 Y141.201 E.09868
G1 X106.841 Y141.201 E.01014
G1 X106.841 Y140.95 E.00856
G1 X108.733 Y139.057 E.09124
G1 X108.185 Y139.057 E.0187
G1 X106.841 Y140.401 E.0648
G1 X106.841 Y139.853 E.0187
G1 X107.865 Y138.829 E.04937
G1 X107.865 Y138.281 E.0187
G1 X106.841 Y139.304 E.04937
G1 X106.841 Y138.756 E.0187
G1 X107.814 Y137.783 E.04693
G1 X107.266 Y137.783 E.0187
G1 X106.671 Y138.377 E.02867
G1 E-.728 F1800
;WIPE_START
G1 F30000
G1 X107.266 Y137.783 E-.05046
G1 X107.625 Y137.783 E-.02154
;WIPE_END
G1 X106.312 Y137.64 Z1.6
G1 Z1.2
G1 E.8 F1800
G1 F12000
G1 X106.852 Y137.099 E.02605
G1 X106.934 Y136.992 E.00461
G1 X107.104 Y136.554 E.01603
G1 X107.154 Y136.249 E.01054
G1 X105.908 Y137.495 E.06007
G1 X105.757 Y137.488 E.00514
G1 X105.472 Y137.382 E.01037
G1 X107.342 Y135.513 E.09014
G1 X107.422 Y134.884 F30000
G1 F12000
G1 X105.169 Y137.137 E.10863
G1 X105.001 Y136.864 E.01092
G1 X104.974 Y136.784 E.0029
G1 X107.066 Y134.691 E.10089
G1 X106.812 Y134.397 E.01326
G1 X104.862 Y136.347 E.094
G1 X104.836 Y136.189 E.00546
G1 X104.82 Y135.841 E.01188
G1 X106.515 Y134.145 E.08174
G1 X106.248 Y134.049 E.00969
G1 X106.079 Y134.033 E.00579
G1 X104.85 Y135.262 E.05924
G1 X104.931 Y134.835 E.01483
G1 X105.05 Y134.558 E.01026
G1 X105.201 Y134.363 E.00841
G1 X105.663 Y133.901 E.02229
G1 E-.728 F1800
;WIPE_START
G1 F30000
G1 X105.201 Y134.363 E-.03922
G1 X105.05 Y134.558 E-.0148
G1 X104.932 Y134.834 E-.01798
;WIPE_END
G1 X110.945 Y135.2 Z1.6
G1 Z1.2
G1 E.8 F1800
G1 F12000
G1 X111.177 Y134.968 E.01121
G1 X111.177 Y134.419 E.0187
G1 X109.755 Y135.841 E.06857
G1 X110.016 Y136.102 E.01256
G1 X109.437 Y136.16 E.01984
M73 P69 R6
G1 X108.872 Y136.725 E.02726
G1 X108.712 Y136.336 E.01433
G1 X109.017 Y136.031 E.01472
G1 X109.361 Y135.687 F30000
G1 F12000
G1 X110.97 Y134.078 E.07758
G1 X110.422 Y134.078 E.0187
G1 X109.217 Y135.283 E.05809
G1 X108.967 Y134.985 E.01327
G1 X109.873 Y134.078 E.04371
G1 X109.325 Y134.078 E.0187
G1 X108.332 Y135.071 E.04789
G1 X107.783 Y135.071 E.0187
G1 X108.776 Y134.078 E.04789
G1 X108.228 Y134.078 E.0187
G1 X107.524 Y134.782 E.03393
G1 X107.524 Y134.233 E.0187
G1 X107.849 Y133.908 E.01566
G1 E-.728 F1800
;WIPE_START
G1 F30000
G1 X107.524 Y134.233 E-.02757
G1 X107.524 Y134.782 E-.03291
G1 X107.66 Y134.646 E-.01153
;WIPE_END
G1 X111.288 Y136.798 Z1.6
G1 Z1.2
G1 E.8 F1800
SET_VELOCITY_LIMIT ACCEL=3000
;TYPE:Gap infill
;WIDTH:0.0909697
G1 F15000
G1 X111.275 Y136.826 E.00012
;WIDTH:0.114444
G1 X111.184 Y136.946 E.00087
;WIDTH:0.155795
G1 X111.093 Y137.066 E.00137
;WIDTH:0.208891
G1 X111.002 Y137.187 E.00202
G1 X110.598 Y137.557 E.00733
G1 E-.75807 F1800
;WIPE_START
G1 F30000
G1 X111.002 Y137.187 E-.03287
G1 X111.093 Y137.066 E-.00906
;WIPE_END
G1 X111.819 Y137.606 Z1.6
G1 Z1.2
G1 E.8 F1800
;WIDTH:0.505648
G1 F14035.989
G1 X111.819 Y138.952 E.05024
G1 E-.728 F1800
;WIPE_START
G1 F30000
G1 X111.819 Y137.752 E-.072
;WIPE_END
G1 X112.709 Y139.595 Z1.6
G1 Z1.2
G1 E.8 F1800
;TYPE:Internal solid infill
;WIDTH:0.54275
G1 F12994.126
G1 X112.23 Y139.595 E.01933
G1 X112.251 Y140.482 E.03575
;WIDTH:0.55206
G1 F12756.521
G1 X112.232 Y140.612 E.00542
;WIDTH:0.514328
G1 F13777.553
G1 X112.213 Y140.743 E.00502
;WIDTH:0.476597
G1 F14976.254
G1 X112.194 Y140.873 E.00462
;WIDTH:0.420847
G1 F15000
G1 X112.175 Y141.004 E.00402
G1 X112.175 Y141.432 E.01305
G1 X112.363 Y141.488 E.00598
G1 X112.433 Y141.598 E.00396
G1 X112.358 Y142.064 E.0144
G1 X112.729 Y142.38 E.01485
G1 X113.034 Y142.777 E.01526
G1 X113.276 Y143.315 E.01798
;WIDTH:0.438966
G1 X113.324 Y143.476 E.00536
;WIDTH:0.4769
G1 F14965.772
G1 X113.371 Y143.637 E.00587
;WIDTH:0.53248
G1 F13266.717
G1 X113.419 Y143.798 E.00663
G1 X113.4 Y144.083 E.01128
G1 X113.579 Y144.045 E.0072
G1 X113.781 Y144.198 E.01001
G1 X113.91 Y144.237 E.00532
G1 X113.908 Y143.712 E.02073
;WIDTH:0.517968
G1 F13671.996
G1 X113.927 Y143.536 E.00677
;WIDTH:0.47878
G1 F14901.218
G1 X113.947 Y143.361 E.00621
;WIDTH:0.421346
G1 F15000
G1 X113.967 Y143.185 E.00539
G1 X113.967 Y142.283 E.02755
G1 X113.764 Y142.206 E.00662
G1 X113.716 Y142.048 E.00503
G1 X113.764 Y141.733 E.00973
G1 X113.523 Y141.577 E.00877
G1 X113.188 Y141.201 E.01536
;WIDTH:0.440174
G1 X113.059 Y140.959 E.0088
;WIDTH:0.480524
G1 F14841.833
G1 X112.929 Y140.717 E.0097
;WIDTH:0.528242
G1 F13382.546
G1 X112.8 Y140.475 E.01076
G1 X112.719 Y139.961 E.02036
G1 X112.71 Y139.635 E.01276
G1 E-.73275 F1800
;WIPE_START
G1 F30000
G1 X112.719 Y139.961 E-.01955
G1 X112.8 Y140.475 E-.03121
G1 X112.929 Y140.717 E-.01649
;WIPE_END
G1 X112.622 Y141.124 Z1.6
G1 Z1.2
G1 E.8 F1800
;WIDTH:0.559438
G1 F12574.287
G1 X112.8 Y141.386 E.01321
G1 X112.823 Y141.42 F30000
;WIDTH:0.501271
G1 F14170.05
G1 X112.827 Y141.537 E.00434
;WIDTH:0.469547
G1 F15000
G1 X112.831 Y141.654 E.00404
;WIDTH:0.43596
G1 X112.774 Y141.897 E.00791
;WIDTH:0.443034
G1 X112.934 Y142.028 E.00665
;WIDTH:0.492632
G1 F14442.249
G1 X113.093 Y142.158 E.00747
;WIDTH:0.54223
G1 F13007.662
G1 X113.253 Y142.288 E.0083
;WIDTH:0.560938
G1 F12537.89
G1 X113.302 Y142.33 E.0027
G1 X113.291 Y142.143 E.00786
;WIDTH:0.502352
G1 F14136.706
G1 X113.312 Y142.037 E.004
;WIDTH:0.475459
G1 F15000
G1 X113.333 Y141.931 E.00376
G1 X112.879 Y141.492 E.02205
;WIDTH:0.494543
G1 F14381.121
G1 X112.847 Y141.451 E.00187
G1 E-.79692 F1800
;WIPE_START
G1 F30000
G1 X112.879 Y141.492 E-.00308
;WIPE_END
G1 X113.302 Y142.33 Z1.6
G1 Z1.2
G1 E.8 F1800
;WIDTH:0.591838
G1 F11832.087
G1 X113.466 Y142.567 E.01275
G1 E-.78272 F1800
;WIPE_START
G1 F30000
G1 X113.302 Y142.33 E-.01728
;WIPE_END
G1 X114.149 Y141.809 Z1.6
G1 Z1.2
G1 E.8 F1800
;TYPE:Gap infill
;WIDTH:0.197208
G1 F15000
G1 X114.333 Y141.838 E.00231
;WIDTH:0.184318
G1 X114.864 Y141.851 E.00606
G1 X115.072 Y141.832 E.00238
;WIDTH:0.228665
G1 X115.264 Y141.813 E.0029
;WIDTH:0.251549
G1 X115.288 Y141.809 E.00041
G1 X115 Y141.915 F30000
;WIDTH:0.444974
G1 F15000
G1 X116.363 Y141.529 E.04592
G1 E-.728 F1800
;WIPE_START
G1 F30000
G1 X115.208 Y141.856 E-.072
;WIPE_END
G1 X119.653 Y141.849 Z1.6
G1 Z1.2
G1 E.8 F1800
;WIDTH:0.192966
G1 F15000
G1 X122.102 Y141.84 E.02964
;WIDTH:0.212417
G1 X122.358 Y141.82 E.00351
;WIDTH:0.252073
G1 X122.602 Y141.801 E.00414
;WIDTH:0.276269
G1 X122.869 Y141.761 E.00508
G1 X123.401 Y142.249 F30000
;TYPE:Internal solid infill
;WIDTH:0.709218
G1 F9747.659
G1 X123.403 Y141.791 E.02463
G1 X123.931 Y141.8 F30000
;TYPE:Gap infill
;WIDTH:0.209983
G1 F15000
G1 X124.155 Y141.826 E.00305
;WIDTH:0.190812
G1 X124.38 Y141.851 E.0027
;WIDTH:0.181771
G1 X124.909 Y141.839 E.00592
;WIDTH:0.208956
G1 X125.096 Y141.811 E.00254
;WIDTH:0.236029
G1 X125.264 Y141.785 E.00264
G1 E-.78983 F1800
;WIPE_START
G1 F30000
G1 X125.096 Y141.811 E-.01017
;WIPE_END
G1 X124.425 Y145.695 Z1.6
G1 Z1.2
G1 E.8 F1800
SET_VELOCITY_LIMIT ACCEL=1500
;TYPE:Top surface
;WIDTH:0.426067
G1 F12000
G1 X123.611 Y146.509 E.03878
G1 X123.069 Y146.509 E.01825
G1 X124.482 Y145.096 E.06731
G1 X124.844 Y144.192 E.03279
G1 X122.769 Y146.267 E.09884
G1 X122.617 Y145.877 E.0141
G1 X125.206 Y143.289 E.12331
G1 X125.525 Y142.491 E.02895
G1 X125.462 Y142.491 E.00214
G1 X123.848 Y144.105 E.07691
G1 X123.832 Y144.121 F30000
G1 F12000
G1 X122.466 Y145.487 E.06508
G1 X122.314 Y145.097 E.0141
G1 X124.92 Y142.491 E.12416
G1 X124.378 Y142.491 E.01825
G1 X124.222 Y142.647 E.00743
G1 X123.968 Y143.309 E.02388
G1 X123.561 Y143.309 E.01372
G1 X122.162 Y144.707 E.06663
G1 X122.01 Y144.317 E.0141
G1 X123.019 Y143.309 E.04806
G1 X122.819 Y143.309 E.00673
G1 X122.728 Y143.058 E.00899
G1 X121.858 Y143.927 E.04143
G1 X121.706 Y143.538 E.0141
G1 X122.583 Y142.66 E.04179
G1 X122.522 Y142.491 E.00607
G1 X122.211 Y142.491 E.01047
G1 X121.186 Y143.516 E.04881
G1 X120.644 Y143.516 E.01825
G1 X121.669 Y142.491 E.04881
G1 X121.127 Y142.491 E.01825
G1 X119.933 Y143.685 E.0569
G1 E-.728 F1800
;WIPE_START
G1 F30000
G1 X120.781 Y142.837 E-.072
;WIPE_END
G1 X119.722 Y146.064 Z1.6
G1 Z1.2
G1 E.8 F1800
G1 F12000
G1 X119.306 Y146.48 E.01981
G1 X118.764 Y146.48 E.01825
G1 X119.552 Y145.692 E.03753
G1 X119.552 Y145.15 E.01825
G1 X118.407 Y146.295 E.05454
G1 X118.407 Y145.753 E.01825
G1 X119.552 Y144.608 E.05454
G1 X119.552 Y144.066 E.01825
G1 X117.265 Y146.353 E.10895
G1 X117.024 Y146.45 E.00874
G1 X116.58 Y146.496 E.01504
G1 X120.585 Y142.491 E.1908
G1 X120.043 Y142.491 E.01825
G1 X118.407 Y144.127 E.07796
G1 X118.407 Y143.586 E.01825
G1 X119.502 Y142.491 E.05215
G1 X118.96 Y142.491 E.01825
G1 X118.407 Y143.044 E.02633
G1 X118.407 Y142.502 E.01825
G1 X118.588 Y142.321 E.0086
G1 E-.728 F1800
;WIPE_START
G1 F30000
G1 X118.407 Y142.502 E-.01533
G1 X118.407 Y143.044 E-.03251
G1 X118.692 Y142.759 E-.02416
;WIPE_END
G1 X117.969 Y144.566 Z1.6
G1 Z1.2
G1 E.8 F1800
G1 F12000
G1 X116.034 Y146.5 E.09216
G1 X115.488 Y146.505 E.0184
G1 X117.639 Y144.354 E.10247
G1 X117.502 Y144.195 E.00705
G1 X117.358 Y144.092 E.00596
G1 X114.942 Y146.509 E.11512
G1 X114.731 Y146.511 E.00709
G1 X114.731 Y146.178 E.01122
G1 X116.985 Y143.923 E.10738
G1 X116.506 Y143.861 E.01628
G1 X114.731 Y145.636 E.08456
G1 X114.731 Y145.094 E.01825
G1 X115.972 Y143.853 E.05911
G1 X115.876 Y143.852 E.00323
G1 X115.876 Y143.407 E.01498
G1 X114.731 Y144.552 E.05454
G1 X114.731 Y144.01 E.01825
G1 X115.876 Y142.865 E.05454
G1 X115.876 Y142.491 E.01261
G1 X115.709 Y142.491 E.00564
G1 X114.731 Y143.468 E.04657
G1 X114.731 Y142.927 E.01825
G1 X115.337 Y142.321 E.02884
G1 E-.728 F1800
;WIPE_START
G1 F30000
G1 X114.731 Y142.927 E-.05136
G1 X114.731 Y143.271 E-.02064
;WIPE_END
G1 X112.677 Y144.605 Z1.6
G1 Z1.2
G1 E.8 F1800
;WIDTH:0.426909
G1 F12000
G1 X112.038 Y145.244 E.03049
G1 X111.8 Y145.403 E.00965
G1 X111.517 Y145.515 E.01027
G1 X111.169 Y145.57 E.0119
G1 X112.597 Y144.141 E.06818
G1 X112.597 Y143.848 E.0099
G1 X112.56 Y143.636 E.00728
G1 X110.67 Y145.525 E.09021
G1 X110.439 Y145.469 E.00803
G1 X110.27 Y145.383 E.00642
G1 X112.419 Y143.234 E.1026
G1 X112.266 Y142.999 E.00946
G1 X112.189 Y142.921 E.00371
G1 X111.283 Y143.827 E.04326
G1 X110.84 Y144.27 F30000
G1 F12000
G1 X109.952 Y145.158 E.04238
G1 X109.739 Y144.896 E.0114
G1 X109.716 Y144.85 E.00172
G1 X110.633 Y143.934 E.04376
G1 X110.643 Y143.782 E.00514
G1 X110.697 Y143.632 E.00537
G1 X110.848 Y143.458 E.00777
G1 X111.005 Y143.417 E.00547
G1 X111.143 Y143.424 E.00468
G1 X111.894 Y142.673 E.03585
G1 X111.797 Y142.608 E.00394
G1 X111.526 Y142.498 E.00988
G1 X109.537 Y144.487 E.09496
G1 X109.368 Y144.145 E.01288
G1 X108.984 Y144.892 E.02837
G1 X108.792 Y145.13 E.01032
G1 X108.557 Y145.326 E.01033
G1 X108.288 Y145.466 E.01022
G1 X107.927 Y145.554 E.01256
G1 X111.041 Y142.44 E.14866
G1 X110.851 Y142.442 E.0064
G1 X110.556 Y142.503 E.01019
G1 X110.354 Y142.583 E.00731
G1 X107.39 Y145.548 E.14154
G1 X107.257 Y145.528 E.00452
G1 X106.968 Y145.427 E.01036
G1 X109.08 Y143.314 E.10085
G1 X108.982 Y143.123 E.00726
G1 X108.869 Y142.983 E.00609
G1 X107.912 Y143.94 E.0457
G1 X107.51 Y144.342 F30000
G1 F12000
G1 X106.641 Y145.21 E.04146
G1 X106.485 Y145.062 E.00729
G1 X106.389 Y144.919 E.00579
G1 X107.257 Y144.052 E.04142
G1 X107.257 Y143.848 E.00687
G1 X107.301 Y143.679 E.0059
G1 X107.48 Y143.422 E.01057
G1 X107.867 Y143.442 E.01306
G1 X108.591 Y142.718 E.03458
G1 X108.286 Y142.544 E.01184
G1 X108.236 Y142.529 E.00176
G1 X106.148 Y144.618 E.09972
G1 X105.712 Y144.75 E.01536
G1 X105.713 Y145.053 E.0102
G1 X105.248 Y145.517 E.02217
G1 X104.705 Y145.517 E.01833
G1 X107.782 Y142.44 E.14688
G1 X107.677 Y142.431 E.00354
G1 X107.377 Y142.457 E.01019
G1 X107.166 Y142.514 E.00738
G1 X104.113 Y145.567 E.14575
G1 X103.799 Y145.553 E.01061
G1 X103.635 Y145.501 E.00579
G1 X105.844 Y143.292 E.10545
G1 X105.71 Y143.259 E.00467
G1 X105.709 Y142.884 E.01263
G1 X104.6 Y143.994 E.05296
G1 X104.594 Y143.82 E.00585
G1 X104.489 Y143.561 E.00945
G1 X105.806 Y142.244 E.06287
G1 E-.728 F1800
;WIPE_START
G1 F30000
G1 X104.958 Y143.093 E-.072
;WIPE_END
G1 X104.149 Y144.444 Z1.6
G1 Z1.2
G1 E.8 F1800
G1 F12000
G1 X103.284 Y145.31 E.04132
G1 X103.119 Y145.161 E.0075
G1 X103.023 Y145.027 E.00555
G1 X104.056 Y143.994 E.04932
G1 E-.728 F1800
;WIPE_START
G1 F30000
G1 X103.208 Y144.842 E-.072
;WIPE_END
G1 X102.712 Y144.795 Z1.6
G1 Z1.2
G1 E.8 F1800
G1 F12000
G1 X105.523 Y141.984 E.13422
G1 X105.442 Y141.856 E.00511
G1 X105.271 Y141.693 E.00798
G1 X101.445 Y145.52 E.18266
G1 X101.172 Y145.57 E.00937
G1 X100.853 Y145.568 E.01076
G1 X104.901 Y141.52 E.19327
G1 X104.846 Y141.495 E.00206
G1 X104.436 Y141.443 E.01396
G1 X100.429 Y145.449 E.19128
G1 X100.33 Y145.407 E.00364
G1 X100.097 Y145.238 E.0097
G1 X100.982 Y144.353 E.04226
G1 X101.324 Y144.37 E.01155
G1 X101.414 Y143.921 E.01545
G1 X105.168 Y140.167 E.17922
G1 X105.248 Y140.045 E.00493
G1 X104.844 Y139.948 E.01402
G1 X103.474 Y141.318 E.06537
G1 X103.089 Y141.16 E.01407
G1 X104.546 Y139.703 E.06959
G1 E-.728 F1800
;WIPE_START
G1 F30000
G1 X103.698 Y140.551 E-.072
;WIPE_END
G1 X105.13 Y138.576 Z1.6
G1 Z1.2
G1 E.8 F1800
G1 F12000
G1 X104.205 Y139.501 E.04417
G1 X104.275 Y139.683 E.0066
G1 X103.947 Y140.177 E.02001
G1 X103.869 Y140.246 E.00351
G1 X103.775 Y140.291 E.00352
G1 X103.664 Y140.313 E.00383
G1 X103.51 Y140.304 E.00522
G1 X103.435 Y140.271 E.00275
G1 X102.729 Y140.977 E.03373
G1 X102.595 Y140.884 E.0055
G1 X102.443 Y140.72 E.00755
G1 X103.162 Y140.001 E.03433
G1 X103.123 Y139.911 E.00331
G1 X103.091 Y139.738 E.00594
G1 X103.086 Y139.534 E.00689
G1 X102.102 Y140.518 E.04697
G1 E-.728 F1800
;WIPE_START
G1 F30000
G1 X102.951 Y139.669 E-.072
;WIPE_END
G1 X103.922 Y139.241 Z1.6
G1 Z1.2
G1 E.8 F1800
G1 F12000
G1 X104.83 Y138.333 E.04335
G1 X104.709 Y138.17 E.00687
G1 X104.568 Y138.052 E.00619
G1 X103.735 Y138.885 E.03977
G1 E-.728 F1800
;WIPE_START
G1 F30000
G1 X104.568 Y138.052 E-.07068
G1 X104.585 Y138.066 E-.00132
;WIPE_END
G1 X104.356 Y137.721 Z1.6
G1 Z1.2
G1 E.8 F1800
G1 F12000
G1 X100.901 Y141.176 E.16498
G1 X100.737 Y141.209 E.00564
G1 X100.349 Y141.185 E.01312
G1 X103.791 Y137.743 E.16435
G1 X103.291 Y137.759 E.01689
G1 X103.207 Y137.783 E.00295
G1 X99.973 Y141.018 E.15441
G1 X99.769 Y140.826 E.00945
G1 X99.714 Y140.734 E.00363
M73 P70 R6
G1 X101.731 Y138.717 E.09628
G1 X101.579 Y138.326 E.01417
G1 X99.545 Y140.359 E.09709
G1 X99.511 Y140.256 E.00367
G1 X99.453 Y139.908 E.01191
G1 X101.47 Y137.892 E.09627
G1 E-.728 F1800
;WIPE_START
G1 F30000
G1 X100.621 Y138.74 E-.072
;WIPE_END
G1 X101.929 Y136.89 Z1.6
G1 Z1.2
G1 E.8 F1800
G1 F12000
G1 X99.437 Y139.381 E.11893
G1 X99.491 Y138.785 E.02021
G1 X101.759 Y136.517 E.10829
G1 X101.759 Y135.974 E.01833
G1 X100.565 Y137.167 E.05698
G1 E-.728 F1800
;WIPE_START
G1 F30000
G1 X101.414 Y136.319 E-.072
;WIPE_END
G1 X102.561 Y135.171 Z1.6
G1 Z1.2
G1 E.8 F1800
G1 F12000
G1 X103.265 Y134.467 E.03361
G1 X103.265 Y134.078 E.01314
G1 X103.111 Y134.078 E.00519
G1 X102.188 Y135.002 E.04409
G1 X101.759 Y135.002 E.01447
G1 X101.759 Y135.43 E.01447
G1 X100.348 Y136.842 E.06738
G1 E-.728 F1800
;WIPE_START
G1 F30000
G1 X101.196 Y135.993 E-.072
;WIPE_END
G1 X102.15 Y142.642 Z1.6
G1 Z1.2
G1 E.8 F1800
G1 F12000
G1 X101.289 Y143.503 E.04111
G1 X101.266 Y143.447 E.00204
G1 X100.747 Y143.535 E.01778
G1 X100.728 Y144.064 E.01786
G1 X99.729 Y145.063 E.04771
G1 E-.728 F1800
;WIPE_START
G1 F30000
G1 X100.577 Y144.215 E-.072
;WIPE_END
G1 X99.386 Y145.949 Z1.6
G1 Z1.2
G1 E.8 F1800
G1 F12000
G1 X98.826 Y146.509 E.02674
G1 X98.283 Y146.509 E.01833
G1 X99.386 Y145.406 E.05266
G1 E-.728 F1800
;WIPE_START
G1 F30000
G1 X98.537 Y146.255 E-.072
;WIPE_END
G1 X97.57 Y146.679 Z1.6
G1 Z1.2
G1 E.8 F1800
G1 F12000
G1 X101.699 Y142.55 E.19711
G1 X101.526 Y142.487 E.00621
G1 X101.261 Y142.445 E.00906
G1 X97.197 Y146.509 E.19404
G1 X96.654 Y146.509 E.01833
G1 X97.681 Y145.482 E.04904
G1 X98.108 Y145.482 E.01442
G1 X98.108 Y145.055 E.01442
G1 X100.684 Y142.479 E.12299
G1 X100.557 Y142.503 E.00438
G1 X100.258 Y142.635 E.01103
G1 X100.009 Y142.835 E.01079
G1 X99.667 Y143.288 E.01916
G1 X99.416 Y143.204 E.00895
G1 X98.108 Y144.512 E.06242
G1 X98.108 Y143.969 E.01833
G1 X99.216 Y142.86 E.05291
G1 X99.216 Y142.491 E.01248
G1 X99.043 Y142.491 E.00586
G1 X97.848 Y143.685 E.05702
G1 E-.728 F1800
;WIPE_START
G1 F30000
G1 X98.697 Y142.837 E-.072
;WIPE_END
G1 X97.579 Y145.041 Z1.6
G1 Z1.2
G1 E.8 F1800
G1 F12000
G1 X96.111 Y146.509 E.07009
G1 X95.568 Y146.509 E.01833
G1 X97.409 Y144.668 E.08792
G1 X97.409 Y144.125 E.01833
G1 X95.025 Y146.509 E.11384
G1 X94.482 Y146.509 E.01833
G1 X98.5 Y142.491 E.19183
G1 X97.957 Y142.491 E.01833
G1 X94.457 Y145.991 E.16709
G1 X94.457 Y145.448 E.01833
G1 X97.414 Y142.491 E.14116
G1 X96.871 Y142.491 E.01833
G1 X94.457 Y144.905 E.11524
G1 X94.457 Y144.362 E.01833
G1 X96.328 Y142.491 E.08931
G1 X95.785 Y142.491 E.01833
G1 X94.457 Y143.819 E.06339
G1 X94.457 Y143.276 E.01833
G1 X95.241 Y142.491 E.03746
G1 X94.698 Y142.491 E.01833
G1 X94.287 Y142.902 E.01964
G1 E-.728 F1800
;WIPE_START
G1 F30000
G1 X94.698 Y142.491 E-.0349
G1 X95.241 Y142.491 E-.03258
G1 X95.188 Y142.544 E-.00452
;WIPE_END
G1 X98.522 Y141.383 Z1.6
G1 Z1.2
G1 E.8 F1800
G1 F12000
G1 X98.741 Y141.164 E.01044
G1 X98.741 Y140.621 E.01833
G1 X98.149 Y141.213 E.02827
G1 X97.941 Y141.213 E.00702
G1 X97.823 Y140.996 E.00834
G1 X98.741 Y140.078 E.04383
G1 X98.741 Y139.535 E.01833
G1 X97.578 Y140.698 E.05551
G1 X97.402 Y140.568 E.00737
G1 X97.242 Y140.491 E.00601
G1 X98.741 Y138.992 E.07156
G1 X98.741 Y138.449 E.01833
G1 X96.132 Y141.054 E.12447
G1 X95.721 Y141.196 E.01469
G1 X95.436 Y141.211 E.00964
G1 X97.175 Y139.472 E.08301
G1 X97.005 Y139.39 E.00636
G1 X97.005 Y139.499 E.00366
G1 X96.546 Y139.646 E.01626
G1 X96.509 Y139.594 E.00213
G1 X94.984 Y141.12 E.07283
G1 X94.757 Y141.029 E.00823
G1 X94.631 Y140.93 E.00543
G1 X96.405 Y139.156 E.0847
G1 E-.728 F1800
;WIPE_START
G1 F30000
G1 X95.556 Y140.004 E-.072
;WIPE_END
G1 X96.799 Y138.218 Z1.6
G1 Z1.2
G1 E.8 F1800
G1 F12000
G1 X94.4 Y140.617 E.1145
G1 X94.242 Y140.232 E.01405
G1 X94.769 Y139.705 E.02514
G1 X94.948 Y139.526 F30000
G1 F12000
G1 X96.629 Y137.845 E.08027
G1 X96.629 Y137.496 E.01177
G1 X96.983 Y137.491 E.01195
G1 X96.983 Y136.948 E.01833
G1 X95.594 Y138.337 E.06632
G1 X95.654 Y138.337 E.00204
G1 X95.39 Y138.985 E.02361
G1 X95.199 Y138.733 E.0107
G1 X94.796 Y139.135 E.01922
G1 X94.776 Y139.115 E.00096
G1 X94.546 Y138.842 E.01205
G1 X96.817 Y136.571 E.10842
G1 X96.274 Y136.571 E.01833
G1 X94.334 Y138.511 E.09265
G1 X94.214 Y138.088 E.01485
G1 X96.095 Y136.207 E.08979
G1 X96.095 Y135.664 E.01833
G1 X94.181 Y137.578 E.09138
G1 X94.181 Y137.035 E.01833
G1 X94.645 Y136.571 E.02217
G1 X95.071 Y136.571 E.01438
G1 X95.071 Y136.145 E.01438
G1 X96.095 Y135.121 E.04888
G1 X96.095 Y134.578 E.01833
G1 X95.071 Y135.602 E.04888
G1 X95.071 Y135.059 E.01833
G1 X96.052 Y134.078 E.04681
G1 X95.509 Y134.078 E.01833
G1 X94.901 Y134.685 E.02899
G1 E-.728 F1800
;WIPE_START
G1 F30000
G1 X95.509 Y134.078 E-.05152
G1 X95.85 Y134.078 E-.02048
;WIPE_END
G1 X97.578 Y139.068 Z1.6
G1 Z1.2
G1 E.8 F1800
G1 F12000
G1 X98.741 Y137.906 E.05552
G1 X98.741 Y137.548 E.01206
G1 X99.14 Y137.506 E.01356
G1 X102.568 Y134.078 E.16366
G1 X102.025 Y134.078 E.01833
G1 X97.748 Y138.356 E.20422
G1 X97.748 Y137.813 E.01833
G1 X101.482 Y134.078 E.17829
G1 X100.939 Y134.078 E.01833
G1 X100.735 Y134.282 E.00974
G1 X100.735 Y134.796 E.01733
G1 X100.252 Y134.93 E.01692
G1 X100.19 Y134.827 E.00407
G1 X99.357 Y135.66 E.03977
G1 X99.318 Y135.402 E.00883
G1 X99.242 Y135.233 E.00627
G1 X100.08 Y134.394 E.04005
G1 E-.728 F1800
;WIPE_START
G1 F30000
G1 X99.242 Y135.233 E-.07118
G1 X99.247 Y135.245 E-.00082
;WIPE_END
G1 X98.604 Y136.413 Z1.6
G1 Z1.2
G1 E.8 F1800
G1 F12000
G1 X97.749 Y137.269 E.04084
G1 X97.475 Y137 E.01296
G1 X98.346 Y136.128 E.04162
G1 E-.728 F1800
;WIPE_START
G1 F30000
G1 X97.498 Y136.976 E-.072
;WIPE_END
G1 X97.092 Y136.839 Z1.6
G1 Z1.2
G1 E.8 F1800
G1 F12000
G1 X98.141 Y135.79 E.0501
G1 X98.142 Y135.576 E.0072
G1 X98.206 Y135.326 E.00874
G1 X98.27 Y135.207 E.00456
G1 X98.356 Y135.11 E.00436
G1 X98.448 Y135.042 E.00387
G1 X98.62 Y134.978 E.0062
G1 X98.824 Y134.968 E.00688
G1 X98.939 Y134.992 E.00398
G1 X99.662 Y134.27 E.03449
G1 X99.572 Y134.21 E.00364
G1 X99.288 Y134.1 E.01027
G1 X97.132 Y136.257 E.10298
G1 X97.093 Y136.005 E.00858
G1 X97.092 Y135.753 E.0085
G1 X98.812 Y134.033 E.08211
G1 X98.572 Y134.033 E.00809
G1 X98.197 Y134.105 E.01289
G1 X96.965 Y135.337 E.05882
G1 E-.728 F1800
;WIPE_START
G1 F30000
G1 X97.813 Y134.489 E-.072
;WIPE_END
G1 X100.294 Y137.601 Z1.6
G1 Z1.2
G1 E.8 F1800
SET_VELOCITY_LIMIT ACCEL=3000
;TYPE:Gap infill
;WIDTH:0.256086
G1 F15000
G1 X100.049 Y137.809 E.00553
;WIDTH:0.284871
G1 X99.804 Y138.017 E.00628
G1 X99.614 Y138.233 E.0056
;WIDTH:0.244553
G1 X99.531 Y138.356 E.00241
;WIDTH:0.203616
G1 X99.447 Y138.479 E.00192
;WIDTH:0.183147
G1 X99.364 Y138.602 E.00168
G1 E-.7911 F1800
;WIPE_START
G1 F30000
G1 X99.447 Y138.479 E-.0089
;WIPE_END
G1 X103.409 Y141.498 Z1.6
G1 Z1.2
G1 E.8 F1800
;WIDTH:0.312432
G1 F15000
G1 X103.091 Y141.764 E.00901
;WIDTH:0.312196
G1 X102.946 Y141.945 E.00505
;WIDTH:0.262413
G1 X102.801 Y142.127 E.00411
;WIDTH:0.212629
G1 X102.655 Y142.308 E.00318
;WIDTH:0.162845
G1 X102.51 Y142.489 E.00225
;WIDTH:0.137953
G1 X102.365 Y142.67 E.00178
G1 E-.78606 F1800
;WIPE_START
G1 F30000
G1 X102.51 Y142.489 E-.01394
;WIPE_END
G1 X105.116 Y140.519 Z1.6
G1 Z1.2
G1 E.8 F1800
;WIDTH:0.110822
G1 F15000
G1 X104.971 Y140.698 E.00126
;WIDTH:0.158529
G1 X104.827 Y140.876 E.00214
G1 X104.537 Y141.139 E.00365
;WIDTH:0.141101
G1 X104.39 Y141.243 E.00143
G1 E-.78917 F1800
;WIPE_START
G1 F30000
G1 X104.537 Y141.139 E-.01083
;WIPE_END
G1 X106.947 Y142.434 Z1.6
G1 Z1.2
G1 E.8 F1800
;WIDTH:0.107111
G1 F15000
G1 X106.848 Y142.503 E.00062
;WIDTH:0.144992
G1 X106.75 Y142.573 E.00099
;WIDTH:0.189987
G1 X106.501 Y142.789 E.00391
G1 X106.284 Y143.028 E.00383
;WIDTH:0.160144
G1 X106.212 Y143.125 E.00114
;WIDTH:0.125338
G1 X106.14 Y143.222 E.0008
;WIDTH:0.107936
G1 X106.106 Y143.277 E.00034
G1 E-.79609 F1800
;WIPE_START
G1 F30000
G1 X106.14 Y143.222 E-.00391
;WIPE_END
G1 X102.45 Y144.829 Z1.6
G1 Z1.2
G1 E.8 F1800
;WIDTH:0.144407
G1 F15000
G1 X102.303 Y145.009 E.0019
;WIDTH:0.173659
G1 X102.155 Y145.188 E.00245
G1 X101.811 Y145.499 E.00488
;WIDTH:0.133177
G1 X101.738 Y145.548 E.00065
;WIDTH:0.118174
G1 X101.664 Y145.598 E.00054
G1 E-.79467 F1800
;WIPE_START
G1 F30000
G1 X101.738 Y145.548 E-.00533
;WIPE_END
G1 X102.953 Y138.013 Z1.6
G1 X103.008 Y137.674 Z1.6
G1 Z1.2
G1 E.8 F1800
;WIDTH:0.144148
G1 F15000
G1 X102.838 Y137.802 E.00173
;WIDTH:0.191565
G1 X102.668 Y137.929 E.00255
;WIDTH:0.227252
G1 X102.419 Y138.162 E.00507
;WIDTH:0.215025
G1 X102.214 Y138.411 E.00447
M73 P70 R5
;WIDTH:0.190822
G1 X102.009 Y138.659 E.00385
G1 E-.78066 F1800
;WIPE_START
G1 F30000
G1 X102.214 Y138.411 E-.01934
;WIPE_END
G1 X100.272 Y136.767 Z1.6
G1 Z1.2
G1 E.8 F1800
;WIDTH:0.271722
G1 F15000
G1 X100.106 Y136.979 E.00498
G1 X99.867 Y137.222 E.00629
;WIDTH:0.267985
G1 X99.64 Y137.408 E.00534
;WIDTH:0.250718
G1 X99.412 Y137.595 E.00493
G1 E-.78234 F1800
;WIPE_START
G1 F30000
G1 X99.64 Y137.408 E-.01766
;WIPE_END
G1 X97.97 Y134.016 Z1.6
G1 Z1.2
G1 E.8 F1800
;WIDTH:0.149758
G1 F15000
G1 X97.785 Y134.167 E.00206
;WIDTH:0.193489
G1 X97.6 Y134.318 E.0029
G1 X97.35 Y134.572 E.00432
;WIDTH:0.17817
G1 X97.272 Y134.677 E.00143
;WIDTH:0.142169
G1 X97.193 Y134.783 E.00105
;WIDTH:0.124169
G1 X97.115 Y134.888 E.00086
G1 E-.79212 F1800
;WIPE_START
G1 F30000
G1 X97.193 Y134.783 E-.00788
;WIPE_END
G1 X96.924 Y133.982 Z1.6
G1 Z1.2
G1 E.8 F1800
;TYPE:Internal solid infill
;WIDTH:0.492412
G1 F14449.3
G1 X96.868 Y133.982 E.00204
G1 X96.84 Y134.03 E.00204
G1 X96.868 Y134.079 E.00204
G1 X96.932 Y134.065 E.00239
G1 X96.271 Y133.654 F30000
;TYPE:Gap infill
;WIDTH:0.538614
G1 F13102.529
G1 X94.895 Y133.654 E.05504
G1 E-.728 F1800
;WIPE_START
G1 F30000
G1 X96.095 Y133.654 E-.072
;WIPE_END
G1 X94.323 Y135.822 Z1.6
G1 Z1.2
G1 E.8 F1800
;TYPE:Internal solid infill
;WIDTH:0.386137
G1 F15000
G1 X94.324 Y133.981 E.05097
G1 X93.981 Y134.014 E.00953
G1 X93.978 Y135.822 E.05006
G1 X94.283 Y135.822 E.00843
G1 E-.728 F1800
;WIPE_START
G1 F30000
G1 X93.978 Y135.822 E-.01828
G1 X93.98 Y134.927 E-.05372
;WIPE_END
G1 X93.705 Y136.394 Z1.6
G1 Z1.2
G1 E.8 F1800
;TYPE:Gap infill
;WIDTH:0.639358
G1 F10889.401
G1 X93.705 Y137.375 E.04718
G1 X93.743 Y137.399 E.00214
;WIDTH:0.570105
G1 F12319.869
G1 X93.78 Y137.423 E.00189
;WIDTH:0.522563
G1 F13541.017
G1 X93.818 Y137.447 E.00172
;WIDTH:0.47502
G1 F15000
G1 X93.855 Y137.471 E.00155
;WIDTH:0.427478
G1 X93.892 Y137.495 E.00138
;WIDTH:0.379936
G1 X93.93 Y137.519 E.00121
;WIDTH:0.332394
G1 X93.967 Y137.543 E.00104
;WIDTH:0.284851
G1 X94.005 Y137.567 E.00087
G1 E-.79733 F1800
;WIPE_START
G1 F30000
G1 X93.967 Y137.543 E-.00267
;WIPE_END
G1 X93.974 Y139.194 Z1.6
G1 Z1.2
G1 E.8 F1800
;TYPE:Internal solid infill
;WIDTH:0.38292
G1 F15000
G1 X93.91 Y139.231 E.00202
G1 X93.975 Y139.265 E.00202
G1 E-.79116 F1800
;WIPE_START
G1 F30000
G1 X93.91 Y139.231 E-.00442
G1 X93.974 Y139.194 E-.00442
;WIPE_END
G1 X93.806 Y140.938 Z1.6
G1 Z1.2
G1 E.8 F1800
;TYPE:Gap infill
;WIDTH:0.495534
G1 F14349.634
G1 X94.213 Y141.915 E.03865
G1 X94.393 Y141.717 F30000
M73 P71 R5
;WIDTH:0.417582
G1 F15000
G1 X94.506 Y141.739 E.00349
;WIDTH:0.3736
G1 X94.62 Y141.761 E.00308
;WIDTH:0.329618
G1 X94.733 Y141.783 E.00267
;WIDTH:0.285635
G1 X94.847 Y141.805 E.00226
;WIDTH:0.241653
G1 X94.96 Y141.827 E.00185
;WIDTH:0.216683
G1 X94.985 Y141.83 E.00034
;WIDTH:0.185165
G1 X95.45 Y141.853 E.00535
G1 X95.842 Y141.84 E.0045
;WIDTH:0.210779
G1 X95.968 Y141.82 E.00173
G1 X96.086 Y141.753 E.00184
;WIDTH:0.163099
G1 X96.204 Y141.687 E.00131
;WIDTH:0.116579
G1 X96.322 Y141.62 E.00081
G1 E-.79187 F1800
;WIPE_START
G1 F30000
G1 X96.204 Y141.687 E-.00813
;WIPE_END
G1 X97.252 Y141.552 Z1.6
G1 Z1.2
G1 E.8 F1800
;TYPE:Internal solid infill
;WIDTH:0.41666
G1 F15000
G1 X97.077 Y141.284 E.00965
G1 X97.03 Y141.255 E.00165
G1 X96.73 Y141.548 E.01263
G1 X96.787 Y141.648 E.00346
G1 X96.766 Y141.728 E.00248
G1 X97.242 Y141.728 E.01434
G1 X97.25 Y141.592 E.00412
G1 X97.632 Y141.852 F30000
;TYPE:Gap infill
;WIDTH:0.173103
G1 F15000
G1 X99.317 Y141.852 E.01769
G1 X99.485 Y141.768 E.00198
;WIDTH:0.231868
G1 X99.653 Y141.684 E.00287
;WIDTH:0.273856
G1 X99.822 Y141.6 E.0035
G1 X99.903 Y141.822 F30000
;WIDTH:0.338873
G1 F15000
G1 X99.824 Y141.772 E.00223
G1 X99.317 Y141.6 E.01278
G1 X99.317 Y141.246 F30000
;WIDTH:0.389406
G1 F15000
G1 X99.81 Y142.256 E.03141
G1 X99.792 Y142.227 F30000
;WIDTH:0.441693
G1 F15000
G1 X99.998 Y141.894 E.01258
;WIDTH:0.434898
G1 X99.95 Y141.858 E.00188
;WIDTH:0.39388
G1 X99.903 Y141.822 E.00169
G1 X99.792 Y141.934 F30000
;WIDTH:0.22435
G1 F15000
G1 X100.368 Y141.86 E.0085
;WIDTH:0.200598
G1 X100.573 Y141.845 E.00262
;WIDTH:0.153093
G1 X100.779 Y141.831 E.00183
;WIDTH:0.141005
G1 X101.046 Y141.798 E.00213
;WIDTH:0.174469
G1 X101.256 Y141.776 E.00224
G1 E-.78733 F1800
;WIPE_START
G1 F30000
G1 X101.046 Y141.798 E-.01267
;WIPE_END
G1 X102.3 Y141.616 Z1.6
G1 Z1.2
G1 E.8 F1800
;TYPE:Internal solid infill
;WIDTH:0.428887
G1 F15000
G1 X101.999 Y141.373 E.01206
G1 X101.647 Y141.706 E.0151
G1 X101.689 Y141.756 E.00204
G1 X102.139 Y141.869 E.01445
G1 X102.279 Y141.65 E.00808
G1 E-.728 F1800
;WIPE_START
G1 F30000
G1 X102.139 Y141.869 E-.01558
G1 X101.689 Y141.756 E-.02785
G1 X101.647 Y141.706 E-.00392
G1 X101.945 Y141.424 E-.02464
;WIPE_END
G1 X99.169 Y140.586 Z1.6
G1 Z1.2
G1 E.8 F1800
;TYPE:Gap infill
;WIDTH:0.457542
G1 F15000
G1 X99.113 Y140.137 E.0151
;WIDTH:0.419205
G1 X99.097 Y139.941 E.00598
;WIDTH:0.396644
G1 X99.086 Y139.463 E.01366
G1 X99.107 Y138.836 E.01788
;WIDTH:0.438607
G1 X99.136 Y138.563 E.00876
;WIDTH:0.469348
G1 X99.162 Y138.32 E.00843
G1 X99.503 Y137.8 F30000
;WIDTH:0.415302
G1 F15000
G1 X100.559 Y137.194 E.03655
G1 X100.209 Y137.621 F30000
;WIDTH:0.452849
G1 F15000
G1 X100.559 Y136.598 E.03574
G1 E-.73515 F1800
;WIPE_START
G1 F30000
G1 X100.209 Y137.621 E-.06485
;WIPE_END
G1 X100.559 Y133.654 Z1.6
G1 Z1.2
G1 E.8 F1800
;WIDTH:0.538614
G1 F13102.529
G1 X103.441 Y133.654 E.11526
G1 E-.728 F1800
;WIPE_START
G1 F30000
G1 X102.241 Y133.654 E-.072
;WIPE_END
G1 X104.549 Y133.985 Z1.6
G1 Z1.2
G1 E.8 F1800
;TYPE:Internal solid infill
;WIDTH:0.402376
G1 F15000
G1 X104.021 Y133.985 E.01531
G1 X104.021 Y134.597 E.01774
;WIDTH:0.424706
G1 X104.043 Y134.818 E.00683
;WIDTH:0.451627
G1 X104.065 Y135.038 E.00731
G1 X104.366 Y134.236 E.02824
;WIDTH:0.402376
G1 X104.525 Y134.018 E.00784
G1 E-.78378 F1800
;WIPE_START
G1 F30000
G1 X104.366 Y134.236 E-.01622
;WIPE_END
G1 X104.042 Y135.627 Z1.6
G1 Z1.2
G1 E.8 F1800
;WIDTH:0.456292
G1 F15000
G1 X104.063 Y135.078 E.0183
G1 X104.042 Y135.627 F30000
;WIDTH:0.423652
G1 F15000
G1 X103.961 Y135.737 E.00421
G1 X103.149 Y135.766 E.02494
G1 X102.523 Y135.766 E.01921
G1 X102.523 Y137.231 E.04497
G1 X102.711 Y137.133 E.00649
G1 X103.182 Y136.999 E.01506
G1 X103.809 Y136.97 E.01926
G1 X104.256 Y137.047 E.01392
G1 X104.118 Y136.53 E.01643
G1 X104.044 Y135.667 E.02661
G1 X103.671 Y136.165 F30000
;WIDTH:0.467822
G1 F15000
G1 X102.926 Y136.169 E.02553
G1 X102.926 Y136.649 E.01645
G1 X103.161 Y136.597 E.00824
G1 X103.721 Y136.571 E.01922
G1 X103.676 Y136.204 E.01266
G1 E-.728 F1800
;WIPE_START
G1 F30000
G1 X103.721 Y136.571 E-.02216
G1 X103.161 Y136.597 E-.03365
G1 X102.926 Y136.649 E-.01442
G1 X102.926 Y136.62 E-.00177
;WIPE_END
G1 X106.084 Y138.261 Z1.6
G1 Z1.2
G1 E.8 F1800
;WIDTH:0.399473
G1 F15000
G1 X105.634 Y138.26 E.01294
G1 X106.077 Y139.329 E.03329
G1 X106.09 Y139.397 E.00199
G1 X106.084 Y138.301 E.03153
G1 E-.728 F1800
;WIPE_START
G1 F30000
G1 X106.09 Y139.397 E-.06578
G1 X106.077 Y139.329 E-.00415
G1 X106.064 Y139.297 E-.00207
;WIPE_END
G1 X106.083 Y139.466 Z1.6
G1 Z1.2
G1 E.8 F1800
;WIDTH:0.405734
G1 F15000
G1 X106.086 Y139.437 E.00085
G1 X106.062 Y140.22 F30000
;WIDTH:0.447431
G1 F15000
G1 X105.574 Y140.97 E.02922
G1 X105.725 Y141.051 E.00559
G1 X106.061 Y141.378 E.0153
G1 X106.062 Y140.26 E.03648
G1 E-.728 F1800
;WIPE_START
G1 F30000
G1 X106.061 Y141.378 E-.06708
G1 X106.002 Y141.321 E-.00492
;WIPE_END
G1 X106.155 Y142.011 Z1.6
G1 Z1.2
G1 E.8 F1800
;TYPE:Gap infill
;WIDTH:0.256152
G1 F15000
G1 X106.994 Y141.868 E.01463
;WIDTH:0.208776
G1 X107.128 Y141.851 E.00181
;WIDTH:0.173452
G1 X107.262 Y141.833 E.00142
;WIDTH:0.137405
G1 X107.675 Y141.815 E.00315
G1 X108.104 Y141.833 E.00328
;WIDTH:0.172959
G1 X108.307 Y141.862 E.00215
;WIDTH:0.204596
G1 X108.498 Y141.889 E.00252
G1 E-.78839 F1800
;WIPE_START
G1 F30000
G1 X108.307 Y141.862 E-.01161
;WIPE_END
G1 X109.693 Y141.955 Z1.6
G1 Z1.2
G1 E.8 F1800
;TYPE:Internal solid infill
;WIDTH:0.398905
G1 F15000
G1 X108.874 Y141.955 E.02351
G1 X108.886 Y142.009 E.00159
G1 X109.365 Y142.367 E.01719
G1 X109.66 Y142.081 E.0118
G1 X109.683 Y141.993 E.0026
G1 E-.728 F1800
;WIPE_START
G1 F30000
G1 X109.66 Y142.081 E-.00543
G1 X109.365 Y142.367 E-.02466
G1 X108.886 Y142.009 E-.03592
G1 X108.874 Y141.955 E-.00332
G1 X108.919 Y141.955 E-.00267
;WIPE_END
G1 X106.09 Y143.179 Z1.6
G1 Z1.2
G1 E.8 F1800
;TYPE:Gap infill
;WIDTH:0.109408
G1 F15000
G1 X106.042 Y143.267 E.00054
;WIDTH:0.141582
G1 X105.994 Y143.354 E.0008
;WIDTH:0.173305
G1 X105.962 Y143.393 E.00053
G1 X105.94 Y143.533 E.00149
;WIDTH:0.116238
G1 X105.916 Y143.907 E.00222
G1 X105.922 Y144.266 E.00212
;WIDTH:0.129109
G1 X105.94 Y144.431 E.00115
;WIDTH:0.168477
G1 X105.997 Y144.843 E.00421
G1 E-.77504 F1800
;WIPE_START
G1 F30000
G1 X105.94 Y144.431 E-.02496
;WIPE_END
G1 X103.216 Y147.366 Z1.6
G1 Z1.2
G1 E.8 F1800
;TYPE:Internal solid infill
;WIDTH:0.423013
G1 F15000
G1 X103.28 Y147.374 E.00199
;WIDTH:0.408699
G1 X103.345 Y147.382 E.00191
G1 E-.79611 F1800
;WIPE_START
G1 F30000
G1 X103.28 Y147.374 E-.00389
;WIPE_END
G1 X108.359 Y147.393 Z1.6
G1 Z1.2
G1 E.8 F1800
;WIDTH:0.404176
G1 F15000
G1 X108.531 Y147.37 E.00505
;WIDTH:0.451295
G1 X108.702 Y147.347 E.00571
;WIDTH:0.498415
G1 F14258.894
G1 X108.874 Y147.324 E.00637
;WIDTH:0.534901
G1 F13201.428
G1 X108.932 Y147.314 E.00232
;WIDTH:0.547827
G1 F12863.449
G1 X108.99 Y147.304 E.00238
G1 E-.79649 F1800
;WIPE_START
G1 F30000
G1 X108.932 Y147.314 E-.00351
;WIPE_END
G1 X110.035 Y146.934 Z1.6
G1 Z1.2
G1 E.8 F1800
;WIDTH:0.419999
G1 F15000
G1 X109.533 Y146.713 E.01668
G1 X109.356 Y146.616 E.00613
G1 X108.858 Y146.877 E.01711
G1 X108.341 Y147.029 E.0164
;WIDTH:0.438808
G1 X108.242 Y147.059 E.0033
;WIDTH:0.476426
G1 F14982.135
G1 X108.143 Y147.089 E.00362
;WIDTH:0.514044
G1 F13785.852
G1 X108.044 Y147.119 E.00393
;WIDTH:0.565808
G1 F12421.102
G1 X107.945 Y147.149 E.00436
G1 X107.395 Y147.158 E.02318
;WIDTH:0.580622
G1 F12078.911
G1 X107.097 Y147.121 E.01304
;WIDTH:0.595243
G1 F11759.157
G1 X106.798 Y147.084 E.01339
G1 X106.684 Y147.044 E.0054
G1 X106.435 Y147.12 E.01161
G1 X104.643 Y147.12 E.07979
;WIDTH:0.575667
G1 F12191.239
G1 X104.211 Y147.162 E.01869
;WIDTH:0.540701
G1 F13047.61
G1 X103.654 Y147.117 E.0224
;WIDTH:0.494645
G1 F14377.874
G1 X103.382 Y147.022 E.01052
;WIDTH:0.422907
G1 F15000
G1 X103.109 Y146.928 E.00885
G1 X102.285 Y147.752 E.03572
G1 X103.302 Y147.752 E.03118
;WIDTH:0.43887
G1 X103.422 Y147.733 E.00389
;WIDTH:0.47661
G1 F14975.774
G1 X103.543 Y147.714 E.00426
;WIDTH:0.514351
G1 F13776.877
G1 X103.663 Y147.695 E.00463
;WIDTH:0.56812
G1 F12366.421
G1 X103.783 Y147.676 E.00516
G1 X104.476 Y147.676 E.02936
;WIDTH:0.58496
G1 F11982.239
G1 X106.929 Y147.663 E.10722
G1 X107.959 Y147.676 E.04506
;WIDTH:0.551662
G1 F12766.483
G1 X108.08 Y147.695 E.00499
;WIDTH:0.514044
G1 F13785.852
G1 X108.2 Y147.714 E.00463
;WIDTH:0.476426
G1 F14982.135
G1 X108.32 Y147.733 E.00426
;WIDTH:0.422271
G1 F15000
G1 X108.44 Y147.752 E.00372
G1 X109.217 Y147.752 E.02376
G1 X110.007 Y146.962 E.03418
G1 E-.728 F1800
;WIPE_START
G1 F30000
G1 X109.217 Y147.752 E-.06702
G1 X109.134 Y147.752 E-.00498
;WIPE_END
G1 X110.796 Y146.706 Z1.6
G1 Z1.2
G1 E.8 F1800
;WIDTH:0.419999
G1 F15000
G1 X110.104 Y146.562 E.02148
G1 X109.592 Y146.32 E.01724
G1 X109.357 Y146.145 E.00892
G1 X109.001 Y146.381 E.01297
G1 X108.656 Y146.549 E.01168
G1 X108.117 Y146.687 E.01692
G1 X107.543 Y146.718 E.0175
G1 X107.037 Y146.65 E.01552
G1 X106.624 Y146.516 E.01321
G1 X106.374 Y146.659 E.00875
G1 X104.643 Y146.659 E.05262
G1 X104.23 Y146.714 E.01268
G1 X103.673 Y146.69 E.01696
G1 X103.141 Y146.542 E.01681
G1 X103.017 Y146.486 E.00413
G1 X101.374 Y148.129 E.07067
G1 X109.373 Y148.129 E.24328
G1 X110.768 Y146.734 E.05997
G1 E-.728 F1800
;WIPE_START
G1 F30000
G1 X109.919 Y147.583 E-.072
;WIPE_END
G1 X111.817 Y146.219 Z1.6
G1 Z1.2
G1 E.8 F1800
;WIDTH:0.419999
G1 F15000
G1 X111.288 Y146.332 E.01644
G1 X110.757 Y146.329 E.01616
G1 X110.194 Y146.196 E.01759
G1 X109.728 Y145.961 E.01586
G1 X109.348 Y145.658 E.01478
G1 X108.937 Y145.99 E.01607
G1 X108.554 Y146.186 E.01309
G1 X108.096 Y146.31 E.01443
G1 X107.515 Y146.339 E.01768
G1 X107.057 Y146.268 E.0141
G1 X106.479 Y146.026 E.01905
G1 X106.446 Y146.2 E.0054
G1 X106.291 Y146.282 E.00532
G1 X104.512 Y146.282 E.05412
G1 X104.247 Y146.338 E.00824
G1 X103.652 Y146.308 E.0181
G1 X103.212 Y146.163 E.01411
G1 X102.961 Y146.008 E.00895
G1 X100.464 Y148.506 E.10741
G1 X109.604 Y148.506 E.27798
G1 X109.604 Y148.431 E.00227
G1 X111.788 Y146.247 E.09395
G1 E-.728 F1800
;WIPE_START
G1 F30000
G1 X110.94 Y147.096 E-.072
;WIPE_END
G1 X112.461 Y145.74 Z1.6
G1 Z1.2
G1 E.8 F1800
;WIDTH:0.38292
G1 F15000
G1 X112.956 Y145.193 E.02024
G1 E-.75573 F1800
;WIPE_START
G1 F30000
G1 X112.461 Y145.74 E-.04427
;WIPE_END
G1 X112.234 Y148.734 Z1.6
G1 Z1.2
G1 E.8 F1800
;WIDTH:0.420001
G1 F15000
G1 X114.025 Y146.943 E.07706
G1 X114.025 Y146.41 E.01622
G1 X111.87 Y148.565 E.0927
G1 X111.337 Y148.565 E.01622
G1 X114.025 Y145.876 E.11563
G1 X114.025 Y145.343 E.01622
G1 X110.804 Y148.565 E.13857
G1 X110.27 Y148.565 E.01622
G1 X114.025 Y144.81 E.16151
G1 X114.025 Y144.527 E.00859
G1 X113.832 Y144.47 E.00613
G1 X109.617 Y148.685 E.18129
G1 E-.728 F1800
;WIPE_START
G1 F30000
G1 X110.466 Y147.836 E-.072
;WIPE_END
G1 X113.556 Y144.072 Z1.6
G1 Z1.2
G1 E.8 F1800
;TYPE:Gap infill
;WIDTH:0.275201
G1 F15000
G1 X112.985 Y145.051 E.02124
G1 E-.73199 F1800
;WIPE_START
G1 F30000
G1 X113.556 Y144.072 E-.06801
;WIPE_END
G1 X118.108 Y144.628 Z1.6
G1 Z1.2
G1 E.8 F1800
;WIDTH:0.210611
G1 F15000
G1 X118.147 Y144.894 E.00364
G1 X118.156 Y145.32 E.00575
G1 X118.123 Y145.719 E.00542
G1 E-.73429 F1800
;WIPE_START
G1 F30000
G1 X118.156 Y145.32 E-.02406
G1 X118.147 Y144.894 E-.02552
G1 X118.108 Y144.628 E-.01613
;WIPE_END
G1 X124.637 Y146.426 Z1.6
G1 Z1.2
G1 E.8 F1800
;TYPE:Internal solid infill
;WIDTH:0.38292
G1 F15000
G1 X124.663 Y146.339 E.00248
G1 E-.79458 F1800
;WIPE_START
G1 F30000
G1 X124.637 Y146.426 E-.00542
;WIPE_END
G1 X121.033 Y147.15 Z1.6
G1 Z1.2
G1 E.8 F1800
;WIDTH:0.354139
G1 F15000
G1 X120.895 Y147.545 E.01053
G1 X120.536 Y147.785 E.01083
G1 X121.572 Y147.785 E.02602
G1 X121.159 Y147.55 E.01193
G1 X121.045 Y147.188 E.00952
G1 X121.129 Y146.399 F30000
;WIDTH:0.512488
G1 F13831.547
G1 X121.105 Y146.563 E.00628
;WIDTH:0.465615
G1 F15000
G1 X121.082 Y146.727 E.00565
;WIDTH:0.418742
G1 X121.058 Y146.891 E.00503
;WIDTH:0.383779
G1 X121.034 Y147.11 E.00604
G1 E-.78683 F1800
;WIPE_START
G1 F30000
G1 X121.058 Y146.891 E-.01317
;WIPE_END
G1 X120.917 Y144.657 Z1.6
G1 Z1.2
G1 E.8 F1800
;WIDTH:0.419999
G1 F15000
G1 X120.694 Y144.657 E.0068
G1 X120.691 Y147.114 E.07472
G1 X120.605 Y147.36 E.00793
;WIDTH:0.436306
G1 X120.414 Y147.507 E.00762
;WIDTH:0.483737
G1 F14733.681
G1 X120.224 Y147.654 E.00854
G1 X117.831 Y147.654 E.08509
;WIDTH:0.514794
G1 F13763.961
G1 X117.526 Y147.596 E.01182
G1 X117.498 Y147.549 E.00207
G1 X117.248 Y147.618 E.00989
;WIDTH:0.47867
G1 F14904.981
G1 X116.712 Y147.666 E.01891
G1 X114.16 Y147.681 E.0897
G1 X114.14 Y147.661 E.00096
G1 X113.697 Y148.105 E.02204
G1 X116.714 Y148.1 E.10603
G1 X117.317 Y148.082 E.02121
G1 X120.128 Y148.096 E.0988
;WIDTH:0.468918
G1 F15000
G1 X120.577 Y148.112 E.01543
;WIDTH:0.442305
G1 X121.026 Y148.129 E.01447
G1 X121.941 Y148.104 E.02951
;WIDTH:0.470491
G1 X123.228 Y148.104 E.04437
G1 X123.655 Y147.676 E.02085
G1 X121.941 Y147.676 E.05911
;WIDTH:0.457868
G1 X121.698 Y147.525 E.00958
;WIDTH:0.422302
G1 X121.455 Y147.374 E.00876
G1 X121.377 Y147.125 E.00798
G1 X121.411 Y146.888 E.00733
G1 X121.594 Y146.395 E.01608
G1 X120.932 Y144.695 E.05585
G1 X121.175 Y144.28 F30000
;WIDTH:0.419999
G1 F15000
G1 X120.317 Y144.28 E.02611
G1 X120.316 Y147.075 E.085
G1 X120.287 Y147.157 E.00264
G1 X120.128 Y147.244 E.00551
G1 X117.831 Y147.244 E.06986
G1 X117.738 Y147.22 E.00292
G1 X117.614 Y147.037 E.00672
G1 X117.194 Y147.199 E.0137
G1 X116.709 Y147.26 E.01488
G1 X114.157 Y147.28 E.07762
G1 X114.055 Y147.179 E.00433
G1 X112.729 Y148.506 E.05705
G1 X123.469 Y148.506 E.32664
G1 X123.469 Y148.431 E.00227
G1 X124.627 Y147.274 E.0498
G1 X121.941 Y147.274 E.08167
G1 X121.76 Y147.136 E.00692
G1 X121.765 Y147.019 E.00356
G1 X121.998 Y146.392 E.02035
G1 X121.189 Y144.317 E.06772
G1 E-.728 F1800
;WIPE_START
G1 F30000
G1 X121.625 Y145.436 E-.072
;WIPE_END
G1 X119.487 Y138.735 Z1.6
G1 Z1.2
G1 E.8 F1800
;WIDTH:0.40219
G1 F15000
G1 X119.47 Y138.232 E.01458
G1 X119.06 Y138.275 E.01195
G1 X119.156 Y138.752 E.01409
;WIDTH:0.362005
G1 X119.192 Y139.252 E.01291
G1 X119.159 Y140.199 E.02438
;WIDTH:0.393501
G1 X119.11 Y140.435 E.00682
;WIDTH:0.432621
G1 X119.061 Y140.671 E.00758
;WIDTH:0.471741
G1 X119.012 Y140.907 E.00834
;WIDTH:0.515228
G1 F13751.289
G1 X118.758 Y141.344 E.01926
G1 X118.452 Y141.677 E.01722
G1 X119.211 Y141.677 E.02889
G1 X119.23 Y141.466 E.00808
G1 X119.308 Y141.352 E.00528
G1 X119.41 Y141.319 E.00409
;WIDTH:0.508462
G1 F13951.155
G1 X119.43 Y141.046 E.01027
;WIDTH:0.470028
G1 F15000
G1 X119.449 Y140.773 E.00942
;WIDTH:0.431593
G1 X119.468 Y140.5 E.00857
;WIDTH:0.393159
G1 X119.487 Y140.227 E.00773
;WIDTH:0.366097
G1 X119.488 Y138.775 E.03786
G1 E-.728 F1800
;WIPE_START
G1 F30000
G1 X119.487 Y139.975 E-.072
;WIPE_END
G1 X117.783 Y141.823 Z1.6
G1 Z1.2
G1 E.8 F1800
;WIDTH:0.38292
G1 F15000
G1 X117.792 Y141.821 E.00027
G1 X117.783 Y141.823 F30000
;WIDTH:0.416235
G1 F15000
G1 X117.636 Y141.909 E.00512
G1 X117.127 Y141.976 E.01546
G1 X116.832 Y141.907 E.00911
G1 X116.787 Y142.035 E.00407
G1 X116.641 Y142.089 E.0047
G1 X116.641 Y143.098 E.03039
G1 X117.246 Y143.191 E.01845
G1 X117.642 Y143.362 E.013
G1 X117.642 Y142.468 E.02693
G1 X117.686 Y141.956 E.01546
G1 X117.759 Y141.856 E.00376
G1 X117.298 Y142.313 F30000
;WIDTH:0.355239
G1 F15000
G1 X116.985 Y142.325 E.00787
G1 X116.985 Y142.801 E.01198
G1 X117.298 Y142.85 E.00796
G1 X117.298 Y142.353 E.01251
G1 E-.728 F1800
;WIPE_START
G1 F30000
G1 X117.298 Y142.85 E-.02979
G1 X116.985 Y142.801 E-.01897
G1 X116.985 Y142.413 E-.02324
;WIPE_END
G1 X120.255 Y137.219 Z1.6
G1 Z1.2
G1 E.8 F1800
;TYPE:Gap infill
;WIDTH:0.40479
G1 F15000
G1 X120.724 Y137.413 E.0148
;WIDTH:0.392064
G1 X121.193 Y137.606 E.01428
G1 E-.76957 F1800
;WIPE_START
G1 F30000
G1 X120.724 Y137.413 E-.03043
;WIPE_END
G1 X127.65 Y140.619 Z1.6
G1 X129.55 Y141.498 Z1.6
G1 Z1.2
G1 E.8 F1800
;WIDTH:0.191616
G1 F15000
G1 X129.569 Y141.639 E.0017
;WIDTH:0.228766
G1 X129.589 Y141.779 E.00213
;WIDTH:0.270353
G1 X129.583 Y141.836 E.00104
G1 E-.79659 F1800
;WIPE_START
G1 F30000
G1 X129.589 Y141.779 E-.00341
;WIPE_END
G1 X127.196 Y145.504 Z1.6
G1 Z1.2
G1 E.8 F1800
;TYPE:Internal solid infill
;WIDTH:0.420001
G1 F15000
G1 X124.136 Y148.565 E.13163
G1 X123.602 Y148.565 E.01622
G1 X126.843 Y145.324 E.13937
G1 X126.691 Y145.063 E.00918
G1 X126.661 Y144.973 E.0029
G1 X124.841 Y146.793 E.07828
G1 X124.709 Y146.43 E.01175
G1 X124.734 Y146.366 E.00207
G1 X126.539 Y144.562 E.07763
G1 X126.487 Y144.211 E.01079
G1 X126.487 Y144.08 E.00397
G1 X125.09 Y145.477 E.06008
G1 X125.446 Y144.588 E.02914
G1 X126.501 Y143.533 E.04537
G1 E-.728 F1800
;WIPE_START
G1 F30000
G1 X125.653 Y144.381 E-.072
;WIPE_END
G1 X127.162 Y145.805 Z1.6
G1 Z1.2
G1 E.8 F1800
;WIDTH:0.420128
G1 F15000
G1 X124.461 Y148.506 E.11621
G1 X154.44 Y148.506 E.91209
G1 X154.928 Y148.5 E.01483
M73 P72 R5
G1 X154.959 Y148.395 E.00331
;WIDTH:0.449999
G1 X155.092 Y148.238 E.00675
;WIDTH:0.470203
G1 X155.224 Y148.081 E.00709
G1 X155.522 Y147.84 E.01319
;WIDTH:0.418028
G1 X157.138 Y146.225 E.06914
G1 X157.475 Y145.93 E.01353
G1 X157.051 Y146.193 E.01508
G1 X156.433 Y146.334 E.01919
G1 X155.961 Y146.331 E.01428
G1 X155.529 Y146.243 E.01334
G1 X155.354 Y146.168 E.00578
G1 X155.272 Y146.271 E.00397
G1 X154.926 Y146.282 E.01047
G1 X154.927 Y147.594 E.0397
;WIDTH:0.443198
G1 X154.898 Y147.688 E.00319
;WIDTH:0.469531
G1 X154.87 Y147.783 E.0034
G1 X154.642 Y147.757 E.00789
;WIDTH:0.419999
G1 X153.192 Y146.913 E.05102
G1 X153.192 Y147.085 E.00523
G1 X153.083 Y147.274 E.00662
G1 X150.743 Y147.274 E.07116
G1 X150.584 Y147.186 E.00553
G1 X150.555 Y146.659 E.01604
G1 X150.555 Y146.106 E.01682
G1 X150.141 Y146.293 E.01381
G1 X149.816 Y146.316 E.0099
G1 X149.815 Y147.102 E.02389
G1 X149.744 Y147.233 E.00455
G1 X149.627 Y147.274 E.00376
G1 X147.367 Y147.274 E.06874
G1 X147.239 Y147.223 E.00419
G1 X147.179 Y147.085 E.00459
G1 X147.179 Y146.282 E.02444
G1 X142.53 Y146.282 E.14137
;WIDTH:0.443171
G1 X142.446 Y146.234 E.00314
;WIDTH:0.489514
G1 F14543.081
G1 X142.361 Y146.186 E.00351
;WIDTH:0.535857
G1 F13175.826
G1 X142.276 Y146.138 E.00387
G1 X142.253 Y146.293 E.00627
;WIDTH:0.489514
G1 F14543.081
G1 X142.23 Y146.449 E.00568
;WIDTH:0.420413
G1 F15000
G1 X142.207 Y146.605 E.0048
G1 X142.201 Y147.13 E.01597
G1 X142.146 Y147.223 E.0033
G1 X142.018 Y147.274 E.0042
G1 X138.044 Y147.274 E.12101
G1 X137.918 Y147.225 E.00411
G1 X137.855 Y147.046 E.00579
G1 X137.856 Y146.022 E.03117
G1 X137.535 Y146.186 E.01096
G1 X137.038 Y146.312 E.01562
G1 X136.497 Y146.339 E.01651
G1 X136.038 Y146.268 E.01412
G1 X135.609 Y146.114 E.01389
G1 X135.207 Y145.87 E.01432
G1 X135.035 Y145.707 E.00722
G1 X134.84 Y145.935 E.00914
G1 X134.472 Y146.165 E.01322
G1 X134.105 Y146.291 E.0118
G1 X133.72 Y146.341 E.01181
G1 X133.214 Y146.304 E.01547
G1 X132.887 Y146.169 E.01076
G1 X132.536 Y146.298 E.01138
G1 X132.037 Y146.345 E.01526
G1 X131.575 Y146.282 E.01419
G1 X129.86 Y146.282 E.05222
G1 X129.775 Y146.261 E.00267
G1 X129.664 Y146.088 E.00626
G1 X129.254 Y146.255 E.01348
G1 X128.807 Y146.334 E.01384
G1 X128.355 Y146.331 E.01375
G1 X127.83 Y146.203 E.01646
G1 X127.517 Y146.064 E.01042
G1 X127.194 Y145.829 E.01217
G1 X127.199 Y146.301 F30000
;WIDTH:0.419999
G1 F15000
G1 X125.371 Y148.129 E.07863
G1 X137.427 Y148.129 E.36664
;WIDTH:0.432622
G1 X137.735 Y148.116 E.00971
;WIDTH:0.469581
G1 X142.018 Y148.104 E.14739
;WIDTH:0.457868
G1 X142.334 Y148.116 E.01058
;WIDTH:0.420906
G1 X146.735 Y148.129 E.13418
;WIDTH:0.432622
G1 X147.051 Y148.116 E.00994
;WIDTH:0.468942
G1 X149.627 Y148.104 E.08852
;WIDTH:0.494677
G1 F14376.856
G1 X149.906 Y148.079 E.0102
;WIDTH:0.526925
G1 F13418.963
G1 X150.185 Y148.055 E.01093
G1 X150.743 Y148.104 E.02187
;WIDTH:0.470491
G1 F15000
G1 X153.004 Y148.104 E.07795
;WIDTH:0.484821
G1 F14697.512
G1 X153.668 Y148.089 E.02368
;WIDTH:0.522788
G1 F13534.667
G1 X154.332 Y148.075 E.02572
G1 X153.373 Y147.517 E.04294
G1 X153.312 Y147.622 E.0047
;WIDTH:0.513481
G1 F13802.345
G1 X153.158 Y147.649 E.00595
;WIDTH:0.47142
G1 F15000
G1 X153.004 Y147.676 E.00541
G1 X150.743 Y147.676 E.07811
;WIDTH:0.494677
G1 F14376.856
G1 X150.546 Y147.632 E.00739
;WIDTH:0.545828
G1 F12914.589
G1 X150.348 Y147.587 E.00823
G1 X150.219 Y147.417 E.00863
;WIDTH:0.509609
G1 F13916.875
G1 X150.208 Y147.323 E.00358
;WIDTH:0.469388
G1 F15000
G1 X150.197 Y147.228 E.00327
;WIDTH:0.429167
G1 X150.185 Y147.134 E.00297
G1 X150.174 Y147.228 E.00297
;WIDTH:0.469388
G1 X150.163 Y147.323 E.00327
;WIDTH:0.509609
G1 F13916.875
G1 X150.151 Y147.417 E.00358
;WIDTH:0.548477
G1 F12846.911
G1 X150.023 Y147.587 E.00867
;WIDTH:0.543049
G1 F12986.341
G1 X149.825 Y147.632 E.00818
;WIDTH:0.472483
G1 F15000
G1 X149.627 Y147.676 E.00703
G1 X147.367 Y147.676 E.07831
;WIDTH:0.457868
G1 X147.175 Y147.588 E.00708
;WIDTH:0.42043
G1 X146.982 Y147.5 E.00644
G1 X146.818 Y147.219 E.0099
G1 X146.802 Y146.659 E.01708
G1 X142.584 Y146.659 E.12842
G1 X142.568 Y147.219 E.01708
G1 X142.403 Y147.5 E.0099
;WIDTH:0.432622
G1 X142.257 Y147.588 E.00536
;WIDTH:0.469983
G1 X142.111 Y147.676 E.00587
G1 X138.044 Y147.676 E.1401
;WIDTH:0.457868
G1 X137.855 Y147.591 E.00694
;WIDTH:0.420443
G1 X137.666 Y147.506 E.00631
G1 X137.498 Y147.232 E.00979
G1 X137.479 Y146.593 E.01945
G1 X137.059 Y146.689 E.01309
G1 X136.524 Y146.718 E.01633
G1 X136.018 Y146.65 E.01553
G1 X135.519 Y146.486 E.01601
G1 X135.071 Y146.233 E.01568
G1 X134.598 Y146.521 E.01686
G1 X134.158 Y146.664 E.0141
G1 X133.7 Y146.718 E.01402
G1 X133.107 Y146.666 E.01814
G1 X132.882 Y146.575 E.00737
G1 X132.577 Y146.672 E.00975
G1 X132.069 Y146.725 E.01555
G1 X131.575 Y146.659 E.01518
G1 X129.86 Y146.659 E.05222
G1 X129.604 Y146.597 E.00801
G1 X129.567 Y146.537 E.00215
G1 X129.322 Y146.626 E.00793
G1 X128.807 Y146.711 E.01591
G1 X128.283 Y146.702 E.01596
G1 X127.775 Y146.59 E.01585
G1 X127.297 Y146.371 E.01599
G1 X127.232 Y146.324 E.00244
G1 X127.256 Y146.778 F30000
;WIDTH:0.419999
G1 F15000
G1 X126.282 Y147.752 E.04188
G1 X135.931 Y147.752 E.29347
;WIDTH:0.444411
G1 X136.067 Y147.727 E.00447
;WIDTH:0.493235
G1 F14422.894
G1 X136.203 Y147.703 E.00501
;WIDTH:0.564215
G1 F12459.067
G1 X136.338 Y147.678 E.0058
G1 X137.265 Y147.678 E.03895
G1 X137.062 Y147.348 E.01627
G1 X137.035 Y147.141 E.00879
G1 X136.376 Y147.158 E.02771
;WIDTH:0.542059
G1 F13012.102
G1 X136.181 Y147.099 E.00823
;WIDTH:0.493235
G1 F14422.909
G1 X135.985 Y147.039 E.00742
;WIDTH:0.421118
G1 F15000
G1 X135.304 Y146.805 E.02198
G1 X135.08 Y146.677 E.00787
G1 X134.723 Y146.876 E.01245
G1 X134.242 Y147.033 E.01545
G1 X133.731 Y147.096 E.01571
G1 X132.831 Y146.999 E.02761
G1 X132.173 Y147.096 E.02029
G1 X131.585 Y147.036 E.01801
G1 X129.86 Y147.036 E.05263
G1 X129.414 Y146.992 E.01368
G1 X128.807 Y147.089 E.01873
G1 X128.211 Y147.072 E.01819
G1 X127.626 Y146.936 E.01832
G1 X127.292 Y146.794 E.01107
G1 X127.357 Y147.306 F30000
;WIDTH:0.536458
G1 F13159.789
G1 X127.515 Y147.327 E.00633
;WIDTH:0.495484
G1 F14351.233
G1 X127.673 Y147.347 E.00581
;WIDTH:0.45451
G1 F15000
G1 X127.831 Y147.368 E.00528
;WIDTH:0.413537
G1 X127.988 Y147.388 E.00475
;WIDTH:0.372563
G1 X128.146 Y147.409 E.00423
;WIDTH:0.340531
G1 X128.808 Y147.42 E.01589
;WIDTH:0.353551
G1 X129.134 Y147.396 E.00819
;WIDTH:0.388356
G1 X129.46 Y147.371 E.00911
G1 X129.86 Y147.394 E.01117
G1 X131.575 Y147.394 E.04779
;WIDTH:0.367149
G1 X131.892 Y147.408 E.00829
;WIDTH:0.347699
G1 X132.209 Y147.423 E.00779
G1 X132.74 Y147.393 E.01309
;WIDTH:0.369022
G1 X133.201 Y147.408 E.01214
;WIDTH:0.347051
G1 X133.662 Y147.423 E.01132
G1 X134.26 Y147.393 E.01467
;WIDTH:0.383292
G1 X134.265 Y147.393 E.00013
G1 E-.79971 F1800
;WIPE_START
G1 F30000
G1 X134.26 Y147.393 E-.00029
;WIPE_END
G1 X135.087 Y147.079 Z1.6
G1 Z1.2
G1 E.8 F1800
;WIDTH:0.370112
G1 F15000
G1 X134.511 Y147.324 E.01653
G1 X134.304 Y147.389 E.00571
G1 X134.874 Y147.409 E.01504
G1 X135.91 Y147.385 E.02736
G1 X135.124 Y147.095 E.02213
G1 E-.728 F1800
;WIPE_START
G1 F30000
G1 X135.91 Y147.385 E-.05032
G1 X135.549 Y147.394 E-.02168
;WIPE_END
G1 X141.755 Y142.95 Z1.6
G1 X142.194 Y142.635 Z1.6
G1 Z1.2
G1 E.8 F1800
;WIDTH:0.444559
G1 F15000
G1 X142.223 Y143.762 E.03649
;WIDTH:0.493679
G1 F14408.702
G1 X142.252 Y144.888 E.04096
;WIDTH:0.542799
G1 F12992.857
G1 X142.28 Y146.014 E.04542
G1 X142.594 Y145.103 E.03886
;WIDTH:0.493679
G1 F14408.702
G1 X142.908 Y144.192 E.03504
;WIDTH:0.433096
G1 F15000
G1 X143.222 Y143.281 E.03033
G1 X143.542 Y142.27 E.03335
G1 X143.491 Y142.166 E.00365
G1 X143.489 Y142.111 E.00173
G1 X143.332 Y142.307 E.00789
G1 X143.014 Y142.5 E.01172
G1 X142.531 Y142.632 E.01576
G1 X142.234 Y142.635 E.00932
G1 X142.561 Y142.982 F30000
;WIDTH:0.37437
G1 F15000
G1 X142.561 Y144.197 E.03247
G1 X142.978 Y142.879 E.03695
G1 X142.6 Y142.973 E.01041
G1 E-.728 F1800
;WIPE_START
G1 F30000
G1 X142.978 Y142.879 E-.02337
G1 X142.733 Y143.652 E-.04863
;WIPE_END
G1 X142.28 Y146.014 Z1.6
G1 Z1.2
G1 E.8 F1800
;WIDTH:0.567358
G1 F12384.391
G1 X142.278 Y146.098 E.00354
G1 E-.79497 F1800
;WIPE_START
G1 F30000
G1 X142.28 Y146.014 E-.00503
;WIPE_END
G1 X142.961 Y147.036 Z1.6
G1 Z1.2
G1 E.8 F1800
;WIDTH:0.419999
G1 F15000
G1 X142.934 Y147.309 E.00835
G1 X142.674 Y147.752 E.01562
G1 X146.712 Y147.752 E.1228
G1 X146.451 Y147.309 E.01562
G1 X146.424 Y147.036 E.00835
G1 X143.001 Y147.036 E.10412
G1 X143.282 Y147.394 F30000
;WIDTH:0.381842
G1 F15000
G1 X146.064 Y147.394 E.07605
G1 E-.728 F1800
;WIPE_START
G1 F30000
G1 X144.864 Y147.394 E-.072
;WIPE_END
G1 X150.185 Y146.659 Z1.6
G1 Z1.2
G1 E.8 F1800
;WIDTH:0.404794
G1 F15000
G1 X150.185 Y147.094 E.01268
G1 E-.77393 F1800
;WIPE_START
G1 F30000
G1 X150.185 Y146.659 E-.02607
;WIPE_END
G1 X155.338 Y146.672 Z1.6
G1 Z1.2
G1 E.8 F1800
;WIDTH:0.490528
G1 F14510.12
G1 X155.338 Y147.442 E.02782
G1 X156.033 Y146.747 E.03549
G1 X155.489 Y146.66 E.0199
G1 X155.378 Y146.668 E.00402
G1 E-.728 F1800
;WIPE_START
G1 F30000
G1 X155.489 Y146.66 E-.00668
G1 X156.033 Y146.747 E-.03307
G1 X155.653 Y147.127 E-.03225
;WIPE_END
G1 X157.475 Y145.93 Z1.6
G1 Z1.2
G1 E.8 F1800
;WIDTH:0.38292
G1 F15000
G1 X157.645 Y145.769 E.00643
G1 E-.78594 F1800
;WIPE_START
G1 F30000
G1 X157.475 Y145.93 E-.01406
;WIPE_END
G1 X159.697 Y148.489 Z1.6
G1 Z1.2
G1 E.8 F1800
;WIDTH:0.453047
G1 F15000
G1 X160.397 Y148.489 E.02316
;WIDTH:0.477727
G1 F14937.335
G1 X160.389 Y148.299 E.00669
;WIDTH:0.527085
G1 F13414.541
G1 X160.381 Y148.108 E.00745
;WIDTH:0.576443
G1 F12173.511
G1 X160.373 Y147.917 E.00821
G1 X160.265 Y147.991 E.00566
;WIDTH:0.527085
G1 F13414.541
G1 X160.156 Y148.065 E.00514
;WIDTH:0.464122
G1 F15000
G1 X160.047 Y148.139 E.00447
G1 X159.725 Y148.461 E.01546
G1 E-.7648 F1800
;WIPE_START
G1 F30000
G1 X160.047 Y148.139 E-.0273
G1 X160.156 Y148.065 E-.0079
;WIPE_END
G1 X160.806 Y148.5 Z1.6
G1 Z1.2
G1 E.8 F1800
;TYPE:Gap infill
;WIDTH:0.43817
G1 F15000
G1 X163.078 Y148.496 E.07244
G1 X163.518 Y148.434 E.01418
G1 X163.979 Y148.245 E.01587
G1 X164.416 Y147.916 E.01744
G1 X164.734 Y147.501 E.01666
G1 X164.934 Y147.018 E.01666
G1 X164.978 Y146.76 E.00834
G1 X165 Y146.467 E.00937
G1 X164.985 Y106.239 E1.28245
G1 X164.853 Y105.748 E.01621
G1 X164.705 Y105.456 E.01042
G1 X164.416 Y105.084 E.01502
G1 X163.979 Y104.755 E.01744
G1 X163.518 Y104.566 E.01587
G1 X163.078 Y104.504 E.01418
G1 X161.206 Y104.5 E.05968
G1 E-.728 F1800
;WIPE_START
G1 F30000
G1 X162.406 Y104.503 E-.072
;WIPE_END
G1 X154.773 Y104.501 Z1.6
G1 X150.694 Y104.5 Z1.6
G1 Z1.2
G1 E.8 F1800
;WIDTH:0.431605
G1 F15000
G1 X93.033 Y104.5 E1.80768
G1 X92.731 Y104.518 E.00947
G1 X92.352 Y104.611 E.01225
G1 X92.002 Y104.767 E.01201
G1 X91.783 Y104.913 E.00826
G1 X91.551 Y105.123 E.00981
G1 X91.255 Y105.521 E.01554
G1 X91.066 Y105.982 E.01561
G1 X91.022 Y106.24 E.0082
G1 X91 Y106.533 E.00921
G1 X91.003 Y146.553 E1.25462
G1 X91.066 Y147.018 E.01473
G1 X91.266 Y147.501 E.01639
G1 X91.584 Y147.916 E.01639
G1 X91.988 Y148.225 E.01594
G1 X92.283 Y148.366 E.01024
G1 X92.739 Y148.485 E.01477
G1 X94.194 Y148.504 E.04562
G1 E-.728 F1800
;WIPE_START
G1 F30000
G1 X92.994 Y148.488 E-.072
;WIPE_END
G1 X93.86 Y146.596 Z1.6
G1 Z1.2
G1 E.8 F1800
;WIDTH:0.118118
G1 F15000
G1 X93.843 Y146.443 E.00093
;WIDTH:0.119474
G1 X93.843 Y141.915 E.02796
G1 X94.001 Y141.6 E.00217
;WIDTH:0.174517
G1 X94.158 Y141.285 E.00374
G1 X93.806 Y141.559 F30000
;WIDTH:0.439572
G1 F15000
G1 X94.393 Y141.717 E.01946
G1 E-.7635 F1800
;WIPE_START
G1 F30000
G1 X93.806 Y141.559 E-.0365
;WIPE_END
G1 X95.778 Y143.796 Z1.6
G1 Z1.2
G1 E.8 F1800
;WIDTH:0.253282
G1 F15000
G1 X97.586 Y143.796 E.03067
G1 X97.643 Y143.82 E.00105
;WIDTH:0.322027
G1 X97.7 Y143.843 E.00139
;WIDTH:0.368889
G1 X97.757 Y143.867 E.00162
;WIDTH:0.387976
G1 X97.759 Y145.137 E.03534
G1 X97.781 Y145.193 E.00169
;WIDTH:0.321426
G1 X97.804 Y145.249 E.00136
;WIDTH:0.276405
G1 X97.826 Y145.305 E.00114
;WIDTH:0.253894
G1 X97.826 Y146.685 E.02348
G1 E-.728 F1800
;WIPE_START
G1 F30000
G1 X97.826 Y145.485 E-.072
;WIPE_END
G1 X99.658 Y147.676 Z1.6
G1 Z1.2
G1 E.8 F1800
;TYPE:Internal solid infill
;WIDTH:0.470491
G1 F15000
G1 X94.993 Y147.676 E.16088
G1 X94.964 Y147.912 E.00819
G1 X95.004 Y148.104 E.00676
G1 X99.231 Y148.104 E.14577
G1 X99.63 Y147.704 E.01947
G1 E-.728 F1800
;WIPE_START
G1 F30000
G1 X99.231 Y148.104 E-.03388
G1 X98.595 Y148.104 E-.03812
;WIPE_END
G1 X100.498 Y146.698 Z1.6
G1 Z1.2
G1 E.8 F1800
;WIDTH:0.627934
G1 F11102.035
G1 X100.425 Y146.698 E.00345
G1 X100.389 Y146.761 E.00345
G1 X100.425 Y146.824 E.00345
G1 X100.498 Y146.824 E.00345
G1 X100.515 Y146.796 E.00156
G1 E-.78046 F1800
;WIPE_START
G1 F30000
G1 X100.498 Y146.824 E-.00199
G1 X100.425 Y146.824 E-.00439
G1 X100.389 Y146.761 E-.00439
G1 X100.425 Y146.698 E-.00439
G1 X100.498 Y146.698 E-.00439
;WIPE_END
G1 X101.643 Y146.26 Z1.6
G1 Z1.2
G1 E.8 F1800
;WIDTH:0.419999
G1 F15000
G1 X101.225 Y146.334 E.01291
G1 X100.773 Y146.331 E.01374
G1 X100.341 Y146.243 E.01341
G1 X99.981 Y146.089 E.01192
G1 X99.981 Y146.761 E.02044
;WIDTH:0.440833
G1 X99.981 Y146.989 E.00732
;WIDTH:0.473466
G1 X99.981 Y147.217 E.00792
G1 X99.792 Y147.275 E.00684
;WIDTH:0.420159
G1 X94.674 Y147.274 E.15573
G1 X94.51 Y147.978 E.02202
G1 X94.582 Y148.04 E.00291
G1 X94.586 Y148.506 E.01416
G1 X99.472 Y148.506 E.14867
G1 X99.472 Y148.431 E.00227
G1 X100.037 Y147.865 E.02434
;WIDTH:0.442842
G1 X100.184 Y147.689 E.00742
;WIDTH:0.467454
G1 X100.332 Y147.512 E.00787
G1 X100.802 Y147.101 E.02138
;WIDTH:0.419999
G1 X101.615 Y146.289 E.03495
G1 E-.73106 F1800
;WIPE_START
G1 F30000
G1 X100.802 Y147.101 E-.06894
;WIPE_END
G1 X99.969 Y148.734 Z1.6
G1 Z1.2
G1 E.8 F1800
;WIDTH:0.420008
G1 F15000
G1 X102.962 Y145.741 E.12874
G1 X102.584 Y145.648 F30000
;TYPE:Gap infill
;WIDTH:0.346363
G1 F15000
G1 X102.372 Y145.84 E.00699
;WIDTH:0.378261
G1 X102.12 Y146.063 E.00911
;WIDTH:0.419879
G1 X99.671 Y148.503 E.10511
;WIDTH:0.403001
G1 X99.7 Y148.535 E.00126
;WIDTH:0.357418
G1 X99.73 Y148.567 E.0011
;WIDTH:0.311836
G1 X99.759 Y148.599 E.00094
;WIDTH:0.266253
G1 X99.788 Y148.631 E.00078
;WIDTH:0.22067
G1 X99.818 Y148.662 E.00062
;WIDTH:0.197879
G1 X99.847 Y148.694 E.00054
G1 E-.7974 F1800
;WIPE_START
G1 F30000
G1 X99.818 Y148.662 E-.0026
;WIPE_END
G1 X97.757 Y143.867 Z1.6
G1 Z1.2
G1 E.8 F1800
;WIDTH:0.376081
G1 F15000
G1 X97.773 Y143.851 E.00062
;WIDTH:0.343598
G1 X97.789 Y143.834 E.00056
;WIDTH:0.303653
G1 X97.813 Y143.787 E.00111
;WIDTH:0.256247
G1 X97.837 Y143.739 E.00091
;WIDTH:0.186895
G1 X97.861 Y143.692 E.00062
G1 X97.861 Y142.315 E.016
G1 E-.728 F1800
;WIPE_START
G1 F30000
G1 X97.861 Y143.515 E-.072
;WIPE_END
G1 X96.805 Y139.965 Z1.6
G1 Z1.2
G1 E.8 F1800
;WIDTH:0.126854
G1 F15000
G1 X96.781 Y139.7 E.0018
G1 X96.655 Y138.911 E.00541
G1 E-.73613 F1800
;WIPE_START
G1 F30000
G1 X96.781 Y139.7 E-.04794
G1 X96.805 Y139.965 E-.01593
;WIPE_END
G1 X98.122 Y133.667 Z1.6
G1 Z1.2
G1 E.8 F1800
;WIDTH:0.503982
G1 F14086.722
G1 X98.557 Y133.632 E.01625
G1 X98.947 Y133.632 E.01449
G1 X99.375 Y133.667 E.01598
G1 E-.728 F1800
;WIPE_START
G1 F30000
G1 X98.947 Y133.632 E-.02578
G1 X98.557 Y133.632 E-.02338
G1 X98.178 Y133.662 E-.02284
;WIPE_END
G1 X105.668 Y135.129 Z1.6
G1 X142.723 Y142.384 Z1.6
G1 Z1.2
G1 E.8 F1800
SET_VELOCITY_LIMIT ACCEL=1500
;TYPE:Top surface
;WIDTH:0.425957
G1 F12000
G1 X143.184 Y141.924 E.02194
G1 X143.242 Y141.832 E.00367
G1 X142.88 Y141.686 E.01315
G1 X142.306 Y142.26 E.02735
G1 X142.148 Y142.26 E.00531
G1 X142.148 Y141.876 E.01293
G1 X142.555 Y141.469 E.01937
G1 X142.458 Y141.394 E.00411
G1 X142.295 Y141.187 E.00888
G1 X141.871 Y141.612 E.02022
G1 X141.871 Y141.381 E.00776
G1 X141.667 Y141.381 E.00685
G1 X141.667 Y141.273 E.00362
G1 X142.236 Y140.704 E.02711
G1 E-.728 F1800
;WIPE_START
G1 F30000
G1 X141.667 Y141.273 E-.0483
G1 X141.667 Y141.381 E-.00646
G1 X141.871 Y141.381 E-.01221
G1 X141.871 Y141.465 E-.00504
;WIPE_END
G1 X149.442 Y142.43 Z1.6
G1 X152.773 Y142.855 Z1.6
G1 Z1.2
G1 E.8 F1800
SET_VELOCITY_LIMIT ACCEL=3000
;TYPE:Gap infill
;WIDTH:0.327459
G1 F15000
G1 X152.743 Y143.226 E.00855
G1 X152.74 Y144.372 E.02631
G1 E-.728 F1800
;WIPE_START
G1 F30000
G1 X152.743 Y143.226 E-.06878
G1 X152.748 Y143.173 E-.00322
;WIPE_END
G1 X149.498 Y136.266 Z1.6
G1 X137.71 Y111.21 Z1.6
G1 Z1.2
G1 E.8 F1800
SET_VELOCITY_LIMIT ACCEL=2000
;TYPE:Outer wall
;WIDTH:0.42
G1 F7200
G1 X148.29 Y111.21 E.32178
G1 X148.29 Y111.79 E.01764
G1 X137.71 Y111.79 E.32178
G1 X137.71 Y111.25 E.01642
M73 P73 R5
G1 X137.906 Y111.5 F30000
SET_VELOCITY_LIMIT ACCEL=3000
;TYPE:Gap infill
;WIDTH:0.230842
G1 F15000
G1 X148.094 Y111.5 E.15442
G1 E-.728 F1800
;WIPE_START
G1 F30000
G1 X146.894 Y111.5 E-.072
;WIPE_END
G1 X143.578 Y118.374 Z1.6
G1 X142.866 Y119.848 Z1.6
G1 Z1.2
G1 E.8 F1800
;TYPE:Inner wall
;WIDTH:0.45
G1 F12000
G1 X142.898 Y120.039 E.00636
G1 X142.898 Y129.461 E.30932
G1 X142.879 Y129.602 E.00467
G1 X142.815 Y129.741 E.00506
G1 X142.696 Y129.84 E.00506
G1 X142.602 Y129.879 E.00337
G1 X142.461 Y129.898 E.00467
G1 X135.539 Y129.898 E.22724
G1 X135.398 Y129.879 E.00467
G1 X135.259 Y129.815 E.00506
G1 X135.16 Y129.696 E.00506
G1 X135.121 Y129.602 E.00337
G1 X135.102 Y129.461 E.00467
G1 X135.102 Y120.039 E.30933
G1 X135.121 Y119.898 E.00467
G1 X135.17 Y119.779 E.00423
G1 X135.261 Y119.688 E.00423
G1 X135.35 Y119.637 E.00337
G1 X135.519 Y119.602 E.00569
G1 X142.52 Y119.608 E.22984
G1 X142.679 Y119.646 E.00537
G1 X142.778 Y119.722 E.0041
G1 X142.843 Y119.816 E.00374
SET_VELOCITY_LIMIT ACCEL=2000
G1 X143.229 Y119.698 F30000
;TYPE:Outer wall
;WIDTH:0.42
G1 F7200
G1 X143.26 Y119.789 E.00293
G1 X143.29 Y120.014 E.00689
G1 X143.29 Y129.486 E.28809
G1 X143.261 Y129.704 E.00668
G1 X143.18 Y129.901 E.00647
G1 X143.126 Y129.981 E.00293
G1 X143.063 Y130.053 E.00293
G1 X142.894 Y130.183 E.00647
G1 X142.704 Y130.261 E.00626
G1 X142.486 Y130.29 E.00668
G1 X135.514 Y130.29 E.21206
G1 X135.296 Y130.261 E.00668
G1 X135.099 Y130.18 E.00647
G1 X135.019 Y130.126 E.00293
G1 X134.947 Y130.063 E.00293
G1 X134.817 Y129.894 E.00647
G1 X134.739 Y129.704 E.00626
G1 X134.71 Y129.486 E.00668
G1 X134.71 Y120.014 E.28809
G1 X134.739 Y119.796 E.00668
G1 X134.82 Y119.599 E.00647
G1 X134.87 Y119.525 E.00272
G1 X135.02 Y119.375 E.00647
G1 X135.198 Y119.272 E.00626
G1 X135.404 Y119.217 E.00647
G1 X135.507 Y119.21 E.00314
G1 X142.566 Y119.216 E.21471
G1 X142.811 Y119.275 E.00765
G1 X142.889 Y119.313 E.00264
G1 X143.057 Y119.443 E.00647
G1 X143.187 Y119.611 E.00647
G1 X143.212 Y119.662 E.00171
G1 E-.728 F1800
;WIPE_START
G1 F30000
G1 X143.26 Y119.789 E-.00817
G1 X143.29 Y120.014 E-.0136
G1 X143.29 Y120.851 E-.05024
;WIPE_END
G1 X141.428 Y128.253 Z1.6
G1 X141.113 Y129.506 Z1.6
G1 Z1.2
G1 E.8 F1800
SET_VELOCITY_LIMIT ACCEL=3000
;TYPE:Internal solid infill
;WIDTH:0.419999
G1 F15000
G1 X142.487 Y129.493 E.04178
G1 X142.506 Y128.113 E.04197
G1 X141.141 Y129.478 E.05869
G1 E-.728 F1800
;WIPE_START
G1 F30000
G1 X141.99 Y128.629 E-.072
;WIPE_END
G1 X142.125 Y129.05 Z1.6
G1 Z1.2
G1 E.8 F1800
;WIDTH:0.481748
G1 F14800.436
G1 X142.07 Y129.05 E.00194
G1 X142.043 Y129.098 E.00194
G1 X142.07 Y129.145 E.00194
G1 X142.133 Y129.133 E.00225
G1 E-.78631 F1800
;WIPE_START
G1 F30000
G1 X142.07 Y129.145 E-.00382
G1 X142.043 Y129.098 E-.00329
G1 X142.07 Y129.05 E-.00329
G1 X142.125 Y129.05 E-.00329
;WIPE_END
G1 X140.618 Y129.734 Z1.6
G1 Z1.2
G1 E.8 F1800
;WIDTH:0.419999
G1 F15000
G1 X142.565 Y127.787 E.08374
G1 X142.565 Y127.254 E.01622
G1 X140.254 Y129.565 E.09938
G1 X139.721 Y129.565 E.01622
G1 X142.565 Y126.721 E.12231
G1 X142.565 Y126.188 E.01622
G1 X139.188 Y129.565 E.14525
G1 X138.654 Y129.565 E.01622
G1 X142.565 Y125.654 E.16819
G1 X142.565 Y125.121 E.01622
G1 X138.121 Y129.565 E.19112
G1 X137.588 Y129.565 E.01622
G1 X142.565 Y124.588 E.21406
G1 X142.565 Y124.055 E.01622
G1 X137.055 Y129.565 E.237
G1 X136.521 Y129.565 E.01622
G1 X142.565 Y123.521 E.25993
G1 X142.565 Y122.988 E.01622
G1 X135.988 Y129.565 E.28287
G1 X135.561 Y129.565 E.01298
G1 X135.473 Y129.547 E.00275
G1 X142.565 Y122.455 E.30503
G1 X142.565 Y121.922 E.01622
G1 X135.435 Y129.051 E.30664
G1 X135.435 Y128.518 E.01622
G1 X142.565 Y121.388 E.30664
G1 X142.565 Y120.855 E.01622
G1 X135.435 Y127.984 E.30664
G1 X135.435 Y127.451 E.01622
G1 X142.565 Y120.322 E.30664
G1 X142.55 Y119.978 E.01047
G1 X142.532 Y119.954 E.00092
G1 X142.412 Y119.941 E.00367
G1 X135.435 Y126.918 E.30007
G1 X135.435 Y126.384 E.01622
G1 X141.879 Y119.941 E.27716
G1 X141.346 Y119.94 E.0162
G1 X135.435 Y125.851 E.25424
G1 X135.435 Y125.318 E.01622
G1 X140.813 Y119.94 E.23132
G1 X140.281 Y119.939 E.0162
G1 X135.435 Y124.785 E.2084
G1 X135.435 Y124.251 E.01622
G1 X139.748 Y119.939 E.18549
G1 X139.215 Y119.938 E.0162
G1 X135.435 Y123.718 E.16257
G1 X135.435 Y123.185 E.01622
G1 X138.682 Y119.938 E.13965
G1 X138.149 Y119.938 E.0162
G1 X135.435 Y122.652 E.11673
G1 X135.435 Y122.118 E.01622
G1 X137.617 Y119.937 E.09382
G1 X137.084 Y119.937 E.0162
G1 X135.435 Y121.585 E.0709
G1 X135.435 Y121.052 E.01622
G1 X136.551 Y119.936 E.04798
G1 X136.018 Y119.936 E.01621
G1 X135.266 Y120.688 E.03236
G1 E-.728 F1800
;WIPE_START
G1 F30000
G1 X136.018 Y119.936 E-.06385
G1 X136.154 Y119.936 E-.00815
;WIPE_END
G1 X136.185 Y112.303 Z1.6
G1 X136.188 Y111.534 Z1.6
G1 Z1.2
G1 E.8 F1800
;TYPE:Inner wall
;WIDTH:0.45
G1 F12000
G1 X136.18 Y111.575 E.00136
G1 X136.138 Y111.638 E.0025
G1 X136.075 Y111.68 E.0025
G1 X136 Y111.695 E.0025
G1 X135.925 Y111.68 E.0025
G1 X135.862 Y111.638 E.0025
G1 X135.82 Y111.575 E.0025
G1 X135.804 Y111.489 E.00285
G1 X135.846 Y111.379 E.00388
G1 X135.881 Y111.345 E.00161
G1 X135.95 Y111.312 E.0025
G1 X136.015 Y111.306 E.00217
G1 X136.138 Y111.362 E.00442
G1 X136.18 Y111.425 E.0025
G1 X136.194 Y111.495 E.00232
SET_VELOCITY_LIMIT ACCEL=2000
G1 X136.578 Y111.615 F30000
;TYPE:Outer wall
;WIDTH:0.42
G1 F7200
G1 X136.49 Y111.827 E.00699
G1 X136.327 Y111.99 E.00699
G1 X136.115 Y112.078 E.00699
G1 X135.885 Y112.078 E.00699
G1 X135.673 Y111.99 E.00699
G1 X135.51 Y111.827 E.00699
G1 X135.422 Y111.615 E.00699
G1 X135.422 Y111.392 E.00678
G1 X135.494 Y111.2 E.00625
G1 X135.641 Y111.033 E.00678
G1 X135.848 Y110.931 E.00699
G1 X136.073 Y110.916 E.00688
G1 X136.228 Y110.957 E.00488
G1 X136.327 Y111.01 E.00341
G1 X136.49 Y111.173 E.00699
G1 X136.578 Y111.385 E.00699
G1 X136.578 Y111.575 E.00577
G1 E-.728 F1800
;WIPE_START
G1 F30000
G1 X136.49 Y111.827 E-.01603
G1 X136.327 Y111.99 E-.01379
G1 X136.115 Y112.078 E-.01379
G1 X135.885 Y112.078 E-.01379
G1 X135.673 Y111.99 E-.01379
G1 X135.663 Y111.98 E-.00081
;WIPE_END
G1 X133.885 Y111.525 Z1.6
G1 Z1.2
G1 E.8 F1800
G1 F7200
G1 X133.846 Y111.671 E.00458
G1 X133.754 Y111.79 E.00458
G1 X133.624 Y111.865 E.00458
G1 X133.475 Y111.885 E.00458
G1 X133.329 Y111.846 E.00458
G1 X133.21 Y111.754 E.00458
G1 X133.135 Y111.624 E.00458
G1 X133.114 Y111.468 E.0048
G1 X133.159 Y111.315 E.00484
G1 X133.265 Y111.194 E.0049
G1 X133.4 Y111.127 E.00458
G1 X133.554 Y111.117 E.00469
G1 X133.668 Y111.152 E.00362
G1 X133.79 Y111.246 E.00469
G1 X133.865 Y111.376 E.00458
G1 X133.88 Y111.486 E.00336
G1 E-.728 F1800
;WIPE_START
G1 F30000
G1 X133.846 Y111.671 E-.01129
G1 X133.754 Y111.79 E-.00903
G1 X133.624 Y111.865 E-.00903
G1 X133.475 Y111.885 E-.00903
G1 X133.329 Y111.846 E-.00903
G1 X133.21 Y111.754 E-.00903
G1 X133.135 Y111.624 E-.00903
G1 X133.12 Y111.517 E-.00651
;WIPE_END
G1 X131.182 Y111.464 Z1.6
G1 Z1.2
G1 E.8 F1800
G1 F7200
G1 X131.182 Y111.536 E.00221
G1 X131.155 Y111.603 E.00221
G1 X131.103 Y111.655 E.00221
G1 X131.036 Y111.682 E.00221
G1 X130.964 Y111.682 E.00221
G1 X130.897 Y111.655 E.00221
G1 X130.845 Y111.603 E.00221
G1 X130.818 Y111.536 E.00221
G1 X130.818 Y111.464 E.00221
G1 X130.845 Y111.397 E.00221
G1 X130.897 Y111.345 E.00221
G1 X130.964 Y111.318 E.00221
G1 X131.036 Y111.318 E.00221
G1 X131.103 Y111.345 E.00221
G1 X131.155 Y111.397 E.00221
G1 X131.167 Y111.427 E.00099
G1 E-.73049 F1800
;WIPE_START
G1 F30000
G1 X131.182 Y111.536 E-.00663
G1 X131.155 Y111.603 E-.00435
G1 X131.103 Y111.655 E-.00435
G1 X131.036 Y111.682 E-.00435
G1 X130.964 Y111.682 E-.00435
G1 X130.897 Y111.655 E-.00435
G1 X130.845 Y111.603 E-.00435
G1 X130.818 Y111.536 E-.00435
G1 X130.818 Y111.464 E-.00435
G1 X130.845 Y111.397 E-.00435
G1 X130.897 Y111.345 E-.00435
G1 X130.964 Y111.318 E-.00435
G1 X131.036 Y111.318 E-.00435
G1 X131.103 Y111.345 E-.00435
G1 X131.155 Y111.397 E-.00435
G1 X131.167 Y111.427 E-.00195
;WIPE_END
G1 X131.359 Y119.057 Z1.6
G1 X131.444 Y122.458 Z1.6
G1 Z1.2
G1 E.8 F1800
;WIDTH:0.37852
G1 F7200
G1 X131.631 Y123.514 E.02902
G1 X132.865 Y123.514 E.03342
G1 X132.865 Y123.763 E.00675
G1 X131.438 Y123.763 E.03865
G1 X131.16 Y122.29 E.04058
G1 X131.418 Y122.252 E.00706
G1 X131.487 Y122.317 E.00256
G1 X131.722 Y122.45 E.00731
G1 X131.91 Y122.493 E.00521
G1 X132.146 Y122.485 E.00641
G1 X132.35 Y122.411 E.00586
G1 X132.52 Y122.273 E.00595
G1 X132.64 Y122.077 E.00621
G1 X132.7 Y121.837 E.00669
G1 X132.7 Y121.479 E.00968
G1 X132.64 Y121.225 E.00709
G1 X132.473 Y120.97 E.00824
G1 X132.231 Y120.818 E.00771
G1 X131.952 Y120.787 E.00762
G1 X131.661 Y120.888 E.00832
G1 X131.437 Y121.123 E.00879
G1 X131.391 Y121.265 E.00404
G1 X131.095 Y121.235 E.00807
G1 X131.112 Y121.169 E.00184
G1 X131.233 Y120.961 E.00651
G1 X131.409 Y120.797 E.00652
G1 X131.629 Y120.688 E.00663
G1 X132.011 Y120.632 E.01045
G1 X132.087 Y120.644 E.00208
G1 X132.365 Y120.687 E.00764
G1 X132.649 Y120.849 E.00885
G1 X132.855 Y121.09 E.00857
G1 X132.99 Y121.412 E.00945
G1 X133.019 Y121.674 E.00714
G1 X132.981 Y121.991 E.00865
G1 X132.918 Y122.163 E.00495
G1 X132.822 Y122.317 E.0049
G1 X132.695 Y122.45 E.00497
G1 X132.559 Y122.546 E.00453
G1 X132.32 Y122.634 E.00688
G1 X132.051 Y122.645 E.00729
G1 X131.482 Y122.47 E.01611
G1 E-.728 F1800
;WIPE_START
G1 F30000
G1 X131.631 Y123.514 E-.06326
G1 X131.776 Y123.514 E-.00874
;WIPE_END
G1 X129.819 Y120.982 Z1.6
G1 Z1.2
G1 E.8 F1800
G1 F7200
G1 X129.527 Y120.982 E.00791
G1 X129.527 Y120.689 E.00791
G1 X129.819 Y120.689 E.00791
G1 X129.819 Y120.942 E.00683
G1 E-.73207 F1800
;WIPE_START
G1 F30000
G1 X129.527 Y120.982 E-.01771
G1 X129.527 Y120.689 E-.01754
G1 X129.819 Y120.689 E-.01754
G1 X129.819 Y120.942 E-.01514
;WIPE_END
G1 X127.431 Y122.345 Z1.6
G1 Z1.2
G1 E.8 F1800
G1 F7200
G1 X127.912 Y122.671 E.01574
G1 X128.084 Y122.887 E.00747
G1 X128.128 Y123.03 E.00405
G1 X128.122 Y123.244 E.00579
G1 X128.09 Y123.347 E.00291
G1 X127.989 Y123.513 E.00527
G1 X127.808 Y123.681 E.0067
G1 X127.662 Y123.759 E.00447
G1 X127.488 Y123.808 E.00488
G1 X127.289 Y123.824 E.00542
G1 X127.049 Y123.801 E.00652
G1 X126.897 Y123.755 E.00428
G1 X126.714 Y123.657 E.00563
G1 X126.622 Y123.575 E.00335
G1 X126.464 Y123.31 E.00833
G1 X126.448 Y123.251 E.00166
G1 X126.698 Y123.209 E.00687
G1 X126.753 Y123.375 E.00473
G1 X126.888 Y123.523 E.00544
G1 X127.091 Y123.631 E.00623
G1 X127.327 Y123.653 E.00641
G1 X127.547 Y123.594 E.00615
G1 X127.723 Y123.452 E.00615
G1 X127.826 Y123.245 E.00624
G1 X127.834 Y122.935 E.0084
G1 X127.687 Y122.642 E.00888
G1 X127.395 Y122.467 E.00921
G1 X127.262 Y122.453 E.00364
G1 X127.243 Y122.315 E.00377
G1 X127.46 Y122.307 E.00589
G1 X127.645 Y122.236 E.00536
G1 X127.802 Y122.109 E.00547
G1 X127.917 Y121.934 E.00564
G1 X127.977 Y121.726 E.00588
G1 X127.976 Y121.426 E.00811
G1 X127.915 Y121.209 E.00611
G1 X127.797 Y121.027 E.00586
G1 X127.635 Y120.893 E.00569
G1 X127.44 Y120.817 E.00566
G1 X127.175 Y120.815 E.00716
G1 X126.945 Y120.907 E.0067
G1 X126.796 Y121.039 E.00541
G1 X126.689 Y121.213 E.00552
G1 X126.666 Y121.3 E.00242
G1 X126.392 Y121.266 E.00747
G1 X126.41 Y121.192 E.00208
G1 X126.529 Y120.983 E.00652
G1 X126.788 Y120.758 E.00926
G1 X127.018 Y120.665 E.00673
G1 X127.422 Y120.636 E.01095
G1 X127.61 Y120.669 E.00519
G1 X127.78 Y120.735 E.00493
G1 X128.018 Y120.906 E.00792
G1 X128.138 Y121.045 E.00498
G1 X128.224 Y121.199 E.00477
G1 X128.276 Y121.366 E.00473
G1 X128.292 Y121.541 E.00477
G1 X128.234 Y121.842 E.00829
G1 X128.154 Y121.973 E.00416
G1 X128.044 Y122.078 E.00411
G1 X127.467 Y122.329 E.01704
G1 E-.728 F1800
;WIPE_START
G1 F30000
G1 X127.912 Y122.671 E-.03367
G1 X128.084 Y122.887 E-.01657
G1 X128.128 Y123.03 E-.00897
G1 X128.122 Y123.243 E-.01279
;WIPE_END
G1 X123.818 Y121.968 Z1.6
G1 Z1.2
G1 E.8 F1800
G1 F7200
G1 X123.903 Y121.975 E.00231
G1 X123.858 Y121.972 E.00123
G1 E-.79456 F1800
;WIPE_START
G1 F30000
G1 X123.903 Y121.975 E-.00272
G1 X123.858 Y121.972 E-.00272
;WIPE_END
G1 X123.495 Y122.707 Z1.6
G1 Z1.2
G1 E.8 F1800
G1 F7200
G1 X124.368 Y122.707 E.02364
G1 X124.368 Y122.777 E.00189
G1 X123.447 Y122.777 E.02493
G1 X123.268 Y121.824 E.02625
G1 X123.386 Y121.807 E.00324
G1 X123.458 Y121.858 E.00239
G1 X123.338 Y121.821 E.00339
G1 X123.488 Y122.667 E.02327
G1 E-.728 F1800
;WIPE_START
G1 F30000
G1 X124.368 Y122.707 E-.05287
G1 X124.368 Y122.777 E-.0042
G1 X124.119 Y122.777 E-.01493
;WIPE_END
G1 X123.299 Y120.864 Z1.6
G1 Z1.2
G1 E.8 F1800
G1 F7200
G1 X123.413 Y120.757 E.00423
G1 X123.555 Y120.687 E.00429
G1 X123.732 Y120.661 E.00484
G1 X123.532 Y120.731 E.00574
G1 X123.355 Y120.917 E.00696
G1 X123.331 Y120.988 E.00203
G1 X123.232 Y120.978 E.0027
G1 X123.279 Y120.898 E.00251
G1 X123.788 Y120.652 F30000
G1 F7200
G1 X123.958 Y120.672 E.00465
G1 X123.827 Y120.657 E.00357
G1 E-.78418 F1800
;WIPE_START
G1 F30000
G1 X123.958 Y120.672 E-.00791
G1 X123.827 Y120.657 E-.00791
;WIPE_END
G1 X124.022 Y121.971 Z1.6
G1 Z1.2
G1 E.8 F1800
G1 F7200
G1 X123.931 Y121.974 E.00248
G1 X124.223 Y121.808 E.0091
G1 X124.358 Y121.475 E.00972
G1 X124.358 Y121.193 E.00764
G1 X124.311 Y120.996 E.00549
G1 X124.18 Y120.796 E.00646
G1 X123.99 Y120.677 E.00608
G1 X124.047 Y120.686 E.00155
G1 X124.233 Y120.791 E.00579
G1 X124.371 Y120.953 E.00575
G1 X124.441 Y121.103 E.00447
G1 X124.477 Y121.338 E.00644
G1 X124.432 Y121.611 E.0075
G1 X124.349 Y121.76 E.00459
G1 X124.169 Y121.917 E.00647
G1 X124.06 Y121.957 E.00315
G1 E-.728 F1800
;WIPE_START
G1 F30000
G1 X123.931 Y121.974 E-.00782
G1 X124.223 Y121.808 E-.02018
G1 X124.358 Y121.475 E-.02154
G1 X124.358 Y121.193 E-.01693
G1 X124.337 Y121.104 E-.00553
;WIPE_END
G1 X122.092 Y120.79 Z1.6
G1 Z1.2
G1 E.8 F1800
G1 F7200
G1 X122.092 Y120.689 E.00273
G1 X122.193 Y120.689 E.00273
G1 X122.193 Y120.79 E.00273
G1 X122.132 Y120.79 E.00164
G1 E-.77778 F1800
;WIPE_START
G1 F30000
G1 X122.092 Y120.689 E-.0065
G1 X122.193 Y120.689 E-.00604
G1 X122.193 Y120.79 E-.00604
G1 X122.132 Y120.79 E-.00364
;WIPE_END
G1 X119.874 Y122.437 Z1.6
G1 Z1.2
G1 E.8 F1800
G1 F7200
G1 X119.965 Y122.428 E.0025
G1 X119.973 Y122.469 E.00111
G1 X120.082 Y122.657 E.00588
G1 X120.257 Y122.77 E.00565
G1 X120.45 Y122.803 E.00529
G1 X120.276 Y122.798 E.00471
G1 X120.075 Y122.717 E.00584
G1 X119.928 Y122.57 E.00563
G1 X119.889 Y122.474 E.00281
G1 E-.728 F1800
;WIPE_START
G1 F30000
G1 X119.965 Y122.428 E-.00536
G1 X119.973 Y122.469 E-.00247
G1 X120.082 Y122.657 E-.01304
G1 X120.257 Y122.77 E-.01252
G1 X120.45 Y122.803 E-.01173
G1 X120.276 Y122.798 E-.01044
G1 X120.075 Y122.717 E-.01294
G1 X120.034 Y122.676 E-.00349
;WIPE_END
G1 X119.933 Y120.756 Z1.6
G1 Z1.2
G1 E.8 F1800
G1 F7200
G1 X120.289 Y121.223 E.01589
G1 X120.84 Y121.762 E.02088
G1 X121.041 Y122.099 E.01062
G1 X121.074 Y122.279 E.00496
G1 X121.053 Y122.464 E.00503
G1 X120.957 Y122.637 E.00536
G1 X120.845 Y122.73 E.00395
G1 X120.62 Y122.808 E.00644
G1 X120.469 Y122.803 E.00407
G1 X120.671 Y122.771 E.00552
G1 X120.87 Y122.63 E.00662
G1 X120.96 Y122.439 E.00571
G1 X120.975 Y122.227 E.00575
G1 X120.924 Y122.025 E.00564
G1 X120.816 Y121.84 E.0058
G1 X120.165 Y121.19 E.0249
G1 X119.946 Y120.93 E.00919
G1 X119.83 Y120.689 E.00725
G1 X121.077 Y120.689 E.03377
G1 X121.077 Y120.756 E.0018
G1 X119.973 Y120.756 E.02988
;LAYER_CHANGE
;Z:1.4
;HEIGHT:0.2
;BEFORE_LAYER_CHANGE
;1.4
G92 E0

G1 E-.728 F1800
;WIPE_START
G1 F30000
G1 X120.289 Y121.223 E-.03382
G1 X120.744 Y121.668 E-.03818
;WIPE_END
M73 L7
;LAYER:7
SET_PRINT_STATS_INFO TOTAL_LAYER=9 CURRENT_LAYER=7
;_SET_FAN_SPEED_CHANGING_LAYER

G1 X119.749 Y122.021 Z1.45714
G1 X118.852 Y121.464 Z1.51429
G1 X118.729 Y120.415 Z1.57143
G1 X119.472 Y119.665 Z1.62857
G1 X120.522 Y119.778 Z1.68571
G1 X121.088 Y120.669 Z1.74286
G1 X120.744 Y121.668 Z1.8
G1 X106.116 Y136.435 Z1.8
G1 Z1.4
G1 E.8 F1800
;WIDTH:0.42
G1 F7200
G1 X106.056 Y136.574 E.00461
G1 X106.02 Y136.598 E.0013
G1 X105.971 Y136.594 E.0015
G1 X105.928 Y136.551 E.00185
G1 X105.869 Y136.351 E.00636
G1 X105.839 Y135.889 E.01406
G1 X105.851 Y135.339 E.01676
G1 X105.885 Y135.096 E.00747
G1 X105.935 Y134.97 E.00412
G1 X105.967 Y134.942 E.00128
G1 X106.041 Y134.938 E.00226
G1 X106.121 Y135.127 E.00624
G1 X106.159 Y135.53 E.01231
G1 X106.15 Y136.196 E.02024
G1 X106.121 Y136.395 E.00613
G1 E-.728 F1800
;WIPE_START
G1 F30000
G1 X106.056 Y136.574 E-.01142
G1 X106.02 Y136.598 E-.00257
G1 X105.971 Y136.594 E-.00295
G1 X105.928 Y136.551 E-.00364
G1 X105.869 Y136.351 E-.01255
G1 X105.839 Y135.889 E-.02773
G1 X105.843 Y135.704 E-.01113
;WIPE_END
G1 X98.63 Y135.394 Z1.8
G1 Z1.4
G1 E.8 F1800
SET_VELOCITY_LIMIT ACCEL=3000
;TYPE:Inner wall
;WIDTH:0.45
G1 F12000
G1 X98.7 Y135.367 E.00247
G1 X98.801 Y135.362 E.0033
G1 X98.882 Y135.404 E.00301
G1 X98.941 Y135.516 E.00414
G1 X98.963 Y135.623 E.00359
G1 X98.97 Y135.871 E.00814
G1 X98.913 Y136.149 E.00932
G1 X98.828 Y136.197 E.00322
G1 X98.684 Y136.21 E.00473
G1 X98.598 Y136.147 E.00349
G1 X98.569 Y136.1 E.00182
G1 X98.534 Y135.958 E.00479
G1 X98.534 Y135.626 E.01091
G1 X98.574 Y135.471 E.00527
G1 X98.606 Y135.426 E.0018
SET_VELOCITY_LIMIT ACCEL=2000
G1 X98.449 Y135.043 F30000
;TYPE:Outer wall
;WIDTH:0.42
G1 F7200
G1 X98.62 Y134.978 E.00558
G1 X98.824 Y134.969 E.00619
G1 X98.935 Y134.991 E.00345
G1 X99.1 Y135.075 E.00564
G1 X99.186 Y135.154 E.00354
G1 X99.261 Y135.262 E.00401
G1 X99.317 Y135.402 E.00459
G1 X99.354 Y135.577 E.00545
G1 X99.363 Y135.904 E.00995
G1 X99.289 Y136.268 E.01129
G1 X99.23 Y136.379 E.00382
G1 X99.158 Y136.461 E.00331
G1 X98.947 Y136.58 E.00738
G1 X98.675 Y136.604 E.0083
G1 X98.502 Y136.562 E.00541
G1 X98.304 Y136.419 E.00744
G1 X98.203 Y136.253 E.00591
G1 X98.142 Y136.006 E.00772
G1 X98.142 Y135.576 E.01307
G1 X98.207 Y135.326 E.00786
G1 X98.271 Y135.208 E.0041
G1 X98.357 Y135.111 E.00393
G1 X98.416 Y135.067 E.00226
G1 E-.728 F1800
;WIPE_START
G1 F30000
G1 X98.62 Y134.978 E-.01333
G1 X98.824 Y134.969 E-.0122
G1 X98.935 Y134.991 E-.00681
G1 X99.1 Y135.075 E-.01112
G1 X99.186 Y135.154 E-.00699
M73 P74 R5
G1 X99.261 Y135.262 E-.00791
G1 X99.317 Y135.402 E-.00906
G1 X99.333 Y135.477 E-.00459
;WIPE_END
G1 X100.5 Y138.8 Z1.8
G1 Z1.4
G1 E.8 F1800
G1 F7200
G1 X100.55 Y138.674 E.00412
G1 X100.581 Y138.646 E.00128
G1 X100.655 Y138.643 E.00226
G1 X100.735 Y138.832 E.00624
G1 X100.773 Y139.235 E.01231
G1 X100.764 Y139.9 E.02024
G1 X100.73 Y140.139 E.00735
G1 X100.67 Y140.279 E.00461
G1 X100.635 Y140.302 E.0013
G1 X100.586 Y140.298 E.0015
G1 X100.542 Y140.256 E.00185
G1 X100.484 Y140.055 E.00636
G1 X100.453 Y139.594 E.01406
G1 X100.465 Y139.043 E.01676
G1 X100.494 Y138.839 E.00625
G1 E-.728 F1800
;WIPE_START
G1 F30000
G1 X100.55 Y138.674 E-.01047
G1 X100.581 Y138.646 E-.00253
G1 X100.655 Y138.643 E-.00446
G1 X100.735 Y138.832 E-.01231
G1 X100.773 Y139.235 E-.02429
G1 X100.769 Y139.534 E-.01793
;WIPE_END
G1 X101.335 Y144.417 Z1.8
G1 Z1.4
G1 E.8 F1800
;WIDTH:0.37852
G1 F7200
G1 X101.324 Y144.472 E.00153
G1 X101.272 Y144.549 E.00251
G1 X101.171 Y144.622 E.00339
G1 X101.047 Y144.647 E.0034
G1 X100.958 Y144.634 E.00246
G1 X100.843 Y144.567 E.00359
G1 X100.781 Y144.49 E.00268
G1 X100.754 Y144.417 E.00212
G1 X101.295 Y144.417 E.01464
G1 E-.728 F1800
;WIPE_START
G1 F30000
G1 X101.324 Y144.472 E-.00376
G1 X101.272 Y144.549 E-.00555
G1 X101.171 Y144.622 E-.00751
G1 X101.047 Y144.647 E-.00754
G1 X100.958 Y144.634 E-.00545
G1 X100.843 Y144.567 E-.00795
G1 X100.781 Y144.49 E-.00593
G1 X100.754 Y144.417 E-.0047
G1 X101.147 Y144.417 E-.02361
;WIPE_END
G1 X104.207 Y143.479 Z1.8
G1 Z1.4
G1 E.8 F1800
;WIDTH:0.42
G1 F7200
G1 X104.367 Y143.505 E.00492
G1 X104.518 Y143.634 E.00604
G1 X104.593 Y143.821 E.00613
G1 X104.605 Y144.205 E.0117
G1 X104.542 Y144.432 E.00717
G1 X104.435 Y144.563 E.00515
G1 X104.353 Y144.607 E.0028
G1 X104.194 Y144.623 E.00488
G1 X104.108 Y144.599 E.00272
G1 X103.991 Y144.507 E.00453
G1 X103.928 Y144.396 E.00387
G1 X103.888 Y144.219 E.00552
G1 X103.888 Y143.887 E.01009
G1 X103.93 Y143.696 E.00597
G1 X103.966 Y143.62 E.00254
G1 X104.038 Y143.542 E.00323
G1 X104.169 Y143.493 E.00427
G1 E-.728 F1800
;WIPE_START
G1 F30000
G1 X104.367 Y143.505 E-.01187
G1 X104.518 Y143.634 E-.01191
G1 X104.593 Y143.821 E-.01209
G1 X104.605 Y144.205 E-.02307
G1 X104.547 Y144.415 E-.01306
;WIPE_END
G1 X107.815 Y143.44 Z1.8
G1 Z1.4
G1 E.8 F1800
G1 F7200
G1 X107.962 Y143.545 E.0055
G1 X108.06 Y143.725 E.00625
G1 X108.096 Y144.09 E.01113
G1 X108.043 Y144.333 E.00758
G1 X107.934 Y144.49 E.00579
G1 X107.798 Y144.571 E.00484
G1 X107.626 Y144.589 E.00526
G1 X107.52 Y144.56 E.00333
G1 X107.378 Y144.454 E.00539
G1 X107.303 Y144.334 E.0043
G1 X107.258 Y144.16 E.00548
G1 X107.258 Y143.848 E.00947
G1 X107.302 Y143.679 E.00531
G1 X107.418 Y143.514 E.00614
G1 X107.519 Y143.446 E.00371
G1 X107.615 Y143.43 E.00295
G1 X107.775 Y143.438 E.00487
G1 E-.728 F1800
;WIPE_START
G1 F30000
G1 X107.962 Y143.545 E-.01295
G1 X108.06 Y143.725 E-.01233
G1 X108.096 Y144.09 E-.02195
G1 X108.043 Y144.333 E-.01496
G1 X107.95 Y144.467 E-.00981
;WIPE_END
G1 X111.14 Y143.425 Z1.8
G1 Z1.4
G1 E.8 F1800
G1 F7200
G1 X111.204 Y143.446 E.00205
G1 X111.314 Y143.52 E.00406
G1 X111.364 Y143.576 E.00227
G1 X111.45 Y143.785 E.00688
G1 X111.462 Y144.161 E.01142
G1 X111.394 Y144.38 E.00697
G1 X111.276 Y144.516 E.00549
G1 X111.133 Y144.582 E.00479
G1 X110.964 Y144.582 E.00512
G1 X110.815 Y144.514 E.005
G1 X110.726 Y144.422 E.00389
G1 X110.658 Y144.282 E.00473
G1 X110.624 Y144.087 E.00602
G1 X110.644 Y143.782 E.00929
G1 X110.698 Y143.632 E.00483
G1 X110.828 Y143.483 E.00604
G1 X110.876 Y143.454 E.00171
G1 X111.047 Y143.42 E.00529
G1 X111.1 Y143.423 E.00162
G1 E-.728 F1800
;WIPE_START
G1 F30000
G1 X111.204 Y143.446 E-.00639
G1 X111.314 Y143.52 E-.00801
G1 X111.364 Y143.576 E-.00449
G1 X111.45 Y143.785 E-.01357
G1 X111.462 Y144.161 E-.02254
G1 X111.394 Y144.38 E-.01376
G1 X111.359 Y144.421 E-.00325
;WIPE_END
G1 X115.877 Y144.883 Z1.8
G1 Z1.4
G1 E.8 F1800
G1 F7200
G1 X116.394 Y144.893 E.01574
G1 X116.601 Y144.947 E.00648
G1 X116.706 Y145.051 E.0045
G1 X116.735 Y145.201 E.00464
G1 X116.68 Y145.356 E.00501
G1 X116.624 Y145.408 E.00234
G1 X116.499 Y145.458 E.00409
G1 X115.877 Y145.475 E.01891
G1 X115.877 Y144.923 E.01678
G1 E-.728 F1800
;WIPE_START
G1 F30000
G1 X116.394 Y144.893 E-.03109
G1 X116.601 Y144.947 E-.01279
G1 X116.706 Y145.051 E-.00888
G1 X116.735 Y145.201 E-.00915
G1 X116.68 Y145.356 E-.00988
G1 X116.677 Y145.358 E-.00021
;WIPE_END
G1 X114.635 Y138.674 Z1.8
G1 Z1.4
G1 E.8 F1800
G1 F7200
G1 X114.667 Y138.646 E.00128
G1 X114.741 Y138.643 E.00226
G1 X114.821 Y138.832 E.00624
G1 X114.859 Y139.235 E.01231
G1 X114.85 Y139.9 E.02024
G1 X114.816 Y140.139 E.00735
G1 X114.756 Y140.279 E.00461
G1 X114.72 Y140.302 E.0013
G1 X114.671 Y140.298 E.0015
G1 X114.628 Y140.256 E.00185
G1 X114.569 Y140.055 E.00636
G1 X114.539 Y139.594 E.01406
G1 X114.551 Y139.043 E.01676
G1 X114.586 Y138.8 E.00747
G1 X114.621 Y138.711 E.0029
G1 E-.728 F1800
;WIPE_START
G1 F30000
G1 X114.667 Y138.646 E-.0048
G1 X114.741 Y138.643 E-.00446
G1 X114.821 Y138.832 E-.01231
G1 X114.859 Y139.235 E-.02429
G1 X114.853 Y139.67 E-.02614
;WIPE_END
G1 X117.218 Y138.674 Z1.8
G1 Z1.4
G1 E.8 F1800
G1 F7200
G1 X117.249 Y138.646 E.00128
G1 X117.323 Y138.643 E.00226
G1 X117.404 Y138.832 E.00624
G1 X117.441 Y139.235 E.01231
G1 X117.432 Y139.898 E.02017
G1 X117.386 Y140.178 E.00863
G1 X117.331 Y140.287 E.00373
G1 X117.299 Y140.304 E.0011
G1 X117.244 Y140.294 E.00171
G1 X117.211 Y140.26 E.00142
G1 X117.152 Y140.055 E.00651
G1 X117.121 Y139.594 E.01406
G1 X117.133 Y139.043 E.01676
G1 X117.168 Y138.8 E.00747
G1 X117.203 Y138.711 E.0029
G1 E-.728 F1800
;WIPE_START
G1 F30000
G1 X117.249 Y138.646 E-.0048
G1 X117.323 Y138.643 E-.00446
G1 X117.404 Y138.832 E-.01231
G1 X117.441 Y139.235 E-.02429
G1 X117.435 Y139.67 E-.02614
;WIPE_END
G1 X116.464 Y135.096 Z1.8
G1 Z1.4
G1 E.8 F1800
G1 F7200
G1 X116.514 Y134.97 E.00412
G1 X116.545 Y134.942 E.00128
G1 X116.62 Y134.938 E.00226
G1 X116.7 Y135.127 E.00624
G1 X116.737 Y135.53 E.01231
G1 X116.728 Y136.196 E.02024
G1 X116.694 Y136.435 E.00735
G1 X116.634 Y136.574 E.00461
G1 X116.599 Y136.598 E.0013
G1 X116.55 Y136.594 E.0015
G1 X116.506 Y136.551 E.00185
G1 X116.448 Y136.351 E.00636
G1 X116.417 Y135.889 E.01406
G1 X116.429 Y135.339 E.01676
G1 X116.458 Y135.135 E.00625
G1 E-.728 F1800
;WIPE_START
G1 F30000
G1 X116.514 Y134.97 E-.01047
G1 X116.545 Y134.942 E-.00253
G1 X116.62 Y134.938 E-.00446
G1 X116.7 Y135.127 E-.01231
G1 X116.737 Y135.53 E-.02429
G1 X116.733 Y135.829 E-.01793
;WIPE_END
G1 X121.846 Y135.593 Z1.8
G1 Z1.4
G1 E.8 F1800
G1 F7200
G1 X121.777 Y135.594 E.00208
G1 X121.715 Y135.565 E.00208
G1 X121.647 Y135.458 E.00385
G1 X121.63 Y135.356 E.00314
G1 X121.668 Y135.073 E.00868
G1 X121.726 Y134.986 E.0032
G1 X121.812 Y134.935 E.00305
G1 X121.882 Y134.938 E.00212
G1 X121.941 Y134.979 E.00217
G1 X121.979 Y135.058 E.0027
G1 X121.999 Y135.307 E.00758
G1 X121.969 Y135.468 E.00498
G1 X121.897 Y135.569 E.00378
G1 X121.882 Y135.576 E.00051
G1 E-.728 F1800
;WIPE_START
G1 F30000
G1 X121.777 Y135.594 E-.00636
G1 X121.715 Y135.565 E-.0041
G1 X121.647 Y135.458 E-.0076
G1 X121.63 Y135.356 E-.00619
G1 X121.668 Y135.073 E-.01712
G1 X121.726 Y134.986 E-.00631
G1 X121.812 Y134.935 E-.00601
G1 X121.882 Y134.938 E-.00417
G1 X121.941 Y134.979 E-.00429
G1 X121.979 Y135.058 E-.00532
G1 X121.985 Y135.134 E-.00452
;WIPE_END
G1 X121.981 Y139.974 Z1.8
G1 Z1.4
G1 E.8 F1800
G1 F7200
G1 X122.032 Y140.028 E.00229
G1 X122.046 Y140.146 E.0036
G1 X122.003 Y140.233 E.00294
G1 X121.976 Y140.25 E.00099
G1 X121.909 Y140.266 E.00209
G1 X121.254 Y140.272 E.01993
G1 X121.254 Y139.935 E.01025
G1 X121.823 Y139.942 E.01733
G1 X121.941 Y139.966 E.00367
G1 E-.728 F1800
;WIPE_START
G1 F30000
G1 X122.032 Y140.028 E-.00662
G1 X122.046 Y140.146 E-.00711
G1 X122.003 Y140.233 E-.0058
G1 X121.976 Y140.25 E-.00195
G1 X121.909 Y140.266 E-.00413
G1 X121.254 Y140.272 E-.03933
G1 X121.254 Y140.155 E-.00706
;WIPE_END
G1 X124.488 Y140.26 Z1.8
G1 Z1.4
G1 E.8 F1800
G1 F7200
G1 X124.428 Y140.055 E.00651
G1 X124.398 Y139.594 E.01406
G1 X124.41 Y139.043 E.01676
G1 X124.444 Y138.8 E.00747
G1 X124.494 Y138.674 E.00412
G1 X124.525 Y138.646 E.00128
G1 X124.6 Y138.643 E.00226
G1 X124.68 Y138.832 E.00624
G1 X124.718 Y139.235 E.01231
G1 X124.708 Y139.898 E.02017
G1 X124.663 Y140.178 E.00863
G1 X124.607 Y140.287 E.00373
G1 X124.575 Y140.304 E.0011
G1 X124.52 Y140.294 E.00171
G1 X124.515 Y140.29 E.0002
G1 E-.728 F1800
;WIPE_START
G1 F30000
G1 X124.428 Y140.055 E-.01502
G1 X124.398 Y139.594 E-.02773
G1 X124.408 Y139.106 E-.02925
;WIPE_END
G1 X126.014 Y134.938 Z1.8
G1 Z1.4
G1 E.8 F1800
G1 F7200
G1 X126.094 Y135.127 E.00624
G1 X126.131 Y135.53 E.01231
G1 X126.122 Y136.196 E.02024
G1 X126.088 Y136.435 E.00735
G1 X126.028 Y136.574 E.00461
G1 X125.993 Y136.598 E.0013
G1 X125.944 Y136.594 E.0015
G1 X125.9 Y136.551 E.00185
G1 X125.842 Y136.351 E.00636
G1 X125.811 Y135.889 E.01406
G1 X125.823 Y135.339 E.01676
G1 X125.858 Y135.096 E.00747
G1 X125.908 Y134.97 E.00412
G1 X125.939 Y134.942 E.00128
G1 X125.974 Y134.94 E.00104
G1 E-.728 F1800
;WIPE_START
G1 F30000
G1 X126.094 Y135.127 E-.01334
G1 X126.131 Y135.53 E-.02429
G1 X126.123 Y136.103 E-.03437
;WIPE_END
G1 X128.623 Y135.994 Z1.8
G1 Z1.4
G1 E.8 F1800
G1 F7200
G1 X128.656 Y136.049 E.00194
G1 X128.68 Y136.144 E.00295
G1 X128.679 Y136.343 E.00605
G1 X128.652 Y136.451 E.0034
G1 X128.587 Y136.549 E.00357
G1 X128.501 Y136.601 E.00305
G1 X128.432 Y136.598 E.00211
G1 X128.374 Y136.557 E.00214
G1 X128.336 Y136.476 E.00274
G1 X128.316 Y136.225 E.00764
G1 X128.346 Y136.066 E.00494
G1 X128.421 Y135.959 E.00397
G1 X128.561 Y135.946 E.00426
G1 X128.592 Y135.97 E.00119
G1 E-.728 F1800
;WIPE_START
G1 F30000
G1 X128.656 Y136.049 E-.00613
G1 X128.68 Y136.144 E-.00583
G1 X128.679 Y136.343 E-.01194
G1 X128.652 Y136.451 E-.00672
G1 X128.587 Y136.549 E-.00705
G1 X128.501 Y136.601 E-.00602
G1 X128.432 Y136.598 E-.00416
G1 X128.374 Y136.557 E-.00423
G1 X128.336 Y136.476 E-.0054
G1 X128.317 Y136.235 E-.01452
;WIPE_END
G1 X128.643 Y139.135 Z1.8
G1 Z1.4
G1 E.8 F1800
G1 F7200
G1 X128.562 Y139.151 E.00251
G1 X128.464 Y139.131 E.00304
G1 X128.432 Y139.108 E.0012
G1 X128.38 Y139.025 E.00296
G1 X128.357 Y138.929 E.003
G1 X128.368 Y138.787 E.00433
G1 X128.394 Y138.718 E.00225
G1 X128.456 Y138.65 E.0028
G1 X128.526 Y138.621 E.00229
G1 X128.634 Y138.626 E.0033
G1 X128.69 Y138.658 E.00195
G1 X128.739 Y138.728 E.0026
G1 X128.767 Y138.855 E.00396
G1 X128.758 Y138.985 E.00398
G1 X128.7 Y139.095 E.00376
G1 X128.675 Y139.112 E.00091
G1 E-.728 F1800
;WIPE_START
G1 F30000
G1 X128.562 Y139.151 E-.00721
G1 X128.464 Y139.131 E-.00601
G1 X128.432 Y139.108 E-.00237
G1 X128.38 Y139.025 E-.00585
G1 X128.357 Y138.929 E-.00592
G1 X128.368 Y138.787 E-.00854
G1 X128.394 Y138.718 E-.00443
G1 X128.456 Y138.65 E-.00553
G1 X128.526 Y138.621 E-.00451
G1 X128.634 Y138.626 E-.00651
G1 X128.69 Y138.658 E-.00385
G1 X128.739 Y138.728 E-.00512
G1 X128.761 Y138.828 E-.00615
;WIPE_END
G1 X128.615 Y140.025 Z1.8
G1 Z1.4
G1 E.8 F1800
;WIDTH:0.37852
G1 F7200
G1 X128.668 Y140.051 E.00159
G1 X128.702 Y140.092 E.00145
G1 X128.721 Y140.166 E.00206
G1 X128.714 Y140.252 E.00233
G1 X128.647 Y140.337 E.00294
G1 X128.581 Y140.355 E.00184
G1 X128.496 Y140.348 E.0023
G1 X128.442 Y140.321 E.00163
G1 X128.408 Y140.279 E.00147
G1 X128.39 Y140.211 E.0019
G1 X128.397 Y140.122 E.00243
G1 X128.458 Y140.04 E.00276
G1 X128.576 Y140.028 E.00321
G1 E-.73594 F1800
;WIPE_START
G1 F30000
G1 X128.668 Y140.051 E-.00571
G1 X128.702 Y140.092 E-.00321
G1 X128.721 Y140.166 E-.00456
G1 X128.714 Y140.252 E-.00517
G1 X128.647 Y140.337 E-.00651
G1 X128.581 Y140.355 E-.00409
G1 X128.496 Y140.348 E-.00511
G1 X128.442 Y140.321 E-.00361
G1 X128.408 Y140.279 E-.00326
G1 X128.39 Y140.211 E-.00421
G1 X128.397 Y140.122 E-.00539
G1 X128.458 Y140.04 E-.00611
G1 X128.576 Y140.028 E-.00711
;WIPE_END
G1 X128.335 Y144.417 Z1.8
G1 Z1.4
G1 E.8 F1800
G1 F7200
G1 X128.925 Y144.417 E.01596
G1 X128.893 Y144.498 E.00238
G1 X128.831 Y144.572 E.00259
G1 X128.725 Y144.632 E.0033
G1 X128.594 Y144.645 E.00357
G1 X128.506 Y144.622 E.00247
G1 X128.428 Y144.571 E.00251
G1 X128.363 Y144.49 E.00282
G1 X128.35 Y144.454 E.00104
G1 E-.728 F1800
;WIPE_START
G1 F30000
G1 X128.925 Y144.417 E-.03459
G1 X128.893 Y144.498 E-.00527
G1 X128.831 Y144.572 E-.00575
G1 X128.725 Y144.632 E-.00732
G1 X128.594 Y144.645 E-.00792
G1 X128.506 Y144.622 E-.00548
G1 X128.428 Y144.571 E-.00555
G1 X128.427 Y144.57 E-.00012
;WIPE_END
G1 X123.577 Y144.392 Z1.8
G1 Z1.4
G1 E.8 F1800
G1 F7200
G1 X123.384 Y144.912 E.01499
G1 X123.166 Y144.314 E.01723
G1 X123.606 Y144.314 E.0119
G1 X123.591 Y144.355 E.00119
G1 E-.728 F1800
;WIPE_START
G1 F30000
G1 X123.384 Y144.912 E-.03564
G1 X123.177 Y144.342 E-.03636
;WIPE_END
G1 X130.311 Y141.631 Z1.8
G1 X134.671 Y139.974 Z1.8
G1 Z1.4
G1 E.8 F1800
;WIDTH:0.42
G1 F7200
G1 X134.723 Y140.028 E.00229
G1 X134.737 Y140.146 E.0036
G1 X134.693 Y140.233 E.00294
G1 X134.666 Y140.25 E.00099
G1 X134.599 Y140.266 E.00209
G1 X133.944 Y140.272 E.01993
G1 X133.944 Y139.935 E.01025
G1 X134.514 Y139.942 E.01733
G1 X134.632 Y139.966 E.00367
G1 E-.728 F1800
;WIPE_START
G1 F30000
G1 X134.723 Y140.028 E-.00662
G1 X134.737 Y140.146 E-.00711
G1 X134.693 Y140.233 E-.0058
G1 X134.666 Y140.25 E-.00195
G1 X134.599 Y140.266 E-.00413
G1 X133.944 Y140.272 E-.03933
G1 X133.944 Y140.155 E-.00706
;WIPE_END
G1 X136.779 Y144.571 Z1.8
G1 Z1.4
G1 E.8 F1800
G1 F7200
G1 X136.607 Y144.589 E.00526
G1 X136.501 Y144.56 E.00333
G1 X136.36 Y144.454 E.00539
G1 X136.285 Y144.334 E.0043
G1 X136.239 Y144.16 E.00548
G1 X136.239 Y143.848 E.00947
G1 X136.284 Y143.679 E.00531
G1 X136.399 Y143.514 E.00614
G1 X136.501 Y143.446 E.00371
G1 X136.596 Y143.43 E.00295
G1 X136.79 Y143.44 E.0059
G1 X136.941 Y143.54 E.00552
G1 X137.042 Y143.725 E.00641
G1 X137.077 Y144.09 E.01113
G1 X137.025 Y144.333 E.00758
G1 X136.916 Y144.49 E.00579
G1 X136.813 Y144.551 E.00363
G1 E-.728 F1800
;WIPE_START
G1 F30000
G1 X136.607 Y144.589 E-.01259
G1 X136.501 Y144.56 E-.00658
G1 X136.36 Y144.454 E-.01063
G1 X136.285 Y144.334 E-.00848
G1 X136.239 Y144.16 E-.01082
G1 X136.239 Y143.848 E-.01868
G1 X136.257 Y143.78 E-.00424
;WIPE_END
G1 X143.884 Y144.07 Z1.8
G1 X156.46 Y144.549 Z1.8
G1 Z1.4
G1 E.8 F1800
;WIDTH:0.37852
G1 F7200
G1 X156.359 Y144.622 E.00339
G1 X156.235 Y144.647 E.0034
G1 X156.145 Y144.634 E.00246
G1 X156.031 Y144.567 E.00359
G1 X155.969 Y144.49 E.00268
G1 X155.942 Y144.417 E.00212
G1 X156.523 Y144.417 E.01573
G1 X156.511 Y144.472 E.00153
G1 X156.482 Y144.516 E.00142
G1 E-.728 F1800
;WIPE_START
G1 F30000
G1 X156.359 Y144.622 E-.00979
G1 X156.235 Y144.647 E-.00754
G1 X156.145 Y144.634 E-.00545
G1 X156.031 Y144.567 E-.00795
G1 X155.969 Y144.49 E-.00593
G1 X155.942 Y144.417 E-.0047
G1 X156.452 Y144.417 E-.03064
;WIPE_END
G1 X156.767 Y136.791 Z1.8
G1 X157.002 Y131.102 Z1.8
G1 Z1.4
G1 E.8 F1800
SET_VELOCITY_LIMIT ACCEL=3000
;TYPE:Inner wall
;WIDTH:0.45
G1 F12000
G1 X157.002 Y128.9 E.0723
G1 F11160
G1 X157.002 Y128.102 E.0262
G1 X157.798 Y128.102 E.02614
G1 X157.798 Y128.9 E.0262
G1 F12000
G1 X157.798 Y131.102 E.0723
G1 X162.398 Y131.102 E.15103
G1 X162.398 Y131.898 E.02614
G1 X144.602 Y131.898 E.5843
G1 X144.602 Y131.102 E.02614
G1 X149.202 Y131.102 E.15103
G1 X149.202 Y129.902 E.0394
G1 X149.998 Y129.902 E.02614
G1 X149.998 Y131.102 E.0394
G1 X151.802 Y131.102 E.05923
G1 X151.802 Y129.302 E.0591
G1 X152.598 Y129.302 E.02614
G1 X152.598 Y131.102 E.0591
G1 X154.402 Y131.102 E.05923
G1 X154.402 Y129.4 E.05588
G1 X154.402 Y128.702 E.02292
G1 X155.198 Y128.702 E.02614
G1 X155.198 Y129.4 E.02292
G1 X155.198 Y131.102 E.05588
G1 X156.962 Y131.102 E.05792
SET_VELOCITY_LIMIT ACCEL=2000
G1 X156.61 Y130.71 F30000
;TYPE:Outer wall
;WIDTH:0.42
G1 F7200
G1 X156.61 Y130.167 E.01651
G1 X156.61 Y128.84 E.04036
M106 S255
G1 F3000
G1 X156.61 Y128 E.02555
G1 F2580
G1 X156.61 Y127.8 E.00608
SET_VELOCITY_LIMIT ACCEL=1000
;TYPE:Overhang wall
;WIDTH:0.4
G1 F3000
G1 X156.61 Y127.71 E.00259
G1 X158.19 Y127.71 E.0455
G1 X158.19 Y127.8 E.00259
SET_VELOCITY_LIMIT ACCEL=2000
;TYPE:Outer wall
;WIDTH:0.42
G1 F2580
G1 X158.19 Y128 E.00608
M106 S196
G1 F3000
G1 X158.19 Y128.84 E.02555
G1 F7200
G1 X158.19 Y130.167 E.04036
G1 X158.19 Y130.71 E.01651
G1 X158.733 Y130.71 E.01651
G1 X162.16 Y130.71 E.10423
G1 X162.79 Y130.71 E.01916
G1 X162.79 Y132.29 E.04805
G1 X144.21 Y132.29 E.56509
G1 X144.21 Y130.71 E.04805
G1 X144.84 Y130.71 E.01916
G1 X148.267 Y130.71 E.10423
G1 X148.81 Y130.71 E.01651
G1 F3420
G1 X148.81 Y129.51 E.0365
G1 X150.39 Y129.51 E.04805
G1 X150.39 Y130.71 E.0365
G1 F7200
G1 X151.41 Y130.71 E.03102
M106 S255
G1 F1980
G1 X151.41 Y128.91 E.05474
G1 X152.99 Y128.91 E.04805
M106 S196
G1 X152.99 Y130.71 E.05474
G1 F7200
G1 X154.01 Y130.71 E.03102
G1 X154.01 Y130.167 E.01651
G1 X154.01 Y129.34 E.02515
M106 S255
G1 F3000
G1 X154.01 Y128.5 E.02555
G1 F2100
G1 X154.01 Y128.31 E.00578
G1 X155.59 Y128.31 E.04805
G1 X155.59 Y128.5 E.00578
M106 S196
G1 F3000
G1 X155.59 Y129.34 E.02555
G1 F7200
G1 X155.59 Y130.167 E.02515
G1 X155.59 Y130.71 E.01651
G1 X156.57 Y130.71 E.02981
G1 E-.728 F1800
;WIPE_START
G1 F30000
G1 X156.586 Y129.51 E-.072
;WIPE_END
G1 X157.4 Y131.306 Z1.8
G1 Z1.4
G1 E.8 F1800
SET_VELOCITY_LIMIT ACCEL=3000
;TYPE:Gap infill
;WIDTH:0.431684
G1 F15000
G1 X157.4 Y128.306 E.09407
G1 E-.728 F1800
;WIPE_START
G1 F30000
G1 X157.4 Y129.506 E-.072
;WIPE_END

G1 X158.102 Y130.294 Z1.45714
G1 X157.924 Y131.335 Z1.51429
G1 X156.999 Y131.844 Z1.57143
G1 X156.024 Y131.439 Z1.62857
G1 X155.733 Y130.424 Z1.68571
G1 X156.346 Y129.563 Z1.74286
G1 X157.4 Y129.506 Z1.8
G1 X162.194 Y131.5 Z1.8
G1 Z1.4
G1 E.8 F1800
G1 F15000
G1 X157.594 Y131.5 E.14424
;WIDTH:0.455982
G1 X157.497 Y131.476 E.00334
;WIDTH:0.490177
G1 F14521.533
G1 X157.4 Y131.451 E.00361
G1 X157.4 Y131.306 E.00526
G1 X157.4 Y131.451 F30000
;WIDTH:0.504577
G1 F14068.567
G1 X157.303 Y131.476 E.00373
;WIDTH:0.432737
G1 F15000
G1 X157.206 Y131.5 E.00315
G1 X154.994 Y131.5 E.06952
;WIDTH:0.455982
G1 X154.897 Y131.476 E.00334
;WIDTH:0.490177
G1 F14521.533
G1 X154.8 Y131.451 E.00361
G1 X154.8 Y131.306 E.00526
;WIDTH:0.431684
G1 F15000
G1 X154.8 Y128.906 E.07525
G1 E-.728 F1800
;WIPE_START
G1 F30000
G1 X154.8 Y130.106 E-.072
;WIPE_END

G1 X154.342 Y131.057 Z1.45714
G1 X153.312 Y131.292 Z1.51429
G1 X152.487 Y130.634 Z1.57143
G1 X152.487 Y129.578 Z1.62857
G1 X153.312 Y128.919 Z1.68571
G1 X154.342 Y129.154 Z1.74286
G1 X154.8 Y130.106 Z1.8
G1 X154.8 Y131.451 Z1.8
G1 Z1.4
G1 E.8 F1800
;WIDTH:0.504577
G1 F14068.567
G1 X154.703 Y131.476 E.00373
;WIDTH:0.432737
G1 F15000
G1 X154.606 Y131.5 E.00315
G1 X152.394 Y131.5 E.06952
;WIDTH:0.455982
G1 X152.297 Y131.476 E.00334
;WIDTH:0.490177
G1 F14521.533
G1 X152.2 Y131.451 E.00361
G1 X152.2 Y131.306 E.00526
;WIDTH:0.431684
G1 F15000
G1 X152.2 Y129.506 E.05644
G1 E-.728 F1800
M73 P75 R5
;WIPE_START
G1 F30000
G1 X152.2 Y130.706 E-.072
;WIPE_END
G1 X152.2 Y131.451 Z1.8
G1 Z1.4
G1 E.8 F1800
;WIDTH:0.504577
G1 F14068.567
G1 X152.103 Y131.476 E.00373
;WIDTH:0.432737
G1 F15000
G1 X152.006 Y131.5 E.00315
G1 X149.794 Y131.5 E.06952
;WIDTH:0.455982
G1 X149.697 Y131.476 E.00334
;WIDTH:0.490177
G1 F14521.533
G1 X149.6 Y131.451 E.00361
G1 X149.6 Y131.306 E.00526
;WIDTH:0.431684
G1 F15000
G1 X149.6 Y130.106 E.03763
G1 E-.728 F1800
;WIPE_START
G1 F30000
G1 X149.6 Y131.306 E-.072
;WIPE_END
G1 X149.6 Y131.451 Z1.8
G1 Z1.4
G1 E.8 F1800
;WIDTH:0.504577
G1 F14068.567
G1 X149.503 Y131.476 E.00373
;WIDTH:0.43272
G1 F15000
G1 X149.406 Y131.5 E.00315
G1 X144.806 Y131.5 E.14462
G1 E-.728 F1800
;WIPE_START
G1 F30000
G1 X146.006 Y131.5 E-.072
;WIPE_END
G1 X149.142 Y124.542 Z1.8
G1 X157.998 Y104.898 Z1.8
G1 Z1.4
G1 E.8 F1800
;TYPE:Inner wall
;WIDTH:0.45
G1 F12000
G1 X154.102 Y104.898 E.12791
G1 X154.102 Y104.102 E.02613
G1 X157.998 Y104.102 E.12791
G1 X157.998 Y104.858 E.02482
SET_VELOCITY_LIMIT ACCEL=2000
G1 X158.39 Y105.29 F30000
;TYPE:Outer wall
;WIDTH:0.42
G1 F7200
G1 X153.71 Y105.29 E.14234
G1 X153.71 Y103.71 E.04805
G1 X158.39 Y103.71 E.14234
G1 X158.39 Y105.25 E.04684
G1 E-.728 F1800
;WIPE_START
G1 F30000
G1 X157.19 Y105.26 E-.072
;WIPE_END
G1 X157.794 Y104.5 Z1.8
G1 Z1.4
G1 E.8 F1800
SET_VELOCITY_LIMIT ACCEL=3000
;TYPE:Gap infill
;WIDTH:0.431684
G1 F15000
G1 X154.306 Y104.5 E.10939
G1 E-.728 F1800
;WIPE_START
G1 F30000
G1 X155.506 Y104.5 E-.072
;WIPE_END
G1 X150.44 Y110.209 Z1.8
G1 X128.352 Y135.107 Z1.8
G1 Z1.4
G1 E.8 F1800
SET_VELOCITY_LIMIT ACCEL=2000
;TYPE:Outer wall
;WIDTH:0.42
G1 F7200
G1 X128.382 Y134.986 E.00378
G1 X128.415 Y134.943 E.00164
G1 X128.515 Y134.927 E.00308
G1 X128.586 Y134.966 E.00246
G1 X128.635 Y135.027 E.00239
G1 X128.672 Y135.145 E.00376
G1 X128.509 Y135.091 E.00525
G1 X128.392 Y135.103 E.00356
G1 E-.7493 F1800
;WIPE_START
G1 F30000
G1 X128.382 Y134.986 E-.00701
G1 X128.415 Y134.943 E-.00324
G1 X128.515 Y134.927 E-.00609
G1 X128.586 Y134.966 E-.00484
G1 X128.635 Y135.027 E-.00472
G1 X128.672 Y135.145 E-.00742
G1 X128.509 Y135.091 E-.01035
G1 X128.392 Y135.103 E-.00703
;WIPE_END
G1 X121.932 Y136.549 Z1.8
G1 Z1.4
G1 E.8 F1800
G1 F7200
G1 X121.9 Y136.593 E.00166
G1 X121.802 Y136.608 E.00302
G1 X121.728 Y136.569 E.00254
G1 X121.678 Y136.508 E.00239
G1 X121.642 Y136.392 E.00372
G1 X121.799 Y136.445 E.00505
G1 X121.962 Y136.428 E.005
G1 X121.942 Y136.51 E.00258
G1 E-.74651 F1800
;WIPE_START
G1 F30000
G1 X121.9 Y136.593 E-.00557
G1 X121.802 Y136.608 E-.00596
G1 X121.728 Y136.569 E-.00501
G1 X121.678 Y136.508 E-.00472
G1 X121.642 Y136.392 E-.00733
G1 X121.799 Y136.445 E-.00996
G1 X121.962 Y136.428 E-.00986
G1 X121.942 Y136.51 E-.00508
;WIPE_END
G1 X127.293 Y141.953 Z1.8
G1 X128.908 Y143.595 Z1.8
G1 Z1.4
G1 E.8 F1800
G1 F7200
G1 X128.362 Y143.595 E.01661
G1 X128.408 Y143.495 E.00334
G1 X128.474 Y143.43 E.00283
G1 X128.6 Y143.376 E.00417
G1 X128.711 Y143.373 E.00337
G1 X128.792 Y143.404 E.00263
G1 X128.858 Y143.475 E.00297
G1 X128.893 Y143.558 E.00272
G1 E-.728 F1800
;WIPE_START
G1 F30000
G1 X128.362 Y143.595 E-.03193
G1 X128.408 Y143.495 E-.00659
G1 X128.474 Y143.43 E-.00559
G1 X128.6 Y143.376 E-.00822
G1 X128.711 Y143.373 E-.00666
G1 X128.792 Y143.404 E-.00519
G1 X128.858 Y143.475 E-.00585
G1 X128.871 Y143.506 E-.00196
;WIPE_END
G1 X121.245 Y143.196 Z1.8
G1 X104.039 Y142.497 Z1.8
G1 Z1.4
G1 E.8 F1800
G1 F7200
G1 X104.058 Y142.43 E.00209
G1 X104.085 Y142.405 E.00112
G1 X104.202 Y142.382 E.00363
G1 X104.426 Y142.397 E.00681
G1 X104.551 Y142.451 E.00416
G1 X104.578 Y142.489 E.00139
G1 X104.595 Y142.645 E.00479
G1 X104.44 Y142.562 E.00533
G1 X104.174 Y142.497 E.00834
G1 X104.079 Y142.497 E.00287
G1 E-.728 F1800
;WIPE_START
G1 F30000
G1 X104.058 Y142.43 E-.00418
G1 X104.085 Y142.405 E-.00222
G1 X104.202 Y142.382 E-.00717
G1 X104.426 Y142.397 E-.01343
G1 X104.551 Y142.451 E-.0082
G1 X104.578 Y142.489 E-.00275
G1 X104.595 Y142.645 E-.00945
G1 X104.44 Y142.562 E-.01051
G1 X104.212 Y142.506 E-.01409
;WIPE_END
G1 X101.326 Y143.595 Z1.8
G1 Z1.4
G1 E.8 F1800
G1 F7200
G1 X100.772 Y143.595 E.01686
G1 X100.822 Y143.499 E.00329
G1 X100.893 Y143.43 E.003
G1 X101.019 Y143.376 E.00417
G1 X101.129 Y143.373 E.00338
G1 X101.211 Y143.404 E.00263
G1 X101.277 Y143.475 E.00297
G1 X101.311 Y143.558 E.00272
G1 E-.728 F1800
;WIPE_START
G1 F30000
G1 X100.772 Y143.595 E-.03242
G1 X100.822 Y143.499 E-.00649
G1 X100.893 Y143.43 E-.00592
G1 X101.019 Y143.376 E-.00822
G1 X101.129 Y143.373 E-.00666
G1 X101.211 Y143.404 E-.00519
G1 X101.277 Y143.475 E-.00585
G1 X101.284 Y143.494 E-.00123
;WIPE_END
G1 X108.917 Y143.492 Z1.8
G1 X156.464 Y143.475 Z1.8
G1 Z1.4
G1 E.8 F1800
G1 F7200
G1 X156.514 Y143.595 E.00394
G1 X155.96 Y143.595 E.01686
G1 X156.01 Y143.499 E.00329
G1 X156.08 Y143.43 E.003
G1 X156.206 Y143.376 E.00417
G1 X156.317 Y143.373 E.00338
G1 X156.398 Y143.404 E.00263
G1 X156.437 Y143.446 E.00175
G1 E-.728 F1800
;WIPE_START
G1 F30000
G1 X156.514 Y143.595 E-.01006
G1 X155.96 Y143.595 E-.03327
G1 X156.01 Y143.499 E-.00649
G1 X156.08 Y143.43 E-.00592
G1 X156.206 Y143.376 E-.00822
G1 X156.317 Y143.373 E-.00666
G1 X156.339 Y143.381 E-.00138
;WIPE_END
G1 X149.053 Y141.108 Z1.8
G1 X127.212 Y134.291 Z1.8
G1 Z1.4
G1 E.8 F1800
SET_VELOCITY_LIMIT ACCEL=3000
;TYPE:Inner wall
;WIDTH:0.45
G1 F12000
G1 X126.912 Y133.943 E.01509
G1 X126.644 Y133.78 E.01031
G1 X126.694 Y133.602 E.00608
G1 X127.715 Y133.602 E.03354
G1 X127.756 Y133.796 E.00652
G1 X127.59 Y133.869 E.00594
G1 X127.303 Y134.145 E.01309
G1 X127.234 Y134.257 E.00432
G1 E-.728 F1800
;WIPE_START
G1 F30000
G1 X126.912 Y133.943 E-.02695
G1 X126.644 Y133.78 E-.01883
G1 X126.694 Y133.602 E-.01111
G1 X126.946 Y133.602 E-.0151
;WIPE_END
G1 X127.32 Y135.162 Z1.8
G1 Z1.4
G1 E.8 F1800
SET_VELOCITY_LIMIT ACCEL=2000
;TYPE:Outer wall
;WIDTH:0.42
G1 F7200
G1 X127.911 Y135.227 E.01809
G1 X127.805 Y135.282 E.00363
G1 X127.565 Y135.516 E.01021
G1 X127.401 Y135.819 E.01048
G1 X127.326 Y136.28 E.01421
G1 X127.371 Y136.651 E.01137
G1 X127.454 Y136.879 E.00738
G1 X127.585 Y137.087 E.00747
G1 X127.932 Y137.38 E.01381
G1 X128.373 Y137.507 E.01396
G1 X128.758 Y137.486 E.01171
G1 X129.011 Y137.401 E.00813
G1 X129.318 Y137.184 E.01142
G1 X129.497 Y136.964 E.00863
G1 X129.626 Y136.689 E.00924
G1 X129.708 Y136.364 E.01018
G1 X129.747 Y135.989 E.01149
G1 X129.732 Y135.382 E.01847
G1 X129.669 Y135.023 E.01106
G1 X129.558 Y134.711 E.01009
G1 X129.307 Y134.361 E.0131
G1 X128.975 Y134.131 E.01228
G1 X128.583 Y134.028 E.01231
G1 X128.459 Y134.035 E.00379
G1 X128.148 Y134.053 E.00947
G1 X127.811 Y134.2 E.01117
G1 X127.61 Y134.393 E.00849
G1 X127.503 Y134.567 E.00622
G1 X127.332 Y135.124 E.0177
G1 E-.728 F1800
;WIPE_START
G1 F30000
G1 X127.911 Y135.227 E-.03532
G1 X127.805 Y135.282 E-.00716
G1 X127.565 Y135.516 E-.02014
G1 X127.491 Y135.654 E-.00939
;WIPE_END
G1 X130.013 Y135.872 Z1.8
G1 Z1.4
G1 E.8 F1800
G1 F7200
G1 X131.562 Y135.872 E.04713
G1 X131.562 Y134.877 E.03026
G1 X130.013 Y134.877 E.04713
G1 X130.013 Y135.832 E.02905
G1 E-.728 F1800
;WIPE_START
G1 F30000
G1 X131.212 Y135.863 E-.072
;WIPE_END
G1 X129.147 Y133.774 Z1.8
G1 Z1.4
G1 E.8 F1800
SET_VELOCITY_LIMIT ACCEL=3000
;TYPE:Inner wall
;WIDTH:0.45
G1 F12000
G1 X129.2 Y133.602 E.0059
G1 X130.921 Y133.602 E.05649
G1 X131.169 Y134.485 E.03012
G1 X129.879 Y134.485 E.04237
G1 X129.586 Y134.077 E.0165
G1 X129.179 Y133.796 E.01621
G1 E-.728 F1800
;WIPE_START
G1 F30000
G1 X129.2 Y133.602 E-.01172
G1 X130.205 Y133.602 E-.06028
;WIPE_END
G1 X132.552 Y136.126 Z1.8
G1 Z1.4
G1 E.8 F1800
SET_VELOCITY_LIMIT ACCEL=2000
;TYPE:Outer wall
;WIDTH:0.42
G1 F7200
G1 X131.56 Y136.225 E.03031
G1 X131.643 Y136.691 E.0144
G1 X131.773 Y137.007 E.01039
G1 X131.914 Y137.187 E.00696
G1 X132.091 Y137.325 E.00683
G1 X132.467 Y137.476 E.01232
G1 X132.8 Y137.51 E.01017
G1 X133.055 Y137.492 E.00779
G1 X133.467 Y137.351 E.01324
G1 X133.725 Y137.135 E.01023
G1 X133.923 Y136.781 E.01232
G1 X133.966 Y136.407 E.01146
G1 X133.9 Y136.059 E.01075
G1 X133.77 Y135.784 E.00926
G1 X133.583 Y135.523 E.00977
G1 X133.08 Y135.031 E.02139
G1 X133.964 Y135.031 E.0269
G1 X133.964 Y134.077 E.02902
G1 X131.462 Y134.077 E.07612
G1 X131.666 Y134.806 E.02302
G1 X131.808 Y135.053 E.00866
G1 X132.11 Y135.411 E.01425
G1 X132.864 Y136.165 E.03245
G1 X132.935 Y136.285 E.00423
G1 X132.964 Y136.399 E.00357
G1 X132.956 Y136.501 E.00312
G1 X132.932 Y136.553 E.00174
G1 X132.869 Y136.597 E.00233
G1 X132.789 Y136.61 E.00246
G1 X132.705 Y136.596 E.00261
G1 X132.659 Y136.566 E.00168
G1 X132.618 Y136.496 E.00243
G1 X132.559 Y136.165 E.01023
G1 E-.728 F1800
;WIPE_START
G1 F30000
G1 X131.56 Y136.225 E-.06004
G1 X131.595 Y136.421 E-.01196
;WIPE_END
G1 X136.571 Y137.456 Z1.8
G1 Z1.4
G1 E.8 F1800
G1 F7200
G1 X136.571 Y136.759 E.02121
G1 X136.109 Y136.141 E.02347
G1 X135.795 Y135.485 E.02212
G1 X135.632 Y134.903 E.01838
G1 X135.541 Y134.077 E.02526
G1 X134.563 Y134.077 E.02974
G1 X134.663 Y134.957 E.02692
G1 X134.857 Y135.63 E.0213
G1 X135.154 Y136.272 E.02151
G1 X135.309 Y136.502 E.00845
G1 X134.185 Y136.502 E.03419
G1 X134.185 Y137.456 E.02902
G1 X136.531 Y137.456 E.07137
G1 E-.728 F1800
;WIPE_START
G1 F30000
G1 X136.571 Y136.759 E-.0419
G1 X136.271 Y136.357 E-.0301
;WIPE_END
G1 X134.648 Y136.11 Z1.8
G1 Z1.4
G1 E.8 F1800
SET_VELOCITY_LIMIT ACCEL=3000
;TYPE:Inner wall
;WIDTH:0.45
G1 F12000
G1 X134.309 Y136.11 E.01113
G1 X134.276 Y135.937 E.00578
G1 X134.032 Y135.423 E.01867
G1 X134.389 Y135.423 E.01173
G1 X134.489 Y135.767 E.01175
G1 X134.631 Y136.074 E.01109
G1 E-.728 F1800
;WIPE_START
G1 F30000
G1 X134.309 Y136.11 E-.01945
G1 X134.276 Y135.937 E-.01057
G1 X134.032 Y135.423 E-.03411
G1 X134.163 Y135.423 E-.00787
;WIPE_END
G1 X136.025 Y139.929 Z1.8
G1 Z1.4
G1 E.8 F1800
SET_VELOCITY_LIMIT ACCEL=2000
;TYPE:Outer wall
;WIDTH:0.42
G1 F7200
G1 X136.107 Y140.395 E.0144
G1 X136.237 Y140.711 E.01039
G1 X136.379 Y140.891 E.00696
G1 X136.556 Y141.029 E.00683
G1 X136.932 Y141.181 E.01232
G1 X137.264 Y141.215 E.01017
G1 X137.52 Y141.196 E.00779
G1 X137.932 Y141.055 E.01324
G1 X138.189 Y140.839 E.01023
G1 X138.387 Y140.485 E.01232
G1 X138.43 Y140.111 E.01146
G1 X138.365 Y139.764 E.01075
G1 X138.234 Y139.489 E.00926
G1 X138.048 Y139.227 E.00977
G1 X137.545 Y138.736 E.02139
G1 X138.429 Y138.736 E.0269
G1 X138.429 Y137.782 E.02902
G1 X134.991 Y137.782 E.10456
G1 X134.176 Y138.95 E.04334
G1 X134.069 Y139.013 E.00377
G1 X133.944 Y139.025 E.00383
G1 X133.944 Y137.782 E.03782
G1 X132.918 Y137.782 E.0312
G1 X132.918 Y141.203 E.10406
G1 X134.744 Y141.19 E.05554
G1 X135.105 Y141.132 E.01112
M73 P75 R4
G1 X135.374 Y141.008 E.00901
G1 X135.586 Y140.801 E.00903
G1 X135.728 Y140.535 E.00916
G1 X135.783 Y140.307 E.00713
G1 X135.789 Y140.054 E.00771
G1 X135.757 Y139.856 E.00607
G1 X135.652 Y139.601 E.00839
G1 X135.476 Y139.386 E.00846
G1 X135.31 Y139.266 E.00622
G1 X135.232 Y139.234 E.00256
G1 X135.349 Y139.113 E.0051
G1 X136.009 Y138.094 E.03695
G1 X136.044 Y138.274 E.00559
G1 X136.174 Y138.595 E.01053
G1 X136.337 Y138.844 E.00904
G1 X137.328 Y139.868 E.04335
G1 X137.4 Y139.99 E.00428
G1 X137.428 Y140.103 E.00357
G1 X137.421 Y140.206 E.00312
G1 X137.397 Y140.257 E.00174
G1 X137.334 Y140.302 E.00233
G1 X137.254 Y140.314 E.00246
G1 X137.17 Y140.3 E.00261
G1 X137.123 Y140.27 E.00168
G1 X137.083 Y140.201 E.00243
G1 X137.016 Y139.83 E.01145
G1 X136.064 Y139.925 E.0291
G1 E-.728 F1800
;WIPE_START
G1 F30000
G1 X136.107 Y140.395 E-.02832
G1 X136.237 Y140.711 E-.0205
G1 X136.379 Y140.891 E-.01373
G1 X136.503 Y140.988 E-.00945
;WIPE_END
G1 X132.507 Y137.782 Z1.8
G1 Z1.4
G1 E.8 F1800
G1 F7200
G1 X131.482 Y137.782 E.0312
G1 X131.482 Y141.202 E.10401
G1 X132.507 Y141.202 E.0312
G1 X132.507 Y137.822 E.1028
G1 E-.728 F1800
;WIPE_START
G1 F30000
G1 X131.482 Y137.782 E-.06159
G1 X131.482 Y137.955 E-.01041
;WIPE_END
G1 X129.422 Y139.622 Z1.8
G1 Z1.4
G1 E.8 F1800
G1 F7200
G1 X129.595 Y139.437 E.0077
G1 X129.721 Y139.171 E.00896
G1 X129.762 Y138.87 E.00925
G1 X129.683 Y138.417 E.01396
G1 X129.435 Y138.045 E.01361
G1 X129.052 Y137.803 E.01376
G1 X128.59 Y137.727 E.01425
G1 X128.349 Y137.744 E.00734
G1 X128.034 Y137.828 E.00991
G1 X127.68 Y138.063 E.01293
G1 X127.523 Y138.259 E.00764
G1 X127.421 Y138.478 E.00735
G1 X127.371 Y138.725 E.00765
G1 X127.385 Y139.066 E.01038
G1 X127.48 Y139.338 E.00877
G1 X127.606 Y139.53 E.007
G1 X127.699 Y139.613 E.00377
G1 X127.604 Y139.709 E.0041
G1 X127.457 Y140.043 E.0111
G1 X127.457 Y140.434 E.01187
G1 X127.609 Y140.792 E.01184
G1 X127.908 Y141.066 E.01234
G1 X128.316 Y141.2 E.01306
G1 X128.784 Y141.2 E.01423
G1 X129.106 Y141.11 E.01018
G1 X129.433 Y140.871 E.01233
G1 X129.62 Y140.539 E.01159
G1 X129.661 Y140.327 E.00655
G1 X129.647 Y140.041 E.00872
G1 X129.583 Y139.85 E.00613
G1 X129.445 Y139.654 E.00729
G1 E-.728 F1800
;WIPE_START
G1 F30000
G1 X129.595 Y139.437 E-.01584
G1 X129.721 Y139.171 E-.01768
G1 X129.762 Y138.87 E-.01824
G1 X129.704 Y138.537 E-.02024
;WIPE_END
G1 X127.077 Y138.777 Z1.8
G1 Z1.4
G1 E.8 F1800
G1 F7200
G1 X127.077 Y137.782 E.03026
G1 X126.082 Y137.782 E.03026
G1 X126.082 Y138.777 E.03026
G1 X127.037 Y138.777 E.02905
G1 E-.728 F1800
;WIPE_START
G1 F30000
G1 X127.077 Y137.782 E-.05975
G1 X126.873 Y137.782 E-.01225
;WIPE_END
G1 X123.685 Y138.149 Z1.8
G1 Z1.4
G1 E.8 F1800
G1 F7200
G1 X123.542 Y138.393 E.0086
G1 X123.447 Y138.698 E.00973
G1 X123.392 Y139.061 E.01115
G1 X123.379 Y139.693 E.01923
G1 X123.438 Y140.16 E.01432
G1 X123.5 Y140.419 E.00811
G1 X123.629 Y140.705 E.00953
G1 X123.793 Y140.918 E.00816
G1 X123.979 Y141.065 E.00722
G1 X124.195 Y141.162 E.00719
G1 X124.437 Y141.21 E.00752
G1 X124.803 Y141.193 E.01112
G1 X125.035 Y141.118 E.00744
G1 X125.237 Y140.995 E.0072
G1 X125.408 Y140.822 E.00737
G1 X125.563 Y140.562 E.00921
G1 X125.701 Y140.077 E.01534
G1 X125.739 Y139.26 E.02487
G1 X125.699 Y138.865 E.01209
G1 X125.616 Y138.52 E.01078
G1 X125.41 Y138.122 E.01363
G1 X125.235 Y137.947 E.00752
G1 X125.034 Y137.825 E.00716
G1 X124.807 Y137.753 E.00726
G1 X124.553 Y137.729 E.00777
G1 X124.451 Y137.745 E.00314
G1 X124.185 Y137.786 E.00816
G1 X123.869 Y137.961 E.01099
G1 X123.713 Y138.12 E.00679
G1 E-.728 F1800
;WIPE_START
G1 F30000
G1 X123.542 Y138.393 E-.0193
G1 X123.447 Y138.698 E-.01919
G1 X123.392 Y139.061 E-.022
G1 X123.388 Y139.252 E-.01152
;WIPE_END
G1 X124.423 Y136.264 Z1.8
G1 Z1.4
G1 E.8 F1800
SET_VELOCITY_LIMIT ACCEL=3000
;TYPE:Inner wall
;WIDTH:0.45
G1 F12000
G1 X124.486 Y136.647 E.01273
G1 X124.614 Y137.029 E.01324
G1 X124.811 Y137.359 E.01261
G1 X124.54 Y137.334 E.00893
G1 X124.183 Y137.39 E.01187
G1 X123.003 Y137.39 E.03876
G1 X123.167 Y137.131 E.01007
G1 X123.443 Y136.264 E.02985
G1 X124.383 Y136.264 E.03087
SET_VELOCITY_LIMIT ACCEL=2000
G1 X124.751 Y135.872 F30000
;TYPE:Outer wall
;WIDTH:0.42
G1 F7200
G1 X124.751 Y134.877 E.03026
G1 X123.201 Y134.877 E.04713
G1 X123.201 Y135.872 E.03026
G1 X124.711 Y135.872 E.04591
G1 E-.728 F1800
;WIPE_START
G1 F30000
G1 X124.751 Y134.877 E-.05975
G1 X124.546 Y134.877 E-.01225
;WIPE_END
G1 X122.997 Y136.372 Z1.8
G1 Z1.4
G1 E.8 F1800
G1 F7200
G1 X122.404 Y136.306 E.01817
G1 X122.512 Y136.251 E.0037
G1 X122.81 Y135.93 E.01333
G1 X122.944 Y135.61 E.01053
G1 X122.986 Y135.253 E.01094
G1 X122.942 Y134.884 E.0113
G1 X122.859 Y134.656 E.00739
G1 X122.728 Y134.447 E.00748
G1 X122.381 Y134.155 E.0138
G1 X121.938 Y134.029 E.01402
G1 X121.823 Y134.035 E.00351
G1 X121.554 Y134.05 E.00819
G1 X121.301 Y134.135 E.00812
G1 X120.995 Y134.352 E.0114
G1 X120.816 Y134.572 E.00862
G1 X120.687 Y134.846 E.00922
G1 X120.605 Y135.17 E.01015
G1 X120.566 Y135.544 E.01145
G1 X120.581 Y136.151 E.01846
G1 X120.644 Y136.51 E.01108
G1 X120.755 Y136.823 E.0101
G1 X121.006 Y137.173 E.0131
G1 X121.337 Y137.402 E.01226
G1 X121.728 Y137.505 E.01229
G1 X122.159 Y137.48 E.01311
G1 X122.495 Y137.33 E.01119
G1 X122.699 Y137.136 E.00857
G1 X122.809 Y136.963 E.00624
G1 X122.985 Y136.41 E.01766
G1 E-.728 F1800
;WIPE_START
G1 F30000
G1 X122.404 Y136.306 E-.03544
G1 X122.512 Y136.251 E-.00729
M73 P76 R4
G1 X122.81 Y135.93 E-.0263
G1 X122.829 Y135.884 E-.00297
;WIPE_END
G1 X120.733 Y134.056 Z1.8
G1 Z1.4
G1 E.8 F1800
SET_VELOCITY_LIMIT ACCEL=3000
;TYPE:Inner wall
;WIDTH:0.45
G1 F12000
G1 X120.733 Y133.602 E.01492
G1 X121.081 Y133.602 E.01141
G1 X121.135 Y133.772 E.00587
G1 X120.766 Y134.033 E.01484
G1 E-.728 F1800
;WIPE_START
G1 F30000
G1 X120.733 Y133.602 E-.02595
G1 X121.081 Y133.602 E-.02085
G1 X121.135 Y133.772 E-.01072
G1 X120.938 Y133.912 E-.01448
;WIPE_END
G1 X120.341 Y135.031 Z1.8
G1 Z1.4
G1 E.8 F1800
SET_VELOCITY_LIMIT ACCEL=2000
;TYPE:Outer wall
;WIDTH:0.42
G1 F7200
G1 X120.341 Y134.077 E.02902
G1 X117.838 Y134.077 E.07612
G1 X118.043 Y134.806 E.02302
G1 X118.185 Y135.053 E.00866
G1 X118.486 Y135.411 E.01425
G1 X119.241 Y136.165 E.03245
G1 X119.311 Y136.285 E.00423
G1 X119.34 Y136.399 E.00357
G1 X119.333 Y136.501 E.00312
G1 X119.308 Y136.553 E.00174
G1 X119.246 Y136.597 E.00233
G1 X119.166 Y136.61 E.00246
G1 X119.081 Y136.596 E.00261
G1 X119.035 Y136.566 E.00168
G1 X118.995 Y136.496 E.00243
G1 X118.928 Y136.126 E.01145
G1 X117.936 Y136.225 E.03031
G1 X118.019 Y136.691 E.0144
G1 X118.149 Y137.007 E.01039
G1 X118.291 Y137.187 E.00696
G1 X118.468 Y137.325 E.00683
G1 X118.844 Y137.476 E.01232
G1 X119.176 Y137.51 E.01017
G1 X119.432 Y137.492 E.00779
G1 X119.844 Y137.351 E.01324
G1 X120.101 Y137.135 E.01023
G1 X120.299 Y136.781 E.01232
G1 X120.342 Y136.407 E.01146
G1 X120.277 Y136.059 E.01075
G1 X120.146 Y135.784 E.00926
G1 X119.96 Y135.523 E.00977
G1 X119.457 Y135.031 E.02139
G1 X120.301 Y135.031 E.02568
G1 E-.728 F1800
;WIPE_START
G1 F30000
G1 X120.341 Y134.077 E-.0573
G1 X120.096 Y134.077 E-.0147
;WIPE_END
G1 X116.104 Y137.415 Z1.8
G1 Z1.4
G1 E.8 F1800
G1 F7200
G1 X116.336 Y137.489 E.00741
G1 X116.701 Y137.506 E.01111
G1 X116.944 Y137.457 E.00754
G1 X117.16 Y137.358 E.00722
G1 X117.347 Y137.21 E.00726
G1 X117.514 Y136.993 E.00833
G1 X117.683 Y136.554 E.0143
G1 X117.744 Y136.185 E.01138
G1 X117.763 Y135.767 E.01273
G1 X117.744 Y135.349 E.01272
G1 X117.683 Y134.98 E.01139
G1 X117.51 Y134.534 E.01454
G1 X117.262 Y134.246 E.01155
G1 X117.054 Y134.12 E.00739
G1 X116.823 Y134.047 E.00738
G1 X116.522 Y134.031 E.00916
G1 X116.32 Y134.051 E.00618
G1 X115.99 Y134.185 E.01082
G1 X115.791 Y134.346 E.00778
G1 X115.628 Y134.558 E.00814
G1 X115.507 Y134.838 E.00928
G1 X115.412 Y135.35 E.01585
G1 X115.395 Y135.773 E.01288
G1 X115.414 Y136.189 E.01265
G1 X115.474 Y136.552 E.0112
G1 X115.579 Y136.865 E.01003
G1 X115.732 Y137.122 E.00913
G1 X115.902 Y137.293 E.00733
G1 X116.069 Y137.395 E.00594
G1 E-.728 F1800
;WIPE_START
G1 F30000
G1 X116.336 Y137.489 E-.01695
G1 X116.701 Y137.506 E-.02193
G1 X116.944 Y137.457 E-.01488
G1 X117.16 Y137.358 E-.01424
G1 X117.212 Y137.317 E-.004
;WIPE_END
G1 X115.569 Y134.022 Z1.8
G1 Z1.4
G1 E.8 F1800
SET_VELOCITY_LIMIT ACCEL=3000
;TYPE:Inner wall
;WIDTH:0.45
G1 F12000
G1 X115.569 Y133.602 E.01378
G1 X115.858 Y133.602 E.00949
G1 X115.896 Y133.8 E.00661
G1 X115.788 Y133.843 E.00383
G1 X115.6 Y133.997 E.00797
G1 E-.728 F1800
;WIPE_START
G1 F30000
G1 X115.569 Y133.602 E-.02374
G1 X115.858 Y133.602 E-.01735
G1 X115.896 Y133.8 E-.01208
G1 X115.788 Y133.843 E-.007
G1 X115.635 Y133.968 E-.01183
;WIPE_END
G1 X115.177 Y135.031 Z1.8
G1 Z1.4
G1 E.8 F1800
SET_VELOCITY_LIMIT ACCEL=2000
;TYPE:Outer wall
;WIDTH:0.42
G1 F7200
G1 X115.177 Y134.077 E.02902
G1 X112.674 Y134.077 E.07612
G1 X112.879 Y134.806 E.02301
G1 X113.02 Y135.053 E.00866
G1 X113.322 Y135.411 E.01425
G1 X114.077 Y136.165 E.03245
G1 X114.147 Y136.285 E.00423
G1 X114.176 Y136.399 E.00357
G1 X114.168 Y136.501 E.00312
G1 X114.144 Y136.553 E.00174
G1 X114.081 Y136.597 E.00233
G1 X114.002 Y136.61 E.00246
G1 X113.917 Y136.596 E.00261
G1 X113.871 Y136.566 E.00168
G1 X113.83 Y136.496 E.00243
G1 X113.764 Y136.126 E.01145
G1 X112.772 Y136.225 E.03031
G1 X112.855 Y136.691 E.0144
G1 X112.985 Y137.007 E.01039
G1 X113.126 Y137.187 E.00696
G1 X113.303 Y137.325 E.00683
G1 X113.679 Y137.476 E.01232
G1 X114.012 Y137.51 E.01017
G1 X114.267 Y137.492 E.00779
G1 X114.679 Y137.351 E.01324
G1 X114.937 Y137.135 E.01023
G1 X115.135 Y136.781 E.01232
G1 X115.178 Y136.407 E.01146
G1 X115.112 Y136.059 E.01075
G1 X114.982 Y135.784 E.00926
G1 X114.795 Y135.523 E.00977
G1 X114.292 Y135.031 E.02139
G1 X115.137 Y135.031 E.02568
G1 E-.728 F1800
;WIPE_START
G1 F30000
G1 X115.177 Y134.077 E-.0573
G1 X114.931 Y134.077 E-.0147
;WIPE_END
G1 X113.132 Y135.795 Z1.8
G1 Z1.4
G1 E.8 F1800
SET_VELOCITY_LIMIT ACCEL=3000
;TYPE:Inner wall
;WIDTH:0.45
G1 F12000
G1 X112.312 Y135.877 E.02706
G1 X112.476 Y136.801 E.03082
G1 X112.718 Y137.39 E.02089
G1 X111.245 Y137.39 E.04836
G1 X111.517 Y136.904 E.01827
G1 X111.576 Y136.392 E.01691
G1 X111.49 Y135.937 E.01521
G1 X111.246 Y135.423 E.01867
G1 X111.57 Y135.423 E.01065
G1 X111.57 Y133.602 E.0598
G1 X112.133 Y133.602 E.01846
G1 X112.514 Y134.959 E.04627
G1 X112.698 Y135.278 E.01209
G1 X113.106 Y135.764 E.02085
G1 E-.728 F1800
;WIPE_START
G1 F30000
G1 X112.312 Y135.877 E-.04814
G1 X112.381 Y136.268 E-.02386
;WIPE_END
G1 X110.011 Y142.783 Z1.8
G1 Z1.4
G1 E.8 F1800
SET_VELOCITY_LIMIT ACCEL=2000
;TYPE:Outer wall
;WIDTH:0.42
G1 F7200
G1 X109.793 Y143.009 E.00956
G1 X109.565 Y143.471 E.01565
G1 X109.492 Y144.037 E.01737
G1 X109.519 Y144.335 E.00909
G1 X109.602 Y144.62 E.00904
G1 X109.738 Y144.897 E.00937
G1 X109.926 Y145.138 E.0093
G1 X110.162 Y145.33 E.00925
G1 X110.439 Y145.47 E.00944
G1 X110.832 Y145.566 E.01232
G1 X111.208 Y145.571 E.01142
G1 X111.518 Y145.516 E.00957
G1 X111.801 Y145.404 E.00925
G1 X112.053 Y145.235 E.00922
G1 X112.269 Y145.016 E.00938
G1 X112.434 Y144.762 E.0092
G1 X112.544 Y144.48 E.00922
G1 X112.598 Y144.173 E.00947
G1 X112.598 Y143.848 E.00989
G1 X112.544 Y143.539 E.00954
G1 X112.433 Y143.254 E.00929
G1 X112.267 Y142.999 E.00928
G1 X112.049 Y142.777 E.00944
G1 X111.798 Y142.607 E.00923
G1 X111.513 Y142.491 E.00935
G1 X111.126 Y142.438 E.01186
G1 X110.851 Y142.441 E.00837
G1 X110.555 Y142.502 E.00918
G1 X110.271 Y142.615 E.00932
G1 X110.044 Y142.761 E.00818
G1 E-.728 F1800
;WIPE_START
G1 F30000
G1 X109.793 Y143.009 E-.0212
G1 X109.565 Y143.471 E-.03088
G1 X109.522 Y143.8 E-.01992
;WIPE_END
G1 X109.122 Y143.393 Z1.8
G1 Z1.4
G1 E.8 F1800
G1 F7200
G1 X108.983 Y143.123 E.00926
G1 X108.789 Y142.883 E.00938
G1 X108.553 Y142.685 E.00935
G1 X108.287 Y142.543 E.00919
G1 X107.99 Y142.457 E.0094
G1 X107.608 Y142.436 E.01164
G1 X107.377 Y142.456 E.00706
G1 X107.086 Y142.534 E.00915
G1 X106.805 Y142.665 E.00941
G1 X106.56 Y142.851 E.00935
G1 X106.368 Y143.085 E.00922
G1 X106.265 Y143.275 E.00659
G1 X106.166 Y143.579 E.00971
G1 X106.121 Y143.92 E.01046
G1 X106.13 Y144.237 E.00965
G1 X106.194 Y144.526 E.009
G1 X106.313 Y144.806 E.00926
G1 X106.484 Y145.062 E.00936
G1 X106.705 Y145.272 E.00925
G1 X106.968 Y145.428 E.00933
G1 X107.257 Y145.529 E.0093
G1 X107.568 Y145.575 E.00957
G1 X107.99 Y145.551 E.01284
G1 X108.289 Y145.467 E.00945
G1 X108.557 Y145.326 E.00921
G1 X108.793 Y145.131 E.00931
G1 X108.985 Y144.893 E.0093
G1 X109.123 Y144.624 E.00918
G1 X109.204 Y144.329 E.00931
G1 X109.231 Y144.011 E.00971
G1 X109.204 Y143.691 E.00978
G1 X109.132 Y143.432 E.00817
G1 E-.728 F1800
;WIPE_START
G1 F30000
G1 X108.983 Y143.123 E-.02062
G1 X108.789 Y142.883 E-.0185
G1 X108.553 Y142.685 E-.01845
G1 X108.341 Y142.572 E-.01443
;WIPE_END
G1 X102.813 Y142.769 Z1.8
G1 Z1.4
G1 E.8 F1800
G1 F7200
G1 X103.371 Y142.701 E.01711
G1 X103.23 Y142.789 E.00507
G1 X103.028 Y143.023 E.00941
G1 X102.9 Y143.25 E.00792
G1 X102.765 Y143.74 E.01547
G1 X102.77 Y144.351 E.01857
G1 X102.838 Y144.661 E.00967
G1 X102.954 Y144.932 E.00895
G1 X103.118 Y145.161 E.00859
G1 X103.319 Y145.343 E.00822
G1 X103.544 Y145.474 E.00794
G1 X103.799 Y145.554 E.00811
G1 X104.199 Y145.571 E.01219
G1 X104.481 Y145.503 E.00882
G1 X104.648 Y145.4 E.00598
G1 X104.648 Y145.518 E.00357
G1 X105.715 Y145.518 E.03243
G1 X105.71 Y142.74 E.0845
G1 X105.668 Y142.36 E.01162
G1 X105.553 Y142.028 E.01068
G1 X105.443 Y141.856 E.00622
G1 X105.259 Y141.681 E.00771
G1 X104.846 Y141.494 E.0138
G1 X104.36 Y141.432 E.01491
G1 X104.208 Y141.441 E.00462
G1 X103.788 Y141.465 E.01279
G1 X103.398 Y141.577 E.01235
G1 X103.107 Y141.779 E.01078
G1 X102.884 Y142.129 E.0126
G1 X102.817 Y142.729 E.01837
G1 E-.728 F1800
;WIPE_START
G1 F30000
G1 X103.371 Y142.701 E-.03328
G1 X103.23 Y142.789 E-.01
G1 X103.028 Y143.023 E-.01856
G1 X102.945 Y143.171 E-.01016
;WIPE_END
G1 X103.708 Y139.749 Z1.8
G1 Z1.4
G1 E.8 F1800
SET_VELOCITY_LIMIT ACCEL=3000
;TYPE:Inner wall
;WIDTH:0.45
G1 F12000
G1 X103.687 Y139.811 E.00214
G1 X103.485 Y139.78 E.00669
G1 X103.476 Y139.397 E.01257
G1 X103.49 Y139.261 E.00447
G1 X103.68 Y139.236 E.00631
G1 X103.789 Y139.517 E.00989
G1 X103.721 Y139.712 E.00678
SET_VELOCITY_LIMIT ACCEL=2000
G1 X104.147 Y139.354 F30000
;TYPE:Outer wall
;WIDTH:0.42
G1 F7200
G1 X105.141 Y139.039 E.03173
G1 X104.863 Y138.376 E.02188
G1 X104.709 Y138.169 E.00783
G1 X104.441 Y137.943 E.01067
G1 X104.115 Y137.798 E.01086
G1 X103.743 Y137.733 E.01148
G1 X103.618 Y137.74 E.0038
G1 X103.291 Y137.758 E.00997
G1 X102.987 Y137.848 E.00965
G1 X102.715 Y137.997 E.00943
G1 X102.471 Y138.208 E.00981
G1 X102.206 Y138.603 E.01445
G1 X102.095 Y138.926 E.01039
G1 X102.041 Y139.277 E.0108
G1 X102.041 Y139.662 E.01172
G1 X102.095 Y140.028 E.01125
G1 X102.204 Y140.357 E.01055
G1 X102.372 Y140.645 E.01013
G1 X102.594 Y140.885 E.00994
G1 X102.856 Y141.067 E.00968
G1 X103.156 Y141.189 E.00987
G1 X103.643 Y141.254 E.01494
G1 X103.946 Y141.23 E.00923
G1 X104.221 Y141.16 E.00862
G1 X104.473 Y141.038 E.00851
G1 X104.751 Y140.808 E.01098
G1 X104.948 Y140.506 E.01096
G1 X105.129 Y140.016 E.01591
G1 X104.115 Y139.773 E.03172
G1 X104.005 Y140.089 E.01016
G1 X103.947 Y140.177 E.00321
G1 X103.868 Y140.245 E.00316
G1 X103.775 Y140.29 E.00316
G1 X103.664 Y140.312 E.00344
G1 X103.51 Y140.303 E.00469
G1 X103.312 Y140.215 E.00657
G1 X103.207 Y140.104 E.00467
G1 X103.124 Y139.911 E.00639
G1 X103.092 Y139.738 E.00535
G1 X103.083 Y139.381 E.01085
G1 X103.105 Y139.171 E.00644
G1 X103.176 Y138.935 E.00749
G1 X103.276 Y138.796 E.00522
G1 X103.403 Y138.709 E.00467
G1 X103.489 Y138.681 E.00276
G1 X103.639 Y138.672 E.00457
G1 X103.818 Y138.729 E.00572
G1 X103.959 Y138.869 E.00602
G1 X104.132 Y139.317 E.01462
G1 E-.728 F1800
;WIPE_START
G1 F30000
G1 X105.141 Y139.039 E-.0628
G1 X105.082 Y138.898 E-.0092
;WIPE_END
G1 X109.118 Y139.984 Z1.8
G1 Z1.4
G1 E.8 F1800
G1 F7200
G1 X109.118 Y139.056 E.02821
G1 X107.866 Y139.056 E.03809
G1 X107.866 Y137.782 E.03877
G1 X106.84 Y137.782 E.0312
G1 X106.84 Y141.202 E.10401
G1 X109.316 Y141.202 E.07532
G1 X109.316 Y140.274 E.02821
G1 X107.866 Y140.274 E.04413
G1 X107.866 Y139.984 E.00882
G1 X109.078 Y139.984 E.03687
G1 E-.728 F1800
;WIPE_START
G1 F30000
G1 X109.118 Y139.056 E-.0557
G1 X108.846 Y139.056 E-.0163
;WIPE_END
G1 X106.683 Y134.246 Z1.8
G1 Z1.4
G1 E.8 F1800
G1 F7200
G1 X106.475 Y134.12 E.00739
G1 X106.244 Y134.047 E.00738
G1 X105.943 Y134.031 E.00916
G1 X105.747 Y134.051 E.00599
G1 X105.508 Y134.131 E.00769
G1 X105.216 Y134.341 E.01092
G1 X105.049 Y134.558 E.00832
G1 X104.93 Y134.834 E.00916
G1 X104.855 Y135.169 E.01044
G1 X104.816 Y135.771 E.01834
G1 X104.835 Y136.189 E.01273
G1 X104.895 Y136.552 E.0112
G1 X105 Y136.865 E.01003
G1 X105.154 Y137.122 E.00913
G1 X105.324 Y137.293 E.00733
G1 X105.525 Y137.415 E.00716
G1 X105.757 Y137.489 E.00741
G1 X106.122 Y137.506 E.01111
G1 X106.365 Y137.457 E.00754
G1 X106.581 Y137.358 E.00722
G1 X106.768 Y137.21 E.00726
G1 X106.935 Y136.993 E.00833
G1 X107.105 Y136.554 E.0143
G1 X107.165 Y136.185 E.01138
G1 X107.185 Y135.767 E.01273
G1 X107.165 Y135.349 E.01272
G1 X107.104 Y134.98 E.01139
G1 X106.931 Y134.534 E.01454
G1 X106.709 Y134.277 E.01033
G1 X106.899 Y133.919 F30000
SET_VELOCITY_LIMIT ACCEL=3000
;TYPE:Inner wall
;WIDTH:0.45
G1 F12000
G1 X106.671 Y133.78 E.00874
G1 X106.721 Y133.602 E.00608
G1 X107.131 Y133.602 E.01346
G1 X107.131 Y134.06 E.01503
G1 X106.933 Y133.939 E.00761
G1 E-.728 F1800
;WIPE_START
G1 F30000
G1 X106.671 Y133.78 E-.01837
G1 X106.721 Y133.602 E-.01111
G1 X107.131 Y133.602 E-.02459
G1 X107.131 Y133.901 E-.01792
;WIPE_END
G1 X108.518 Y135.072 Z1.8
G1 Z1.4
G1 E.8 F1800
SET_VELOCITY_LIMIT ACCEL=2000
;TYPE:Outer wall
;WIDTH:0.42
G1 F7200
G1 X108.518 Y134.077 E.03026
G1 X107.523 Y134.077 E.03026
G1 X107.523 Y135.072 E.03026
G1 X108.478 Y135.072 E.02905
G1 E-.728 F1800
;WIPE_START
G1 F30000
G1 X108.518 Y134.077 E-.05975
G1 X108.314 Y134.077 E-.01225
;WIPE_END
G1 X108.675 Y134.077 Z1.8
G1 Z1.4
G1 E.8 F1800
G1 F7200
G1 X108.88 Y134.806 E.02301
G1 X109.022 Y135.053 E.00866
G1 X109.324 Y135.411 E.01425
G1 X110.078 Y136.165 E.03245
G1 X110.149 Y136.285 E.00423
G1 X110.178 Y136.399 E.00357
G1 X110.17 Y136.501 E.00312
G1 X110.146 Y136.553 E.00174
G1 X110.083 Y136.597 E.00233
G1 X110.003 Y136.61 E.00246
G1 X109.919 Y136.596 E.00261
G1 X109.872 Y136.566 E.00168
G1 X109.832 Y136.496 E.00243
G1 X109.765 Y136.126 E.01145
G1 X108.774 Y136.225 E.03031
G1 X108.857 Y136.691 E.0144
G1 X108.987 Y137.007 E.01039
G1 X109.128 Y137.187 E.00696
G1 X109.305 Y137.325 E.00683
G1 X109.681 Y137.476 E.01232
G1 X110.014 Y137.51 E.01017
G1 X110.269 Y137.492 E.00779
G1 X110.681 Y137.351 E.01324
G1 X110.939 Y137.135 E.01023
G1 X111.137 Y136.781 E.01232
G1 X111.179 Y136.407 E.01146
G1 X111.114 Y136.059 E.01075
G1 X110.984 Y135.784 E.00926
G1 X110.797 Y135.523 E.00977
G1 X110.294 Y135.031 E.02139
G1 X111.178 Y135.031 E.0269
G1 X111.178 Y134.077 E.02902
G1 X108.715 Y134.077 E.07491
G1 E-.728 F1800
;WIPE_START
G1 F30000
G1 X108.88 Y134.806 E-.04481
G1 X109.022 Y135.053 E-.01708
G1 X109.131 Y135.182 E-.0101
;WIPE_END
G1 X107.563 Y135.464 Z1.8
G1 Z1.4
G1 E.8 F1800
SET_VELOCITY_LIMIT ACCEL=3000
;TYPE:Inner wall
;WIDTH:0.45
G1 F12000
G1 X108.856 Y135.464 E.04246
G1 X109.134 Y135.795 E.01417
G1 X108.314 Y135.877 E.02706
G1 X108.478 Y136.801 E.03082
G1 X108.645 Y137.207 E.01439
G1 X108.849 Y137.467 E.01087
G1 X109.108 Y137.668 E.01075
G1 X109.586 Y137.861 E.01693
G1 X110.025 Y137.906 E.01447
G1 X110.025 Y139.122 E.03995
G1 X109.51 Y138.874 E.01875
G1 X109.51 Y138.664 E.00689
G1 X108.258 Y138.664 E.04112
G1 X108.258 Y137.39 E.04186
G1 X107.125 Y137.39 E.0372
G1 X107.28 Y137.187 E.00838
G1 X107.485 Y136.658 E.01864
G1 X107.556 Y136.226 E.01437
G1 X107.577 Y135.767 E.01509
G1 X107.565 Y135.504 E.00862
G1 E-.728 F1800
;WIPE_START
G1 F30000
G1 X108.764 Y135.467 E-.072
;WIPE_END
G1 X109.674 Y139.389 Z1.8
G1 Z1.4
G1 E.8 F1800
SET_VELOCITY_LIMIT ACCEL=2000
;TYPE:Outer wall
;WIDTH:0.42
G1 F7200
G1 X109.674 Y140.376 E.03004
G1 X110.071 Y140.569 E.01344
G1 X110.293 Y140.732 E.00837
G1 X110.462 Y140.925 E.00781
G1 X110.605 Y141.214 E.00979
G1 X111.412 Y141.214 E.02454
G1 X111.412 Y137.782 E.10439
G1 X110.417 Y137.782 E.03026
G1 X110.417 Y139.747 E.05976
G1 X109.71 Y139.406 E.02386
G1 E-.728 F1800
;WIPE_START
G1 F30000
G1 X109.674 Y140.376 E-.05826
G1 X109.88 Y140.476 E-.01374
;WIPE_END
G1 X113.22 Y137.782 Z1.8
G1 Z1.4
G1 E.8 F1800
G1 F7200
G1 X112.225 Y137.782 E.03026
G1 X112.225 Y138.777 E.03026
G1 X113.22 Y138.777 E.03026
G1 X113.22 Y137.822 E.02905
G1 E-.728 F1800
;WIPE_START
G1 F30000
G1 X112.225 Y137.782 E-.05975
G1 X112.225 Y137.986 E-.01225
;WIPE_END
G1 X115.383 Y137.951 Z1.8
G1 Z1.4
G1 E.8 F1800
G1 F7200
G1 X115.176 Y137.825 E.00739
G1 X114.944 Y137.751 E.00738
G1 X114.643 Y137.735 E.00916
G1 X114.441 Y137.756 E.00618
G1 X114.111 Y137.889 E.01082
G1 X113.913 Y138.051 E.00778
G1 X113.749 Y138.262 E.00813
G1 X113.629 Y138.542 E.00928
G1 X113.534 Y139.055 E.01585
G1 X113.516 Y139.478 E.01288
G1 X113.536 Y139.893 E.01265
G1 X113.596 Y140.257 E.0112
G1 X113.7 Y140.569 E.01003
G1 X113.854 Y140.827 E.00913
G1 X114.024 Y140.997 E.00733
G1 X114.225 Y141.12 E.00716
G1 X114.457 Y141.193 E.00741
G1 X114.823 Y141.21 E.01111
G1 X115.066 Y141.161 E.00754
G1 X115.282 Y141.063 E.00722
G1 X115.468 Y140.914 E.00726
G1 X115.635 Y140.697 E.00833
G1 X115.805 Y140.259 E.0143
G1 X115.865 Y139.889 E.01138
G1 X115.885 Y139.471 E.01273
G1 X115.865 Y139.053 E.01272
G1 X115.805 Y138.684 E.01139
G1 X115.632 Y138.238 E.01454
G1 X115.41 Y137.981 E.01033
G1 E-.728 F1800
;WIPE_START
G1 F30000
G1 X115.176 Y137.825 E-.01688
G1 X114.944 Y137.751 E-.01456
G1 X114.643 Y137.735 E-.01808
G1 X114.441 Y137.756 E-.0122
G1 X114.282 Y137.82 E-.01028
;WIPE_END
G1 X116.683 Y137.896 Z1.8
G1 Z1.4
G1 E.8 F1800
G1 F7200
G1 X116.412 Y138.144 E.01118
G1 X116.266 Y138.393 E.00878
G1 X116.17 Y138.698 E.00972
G1 X116.116 Y139.061 E.01115
G1 X116.103 Y139.693 E.01923
G1 X116.162 Y140.16 E.01432
G1 X116.224 Y140.419 E.00811
G1 X116.353 Y140.705 E.00953
G1 X116.517 Y140.918 E.00816
G1 X116.703 Y141.065 E.00722
G1 X116.918 Y141.162 E.00719
G1 X117.161 Y141.21 E.00752
G1 X117.526 Y141.193 E.01112
G1 X117.759 Y141.118 E.00744
G1 X117.961 Y140.995 E.0072
G1 X118.131 Y140.822 E.00737
G1 X118.287 Y140.562 E.00921
G1 X118.424 Y140.077 E.01534
G1 X118.463 Y139.26 E.02487
G1 X118.423 Y138.865 E.01209
G1 X118.34 Y138.52 E.01078
G1 X118.134 Y138.122 E.01363
G1 X117.959 Y137.947 E.00752
G1 X117.758 Y137.825 E.00716
G1 X117.531 Y137.753 E.00725
G1 X117.276 Y137.729 E.00777
G1 X117.174 Y137.745 E.00314
G1 X116.916 Y137.785 E.00797
G1 X116.719 Y137.879 E.00661
G1 E-.728 F1800
;WIPE_START
G1 F30000
G1 X116.412 Y138.144 E-.02437
G1 X116.266 Y138.393 E-.01732
G1 X116.17 Y138.698 E-.01919
G1 X116.143 Y138.881 E-.01112
;WIPE_END
G1 X121.254 Y137.782 Z1.8
G1 Z1.4
G1 E.8 F1800
G1 F7200
G1 X120.228 Y137.782 E.0312
G1 X120.228 Y141.203 E.10406
G1 X122.054 Y141.19 E.05554
G1 X122.415 Y141.132 E.01112
G1 X122.684 Y141.008 E.00901
G1 X122.896 Y140.801 E.00903
G1 X123.038 Y140.535 E.00916
G1 X123.093 Y140.307 E.00713
G1 X123.099 Y140.054 E.00771
G1 X123.067 Y139.856 E.00608
G1 X122.962 Y139.601 E.00839
G1 X122.785 Y139.386 E.00846
G1 X122.544 Y139.232 E.00871
G1 X122.659 Y139.113 E.00501
G1 X123.521 Y137.782 E.04826
G1 X122.301 Y137.782 E.03711
G1 X121.485 Y138.95 E.04334
G1 X121.379 Y139.013 E.00377
G1 X121.254 Y139.025 E.00383
G1 X121.254 Y137.822 E.0366
G1 E-.728 F1800
;WIPE_START
G1 F30000
G1 X120.228 Y137.782 E-.06159
G1 X120.228 Y137.955 E-.01041
;WIPE_END
G1 X125.309 Y133.771 Z1.8
G1 Z1.4
G1 E.8 F1800
SET_VELOCITY_LIMIT ACCEL=3000
;TYPE:Inner wall
;WIDTH:0.45
G1 F12000
G1 X124.914 Y134.056 E.01601
G1 X124.681 Y134.357 E.01249
G1 X124.626 Y134.485 E.00458
G1 X123.215 Y134.485 E.04634
G1 X123.028 Y134.187 E.01154
G1 X122.333 Y133.602 E.02983
G1 X125.255 Y133.602 E.09592
G1 X125.297 Y133.733 E.00452
G1 E-.728 F1800
;WIPE_START
G1 F30000
G1 X124.914 Y134.056 E-.03008
G1 X124.681 Y134.357 E-.02282
G1 X124.626 Y134.485 E-.00836
G1 X124.447 Y134.485 E-.01074
;WIPE_END
G1 X126.656 Y134.246 Z1.8
G1 Z1.4
G1 E.8 F1800
SET_VELOCITY_LIMIT ACCEL=2000
;TYPE:Outer wall
;WIDTH:0.42
G1 F7200
G1 X126.448 Y134.12 E.00739
G1 X126.217 Y134.047 E.00738
G1 X125.916 Y134.031 E.00916
G1 X125.72 Y134.051 E.00599
G1 X125.48 Y134.131 E.00769
G1 X125.189 Y134.341 E.01092
G1 X125.022 Y134.558 E.00832
G1 X124.903 Y134.834 E.00916
G1 X124.828 Y135.169 E.01044
G1 X124.788 Y135.771 E.01834
G1 X124.808 Y136.189 E.01273
G1 X124.868 Y136.552 E.0112
G1 X124.973 Y136.865 E.01003
G1 X125.126 Y137.122 E.00913
G1 X125.296 Y137.293 E.00733
G1 X125.498 Y137.415 E.00716
G1 X125.73 Y137.489 E.00741
G1 X126.095 Y137.506 E.01112
G1 X126.338 Y137.457 E.00754
G1 X126.554 Y137.358 E.00722
G1 X126.741 Y137.21 E.00726
G1 X126.908 Y136.993 E.00833
G1 X127.077 Y136.554 E.0143
G1 X127.138 Y136.185 E.01138
G1 X127.157 Y135.767 E.01273
G1 X127.138 Y135.349 E.01272
G1 X127.077 Y134.98 E.01139
G1 X126.904 Y134.534 E.01454
G1 X126.682 Y134.277 E.01033
G1 E-.728 F1800
;WIPE_START
G1 F30000
G1 X126.448 Y134.12 E-.01688
G1 X126.217 Y134.047 E-.01456
G1 X125.916 Y134.031 E-.01808
G1 X125.72 Y134.051 E-.01182
G1 X125.551 Y134.107 E-.01066
;WIPE_END
G1 X128.852 Y140.989 Z1.8
G1 X130.094 Y143.578 Z1.8
G1 Z1.4
G1 E.8 F1800
M73 P77 R4
G1 F7200
G1 X129.905 Y143.136 E.01459
G1 X129.73 Y142.874 E.0096
G1 X129.497 Y142.664 E.00953
G1 X129.215 Y142.52 E.00963
G1 X128.898 Y142.445 E.00993
G1 X128.653 Y142.43 E.00745
G1 X128.518 Y142.449 E.00416
G1 X128.143 Y142.499 E.0115
G1 X127.839 Y142.634 E.01011
G1 X127.59 Y142.834 E.00973
G1 X127.411 Y143.072 E.00904
G1 X127.258 Y143.429 E.01182
G1 X127.191 Y143.835 E.01251
G1 X127.192 Y144.158 E.00983
G1 X127.239 Y144.48 E.0099
G1 X127.337 Y144.772 E.00936
G1 X127.486 Y145.029 E.00904
G1 X127.683 Y145.244 E.00887
G1 X127.911 Y145.407 E.00854
G1 X128.167 Y145.517 E.00847
G1 X128.446 Y145.571 E.00863
G1 X128.754 Y145.571 E.00936
G1 X129.055 Y145.515 E.00932
G1 X129.333 Y145.399 E.00918
G1 X129.668 Y145.126 E.01314
G1 X129.845 Y144.862 E.00965
G1 X129.963 Y144.553 E.01007
G1 X130.027 Y144.199 E.01093
G1 X130.051 Y143.595 E.01839
G1 X129.989 Y143.595 E.00188
G1 X130.054 Y143.584 E.002
G1 E-.728 F1800
;WIPE_START
G1 F30000
G1 X129.905 Y143.136 E-.02831
G1 X129.73 Y142.874 E-.01894
G1 X129.497 Y142.664 E-.01879
G1 X129.409 Y142.619 E-.00596
;WIPE_END
G1 X133.583 Y142.49 Z1.8
G1 Z1.4
G1 E.8 F1800
G1 F7200
G1 X133.563 Y144.483 E.06063
G1 X133.521 Y144.597 E.00368
G1 X133.43 Y144.626 E.00293
G1 X133.327 Y144.605 E.00317
G1 X133.259 Y144.565 E.0024
G1 X133.203 Y144.498 E.00267
G1 X133.161 Y144.394 E.0034
G1 X133.123 Y144.03 E.01113
G1 X133.122 Y142.49 E.04685
G1 X132.014 Y142.49 E.03368
G1 X131.991 Y144.516 E.06163
G1 X131.952 Y144.605 E.00294
G1 X131.868 Y144.627 E.00264
G1 X131.747 Y144.605 E.00374
G1 X131.677 Y144.565 E.00242
G1 X131.623 Y144.503 E.00252
G1 X131.583 Y144.409 E.00311
G1 X131.546 Y144.047 E.01106
G1 X131.545 Y142.49 E.04735
G1 X130.435 Y142.49 E.03376
G1 X130.435 Y145.518 E.09209
G1 X131.491 Y145.518 E.03212
G1 X131.491 Y145.395 E.00373
G1 X131.685 Y145.509 E.00684
G1 X132.087 Y145.579 E.01241
G1 X132.378 Y145.547 E.00889
G1 X132.633 Y145.449 E.0083
G1 X132.86 Y145.266 E.00887
G1 X132.989 Y145.385 E.00534
G1 X133.414 Y145.56 E.01398
G1 X133.706 Y145.576 E.00889
G1 X133.942 Y145.543 E.00724
G1 X134.154 Y145.467 E.00686
G1 X134.348 Y145.343 E.007
G1 X134.574 Y145.061 E.01098
G1 X134.673 Y144.72 E.0108
G1 X134.693 Y142.49 E.06782
G1 X133.623 Y142.49 E.03254
G1 E-.728 F1800
;WIPE_START
G1 F30000
G1 X133.587 Y143.689 E-.072
;WIPE_END
G1 X140.333 Y142.49 Z1.8
G1 Z1.4
G1 E.8 F1800
G1 F7200
G1 X140.333 Y146.51 E.12226
G1 X141.443 Y146.51 E.03376
G1 X141.443 Y142.49 E.12226
G1 X140.373 Y142.49 E.03254
G1 E-.728 F1800
;WIPE_START
G1 F30000
G1 X140.361 Y143.69 E-.072
;WIPE_END
G1 X138.005 Y141.552 Z1.8
G1 Z1.4
G1 E.8 F1800
G1 F7200
G1 X138.206 Y142.538 E.03059
G1 X138.538 Y142.495 E.0102
G1 X138.594 Y142.505 E.00172
G1 X138.607 Y142.526 E.00074
G1 X138.619 Y146.51 E.12116
G1 X139.729 Y146.51 E.03376
G1 X139.72 Y142.43 E.1241
G1 X139.636 Y141.955 E.01468
G1 X139.524 Y141.76 E.00683
G1 X139.32 Y141.579 E.0083
G1 X139.109 Y141.482 E.00706
G1 X138.744 Y141.436 E.01118
G1 X138.512 Y141.447 E.00707
G1 X138.044 Y141.544 E.01454
G1 E-.728 F1800
;WIPE_START
G1 F30000
G1 X138.206 Y142.538 E-.06041
G1 X138.397 Y142.513 E-.01159
;WIPE_END
G1 X137.966 Y144.893 Z1.8
G1 Z1.4
G1 E.8 F1800
G1 F7200
G1 X138.104 Y144.624 E.00918
G1 X138.186 Y144.329 E.00931
G1 X138.213 Y144.011 E.00971
G1 X138.186 Y143.691 E.00978
G1 X138.103 Y143.393 E.00939
G1 X137.964 Y143.123 E.00926
G1 X137.771 Y142.883 E.00938
G1 X137.535 Y142.685 E.00935
G1 X137.268 Y142.543 E.00919
G1 X136.971 Y142.457 E.0094
G1 X136.589 Y142.436 E.01164
G1 X136.358 Y142.456 E.00706
G1 X136.067 Y142.534 E.00915
G1 X135.787 Y142.665 E.00941
G1 X135.542 Y142.851 E.00935
G1 X135.35 Y143.085 E.00922
G1 X135.247 Y143.275 E.00659
G1 X135.147 Y143.579 E.00971
G1 X135.103 Y143.92 E.01046
G1 X135.112 Y144.237 E.00965
G1 X135.176 Y144.526 E.009
G1 X135.294 Y144.806 E.00926
G1 X135.465 Y145.062 E.00936
G1 X135.686 Y145.272 E.00925
G1 X135.95 Y145.428 E.00933
G1 X136.239 Y145.529 E.0093
G1 X136.55 Y145.575 E.00957
G1 X136.971 Y145.551 E.01284
G1 X137.27 Y145.467 E.00945
G1 X137.539 Y145.326 E.00921
G1 X137.774 Y145.131 E.00931
G1 X137.941 Y144.924 E.00808
G1 E-.728 F1800
;WIPE_START
G1 F30000
G1 X138.104 Y144.624 E-.02046
G1 X138.186 Y144.329 E-.01837
G1 X138.213 Y144.011 E-.01915
G1 X138.193 Y143.779 E-.01401
;WIPE_END
G1 X135.986 Y139.381 Z1.8
G1 Z1.4
G1 E.8 F1800
SET_VELOCITY_LIMIT ACCEL=3000
;TYPE:Inner wall
;WIDTH:0.45
G1 F12000
G1 X135.949 Y139.292 E.00316
G1 X136.118 Y139.181 E.00663
G1 X136.422 Y139.496 E.01436
G1 X136.048 Y139.533 E.01234
G1 X136.001 Y139.418 E.00409
G1 E-.728 F1800
;WIPE_START
G1 F30000
G1 X135.949 Y139.292 E-.00818
G1 X136.118 Y139.181 E-.01211
G1 X136.422 Y139.496 E-.02625
G1 X136.048 Y139.533 E-.02255
G1 X136.03 Y139.488 E-.00292
;WIPE_END
G1 X138.69 Y139.213 Z1.8
G1 Z1.4
G1 E.8 F1800
SET_VELOCITY_LIMIT ACCEL=2000
;TYPE:Outer wall
;WIDTH:0.42
G1 F7200
G1 X139.058 Y141.161 E.06029
G1 X140.962 Y141.161 E.05792
G1 X140.962 Y140.202 E.02914
G1 X139.89 Y140.202 E.0326
G1 X140.196 Y140.19 E.00931
G1 X140.512 Y140.074 E.01024
G1 X140.847 Y139.783 E.01351
G1 X141.018 Y139.475 E.01069
G1 X141.092 Y139.126 E.01088
G1 X141.081 Y138.782 E.01046
G1 X140.954 Y138.393 E.01243
G1 X140.747 Y138.096 E.01101
G1 X140.415 Y137.848 E.01259
G1 X140.011 Y137.736 E.01277
G1 X139.898 Y137.739 E.00341
G1 X139.629 Y137.745 E.0082
G1 X139.308 Y137.835 E.01012
G1 X138.965 Y138.072 E.01269
G1 X138.741 Y138.416 E.01248
G1 X138.603 Y138.947 E.01668
G1 X139.602 Y139.05 E.03056
G1 X139.67 Y138.767 E.00885
G1 X139.716 Y138.688 E.00278
G1 X139.801 Y138.627 E.0032
G1 X139.861 Y138.615 E.00186
G1 X139.938 Y138.632 E.00239
G1 X140.008 Y138.687 E.0027
G1 X140.048 Y138.757 E.00244
G1 X140.076 Y138.875 E.00369
G1 X140.076 Y139.092 E.0066
G1 X140.05 Y139.197 E.00331
G1 X140.01 Y139.262 E.00232
G1 X139.914 Y139.319 E.0034
G1 X139.744 Y139.305 E.00519
G1 X139.457 Y139.102 E.0107
G1 X138.73 Y139.207 E.02234
G1 E-.728 F1800
;WIPE_START
G1 F30000
G1 X138.929 Y140.391 E-.072
;WIPE_END
G1 X142.699 Y141.253 Z1.8
G1 Z1.4
G1 E.8 F1800
G1 F7200
G1 X141.846 Y137.73 E.11022
G1 X140.991 Y137.73 E.02601
G1 X141.835 Y141.253 E.11015
G1 X142.659 Y141.253 E.02507
G1 E-.728 F1800
;WIPE_START
G1 F30000
G1 X142.389 Y140.083 E-.072
;WIPE_END
G1 X142.605 Y139.929 Z1.8
G1 Z1.4
G1 E.8 F1800
G1 F7200
G1 X142.688 Y140.395 E.0144
G1 X142.818 Y140.711 E.01039
G1 X142.959 Y140.891 E.00696
G1 X143.137 Y141.029 E.00683
G1 X143.512 Y141.181 E.01232
G1 X143.845 Y141.215 E.01017
G1 X144.1 Y141.196 E.00779
G1 X144.512 Y141.055 E.01324
G1 X144.77 Y140.839 E.01023
G1 X144.968 Y140.485 E.01232
G1 X145.011 Y140.111 E.01146
G1 X144.945 Y139.764 E.01075
G1 X144.815 Y139.489 E.00926
G1 X144.628 Y139.227 E.00977
G1 X144.125 Y138.736 E.02139
G1 X145.01 Y138.736 E.0269
G1 X145.01 Y137.782 E.02902
G1 X142.53 Y137.782 E.07543
G1 X142.625 Y138.274 E.01526
G1 X142.755 Y138.595 E.01053
G1 X142.917 Y138.844 E.00904
G1 X143.909 Y139.868 E.04335
G1 X143.98 Y139.99 E.00428
G1 X144.009 Y140.103 E.00357
G1 X144.001 Y140.206 E.00312
G1 X143.977 Y140.257 E.00174
G1 X143.915 Y140.302 E.00233
G1 X143.835 Y140.314 E.00246
G1 X143.75 Y140.3 E.00261
G1 X143.704 Y140.27 E.00168
G1 X143.663 Y140.201 E.00243
G1 X143.597 Y139.83 E.01145
G1 X142.645 Y139.925 E.0291
G1 E-.728 F1800
;WIPE_START
G1 F30000
G1 X142.688 Y140.395 E-.02832
G1 X142.818 Y140.711 E-.0205
G1 X142.959 Y140.891 E-.01373
G1 X143.084 Y140.988 E-.00945
;WIPE_END
G1 X145.183 Y138.947 Z1.8
G1 Z1.4
G1 E.8 F1800
G1 F7200
G1 X146.183 Y139.05 E.03056
G1 X146.25 Y138.767 E.00885
G1 X146.296 Y138.688 E.00278
G1 X146.382 Y138.627 E.0032
G1 X146.442 Y138.615 E.00186
G1 X146.519 Y138.632 E.00239
G1 X146.588 Y138.687 E.0027
G1 X146.629 Y138.757 E.00244
G1 X146.657 Y138.875 E.00369
G1 X146.657 Y139.092 E.0066
G1 X146.63 Y139.197 E.00331
G1 X146.59 Y139.262 E.00232
G1 X146.494 Y139.319 E.0034
G1 X146.324 Y139.305 E.00518
G1 X146.037 Y139.102 E.0107
G1 X145.271 Y139.213 E.02356
G1 X145.638 Y141.161 E.06029
G1 X147.543 Y141.161 E.05792
G1 X147.543 Y140.202 E.02914
G1 X146.471 Y140.202 E.0326
G1 X146.777 Y140.19 E.00931
G1 X147.092 Y140.074 E.01024
G1 X147.428 Y139.783 E.01351
G1 X147.598 Y139.475 E.01069
G1 X147.672 Y139.126 E.01088
G1 X147.661 Y138.782 E.01046
G1 X147.535 Y138.393 E.01243
G1 X147.327 Y138.096 E.01101
G1 X146.996 Y137.848 E.01259
G1 X146.591 Y137.736 E.01277
G1 X146.209 Y137.745 E.01162
G1 X145.889 Y137.835 E.01012
G1 X145.546 Y138.072 E.01269
G1 X145.321 Y138.416 E.01248
G1 X145.193 Y138.908 E.01546
G1 E-.728 F1800
;WIPE_START
G1 F30000
G1 X146.183 Y139.05 E-.05998
G1 X146.229 Y138.855 E-.01202
;WIPE_END
G1 X138.641 Y139.677 Z1.8
G1 X116.269 Y142.098 Z1.8
G1 Z1.4
G1 E.8 F1800
SET_VELOCITY_LIMIT ACCEL=3000
;TYPE:Inner wall
;WIDTH:0.45
G1 F12000
G1 X114.338 Y142.098 E.0634
G1 X114.338 Y146.907 E.15789
G1 X116.695 Y146.888 E.07739
G1 X117.124 Y146.833 E.0142
G1 X117.486 Y146.688 E.0128
G1 X117.797 Y146.457 E.01273
G1 X118.014 Y146.193 E.01122
G1 X118.014 Y146.873 E.02233
G1 X119.945 Y146.873 E.0634
G1 X119.945 Y143.909 E.09732
G1 X121.429 Y143.909 E.04872
G1 X122.595 Y146.902 E.10548
G1 X124.183 Y146.902 E.05213
G1 X126.106 Y142.098 E.16991
G1 X124.012 Y142.098 E.06875
G1 X123.698 Y142.916 E.02876
G1 X123.094 Y142.916 E.01982
G1 X122.797 Y142.098 E.02857
G1 X118.014 Y142.098 E.15705
G1 X118.014 Y144.187 E.06858
G1 X117.769 Y143.903 E.01231
G1 X117.481 Y143.697 E.01164
G1 X117.164 Y143.554 E.0114
G1 X116.628 Y143.469 E.01784
G1 X116.269 Y143.464 E.01177
G1 X116.269 Y142.138 E.04355
G1 E-.728 F1800
;WIPE_START
G1 F30000
G1 X115.069 Y142.113 E-.072
;WIPE_END
G1 X121.36 Y143.517 Z1.8
G1 Z1.4
G1 E.8 F1800
SET_VELOCITY_LIMIT ACCEL=2000
;TYPE:Outer wall
;WIDTH:0.42
G1 F7200
G1 X121.36 Y142.652 E.02629
G1 X122.863 Y146.51 E.12592
G1 X123.917 Y146.51 E.03207
G1 X125.527 Y142.49 E.1317
G1 X124.282 Y142.49 E.03787
G1 X123.967 Y143.308 E.02664
G1 X122.82 Y143.308 E.0349
G1 X122.523 Y142.49 E.02646
G1 X118.406 Y142.49 E.1252
G1 X118.406 Y146.481 E.12137
G1 X119.553 Y146.481 E.03488
G1 X119.553 Y143.517 E.09015
G1 X121.32 Y143.517 E.05375
G1 E-.728 F1800
;WIPE_START
G1 F30000
G1 X121.36 Y142.652 E-.05192
G1 X121.482 Y142.964 E-.02008
;WIPE_END
G1 X115.877 Y142.49 Z1.8
G1 Z1.4
G1 E.8 F1800
G1 F7200
G1 X114.73 Y142.49 E.03488
G1 X114.73 Y146.512 E.12231
G1 X116.668 Y146.496 E.05895
G1 X117.024 Y146.451 E.01091
G1 X117.292 Y146.343 E.00879
G1 X117.524 Y146.171 E.00879
G1 X117.718 Y145.935 E.00928
G1 X117.848 Y145.644 E.00968
G1 X117.905 Y145.311 E.01028
G1 X117.89 Y144.925 E.01174
G1 X117.801 Y144.612 E.0099
G1 X117.686 Y144.407 E.00715
G1 X117.503 Y144.194 E.00854
G1 X117.284 Y144.038 E.00818
G1 X117.051 Y143.933 E.00778
G1 X116.594 Y143.861 E.01406
G1 X115.877 Y143.851 E.02181
G1 X115.877 Y142.53 E.04017
G1 E-.728 F1800
;WIPE_START
G1 F30000
G1 X114.73 Y142.49 E-.06885
G1 X114.73 Y142.542 E-.00315
;WIPE_END
G1 X122.362 Y142.449 Z1.8
G1 X150.926 Y142.098 Z1.8
G1 Z1.4
G1 E.8 F1800
SET_VELOCITY_LIMIT ACCEL=3000
;TYPE:Inner wall
;WIDTH:0.45
G1 F12000
G1 X147.55 Y142.098 E.11085
G1 X147.55 Y142.852 E.02476
G1 X147.344 Y142.884 E.00686
G1 X147.091 Y142.098 E.02712
G1 X143.986 Y142.098 E.10194
G1 X142.78 Y145.91 E.13128
G1 X147.55 Y145.91 E.15661
G1 X147.55 Y146.902 E.03257
G1 X149.444 Y146.902 E.06219
G1 X149.444 Y145.97 E.03059
G1 X150.079 Y145.924 E.02089
G1 X150.624 Y145.659 E.01991
G1 X150.763 Y145.485 E.0073
G1 X150.926 Y145.542 E.0057
G1 X150.926 Y146.902 E.04464
G1 X152.821 Y146.902 E.06219
G1 X152.821 Y146.267 E.02084
G1 X154.554 Y147.275 E.06584
G1 X154.554 Y145.91 E.04483
G1 X155.026 Y145.91 E.01548
G1 X155.026 Y145.537 E.01224
G1 X155.323 Y145.751 E.01204
G1 X155.657 Y145.894 E.01193
G1 X156.014 Y145.963 E.01194
G1 X156.411 Y145.963 E.01303
G1 X156.94 Y145.837 E.01786
G1 X157.289 Y145.642 E.01312
G1 X157.577 Y145.378 E.01282
G1 X157.801 Y145.043 E.01323
G1 X157.948 Y144.659 E.01352
G1 X158.024 Y144.242 E.01389
G1 X158.037 Y143.919 E.01064
G1 X158.313 Y143.872 E.00921
G1 X158.058 Y143.375 E.01836
G1 X158.065 Y143.203 E.00564
G1 X157.97 Y143.203 E.00312
G1 X157.728 Y142.731 E.0174
G1 X157.438 Y142.422 E.01391
G1 X157.097 Y142.208 E.01323
G1 X156.813 Y142.105 E.00992
G1 X156.416 Y142.041 E.01319
G1 X156.043 Y142.047 E.01227
G1 X155.627 Y142.125 E.01387
G1 X155.196 Y142.315 E.01548
G1 X154.245 Y142.056 E.03237
G1 X153.775 Y142.04 E.01543
G1 X153.286 Y142.17 E.01662
G1 X152.821 Y142.54 E.01951
G1 X152.821 Y142.098 E.01452
G1 X150.966 Y142.098 E.06088
G1 E-.728 F1800
;WIPE_START
G1 F30000
G1 X149.766 Y142.098 E-.072
;WIPE_END
G1 X147.778 Y145.518 Z1.8
G1 Z1.4
G1 E.8 F1800
SET_VELOCITY_LIMIT ACCEL=2000
;TYPE:Outer wall
;WIDTH:0.42
G1 F7200
G1 X146.805 Y142.49 E.09672
G1 X145.828 Y142.49 E.02972
G1 X145.541 Y143.56 E.03368
G1 X145.26 Y142.49 E.03364
G1 X144.274 Y142.49 E.02999
G1 X143.316 Y145.518 E.09659
G1 X144.431 Y145.518 E.03393
G1 X144.753 Y144.392 E.0356
G1 X145.049 Y145.518 E.0354
G1 X146.039 Y145.518 E.03013
G1 X146.325 Y144.396 E.0352
G1 X146.652 Y145.518 E.03553
G1 X147.738 Y145.518 E.03302
G1 E-.728 F1800
;WIPE_START
G1 F30000
G1 X147.384 Y144.371 E-.072
;WIPE_END
G1 X149.277 Y144.604 Z1.8
G1 Z1.4
G1 E.8 F1800
G1 F7200
G1 X149.199 Y144.564 E.00266
G1 X149.139 Y144.5 E.00267
G1 X149.095 Y144.401 E.00328
G1 X149.053 Y144.073 E.01007
G1 X149.052 Y142.49 E.04814
G1 X147.942 Y142.49 E.03376
G1 X147.942 Y146.51 E.12226
G1 X149.052 Y146.51 E.03376
G1 X149.052 Y145.419 E.0332
G1 X149.122 Y145.463 E.0025
G1 X149.504 Y145.573 E.01211
G1 X149.975 Y145.539 E.01437
G1 X150.373 Y145.346 E.01344
G1 X150.609 Y145.048 E.01157
G1 X150.697 Y144.794 E.00816
G1 X150.732 Y144.479 E.00965
G1 X150.737 Y142.49 E.06049
G1 X149.627 Y142.49 E.03378
G1 X149.626 Y144.168 E.05102
G1 X149.6 Y144.515 E.01059
G1 X149.552 Y144.585 E.00259
G1 X149.399 Y144.624 E.00478
G1 X149.316 Y144.611 E.00257
G1 E-.728 F1800
;WIPE_START
G1 F30000
G1 X149.199 Y144.564 E-.00756
G1 X149.139 Y144.5 E-.00526
G1 X149.095 Y144.401 E-.00647
G1 X149.053 Y144.073 E-.01987
G1 X149.053 Y143.526 E-.03283
;WIPE_END
G1 X151.319 Y142.49 Z1.8
G1 Z1.4
G1 E.8 F1800
G1 F7200
G1 X151.319 Y146.51 E.12226
G1 X152.429 Y146.51 E.03376
G1 X152.429 Y142.49 E.12226
G1 X151.359 Y142.49 E.03254
M73 P78 R4
G1 E-.728 F1800
;WIPE_START
G1 F30000
G1 X151.347 Y143.69 E-.072
;WIPE_END
G1 X154.633 Y144.548 Z1.8
G1 Z1.4
G1 E.8 F1800
G1 F7200
G1 X154.164 Y144.548 E.01428
G1 X154.175 Y143.433 E.03392
G1 X154.603 Y143.544 E.01347
G1 X154.708 Y142.589 E.02922
G1 X154.186 Y142.447 E.01647
G1 X153.82 Y142.434 E.01114
G1 X153.466 Y142.528 E.01114
G1 X153.209 Y142.732 E.00997
G1 X153.105 Y142.955 E.00747
G1 X153.058 Y143.242 E.00884
G1 X153.051 Y144.548 E.03973
G1 X152.733 Y144.548 E.00967
G1 X152.733 Y145.518 E.0295
G1 X153.049 Y145.518 E.00963
G1 X153.049 Y145.947 E.01305
G1 X154.162 Y146.594 E.03914
G1 X154.162 Y145.518 E.03272
G1 X154.633 Y145.518 E.01434
G1 X154.633 Y144.588 E.02829
G1 X155.092 Y145.029 F30000
G1 F7200
G1 X155.289 Y145.244 E.00887
G1 X155.517 Y145.407 E.00854
G1 X155.773 Y145.517 E.00847
G1 X156.052 Y145.571 E.00863
G1 X156.365 Y145.571 E.00952
G1 X156.796 Y145.468 E.01348
G1 X157.057 Y145.322 E.0091
G1 X157.277 Y145.12 E.00907
G1 X157.451 Y144.862 E.00947
G1 X157.569 Y144.553 E.01007
G1 X157.633 Y144.199 E.01093
G1 X157.657 Y143.595 E.01839
G1 X157.595 Y143.595 E.00188
G1 X157.72 Y143.574 E.00384
G1 X157.404 Y142.959 E.02102
G1 X157.187 Y142.728 E.00967
G1 X156.924 Y142.563 E.00945
G1 X156.714 Y142.486 E.00679
G1 X156.388 Y142.434 E.01005
G1 X156.082 Y142.438 E.00931
G1 X155.744 Y142.502 E.01044
G1 X155.445 Y142.634 E.00994
G1 X155.196 Y142.834 E.00973
G1 X155.017 Y143.072 E.00904
G1 X154.864 Y143.429 E.01182
G1 X154.797 Y143.835 E.01251
G1 X154.798 Y144.158 E.00983
G1 X154.845 Y144.48 E.0099
G1 X154.943 Y144.772 E.00936
G1 X155.072 Y144.994 E.00782
G1 E-.728 F1800
;WIPE_START
G1 F30000
G1 X155.289 Y145.244 E-.01985
G1 X155.517 Y145.407 E-.01685
G1 X155.773 Y145.517 E-.01671
G1 X156.052 Y145.571 E-.01703
G1 X156.078 Y145.571 E-.00156
;WIPE_END
G1 X160.913 Y148.065 Z1.8
G1 Z1.4
G1 E.8 F1800
SET_VELOCITY_LIMIT ACCEL=3000
;TYPE:Inner wall
;WIDTH:0.45
G1 F12000
G1 X160.922 Y148.102 E.00123
G1 X163.039 Y148.102 E.06953
G1 X163.416 Y148.053 E.01247
G1 X163.804 Y147.892 E.01378
G1 X164.137 Y147.637 E.01378
G1 X164.392 Y147.304 E.01378
G1 X164.553 Y146.916 E.01378
G1 X164.602 Y146.539 E.01247
G1 X164.594 Y106.29 E1.32152
G1 X164.49 Y105.904 E.01312
G1 X164.38 Y105.681 E.00819
G1 X164.137 Y105.363 E.01312
G1 X163.804 Y105.108 E.01378
G1 X163.416 Y104.947 E.01378
G1 X163.039 Y104.898 E.01247
G1 X161.002 Y104.898 E.06689
G1 X161.002 Y104.102 E.02613
G1 X162.98 Y104.102 E.06495
G1 X163.313 Y104.124 E.01094
G1 X163.62 Y104.185 E.01029
G1 X163.917 Y104.286 E.01029
G1 X164.198 Y104.424 E.01029
G1 X164.459 Y104.599 E.01029
G1 X164.695 Y104.805 E.01029
G1 X164.901 Y105.041 E.01029
G1 X165.076 Y105.302 E.01029
G1 X165.214 Y105.583 E.01029
G1 X165.315 Y105.88 E.01029
G1 X165.376 Y106.187 E.01029
G1 X165.398 Y106.52 E.01094
G1 X165.398 Y146.48 E1.31204
G1 X165.376 Y146.813 E.01094
G1 X165.315 Y147.12 E.01029
G1 X165.214 Y147.417 E.01029
G1 X165.076 Y147.698 E.01029
G1 X164.901 Y147.959 E.01029
G1 X164.695 Y148.195 E.01029
G1 X164.459 Y148.401 E.01029
G1 X164.198 Y148.576 E.01029
G1 X163.917 Y148.714 E.01029
G1 X163.62 Y148.815 E.01029
G1 X163.313 Y148.876 E.01029
G1 X162.98 Y148.898 E.01094
G1 X93.02 Y148.898 E2.29704
G1 X92.687 Y148.876 E.01094
G1 X92.38 Y148.815 E.01029
G1 X92.083 Y148.714 E.01029
G1 X91.802 Y148.576 E.01029
G1 X91.541 Y148.401 E.01029
G1 X91.305 Y148.195 E.01029
G1 X91.099 Y147.959 E.01029
G1 X90.924 Y147.698 E.01029
G1 X90.786 Y147.417 E.01029
G1 X90.685 Y147.12 E.01029
G1 X90.624 Y146.813 E.01029
G1 X90.602 Y146.48 E.01094
G1 X90.602 Y106.52 E1.31204
G1 X90.624 Y106.187 E.01094
G1 X90.685 Y105.88 E.01029
G1 X90.786 Y105.583 E.01029
G1 X90.924 Y105.302 E.01029
G1 X91.099 Y105.041 E.01029
G1 X91.305 Y104.805 E.01029
G1 X91.541 Y104.599 E.01029
G1 X91.802 Y104.424 E.01029
G1 X92.083 Y104.286 E.01029
G1 X92.38 Y104.185 E.01029
G1 X92.687 Y104.124 E.01029
G1 X93.02 Y104.102 E.01094
G1 X150.898 Y104.102 E1.90034
G1 X150.898 Y104.898 E.02613
G1 X92.98 Y104.898 E1.90163
G1 X92.771 Y104.912 E.00689
G1 X92.385 Y105.015 E.01312
G1 X92.039 Y105.215 E.01312
G1 X91.851 Y105.379 E.00819
G1 X91.608 Y105.696 E.01312
G1 X91.447 Y106.084 E.01378
G1 X91.398 Y106.461 E.01247
G1 X91.398 Y146.539 E1.31593
G1 X91.447 Y146.916 E.01247
G1 X91.608 Y147.304 E.01378
G1 X91.863 Y147.637 E.01378
G1 X92.181 Y147.88 E.01312
G1 X92.404 Y147.99 E.00819
G1 X92.787 Y148.093 E.013
G1 X94.077 Y148.108 E.04237
G1 X94.306 Y147.126 E.0331
G1 X94.232 Y147.083 E.00281
G1 X94.28 Y146.902 E.00615
G1 X99.609 Y146.902 E.17498
G1 X99.609 Y145.287 E.05302
G1 X99.839 Y145.539 E.01119
G1 X100.136 Y145.751 E.01196
G1 X100.469 Y145.894 E.01193
G1 X100.826 Y145.963 E.01194
G1 X101.208 Y145.963 E.01252
G1 X101.585 Y145.893 E.01261
G1 X101.955 Y145.738 E.01316
G1 X102.379 Y145.392 E.01796
G1 X102.583 Y145.088 E.01203
G1 X102.824 Y145.424 E.01356
G1 X103.086 Y145.661 E.01161
G1 X103.385 Y145.834 E.01135
G1 X103.73 Y145.943 E.01187
G1 X104.237 Y145.965 E.01667
G1 X104.467 Y145.91 E.00778
G1 X106.108 Y145.91 E.05385
G1 X106.106 Y145.245 E.02185
G1 X106.467 Y145.586 E.01631
G1 X106.802 Y145.786 E.0128
G1 X107.163 Y145.912 E.01257
G1 X107.551 Y145.969 E.01287
G1 X108.055 Y145.94 E.01658
G1 X108.435 Y145.833 E.01296
G1 X108.776 Y145.654 E.01265
G1 X109.073 Y145.407 E.01269
G1 X109.361 Y145.051 E.01506
G1 X109.644 Y145.414 E.01511
G1 X109.947 Y145.661 E.01284
G1 X110.302 Y145.84 E.01306
G1 X110.783 Y145.957 E.01623
G1 X111.24 Y145.964 E.01502
G1 X111.625 Y145.895 E.01286
G1 X111.984 Y145.753 E.01265
G1 X112.304 Y145.539 E.01264
G1 X112.576 Y145.263 E.01273
G1 X112.785 Y144.942 E.01256
G1 X112.924 Y144.586 E.01256
G1 X112.99 Y144.207 E.01262
G1 X112.99 Y143.814 E.01293
G1 X112.923 Y143.433 E.0127
G1 X112.784 Y143.074 E.01263
G1 X112.574 Y142.752 E.01263
G1 X112.301 Y142.474 E.01277
G1 X111.983 Y142.259 E.01262
G1 X111.614 Y142.11 E.01306
G1 X111.151 Y142.046 E.01537
G1 X110.809 Y142.05 E.01123
G1 X110.443 Y142.125 E.01227
G1 X110.091 Y142.265 E.01243
G1 X109.76 Y142.478 E.0129
G1 X109.468 Y142.781 E.01383
G1 X109.371 Y142.979 E.00724
G1 X109.07 Y142.607 E.0157
G1 X108.774 Y142.358 E.0127
G1 X108.435 Y142.177 E.01261
G1 X108.056 Y142.068 E.01296
G1 X107.602 Y142.043 E.01494
G1 X107.308 Y142.069 E.00966
G1 X106.951 Y142.164 E.01214
G1 X106.602 Y142.327 E.01265
G1 X106.287 Y142.566 E.01298
G1 X106.109 Y142.783 E.00922
G1 X106.053 Y142.273 E.01683
G1 X105.908 Y141.856 E.0145
G1 X105.747 Y141.605 E.0098
G1 X105.481 Y141.351 E.01206
G1 X105.006 Y141.136 E.01714
G1 X105.301 Y140.683 E.01772
G1 X105.65 Y139.737 E.03313
G1 X105.182 Y139.625 E.01581
G1 X105.175 Y139.44 E.0061
G1 X105.669 Y139.283 E.017
G1 X105.206 Y138.18 E.03927
G1 X104.997 Y137.899 E.01151
G1 X104.651 Y137.608 E.01484
G1 X104.23 Y137.42 E.01514
G1 X103.766 Y137.339 E.01546
G1 X103.224 Y137.369 E.01783
G1 X102.835 Y137.484 E.01331
G1 X102.49 Y137.673 E.01294
G1 X102.175 Y137.946 E.01367
G1 X101.971 Y138.25 E.01201
G1 X101.821 Y137.865 E.01356
G1 X102.152 Y137.865 E.01085
G1 X102.152 Y135.395 E.0811
G1 X103.658 Y135.395 E.04945
G1 X103.658 Y133.602 E.05886
G1 X105.282 Y133.602 E.05332
G1 X105.337 Y133.771 E.00584
G1 X104.941 Y134.056 E.01601
G1 X104.708 Y134.357 E.01249
G1 X104.556 Y134.713 E.01272
G1 X104.466 Y135.113 E.01346
G1 X104.423 Y135.767 E.02151
G1 X104.445 Y136.23 E.01522
G1 X104.514 Y136.647 E.01387
G1 X104.642 Y137.029 E.01324
G1 X104.842 Y137.365 E.01283
G1 X105.08 Y137.603 E.01105
G1 X105.362 Y137.775 E.01084
G1 X105.688 Y137.878 E.01123
G1 X106.152 Y137.899 E.01526
G1 X106.448 Y137.84 E.00989
G1 X106.448 Y141.594 E.12324
G1 X109.708 Y141.594 E.10706
G1 X109.708 Y140.789 E.02643
G1 X110.026 Y141.022 E.01295
G1 X110.133 Y141.145 E.00534
G1 X110.361 Y141.606 E.01689
G1 X111.804 Y141.606 E.04736
G1 X111.804 Y139.169 E.08002
G1 X113.137 Y139.169 E.04377
G1 X113.124 Y139.479 E.01019
G1 X113.145 Y139.935 E.01498
G1 X113.214 Y140.351 E.01387
G1 X113.342 Y140.734 E.01324
G1 X113.542 Y141.069 E.01283
G1 X113.78 Y141.308 E.01105
G1 X114.062 Y141.479 E.01084
G1 X114.388 Y141.583 E.01123
G1 X114.852 Y141.604 E.01526
G1 X115.187 Y141.537 E.01121
G1 X115.488 Y141.399 E.01086
G1 X115.75 Y141.191 E.01098
G1 X115.991 Y140.878 E.01298
G1 X116.236 Y141.195 E.01316
G1 X116.498 Y141.402 E.01096
G1 X116.798 Y141.538 E.01082
G1 X117.132 Y141.604 E.01117
G1 X117.597 Y141.582 E.01527
G1 X117.924 Y141.477 E.01128
G1 X118.206 Y141.304 E.01088
G1 X118.444 Y141.064 E.01108
G1 X118.65 Y140.719 E.01321
G1 X118.814 Y140.14 E.01974
G1 X118.856 Y139.25 E.02928
G1 X118.81 Y138.799 E.01488
G1 X118.71 Y138.382 E.01408
G1 X118.359 Y137.704 E.02509
G1 X118.749 Y137.861 E.01381
G1 X119.17 Y137.904 E.01391
G1 X119.511 Y137.88 E.01121
G1 X119.836 Y137.768 E.01128
G1 X119.836 Y141.598 E.12575
G1 X122.086 Y141.582 E.07389
G1 X122.53 Y141.511 E.01477
G1 X122.909 Y141.335 E.01372
G1 X123.315 Y140.94 E.0186
G1 X123.512 Y141.195 E.01059
G1 X123.774 Y141.402 E.01096
G1 X124.074 Y141.538 E.01082
G1 X124.408 Y141.604 E.01117
G1 X124.873 Y141.582 E.01527
G1 X125.2 Y141.477 E.01128
G1 X125.483 Y141.304 E.01088
G1 X125.72 Y141.064 E.01108
G1 X125.926 Y140.719 E.01321
G1 X126.09 Y140.14 E.01974
G1 X126.136 Y139.169 E.03194
G1 X127.006 Y139.169 E.02858
G1 X127.125 Y139.513 E.01196
G1 X127.207 Y139.638 E.00491
G1 X127.065 Y139.961 E.01159
G1 X127.065 Y140.513 E.01814
G1 X127.281 Y141.023 E.01819
G1 X127.705 Y141.412 E.0189
G1 X128.253 Y141.592 E.01893
G1 X128.837 Y141.592 E.01918
G1 X129.28 Y141.469 E.01509
G1 X129.733 Y141.137 E.01844
G1 X129.993 Y140.676 E.01739
G1 X130.055 Y140.355 E.01072
G1 X130.035 Y139.968 E.01273
G1 X129.929 Y139.649 E.01103
G1 X130.101 Y139.283 E.01327
G1 X130.159 Y138.862 E.01397
G1 X130.055 Y138.269 E.01979
G1 X129.715 Y137.758 E.02014
G1 X129.435 Y137.581 E.01086
G1 X129.588 Y137.473 E.00616
G1 X129.831 Y137.173 E.01266
G1 X129.997 Y136.821 E.01278
G1 X130.095 Y136.433 E.01315
G1 X130.112 Y136.264 E.00556
G1 X131.169 Y136.264 E.03468
G1 X131.264 Y136.801 E.0179
G1 X131.506 Y137.39 E.02089
G1 X131.09 Y137.39 E.01367
G1 X131.09 Y141.594 E.13804
G1 X134.776 Y141.582 E.12105
G1 X135.221 Y141.511 E.01477
G1 X135.6 Y141.335 E.01372
G1 X135.956 Y140.988 E.01634
G1 X136.1 Y141.171 E.00766
G1 X136.358 Y141.372 E.01075
G1 X136.837 Y141.565 E.01693
G1 X137.258 Y141.608 E.01391
G1 X137.611 Y141.583 E.0116
G1 X137.771 Y142.366 E.02625
G1 X137.417 Y142.177 E.01317
G1 X137.037 Y142.068 E.01296
G1 X136.583 Y142.043 E.01494
G1 X136.29 Y142.069 E.00966
G1 X135.933 Y142.164 E.01214
G1 X135.584 Y142.327 E.01265
G1 X135.083 Y142.706 E.02061
G1 X135.088 Y142.098 E.01997
G1 X130.043 Y142.098 E.16565
G1 X130.043 Y142.628 E.01741
G1 X129.722 Y142.339 E.0142
G1 X129.352 Y142.149 E.01364
G1 X128.955 Y142.056 E.01339
G1 X128.639 Y142.037 E.01041
G1 X128.036 Y142.118 E.01998
G1 X127.634 Y142.296 E.01442
G1 X127.306 Y142.559 E.01381
G1 X127.069 Y142.874 E.01292
G1 X126.879 Y143.318 E.01587
G1 X126.798 Y143.803 E.01615
G1 X126.8 Y144.187 E.01261
G1 X126.856 Y144.571 E.01274
G1 X126.977 Y144.934 E.01256
G1 X127.168 Y145.262 E.01247
G1 X127.421 Y145.539 E.0123
G1 X127.717 Y145.751 E.01196
G1 X128.051 Y145.894 E.01193
G1 X128.408 Y145.963 E.01194
G1 X128.79 Y145.963 E.01252
G1 X129.167 Y145.893 E.01261
G1 X129.537 Y145.738 E.01316
G1 X130.043 Y145.325 E.02145
G1 X130.043 Y145.91 E.0192
G1 X131.703 Y145.91 E.05451
G1 X132.075 Y145.975 E.01239
G1 X132.472 Y145.931 E.0131
G1 X132.827 Y145.794 E.01252
G1 X132.87 Y145.761 E.00179
G1 X133.326 Y145.948 E.01619
G1 X133.723 Y145.969 E.01304
G1 X134.035 Y145.926 E.01036
G1 X134.328 Y145.822 E.01019
G1 X134.614 Y145.638 E.01117
G1 X135.031 Y145.117 E.0219
G1 X135.164 Y145.317 E.00788
G1 X135.448 Y145.586 E.01287
G1 X135.783 Y145.786 E.0128
G1 X136.145 Y145.912 E.01257
G1 X136.532 Y145.969 E.01287
G1 X137.036 Y145.94 E.01658
G1 X137.416 Y145.833 E.01296
G1 X137.757 Y145.654 E.01265
G1 X138.228 Y145.263 E.02009
G1 X138.227 Y146.902 E.0538
G1 X141.835 Y146.902 E.11847
G1 X141.835 Y142.098 E.15774
G1 X140.06 Y142.098 E.05829
G1 X140.011 Y141.818 E.00933
G1 X139.857 Y141.553 E.01007
G1 X141.503 Y141.553 E.05407
G1 X141.525 Y141.645 E.00311
G1 X143.197 Y141.645 E.0549
G1 X143.152 Y141.458 E.0063
G1 X143.417 Y141.565 E.00938
G1 X143.839 Y141.608 E.01391
G1 X144.179 Y141.584 E.01121
G1 X144.708 Y141.402 E.01837
G1 X145.206 Y140.985 E.02133
G1 X145.313 Y141.553 E.01898
G1 X147.935 Y141.553 E.08608
G1 X147.935 Y139.677 E.0616
G1 X147.97 Y139.614 E.00235
G1 X148.066 Y139.16 E.01523
G1 X148.051 Y138.713 E.01468
G1 X147.89 Y138.216 E.01718
G1 X147.612 Y137.82 E.01586
G1 X147.172 Y137.49 E.01808
G1 X146.64 Y137.343 E.01813
G1 X146.151 Y137.354 E.01606
G1 X145.719 Y137.475 E.0147
G1 X145.402 Y137.695 E.01269
G1 X145.402 Y137.39 E.01004
G1 X142.167 Y137.39 E.1062
G1 X142.155 Y137.338 E.00173
G1 X140.494 Y137.338 E.05452
G1 X140.526 Y137.472 E.0045
G1 X140.059 Y137.343 E.01591
G1 X139.57 Y137.354 E.01606
G1 X139.139 Y137.475 E.0147
G1 X138.821 Y137.695 E.01269
G1 X138.821 Y137.39 E.01004
G1 X136.963 Y137.39 E.061
G1 X136.963 Y136.629 E.02498
G1 X136.447 Y135.937 E.02835
G1 X136.164 Y135.346 E.02151
G1 X136.018 Y134.828 E.01768
G1 X135.883 Y133.602 E.04049
G1 X160.961 Y133.602 E.82339
G1 X161.152 Y133.634 E.00636
G1 X161.285 Y133.728 E.00536
G1 X161.362 Y133.845 E.0046
G1 X161.398 Y134.02 E.00585
G1 X161.398 Y146.48 E.40912
G1 X161.363 Y146.65 E.0057
G1 X161.312 Y146.739 E.00337
G1 X161.239 Y146.812 E.00336
G1 X160.694 Y147.126 E.02066
G1 X160.904 Y148.026 E.03036
G1 E-.728 F1800
;WIPE_START
G1 F30000
G1 X160.922 Y148.102 E-.00466
G1 X162.044 Y148.102 E-.06734
;WIPE_END
G1 X154.434 Y147.523 Z1.8
G1 X102.532 Y143.574 Z1.8
G1 Z1.4
G1 E.8 F1800
SET_VELOCITY_LIMIT ACCEL=2000
;TYPE:Outer wall
;WIDTH:0.42
G1 F7200
G1 X102.216 Y142.959 E.02102
G1 X101.999 Y142.728 E.00967
G1 X101.736 Y142.563 E.00945
G1 X101.526 Y142.486 E.00679
G1 X101.2 Y142.434 E.01005
G1 X100.894 Y142.438 E.00931
G1 X100.556 Y142.502 E.01044
G1 X100.257 Y142.634 E.00994
G1 X100.008 Y142.834 E.00973
G1 X99.829 Y143.072 E.00904
G1 X99.676 Y143.429 E.01182
G1 X99.609 Y143.835 E.01251
G1 X99.61 Y144.158 E.00983
G1 X99.657 Y144.48 E.0099
G1 X99.755 Y144.772 E.00936
G1 X99.904 Y145.029 E.00904
G1 X100.101 Y145.244 E.00887
G1 X100.329 Y145.407 E.00854
G1 X100.585 Y145.517 E.00847
G1 X100.864 Y145.571 E.00863
G1 X101.172 Y145.571 E.00936
G1 X101.473 Y145.515 E.00932
G1 X101.751 Y145.399 E.00918
G1 X102.086 Y145.126 E.01314
G1 X102.263 Y144.862 E.00965
G1 X102.381 Y144.553 E.01007
G1 X102.446 Y144.199 E.01093
G1 X102.469 Y143.595 E.01839
G1 X102.407 Y143.595 E.00188
G1 X102.493 Y143.581 E.00262
G1 E-.728 F1800
;WIPE_START
G1 F30000
G1 X102.216 Y142.959 E-.0408
G1 X101.999 Y142.728 E-.01907
G1 X101.828 Y142.62 E-.01214
;WIPE_END
G1 X98.107 Y142.49 Z1.8
G1 Z1.4
G1 E.8 F1800
G1 F7200
G1 X98.107 Y146.51 E.12226
G1 X99.217 Y146.51 E.03376
G1 X99.217 Y142.49 E.12226
G1 X98.147 Y142.49 E.03254
G1 E-.728 F1800
;WIPE_START
G1 F30000
G1 X98.135 Y143.69 E-.072
;WIPE_END
G1 X97.022 Y138.641 Z1.8
G1 Z1.4
G1 E.8 F1800
SET_VELOCITY_LIMIT ACCEL=3000
;TYPE:Inner wall
;WIDTH:0.45
G1 F12000
G1 X97.022 Y137.889 E.02468
G1 X97.355 Y137.889 E.01091
G1 X97.355 Y139.122 E.04048
G1 X97.022 Y138.962 E.01212
G1 X97.022 Y138.681 E.00923
SET_VELOCITY_LIMIT ACCEL=2000
G1 X97.004 Y139.389 F30000
;TYPE:Outer wall
;WIDTH:0.42
G1 F7200
G1 X97.004 Y140.376 E.03004
G1 X97.401 Y140.569 E.01344
G1 X97.626 Y140.734 E.00848
G1 X97.754 Y140.871 E.00568
G1 X97.94 Y141.214 E.01188
G1 X98.742 Y141.214 E.02438
G1 X98.742 Y137.782 E.10439
G1 X97.747 Y137.782 E.03026
G1 X97.747 Y139.747 E.05976
G1 X97.04 Y139.406 E.02386
G1 E-.728 F1800
;WIPE_START
G1 F30000
G1 X97.004 Y140.376 E-.05826
G1 X97.21 Y140.476 E-.01374
;WIPE_END
G1 X101.298 Y137.951 Z1.8
G1 Z1.4
G1 E.8 F1800
G1 F7200
G1 X101.09 Y137.825 E.00739
G1 X100.859 Y137.751 E.00738
G1 X100.558 Y137.735 E.00916
G1 X100.362 Y137.755 E.00599
G1 X100.122 Y137.836 E.00769
G1 X99.831 Y138.046 E.01092
G1 X99.663 Y138.262 E.00832
G1 X99.545 Y138.539 E.00916
G1 X99.47 Y138.874 E.01044
G1 X99.43 Y139.475 E.01833
G1 X99.45 Y139.893 E.01273
G1 X99.51 Y140.257 E.0112
G1 X99.614 Y140.569 E.01003
G1 X99.768 Y140.827 E.00913
G1 X99.938 Y140.997 E.00733
G1 X100.139 Y141.12 E.00716
G1 X100.372 Y141.193 E.00741
G1 X100.737 Y141.21 E.01111
G1 X100.98 Y141.161 E.00754
G1 X101.196 Y141.063 E.00722
G1 X101.382 Y140.914 E.00726
G1 X101.55 Y140.697 E.00833
G1 X101.719 Y140.259 E.0143
G1 X101.78 Y139.889 E.01138
G1 X101.799 Y139.471 E.01273
G1 X101.78 Y139.053 E.01272
G1 X101.719 Y138.684 E.01139
G1 X101.546 Y138.238 E.01454
G1 X101.324 Y137.981 E.01033
G1 X100.734 Y137.473 F30000
G1 F7200
G1 X101.76 Y137.473 E.0312
G1 X101.76 Y135.003 E.07512
G1 X103.266 Y135.003 E.04581
G1 X103.266 Y134.077 E.02815
G1 X100.734 Y134.077 E.077
G1 X100.734 Y137.433 E.10205
G1 E-.728 F1800
;WIPE_START
G1 F30000
G1 X101.76 Y137.473 E-.06159
G1 X101.76 Y137.299 E-.01041
;WIPE_END
G1 X100.342 Y134.344 Z1.8
G1 Z1.4
G1 E.8 F1800
SET_VELOCITY_LIMIT ACCEL=3000
;TYPE:Inner wall
;WIDTH:0.45
G1 F12000
G1 X100.095 Y134.086 E.01174
G1 X99.754 Y133.859 E.01343
G1 X99.606 Y133.801 E.00522
G1 X99.643 Y133.602 E.00666
G1 X100.342 Y133.602 E.02294
G1 X100.342 Y134.304 E.02304
G1 E-.728 F1800
;WIPE_START
G1 F30000
G1 X100.095 Y134.086 E-.01979
G1 X99.754 Y133.859 E-.02453
G1 X99.606 Y133.801 E-.00955
G1 X99.643 Y133.602 E-.01216
G1 X99.743 Y133.602 E-.00597
M73 P79 R4
;WIPE_END
G1 X99.837 Y137.186 Z1.8
G1 Z1.4
G1 E.8 F1800
SET_VELOCITY_LIMIT ACCEL=2000
;TYPE:Outer wall
;WIDTH:0.42
G1 F7200
G1 X100.066 Y136.948 E.01004
G1 X100.239 Y136.663 E.01013
G1 X100.352 Y136.338 E.01047
G1 X100.407 Y135.977 E.01111
G1 X100.407 Y135.591 E.01176
G1 X100.353 Y135.232 E.01103
G1 X100.24 Y134.909 E.01041
G1 X100.069 Y134.625 E.01008
G1 X99.841 Y134.388 E.00999
G1 X99.572 Y134.209 E.00983
G1 X99.267 Y134.09 E.00995
G1 X98.928 Y134.032 E.01046
G1 X98.494 Y134.046 E.01323
G1 X98.234 Y134.09 E.00802
G1 X97.927 Y134.208 E.01
G1 X97.657 Y134.386 E.00985
G1 X97.425 Y134.626 E.01015
G1 X97.193 Y135.058 E.01491
G1 X97.09 Y135.575 E.01603
G1 X97.092 Y136.005 E.0131
G1 X97.143 Y136.336 E.01016
G1 X97.268 Y136.688 E.01138
G1 X97.463 Y136.989 E.0109
G1 X97.719 Y137.241 E.01093
G1 X98.014 Y137.414 E.0104
G1 X98.361 Y137.516 E.011
G1 X98.744 Y137.549 E.0117
G1 X99.101 Y137.52 E.0109
G1 X99.562 Y137.368 E.01476
G1 X99.804 Y137.208 E.00882
G1 E-.728 F1800
;WIPE_START
G1 F30000
G1 X100.066 Y136.948 E-.02215
G1 X100.239 Y136.663 E-.01999
G1 X100.352 Y136.338 E-.02066
G1 X100.375 Y136.187 E-.0092
;WIPE_END
G1 X96.708 Y135.482 Z1.8
G1 Z1.4
G1 E.8 F1800
SET_VELOCITY_LIMIT ACCEL=3000
;TYPE:Inner wall
;WIDTH:0.45
G1 F12000
G1 X96.488 Y135.46 E.00727
G1 X96.488 Y133.602 E.06101
G1 X97.853 Y133.602 E.04482
G1 X97.89 Y133.802 E.00667
G1 X97.746 Y133.857 E.00505
G1 X97.404 Y134.083 E.01345
G1 X97.105 Y134.393 E.01415
G1 X96.819 Y134.924 E.01979
G1 X96.716 Y135.443 E.01738
G1 E-.728 F1800
;WIPE_START
G1 F30000
G1 X96.488 Y135.46 E-.01373
G1 X96.488 Y134.489 E-.05827
;WIPE_END
G1 X96.984 Y136.57 Z1.8
G1 Z1.4
G1 E.8 F1800
SET_VELOCITY_LIMIT ACCEL=2000
;TYPE:Outer wall
;WIDTH:0.42
G1 F7200
G1 X96.096 Y136.57 E.02701
G1 X96.096 Y134.077 E.07581
G1 X95.07 Y134.077 E.0312
G1 X95.07 Y136.57 E.07581
G1 X94.18 Y136.57 E.02707
G1 X94.18 Y137.497 E.02821
G1 X96.984 Y137.497 E.08528
G1 X96.984 Y136.61 E.02699
G1 E-.728 F1800
;WIPE_START
G1 F30000
G1 X96.096 Y136.57 E-.05334
G1 X96.096 Y136.259 E-.01866
;WIPE_END
G1 X94.678 Y134.231 Z1.8
G1 Z1.4
G1 E.8 F1800
SET_VELOCITY_LIMIT ACCEL=3000
;TYPE:Inner wall
;WIDTH:0.45
G1 F12000
G1 X94.678 Y136.178 E.06392
G1 X93.602 Y136.178 E.03533
G1 X93.606 Y133.959 E.07285
G1 X93.685 Y133.759 E.00708
G1 X93.804 Y133.66 E.00506
G1 X93.898 Y133.621 E.00337
G1 X94.039 Y133.602 E.00467
G1 X94.678 Y133.602 E.02097
G1 X94.678 Y134.191 E.01933
G1 E-.728 F1800
;WIPE_START
G1 F30000
G1 X94.678 Y135.391 E-.072
;WIPE_END
G1 X94.127 Y137.782 Z1.8
G1 Z1.4
G1 E.8 F1800
SET_VELOCITY_LIMIT ACCEL=2000
;TYPE:Outer wall
;WIDTH:0.42
G1 F7200
G1 X94.332 Y138.51 E.02301
G1 X94.474 Y138.757 E.00866
G1 X94.775 Y139.116 E.01425
G1 X95.53 Y139.87 E.03245
G1 X95.6 Y139.99 E.00423
G1 X95.629 Y140.103 E.00357
G1 X95.622 Y140.206 E.00312
G1 X95.597 Y140.257 E.00174
G1 X95.535 Y140.302 E.00233
G1 X95.455 Y140.314 E.00246
G1 X95.37 Y140.3 E.00261
G1 X95.324 Y140.27 E.00168
G1 X95.284 Y140.201 E.00243
G1 X95.217 Y139.83 E.01145
G1 X94.225 Y139.929 E.03031
G1 X94.308 Y140.395 E.0144
G1 X94.438 Y140.711 E.01039
G1 X94.58 Y140.891 E.00696
G1 X94.757 Y141.029 E.00683
G1 X95.133 Y141.181 E.01232
G1 X95.465 Y141.215 E.01017
G1 X95.721 Y141.196 E.00779
G1 X96.133 Y141.055 E.01324
G1 X96.39 Y140.839 E.01023
G1 X96.588 Y140.485 E.01232
G1 X96.631 Y140.111 E.01146
G1 X96.566 Y139.764 E.01075
G1 X96.435 Y139.489 E.00926
G1 X96.249 Y139.227 E.00977
G1 X95.746 Y138.736 E.02139
G1 X96.63 Y138.736 E.0269
G1 X96.63 Y137.782 E.02902
G1 X94.167 Y137.782 E.07491
G1 X93.642 Y138.136 F30000
SET_VELOCITY_LIMIT ACCEL=3000
;TYPE:Inner wall
;WIDTH:0.45
G1 F12000
G1 X93.813 Y138.113 E.00568
G1 X93.968 Y138.663 E.01878
G1 X94.151 Y138.982 E.01209
G1 X94.585 Y139.499 E.02216
G1 X93.602 Y139.598 E.03244
G1 X93.602 Y138.142 E.0478
G1 E-.728 F1800
;WIPE_START
G1 F30000
G1 X93.813 Y138.113 E-.01277
G1 X93.968 Y138.663 E-.03432
G1 X94.151 Y138.982 E-.0221
G1 X94.181 Y139.018 E-.00281
;WIPE_END
G1 X93.602 Y139.936 Z1.8
G1 Z1.4
G1 E.8 F1800
G1 F12000
G1 X93.825 Y139.916 E.00734
G1 X93.93 Y140.506 E.01965
G1 X94.096 Y140.911 E.01439
G1 X94.301 Y141.171 E.01087
G1 X94.559 Y141.372 E.01075
G1 X95.038 Y141.565 E.01693
G1 X95.459 Y141.608 E.01391
G1 X95.8 Y141.584 E.01121
G1 X96.329 Y141.402 E.01837
G1 X96.697 Y141.093 E.01579
G1 X96.887 Y140.755 E.01272
G1 X97.198 Y140.906 E.01137
G1 X97.365 Y141.028 E.00678
G1 X97.433 Y141.102 E.00329
G1 X97.707 Y141.606 E.01884
G1 X99.134 Y141.606 E.04685
G1 X99.134 Y140.879 E.02388
G1 X99.313 Y140.829 E.00611
G1 X99.456 Y141.069 E.00918
G1 X99.694 Y141.308 E.01105
G1 X99.976 Y141.479 E.01084
G1 X100.302 Y141.583 E.01123
G1 X100.767 Y141.604 E.01526
G1 X101.101 Y141.537 E.01121
G1 X101.402 Y141.399 E.01086
G1 X101.664 Y141.191 E.01098
G1 X101.972 Y140.791 E.01658
G1 X102.336 Y141.183 E.01755
G1 X102.668 Y141.413 E.01327
G1 X102.832 Y141.48 E.00582
G1 X102.505 Y141.995 E.02002
G1 X102.435 Y142.619 E.02064
G1 X102.25 Y142.422 E.00887
G1 X101.909 Y142.208 E.01323
G1 X101.625 Y142.105 E.00992
G1 X101.228 Y142.041 E.01319
G1 X100.855 Y142.047 E.01227
G1 X100.44 Y142.125 E.01387
G1 X100.052 Y142.296 E.01391
G1 X99.609 Y142.651 E.01864
G1 X99.609 Y142.098 E.01817
G1 X94.064 Y142.098 E.18208
G1 X94.064 Y146.986 E.1605
G1 X93.738 Y146.798 E.01234
G1 X93.66 Y146.696 E.00422
G1 X93.621 Y146.602 E.00337
G1 X93.602 Y146.461 E.00467
G1 X93.602 Y139.976 E.21291
G1 E-.728 F1800
;WIPE_START
G1 F30000
G1 X93.825 Y139.916 E-.01384
G1 X93.93 Y140.506 E-.03591
G1 X94.071 Y140.849 E-.02225
;WIPE_END
G1 X97.41 Y144.076 Z1.8
G1 Z1.4
G1 E.8 F1800
SET_VELOCITY_LIMIT ACCEL=2000
;TYPE:Outer wall
;WIDTH:0.42
G1 F7200
G1 X95.603 Y144.076 E.05497
G1 X95.603 Y143.517 E.01703
G1 X97.614 Y143.517 E.06117
G1 X97.614 Y142.49 E.03122
G1 X94.456 Y142.49 E.09605
G1 X94.456 Y146.51 E.12226
G1 X97.545 Y146.51 E.09396
G1 X97.545 Y145.481 E.0313
G1 X95.603 Y145.481 E.05908
G1 X95.603 Y145.103 E.0115
G1 X97.41 Y145.103 E.05497
G1 X97.41 Y144.116 E.03
G1 E-.728 F1800
;WIPE_START
G1 F30000
G1 X96.21 Y144.09 E-.072
;WIPE_END
G1 X103.831 Y144.514 Z1.8
G1 X161.233 Y147.71 Z1.8
G1 Z1.4
G1 E.8 F1800
G1 F7200
G1 X163.014 Y147.71 E.05416
G1 X163.314 Y147.671 E.0092
G1 X163.606 Y147.549 E.00962
G1 X163.857 Y147.357 E.00962
G1 X164.049 Y147.106 E.00962
G1 X164.171 Y146.814 E.00962
G1 X164.21 Y146.514 E.0092
G1 X164.201 Y106.342 E1.22178
G1 X164.121 Y106.043 E.00941
G1 X164.045 Y105.889 E.00524
G1 X163.857 Y105.643 E.00941
G1 X163.606 Y105.451 E.00962
G1 X163.314 Y105.329 E.00962
G1 X163.014 Y105.29 E.0092
G1 X160.61 Y105.29 E.07311
G1 X160.61 Y103.71 E.04805
G1 X162.993 Y103.71 E.07248
G1 X163.364 Y103.734 E.01131
G1 X163.722 Y103.806 E.0111
G1 X164.068 Y103.923 E.0111
G1 X164.395 Y104.084 E.0111
G1 X164.698 Y104.287 E.0111
G1 X164.973 Y104.527 E.0111
G1 X165.213 Y104.802 E.0111
G1 X165.416 Y105.105 E.0111
G1 X165.577 Y105.432 E.0111
G1 X165.694 Y105.778 E.0111
G1 X165.766 Y106.136 E.0111
G1 X165.79 Y106.507 E.01131
G1 X165.79 Y146.493 E1.21613
G1 X165.766 Y146.864 E.01131
G1 X165.694 Y147.222 E.0111
G1 X165.577 Y147.568 E.0111
G1 X165.416 Y147.895 E.0111
G1 X165.213 Y148.198 E.0111
G1 X164.973 Y148.473 E.0111
G1 X164.698 Y148.713 E.0111
G1 X164.395 Y148.916 E.0111
G1 X164.068 Y149.077 E.0111
G1 X163.722 Y149.195 E.0111
G1 X163.364 Y149.266 E.0111
G1 X162.993 Y149.29 E.01131
G1 X93.007 Y149.29 E2.12854
G1 X92.636 Y149.266 E.01131
G1 X92.278 Y149.195 E.0111
G1 X91.932 Y149.077 E.0111
G1 X91.605 Y148.916 E.0111
G1 X91.302 Y148.713 E.0111
G1 X91.027 Y148.473 E.0111
G1 X90.787 Y148.198 E.0111
G1 X90.584 Y147.895 E.0111
G1 X90.423 Y147.568 E.0111
G1 X90.306 Y147.222 E.0111
G1 X90.234 Y146.864 E.0111
G1 X90.21 Y146.493 E.01131
G1 X90.21 Y106.507 E1.21613
G1 X90.234 Y106.136 E.01131
G1 X90.306 Y105.778 E.0111
G1 X90.423 Y105.432 E.0111
G1 X90.584 Y105.105 E.0111
G1 X90.787 Y104.802 E.0111
G1 X91.027 Y104.527 E.0111
G1 X91.302 Y104.287 E.0111
G1 X91.605 Y104.084 E.0111
G1 X91.932 Y103.923 E.0111
G1 X92.278 Y103.806 E.0111
G1 X92.636 Y103.734 E.0111
G1 X93.007 Y103.71 E.01131
G1 X151.29 Y103.71 E1.7726
G1 X151.29 Y105.29 E.04805
G1 X92.993 Y105.29 E1.77302
G1 X92.835 Y105.3 E.00482
G1 X92.536 Y105.38 E.00941
G1 X92.268 Y105.535 E.00941
G1 X92.139 Y105.649 E.00524
G1 X91.951 Y105.894 E.00941
G1 X91.829 Y106.186 E.00962
G1 X91.79 Y106.486 E.0092
G1 X91.79 Y146.514 E1.21738
G1 X91.829 Y146.814 E.0092
G1 X91.951 Y147.106 E.00962
G1 X92.143 Y147.357 E.00962
G1 X92.389 Y147.545 E.00941
G1 X92.543 Y147.621 E.00524
G1 X92.841 Y147.701 E.00937
G1 X93.767 Y147.712 E.02817
G1 X93.858 Y147.32 E.01223
G1 X93.514 Y147.122 E.01207
G1 X93.447 Y147.063 E.00272
G1 X93.317 Y146.894 E.00647
G1 X93.239 Y146.704 E.00626
G1 X93.21 Y146.486 E.00668
G1 X93.21 Y134.007 E.37954
G1 X93.25 Y133.761 E.00757
G1 X93.374 Y133.519 E.00826
G1 X93.437 Y133.447 E.00293
G1 X93.606 Y133.317 E.00647
G1 X93.796 Y133.239 E.00626
G1 X94.014 Y133.21 E.00668
G1 X160.986 Y133.21 E2.03688
G1 X161.211 Y133.24 E.00689
G1 X161.302 Y133.271 E.00293
G1 X161.389 Y133.313 E.00293
G1 X161.56 Y133.445 E.00657
G1 X161.646 Y133.55 E.00415
G1 X161.728 Y133.697 E.0051
G1 X161.783 Y133.904 E.00652
G1 X161.79 Y134.007 E.00314
G1 X161.79 Y146.493 E.37975
G1 X161.783 Y146.596 E.00314
G1 X161.728 Y146.802 E.00647
G1 X161.625 Y146.98 E.00626
G1 X161.48 Y147.125 E.00626
G1 X161.142 Y147.32 E.01186
G1 X161.224 Y147.671 E.01096
G1 E-.728 F1800
;WIPE_START
G1 F30000
G1 X162.424 Y147.697 E-.072
;WIPE_END
G1 X160.806 Y148.5 Z1.8
G1 Z1.4
G1 E.8 F1800
SET_VELOCITY_LIMIT ACCEL=3000
;TYPE:Gap infill
;WIDTH:0.43817
G1 F15000
G1 X163.078 Y148.496 E.07244
G1 X163.518 Y148.434 E.01418
G1 X163.979 Y148.245 E.01587
G1 X164.416 Y147.916 E.01744
G1 X164.734 Y147.501 E.01666
G1 X164.934 Y147.018 E.01666
G1 X164.978 Y146.76 E.00834
G1 X165 Y146.467 E.00937
G1 X164.985 Y106.239 E1.28245
G1 X164.853 Y105.748 E.01621
G1 X164.705 Y105.456 E.01042
G1 X164.416 Y105.084 E.01502
G1 X163.979 Y104.755 E.01744
G1 X163.518 Y104.566 E.01587
G1 X163.078 Y104.504 E.01418
G1 X161.206 Y104.5 E.05968
G1 E-.728 F1800
;WIPE_START
G1 F30000
G1 X162.406 Y104.503 E-.072
;WIPE_END
G1 X154.773 Y104.501 Z1.8
G1 X150.694 Y104.5 Z1.8
G1 Z1.4
G1 E.8 F1800
;WIDTH:0.431613
G1 F15000
G1 X93.033 Y104.5 E1.80771
G1 X92.688 Y104.526 E.01083
G1 X92.257 Y104.642 E.014
G1 X92.003 Y104.773 E.00897
G1 X91.782 Y104.913 E.00819
G1 X91.551 Y105.123 E.00981
G1 X91.255 Y105.521 E.01554
G1 X91.066 Y105.982 E.01561
G1 X91.022 Y106.24 E.0082
G1 X91 Y106.533 E.00921
G1 X91.003 Y146.553 E1.25464
G1 X91.066 Y147.018 E.01473
G1 X91.266 Y147.501 E.01639
G1 X91.584 Y147.916 E.01639
G1 X91.988 Y148.225 E.01594
G1 X92.283 Y148.366 E.01024
G1 X92.739 Y148.485 E.01477
G1 X94.194 Y148.504 E.04562
G1 E-.728 F1800
;WIPE_START
G1 F30000
G1 X92.994 Y148.488 E-.072
;WIPE_END
G1 X93.837 Y146.503 Z1.8
G1 Z1.4
G1 E.8 F1800
;WIDTH:0.0980022
G1 F15000
G1 X93.834 Y141.894 E.02047
G1 X93.985 Y141.592 E.0015
;WIDTH:0.136229
G1 X94.136 Y141.29 E.00254
G1 X93.807 Y141.559 F30000
;WIDTH:0.399612
G1 F15000
G1 X94.39 Y141.716 E.01738
;WIDTH:0.377398
G1 X94.505 Y141.738 E.00315
;WIDTH:0.332966
G1 X94.619 Y141.76 E.00273
;WIDTH:0.288534
G1 X94.734 Y141.783 E.00231
;WIDTH:0.244102
G1 X94.849 Y141.805 E.00189
;WIDTH:0.19967
G1 X94.963 Y141.827 E.00148
;WIDTH:0.175188
G1 X94.982 Y141.829 E.0002
;WIDTH:0.144365
G1 X95.452 Y141.853 E.00385
G1 X95.859 Y141.838 E.00333
;WIDTH:0.18704
G1 X96.029 Y141.81 E.002
G1 X96.13 Y141.753 E.00135
;WIDTH:0.152605
G1 X96.231 Y141.695 E.00103
;WIDTH:0.113082
G1 X96.333 Y141.638 E.00066
G1 E-.79301 F1800
;WIPE_START
G1 F30000
G1 X96.231 Y141.695 E-.00699
;WIPE_END
G1 X97.246 Y141.555 Z1.8
G1 Z1.4
M73 P80 R4
G1 E.8 F1800
;TYPE:Internal solid infill
;WIDTH:0.398118
G1 F15000
G1 X97.112 Y141.331 E.00748
G1 X97.031 Y141.277 E.00279
G1 X96.729 Y141.564 E.01194
G1 X96.781 Y141.717 E.00462
G1 X97.228 Y141.717 E.01279
G1 X97.241 Y141.595 E.0035
G1 X97.609 Y141.852 F30000
;TYPE:Gap infill
;WIDTH:0.133425
G1 F15000
G1 X99.337 Y141.852 E.01262
G1 X99.573 Y141.734 E.00193
;WIDTH:0.191469
G1 X99.809 Y141.616 E.00316
G1 X99.903 Y141.819 F30000
;WIDTH:0.34916
G1 F15000
G1 X99.95 Y141.857 E.0015
;WIDTH:0.392246
G1 X99.998 Y141.894 E.00172
;WIDTH:0.413731
G1 X99.813 Y142.182 E.01024
G1 X99.903 Y141.819 F30000
;WIDTH:0.29367
G1 F15000
G1 X99.855 Y141.781 E.00123
G1 X99.337 Y141.619 E.01097
G1 E-.76381 F1800
;WIPE_START
G1 F30000
G1 X99.855 Y141.781 E-.03254
G1 X99.903 Y141.819 E-.00365
;WIPE_END
G1 X99.182 Y140.662 Z1.8
G1 Z1.4
G1 E.8 F1800
;WIDTH:0.434216
G1 F15000
G1 X99.133 Y140.366 E.00947
;WIDTH:0.413167
G1 X99.113 Y140.138 E.00685
;WIDTH:0.378044
G1 X99.097 Y139.94 E.00536
;WIDTH:0.35559
G1 X99.086 Y139.464 E.01201
G1 X99.107 Y138.835 E.01587
;WIDTH:0.402493
G1 X99.129 Y138.62 E.00625
;WIDTH:0.446796
G1 X99.15 Y138.432 E.00617
;WIDTH:0.473882
G1 X99.27 Y137.671 E.02679
G1 X99.588 Y137.757 F30000
;WIDTH:0.385109
G1 F15000
G1 X99.699 Y137.7 E.00346
;WIDTH:0.371311
G1 X99.942 Y137.535 E.00777
G1 X100.538 Y137.205 E.01805
G1 E-.74153 F1800
;WIPE_START
G1 F30000
G1 X99.942 Y137.535 E-.04088
G1 X99.699 Y137.7 E-.01759
;WIPE_END
G1 X99.588 Y137.757 Z1.8
G1 Z1.4
G1 E.8 F1800
;WIDTH:0.404255
G1 F15000
G1 X98.938 Y138.15 E.02214
G1 E-.75442 F1800
;WIPE_START
G1 F30000
G1 X99.588 Y137.757 E-.04558
;WIPE_END
G1 X97.861 Y142.294 Z1.8
G1 Z1.4
G1 E.8 F1800
;WIDTH:0.148033
G1 F15000
G1 X97.861 Y143.713 E.01203
G1 X97.776 Y143.882 E.00161
;WIDTH:0.194627
G1 X97.691 Y144.052 E.00232
;WIDTH:0.22834
G1 X97.606 Y144.221 E.00284
G1 X97.758 Y143.865 F30000
;WIDTH:0.347883
G1 F15000
G1 X97.759 Y145.133 E.03119
G1 X97.781 Y145.184 F30000
;WIDTH:0.280346
G1 F15000
G1 X97.804 Y145.234 E.00106
;WIDTH:0.235325
G1 X97.826 Y145.285 E.00086
;WIDTH:0.212814
G1 X97.826 Y146.706 E.01947
G1 E-.728 F1800
;WIPE_START
G1 F30000
G1 X97.826 Y145.506 E-.072
;WIPE_END
G1 X97.606 Y145.277 Z1.8
G1 Z1.4
G1 E.8 F1800
;WIDTH:0.33848
G1 F15000
G1 X97.759 Y145.133 E.005
G1 X97.781 Y145.184 E.00132
G1 E-.78411 F1800
;WIPE_START
G1 F30000
G1 X97.759 Y145.133 E-.00332
G1 X97.606 Y145.277 E-.01257
;WIPE_END
G1 X97.758 Y143.865 Z1.8
G1 Z1.4
G1 E.8 F1800
;WIDTH:0.325613
G1 F15000
G1 X97.708 Y143.842 E.00127
;WIDTH:0.279629
G1 X97.657 Y143.819 E.00106
;WIDTH:0.212029
G1 X97.606 Y143.796 E.00076
G1 X95.799 Y143.796 E.02465
G1 E-.728 F1800
;WIPE_START
G1 F30000
G1 X96.999 Y143.796 E-.072
;WIPE_END
G1 X94.193 Y141.894 Z1.8
G1 Z1.4
G1 E.8 F1800
;WIDTH:0.476401
G1 F14983.004
G1 X93.806 Y140.967 E.03513
G1 E-.73971 F1800
;WIPE_START
G1 F30000
G1 X94.193 Y141.894 E-.06029
;WIPE_END
G1 X93.959 Y139.189 Z1.8
G1 Z1.4
G1 E.8 F1800
;TYPE:Internal solid infill
;WIDTH:0.38292
G1 F15000
G1 X93.896 Y139.226 E.00202
G1 X93.961 Y139.261 E.00202
G1 E-.79116 F1800
;WIPE_START
G1 F30000
G1 X93.896 Y139.226 E-.00442
G1 X93.959 Y139.189 E-.00442
;WIPE_END
G1 X93.984 Y137.547 Z1.8
G1 Z1.4
G1 E.8 F1800
;TYPE:Gap infill
;WIDTH:0.299004
G1 F15000
G1 X93.943 Y137.52 E.00102
;WIDTH:0.348523
G1 X93.901 Y137.492 E.00122
;WIDTH:0.398042
G1 X93.86 Y137.464 E.00142
;WIDTH:0.447561
G1 X93.819 Y137.437 E.00162
;WIDTH:0.497081
G1 F14300.782
G1 X93.778 Y137.409 E.00182
;WIDTH:0.5466
G1 F12894.804
G1 X93.736 Y137.382 E.00202
;WIDTH:0.618493
G1 F11284.137
G1 X93.695 Y137.354 E.0023
G1 X93.695 Y136.374 E.04552
G1 E-.73818 F1800
;WIPE_START
G1 F30000
G1 X93.695 Y137.354 E-.05884
G1 X93.736 Y137.382 E-.00298
;WIPE_END
G1 X94.308 Y135.807 Z1.8
G1 Z1.4
G1 E.8 F1800
;TYPE:Internal solid infill
;WIDTH:0.375694
G1 F15000
G1 X94.308 Y133.981 E.04901
G1 X94.006 Y133.997 E.00813
G1 X93.976 Y134.156 E.00434
G1 X93.973 Y135.807 E.0443
G1 X94.268 Y135.807 E.0079
G1 E-.728 F1800
;WIPE_START
G1 F30000
G1 X93.973 Y135.807 E-.01766
G1 X93.975 Y134.901 E-.05434
;WIPE_END
G1 X94.874 Y133.644 Z1.8
G1 Z1.4
G1 E.8 F1800
;TYPE:Gap infill
;WIDTH:0.518074
G1 F13668.926
G1 X96.292 Y133.644 E.05434
G1 X96.928 Y133.97 F30000
;TYPE:Internal solid infill
;WIDTH:0.462534
G1 F15000
G1 X96.875 Y133.97 E.00178
G1 X96.849 Y134.015 E.00178
G1 X96.875 Y134.061 E.00178
G1 X96.934 Y134.05 E.00202
G1 E-.78698 F1800
;WIPE_START
G1 F30000
G1 X96.875 Y134.061 E-.00358
G1 X96.849 Y134.015 E-.00315
G1 X96.875 Y133.97 E-.00315
G1 X96.928 Y133.97 E-.00315
;WIPE_END
G1 X98.065 Y133.668 Z1.8
G1 Z1.4
G1 E.8 F1800
;TYPE:Gap infill
;WIDTH:0.493282
G1 F14421.393
G1 X98.467 Y133.628 E.01468
G1 X98.935 Y133.621 E.01702
G1 X99.432 Y133.668 E.01811
G1 E-.728 F1800
;WIPE_START
G1 F30000
G1 X98.935 Y133.621 E-.02991
G1 X98.467 Y133.628 E-.02811
G1 X98.235 Y133.651 E-.01398
;WIPE_END
G1 X100.538 Y133.644 Z1.8
G1 Z1.4
G1 E.8 F1800
;WIDTH:0.518074
G1 F13668.926
G1 X103.462 Y133.644 E.11206
G1 X104.13 Y134.074 F30000
;TYPE:Internal solid infill
;WIDTH:0.580158
G1 F12089.326
G1 X104.269 Y134.083 E.00601
G1 X104.124 Y134.549 F30000
;TYPE:Gap infill
;WIDTH:0.496864
G1 F14307.587
G1 X104.095 Y134.793 E.00898
;WIDTH:0.464162
G1 F15000
G1 X104.063 Y135.071 E.00953
;WIDTH:0.445806
G1 X104.046 Y135.598 E.01714
G1 X104.041 Y135.99 F30000
;TYPE:Internal solid infill
;WIDTH:0.419999
G1 F15000
G1 X103.606 Y135.976 E.01323
G1 X103.488 Y135.929 E.00388
G1 X103.427 Y135.787 E.00471
G1 X102.544 Y135.787 E.02685
G1 X102.544 Y137.196 E.04286
G1 X102.703 Y137.114 E.00544
G1 X103.179 Y136.978 E.01505
G1 X103.81 Y136.949 E.01922
G1 X104.243 Y137.024 E.01336
G1 X104.116 Y136.646 E.01214
G1 X104.046 Y136.03 E.01884
G1 X103.677 Y136.366 F30000
;WIDTH:0.440685
G1 F15000
G1 X103.254 Y136.238 E.01418
G1 X103.212 Y136.174 E.00246
G1 X102.931 Y136.174 E.00901
G1 X102.931 Y136.642 E.01501
G1 X103.158 Y136.591 E.00745
G1 X103.71 Y136.562 E.01772
G1 X103.684 Y136.406 E.00508
G1 E-.728 F1800
;WIPE_START
G1 F30000
G1 X103.71 Y136.562 E-.00949
G1 X103.158 Y136.591 E-.03314
G1 X102.931 Y136.642 E-.01393
G1 X102.931 Y136.385 E-.01544
;WIPE_END
G1 X105.748 Y138.325 Z1.8
G1 Z1.4
G1 E.8 F1800
;WIDTH:0.52369
G1 F13509.257
G1 X105.96 Y138.338 E.00824
G1 X106.131 Y138.8 F30000
;TYPE:Gap infill
;WIDTH:0.383127
G1 F15000
G1 X106.074 Y139.518 E.01977
;WIDTH:0.38996
G1 X106.077 Y139.65 E.00369
G1 X106.044 Y139.839 E.00538
;WIDTH:0.437831
G1 X106.01 Y140.028 E.00612
;WIDTH:0.478729
G1 F14902.963
G1 X105.976 Y140.218 E.00675
G1 X106.05 Y140.635 F30000
;TYPE:Internal solid infill
;WIDTH:0.43155
G1 F15000
G1 X105.762 Y140.583 E.00917
G1 X105.592 Y140.965 E.01308
G1 X105.731 Y141.039 E.00493
G1 X106.05 Y141.329 E.01351
G1 X106.05 Y140.675 E.0205
G1 E-.728 F1800
;WIPE_START
G1 F30000
G1 X106.05 Y141.329 E-.03924
G1 X105.731 Y141.039 E-.02586
G1 X105.63 Y140.985 E-.0069
;WIPE_END
G1 X106.176 Y142.007 Z1.8
G1 Z1.4
G1 E.8 F1800
;TYPE:Gap infill
;WIDTH:0.215688
G1 F15000
G1 X106.993 Y141.868 E.01156
;WIDTH:0.167976
G1 X107.128 Y141.851 E.00138
;WIDTH:0.132252
G1 X107.264 Y141.833 E.00098
;WIDTH:0.103567
G1 X107.525 Y141.821 E.00128
G1 X107.094 Y141.797 F30000
;WIDTH:0.422497
G1 F15000
G1 X106.38 Y141.994 E.02269
G1 X106.281 Y142.315 E.0103
G1 E-.73533 F1800
;WIPE_START
G1 F30000
G1 X106.38 Y141.994 E-.02019
G1 X107.094 Y141.797 E-.04447
;WIPE_END
G1 X109.692 Y141.965 Z1.8
G1 Z1.4
G1 E.8 F1800
;TYPE:Internal solid infill
;WIDTH:0.378366
G1 F15000
G1 X108.826 Y141.965 E.02343
G1 X109.359 Y142.359 E.01795
G1 X109.686 Y142.084 E.01154
G1 X109.69 Y142.005 E.00214
G1 X110.179 Y141.842 F30000
;TYPE:Gap infill
;WIDTH:0.222773
G1 F15000
G1 X110.18 Y141.898 E.00082
G1 X110.235 Y141.896 E.0008
;WIDTH:0.191559
G1 X110.361 Y141.872 E.00154
;WIDTH:0.14758
G1 X110.558 Y141.851 E.00167
;WIDTH:0.111055
G1 X110.745 Y141.832 E.00103
G1 X110.179 Y141.842 F30000
;WIDTH:0.166336
G1 F15000
G1 X109.912 Y141.273 E.00625
G1 E-.76231 F1800
;WIPE_START
G1 F30000
G1 X110.179 Y141.842 E-.03769
;WIPE_END
G1 X109.396 Y140.078 Z1.8
G1 Z1.4
G1 E.8 F1800
;WIDTH:0.206718
G1 F15000
G1 X109.396 Y139.037 E.01375
G1 X109.516 Y138.26 F30000
;TYPE:Internal solid infill
;WIDTH:0.444506
G1 F15000
G1 X109.586 Y138.264 E.00225
G1 X109.516 Y138.26 F30000
;WIDTH:0.429327
G1 F15000
G1 X109.229 Y138.132 E.00981
;WIDTH:0.387698
G1 X108.941 Y138.004 E.00875
G1 X108.632 Y137.771 E.01078
G1 X108.632 Y138.29 E.01444
;WIDTH:0.39678
G1 X109.045 Y138.277 E.01181
;WIDTH:0.41082
G1 X109.476 Y138.263 E.0128
G1 E-.77412 F1800
;WIPE_START
G1 F30000
G1 X109.045 Y138.277 E-.02588
;WIPE_END
G1 X107.931 Y137.186 Z1.8
G1 Z1.4
G1 E.8 F1800
;TYPE:Gap infill
;WIDTH:0.663737
G1 F10461.772
G1 X107.966 Y136.821 E.01835
;WIDTH:0.636938
G1 F10933.752
G1 X107.969 Y136.758 E.00302
;WIDTH:0.603023
G1 F11595.81
G1 X107.968 Y136.639 E.00539
;WIDTH:0.56285
G1 F12491.775
G1 X107.967 Y136.52 E.00501
;WIDTH:0.522677
G1 F13537.788
G1 X107.966 Y136.4 E.00462
;WIDTH:0.478027
G1 F14927.016
G1 X107.965 Y136.253 E.00516
;WIDTH:0.433063
G1 F15000
G1 X107.943 Y135.961 E.00923
;WIDTH:0.41121
G1 X107.922 Y135.668 E.00872
G1 E-.78239 F1800
;WIPE_START
G1 F30000
G1 X107.943 Y135.961 E-.01761
;WIPE_END
G1 X107.327 Y133.644 Z1.8
G1 Z1.4
G1 E.8 F1800
;WIDTH:0.518074
G1 F13668.926
G1 X111.374 Y133.644 E.1551
G1 X111.874 Y133.806 F30000
;WIDTH:0.321257
G1 F15000
G1 X111.907 Y134.04 E.00532
;WIDTH:0.344083
G1 X111.939 Y134.275 E.00576
;WIDTH:0.389737
G1 X111.971 Y134.51 E.00663
;WIDTH:0.43539
G1 X112.004 Y134.745 E.0075
;WIDTH:0.481044
G1 F14824.242
G1 X112.036 Y134.979 E.00837
G1 X111.922 Y135.35 F30000
;TYPE:Internal solid infill
;WIDTH:0.38292
G1 F15000
G1 X112.303 Y135.298 E.01054
G1 X112.402 Y135.471 E.00547
G1 X111.866 Y135.717 F30000
;TYPE:Gap infill
;WIDTH:0.45116
G1 F15000
G1 X111.988 Y136.409 E.02313
;WIDTH:0.483096
G1 F14755.136
G1 X111.993 Y136.574 E.00589
;WIDTH:0.531086
G1 F13304.588
G1 X111.999 Y136.74 E.00653
;WIDTH:0.579077
G1 F12113.714
G1 X112.004 Y136.906 E.00717
;WIDTH:0.580005
G1 F12092.773
G1 X112.19 Y137.047 E.01012
;WIDTH:0.538418
G1 F13107.713
G1 X112.375 Y137.186 E.00925
G1 X111.819 Y137.586 F30000
;WIDTH:0.464568
G1 F15000
G1 X111.819 Y138.973 E.04717
G1 E-.728 F1800
;WIPE_START
G1 F30000
G1 X111.819 Y137.773 E-.072
;WIPE_END
G1 X114.795 Y137.547 Z1.8
G1 Z1.4
G1 E.8 F1800
;WIDTH:0.490762
G1 F14502.561
G1 X114.969 Y137.495 E.00658
;WIDTH:0.509711
G1 F13913.825
G1 X115.144 Y137.442 E.00686
;WIDTH:0.54761
G1 F12868.984
G1 X115.319 Y137.39 E.00742
;WIDTH:0.576991
G1 F12161.018
G1 X115.338 Y137.382 E.00091
G1 X115.392 Y137.424 E.00293
;WIDTH:0.541722
G1 F13020.895
G1 X115.508 Y137.516 E.00596
;WIDTH:0.506394
G1 F14013.406
G1 X115.622 Y137.606 E.00544
;WIDTH:0.504594
G1 F14068.036
G1 X115.783 Y137.737 E.00773
;WIDTH:0.554932
G1 F12684.958
G1 X115.884 Y137.823 E.00545
;WIDTH:0.589863
G1 F11874.813
G1 X116.224 Y138.077 E.01872
G1 E-.77454 F1800
;WIPE_START
G1 F30000
G1 X115.884 Y137.823 E-.02546
;WIPE_END
G1 X117.779 Y137.29 Z1.8
G1 Z1.4
G1 E.8 F1800
;WIDTH:0.411721
G1 F15000
G1 X117.824 Y137.196 E.0031
;WIDTH:0.390769
G1 X117.956 Y137.052 E.00548
G1 X117.779 Y137.29 F30000
;WIDTH:0.469836
G1 F15000
G1 X117.733 Y137.384 E.00359
G1 X118.195 Y137.815 E.02176
G1 E-.75582 F1800
;WIPE_START
G1 F30000
G1 X117.733 Y137.384 E-.03792
G1 X117.779 Y137.29 E-.00626
;WIPE_END
G1 X119.475 Y138.691 Z1.8
G1 Z1.4
G1 E.8 F1800
;TYPE:Internal solid infill
;WIDTH:0.381235
G1 F15000
G1 X119.46 Y138.247 E.01213
G1 X119.07 Y138.271 E.01067
G1 X119.166 Y138.749 E.0133
;WIDTH:0.341431
G1 X119.203 Y139.251 E.01211
G1 X119.169 Y140.2 E.02287
;WIDTH:0.372764
G1 X119.12 Y140.437 E.00642
;WIDTH:0.411664
G1 X119.071 Y140.673 E.00718
;WIDTH:0.450565
G1 X119.022 Y140.91 E.00794
;WIDTH:0.497029
G1 F14302.396
G1 X118.768 Y141.351 E.01863
G1 X118.455 Y141.662 E.01619
G1 X119.199 Y141.666 E.02727
G1 X119.234 Y141.455 E.00784
G1 X119.294 Y141.376 E.00363
G1 X119.396 Y141.344 E.00392
;WIDTH:0.494528
G1 F14381.615
G1 X119.416 Y141.064 E.01019
;WIDTH:0.454181
G1 F15000
G1 X119.437 Y140.785 E.00928
;WIDTH:0.413834
G1 X119.457 Y140.506 E.00837
;WIDTH:0.373487
G1 X119.477 Y140.227 E.00746
;WIDTH:0.345017
G1 X119.489 Y139.244 E.02395
G1 X119.476 Y138.731 E.01251
G1 E-.728 F1800
M73 P80 R3
;WIPE_START
G1 F30000
G1 X119.489 Y139.244 E-.0308
G1 X119.481 Y139.931 E-.0412
;WIPE_END
G1 X117.773 Y141.823 Z1.8
G1 Z1.4
G1 E.8 F1800
;WIDTH:0.416042
G1 F15000
G1 X117.639 Y141.915 E.00488
G1 X117.125 Y141.997 E.01565
G1 X116.788 Y141.935 E.01034
G1 X116.76 Y142.019 E.00264
G1 X116.661 Y142.097 E.0038
G1 X116.661 Y143.079 E.02954
G1 X117.252 Y143.171 E.018
G1 X117.622 Y143.331 E.01212
G1 X117.622 Y142.47 E.02588
G1 X117.68 Y141.954 E.01565
G1 X117.75 Y141.856 E.00362
G1 E-.728 F1800
;WIPE_START
G1 F30000
G1 X117.68 Y141.954 E-.00721
G1 X117.622 Y142.47 E-.03121
G1 X117.622 Y143.03 E-.03358
;WIPE_END
G1 X117.142 Y142.667 Z1.8
G1 Z1.4
G1 E.8 F1800
;WIDTH:0.626478
G1 F11129.734
G1 X117.142 Y142.517 E.00707
G1 E-.79098 F1800
;WIPE_START
G1 F30000
G1 X117.142 Y142.667 E-.00902
;WIPE_END
G1 X116.339 Y141.536 Z1.8
G1 Z1.4
G1 E.8 F1800
;TYPE:Gap infill
;WIDTH:0.402136
G1 F15000
G1 X115.073 Y141.894 E.0381
G1 X115.071 Y141.832 F30000
;WIDTH:0.143176
G1 F15000
G1 X114.866 Y141.851 E.00167
G1 X114.335 Y141.838 E.00429
;WIDTH:0.155298
G1 X114.135 Y141.807 E.00184
G1 E-.78782 F1800
;WIPE_START
G1 F30000
G1 X114.335 Y141.838 E-.01218
;WIPE_END
G1 X115.071 Y141.832 Z1.8
G1 Z1.4
G1 E.8 F1800
;WIDTH:0.187816
G1 F15000
G1 X115.266 Y141.812 E.00229
;WIDTH:0.210191
G1 X115.286 Y141.809 E.00026
G1 E-.79883 F1800
;WIPE_START
G1 F30000
G1 X115.266 Y141.812 E-.00117
;WIPE_END
G1 X118.102 Y144.59 Z1.8
G1 Z1.4
G1 E.8 F1800
;WIDTH:0.171085
G1 F15000
G1 X118.146 Y144.875 E.00299
;WIDTH:0.167444
G1 X118.156 Y145.322 E.00449
G1 X118.12 Y145.755 E.00437
G1 E-.7471 F1800
;WIPE_START
G1 F30000
G1 X118.156 Y145.322 E-.0261
G1 X118.146 Y144.875 E-.0268
;WIPE_END
G1 X121.122 Y144.348 Z1.8
G1 Z1.4
G1 E.8 F1800
;TYPE:Internal solid infill
;WIDTH:0.643862
G1 F10807.774
G1 X121.047 Y144.348 E.00364
G1 X121.009 Y144.413 E.00364
G1 X121.047 Y144.478 E.00364
G1 X121.122 Y144.478 E.00364
G1 X121.139 Y144.447 E.0017
G1 E-.77986 F1800
;WIPE_START
G1 F30000
G1 X121.122 Y144.478 E-.00211
G1 X121.047 Y144.478 E-.00451
G1 X121.009 Y144.413 E-.00451
G1 X121.047 Y144.348 E-.00451
G1 X121.122 Y144.348 E-.00451
;WIPE_END
G1 X121.954 Y145.707 Z1.8
G1 Z1.4
G1 E.8 F1800
;WIDTH:0.420003
G1 F15000
G1 X120.489 Y144.242 E.06303
G1 X120.278 Y144.242 E.0064
G1 X120.278 Y144.565 E.00982
G1 X122.294 Y146.581 E.08671
G1 E-.728 F1800
;WIPE_START
G1 F30000
G1 X121.446 Y145.732 E-.072
;WIPE_END
G1 X123.312 Y147.066 Z1.8
G1 Z1.4
G1 E.8 F1800
G1 F15000
G1 X124.811 Y148.565 E.06448
G1 X124.278 Y148.565 E.01622
G1 X122.779 Y147.066 E.06448
G1 E-.728 F1800
;WIPE_START
G1 F30000
G1 X123.628 Y147.914 E-.072
;WIPE_END
G1 X123.915 Y148.734 Z1.8
G1 Z1.4
G1 E.8 F1800
G1 F15000
G1 X120.109 Y144.928 E.1637
G1 E-.728 F1800
;WIPE_START
G1 F30000
G1 X120.957 Y145.777 E-.072
;WIPE_END
G1 X123.341 Y148.694 Z1.8
G1 Z1.4
G1 E.8 F1800
;TYPE:Gap infill
;WIDTH:0.419957
G1 F15000
G1 X120.149 Y145.502 E.13731
G1 E-.728 F1800
;WIPE_START
G1 F30000
G1 X120.997 Y146.35 E-.072
;WIPE_END
G1 X120.962 Y147.643 Z1.8
G1 Z1.4
G1 E.8 F1800
;TYPE:Internal solid infill
;WIDTH:0.531288
G1 F13299.08
G1 X120.901 Y147.643 E.0024
G1 X120.87 Y147.696 E.0024
G1 X120.901 Y147.749 E.0024
G1 X120.962 Y147.749 E.0024
G1 X120.972 Y147.731 E.00083
G1 E-.78409 F1800
;WIPE_START
G1 F30000
G1 X120.962 Y147.749 E-.00126
G1 X120.901 Y147.749 E-.00366
G1 X120.87 Y147.696 E-.00366
G1 X120.901 Y147.643 E-.00366
G1 X120.962 Y147.643 E-.00366
;WIPE_END
G1 X120.714 Y146.867 Z1.8
G1 Z1.4
G1 E.8 F1800
;WIDTH:0.419999
G1 F15000
G1 X120.714 Y147.076 E.00636
G1 X120.592 Y147.427 E.01131
;WIDTH:0.433738
G1 X120.417 Y147.548 E.00669
;WIDTH:0.473852
G1 X120.243 Y147.669 E.00738
G1 X117.81 Y147.669 E.08455
;WIDTH:0.503058
G1 F14114.997
G1 X117.505 Y147.609 E.01157
G1 X117.482 Y147.571 E.00164
G1 X117.253 Y147.633 E.00884
;WIDTH:0.465885
G1 F15000
G1 X116.713 Y147.681 E.01846
G1 X114.139 Y147.696 E.08782
;WIDTH:0.432361
G1 X113.624 Y147.355 E.01942
G1 X113.569 Y147.002 E.01121
G1 X113.569 Y145.049 E.06136
G1 X113.441 Y145.345 E.01014
G1 X113.138 Y145.788 E.01685
G1 X112.748 Y146.167 E.01708
G1 X112.287 Y146.46 E.01717
G1 X111.781 Y146.648 E.01697
G1 X111.483 Y146.702 E.0095
G1 X112.914 Y148.133 E.06358
G1 X114.135 Y148.11 E.03834
G1 X116.715 Y148.105 E.08105
;WIDTH:0.478799
G1 F14900.585
G1 X117.32 Y148.087 E.02129
G1 X120.149 Y148.101 E.09943
;WIDTH:0.461216
G1 F15000
G1 X120.54 Y148.115 E.01321
;WIDTH:0.423382
G1 X121.976 Y148.129 E.04407
G1 X120.742 Y146.895 E.05352
G1 E-.728 F1800
;WIPE_START
G1 F30000
G1 X121.591 Y147.744 E-.072
;WIPE_END
G1 X113.989 Y147.066 Z1.8
G1 X112.851 Y146.965 Z1.8
G1 Z1.4
G1 E.8 F1800
;WIDTH:0.390684
G1 F15000
G1 X112.786 Y147.002 E.00211
G1 X112.853 Y147.037 E.00211
G1 E-.79096 F1800
;WIPE_START
G1 F30000
G1 X112.786 Y147.002 E-.00452
G1 X112.851 Y146.965 E-.00452
;WIPE_END
G1 X113.192 Y146.271 Z1.8
G1 Z1.4
G1 E.8 F1800
;WIDTH:0.419999
G1 F15000
G1 X112.958 Y146.481 E.00956
G1 X112.426 Y146.811 E.01904
G1 X112.211 Y146.896 E.00704
G1 X113.066 Y147.752 E.03681
G1 X113.655 Y147.752 E.01791
G1 X113.283 Y147.517 E.01338
G1 X113.192 Y147.002 E.01589
G1 X113.192 Y146.311 E.02102
G1 E-.728 F1800
;WIPE_START
G1 F30000
G1 X113.192 Y147.002 E-.04148
G1 X113.281 Y147.503 E-.03052
;WIPE_END
G1 X113.278 Y142.269 Z1.8
G1 Z1.4
G1 E.8 F1800
;WIDTH:0.588004
G1 F11915.311
G1 X113.456 Y142.532 E.01393
G1 E-.78098 F1800
;WIPE_START
G1 F30000
G1 X113.278 Y142.269 E-.01902
;WIPE_END
G1 X112.573 Y140.862 Z1.8
G1 Z1.4
G1 E.8 F1800
;WIDTH:0.416666
G1 F15000
G1 X112.573 Y141.729 E.02613
G1 X112.957 Y142.059 E.01525
;WIDTH:0.421676
G1 X113.031 Y142.102 E.00261
;WIDTH:0.468478
G1 X113.105 Y142.144 E.00293
;WIDTH:0.51528
G1 F13749.783
G1 X113.179 Y142.186 E.00326
;WIDTH:0.547363
G1 F12875.302
G1 X113.278 Y142.269 E.00524
G1 X113.29 Y141.95 E.01301
;WIDTH:0.471494
G1 F15000
G1 X113.134 Y141.765 E.00837
;WIDTH:0.418527
G1 X112.977 Y141.581 E.00733
G1 X112.67 Y141.109 E.01704
G1 X112.588 Y140.899 E.00683
G1 E-.7382 F1800
;WIPE_START
G1 F30000
G1 X112.67 Y141.109 E-.01353
G1 X112.977 Y141.581 E-.03375
G1 X113.134 Y141.765 E-.01453
;WIPE_END
G1 X112.699 Y139.605 Z1.8
G1 Z1.4
G1 E.8 F1800
;WIDTH:0.522315
G1 F13548.027
G1 X112.24 Y139.605 E.01773
G1 X112.261 Y140.483 E.03396
;WIDTH:0.528766
G1 F13368.124
G1 X112.239 Y140.658 E.00689
;WIDTH:0.485259
G1 F14682.959
G1 X112.218 Y140.832 E.00627
;WIDTH:0.421538
G1 F15000
G1 X112.196 Y141.006 E.00537
G1 X112.185 Y141.922 E.02797
G1 X112.567 Y142.185 E.01416
M73 P81 R3
G1 X112.975 Y142.65 E.01889
G1 X113.141 Y142.913 E.00949
;WIDTH:0.444216
G1 X113.284 Y143.334 E.01439
;WIDTH:0.50559
G1 F14037.763
G1 X113.427 Y143.755 E.0166
G1 X113.427 Y144.266 E.01909
;WIDTH:0.518116
G1 F13667.719
G1 X113.343 Y144.728 E.01797
;WIDTH:0.494563
G1 F14380.501
G1 X113.118 Y145.111 E.01618
;WIDTH:0.420372
G1 F15000
G1 X112.893 Y145.494 E.01352
G1 X112.539 Y145.854 E.01537
G1 X112.148 Y146.109 E.01422
G1 X111.714 Y146.277 E.01416
G1 X111.254 Y146.356 E.01422
G1 X110.712 Y146.344 E.0165
G1 X110.553 Y146.305 E.00498
G1 X112.68 Y148.431 E.09155
G1 X112.68 Y148.506 E.00227
G1 X122.886 Y148.506 E.31073
G1 X120.337 Y145.957 E.10975
G1 X120.337 Y147.076 E.03408
G1 X120.296 Y147.193 E.00377
G1 X120.149 Y147.265 E.005
G1 X117.81 Y147.265 E.07118
G1 X117.717 Y147.24 E.00296
G1 X117.603 Y147.063 E.00638
G1 X117.2 Y147.219 E.01317
G1 X116.71 Y147.28 E.01501
G1 X114.135 Y147.301 E.07841
G1 X113.964 Y147.193 E.00613
G1 X113.946 Y146.606 E.01788
G1 X113.946 Y145.255 E.04112
;WIDTH:0.442293
G1 X113.924 Y145.08 E.00569
;WIDTH:0.48688
G1 F14629.363
G1 X113.901 Y144.905 E.00632
;WIDTH:0.52528
G1 F13464.726
G1 X113.879 Y144.73 E.00687
G1 X113.898 Y143.714 E.03955
;WIDTH:0.492648
G1 F14441.726
G1 X113.922 Y143.45 E.00959
;WIDTH:0.422509
G1 F15000
G1 X113.946 Y143.187 E.00809
G1 X113.946 Y142.255 E.02854
G1 X113.753 Y142.183 E.00632
G1 X113.704 Y142.025 E.00504
G1 X113.747 Y141.747 E.00863
G1 X113.469 Y141.551 E.01042
G1 X113.218 Y141.292 E.01103
;WIDTH:0.437621
G1 X113.075 Y141.02 E.00979
;WIDTH:0.472865
G1 X112.931 Y140.749 E.01066
;WIDTH:0.512052
G1 F13844.389
G1 X112.787 Y140.477 E.01163
G1 X112.709 Y139.963 E.01967
G1 X112.7 Y139.645 E.01204
G1 E-.73128 F1800
;WIPE_START
G1 F30000
G1 X112.709 Y139.963 E-.01909
G1 X112.787 Y140.477 E-.03119
G1 X112.931 Y140.749 E-.01844
;WIPE_END
G1 X112.348 Y133.644 Z1.8
G1 Z1.4
G1 E.8 F1800
;TYPE:Gap infill
;WIDTH:0.518074
G1 F13668.926
G1 X115.373 Y133.644 E.11591
G1 X116.065 Y133.642 F30000
;WIDTH:0.480968
G1 F14826.797
G1 X116.529 Y133.62 E.01639
G1 X116.927 Y133.635 E.01408
;WIDTH:0.522616
G1 F13539.509
G1 X117.073 Y133.657 E.0057
;WIDTH:0.567592
G1 F12378.882
G1 X117.218 Y133.68 E.00623
;WIDTH:0.604659
G1 F11562.036
G1 X117.285 Y133.694 E.00311
;WIDTH:0.632565
G1 F11014.852
G1 X117.953 Y133.881 E.03298
G1 X117.579 Y133.644 F30000
;WIDTH:0.539377
G1 F13082.402
G1 X117.497 Y133.665 E.0034
;WIDTH:0.581982
G1 F12048.419
G1 X117.415 Y133.686 E.00369
;WIDTH:0.624588
G1 F11165.911
G1 X117.333 Y133.708 E.00398
;WIDTH:0.622698
G1 F11202.296
G1 X117.376 Y133.811 E.00521
;WIDTH:0.576315
G1 F12176.431
G1 X117.418 Y133.913 E.0048
;WIDTH:0.529932
G1 F13336.117
G1 X117.461 Y134.016 E.00438
;WIDTH:0.483549
G1 F14739.957
G1 X117.504 Y134.119 E.00396
;WIDTH:0.437166
G1 F15000
G1 X117.546 Y134.222 E.00354
;WIDTH:0.413974
G1 X117.589 Y134.325 E.00334
G1 X117.579 Y133.644 F30000
;WIDTH:0.518074
G1 F13668.926
G1 X120.537 Y133.644 E.11335
G1 X121.254 Y133.406 F30000
;WIDTH:0.272427
G1 F15000
G1 X122.353 Y133.875 E.02212
G1 X122.97 Y133.806 F30000
;WIDTH:0.365062
G1 F15000
G1 X124.006 Y134.282 E.02963
G1 X124.67 Y134.044 F30000
;WIDTH:0.519056
G1 F13640.735
G1 X123.174 Y134.044 E.05745
G1 E-.728 F1800
;WIPE_START
G1 F30000
G1 X124.374 Y134.044 E-.072
;WIPE_END
G1 X125.473 Y133.642 Z1.8
G1 Z1.4
G1 E.8 F1800
;WIDTH:0.478678
G1 F14904.734
G1 X125.923 Y133.62 E.01581
G1 X126.251 Y133.629 E.01154
G1 X126.263 Y133.646 E.00073
;WIDTH:0.43975
G1 F15000
G1 X126.313 Y133.725 E.00297
;WIDTH:0.406293
G1 X126.362 Y133.803 E.00272
;WIDTH:0.372836
G1 X126.412 Y133.882 E.00247
G1 E-.79443 F1800
;WIPE_START
G1 F30000
G1 X126.362 Y133.803 E-.00557
;WIPE_END
G1 X127.923 Y133.637 Z1.8
G1 Z1.4
G1 E.8 F1800
;WIDTH:0.477354
G1 F14950.131
G1 X128.591 Y133.619 E.02342
G1 X128.976 Y133.663 E.01356
G1 E-.73667 F1800
;WIPE_START
G1 F30000
G1 X128.591 Y133.619 E-.02322
G1 X127.923 Y133.637 E-.04011
;WIPE_END
G1 X129.812 Y134.044 Z1.8
G1 Z1.4
G1 E.8 F1800
;WIDTH:0.519056
G1 F13640.735
G1 X130.833 Y134.044 E.03921
G1 X131.136 Y133.644 F30000
;WIDTH:0.518591
G1 F13654.09
G1 X134.252 Y133.652 E.11954
;WIDTH:0.518634
G1 F13652.859
G1 X135.69 Y133.644 E.05518
G1 E-.728 F1800
;WIPE_START
G1 F30000
G1 X134.49 Y133.651 E-.072
;WIPE_END
G1 X134.252 Y133.652 Z1.8
G1 Z1.4
G1 E.8 F1800
;WIDTH:0.513467
G1 F13802.762
G1 X134.252 Y133.685 E.00124
;WIDTH:0.469167
G1 F15000
G1 X134.252 Y133.718 E.00112
;WIDTH:0.424868
G1 X134.252 Y133.75 E.00101
;WIDTH:0.380568
G1 X134.252 Y133.783 E.00089
;WIDTH:0.336268
G1 X134.252 Y133.816 E.00077
;WIDTH:0.291968
G1 X134.252 Y133.849 E.00066
;WIDTH:0.242414
G1 X134.252 Y133.892 E.00069
;WIDTH:0.247266
G1 X134.273 Y134.265 E.00617
;WIDTH:0.289591
G1 X134.294 Y134.639 E.00745
;WIDTH:0.333487
G1 X134.318 Y135.039 E.00939
;WIDTH:0.358309
G1 X134.345 Y135.227 E.00483
G1 E-.7886 F1800
;WIPE_START
G1 F30000
G1 X134.318 Y135.039 E-.0114
;WIPE_END
G1 X138.645 Y140.146 Z1.8
G1 Z1.4
G1 E.8 F1800
;WIDTH:0.131772
G1 F15000
G1 X138.65 Y140.283 E.00098
;WIDTH:0.150998
G1 X138.655 Y140.42 E.00119
;WIDTH:0.189449
G1 X138.66 Y140.556 E.00162
;WIDTH:0.217511
G1 X138.615 Y141.246 E.00973
G1 X138.479 Y141.076 F30000
;WIDTH:0.375114
G1 F15000
G1 X137.864 Y141.381 E.01839
G1 X137.803 Y141.351 F30000
;WIDTH:0.157839
G1 F15000
G1 X138.049 Y141.284 E.00236
G1 X138.826 Y140.99 E.0077
G1 X138.808 Y140.892 F30000
;WIDTH:0.409281
G1 F15000
G1 X138.479 Y141.076 E.01114
G1 X137.803 Y141.351 F30000
;WIDTH:0.127024
G1 F15000
G1 X137.779 Y141.399 E.00036
G1 E-.79678 F1800
;WIPE_START
G1 F30000
G1 X137.803 Y141.351 E-.00322
;WIPE_END
G1 X136.237 Y141.536 Z1.8
G1 Z1.4
G1 E.8 F1800
;WIDTH:0.541591
G1 F13024.327
G1 X135.534 Y141.858 E.0311
;WIDTH:0.516043
G1 F13727.601
G1 X135.412 Y142.065 E.00918
;WIDTH:0.503404
G1 F14104.414
G1 X135.29 Y142.273 E.00894
G1 X135.428 Y141.828 F30000
;WIDTH:0.409737
G1 F15000
G1 X135.463 Y141.838 E.00108
;WIDTH:0.457316
G1 X135.499 Y141.848 E.00122
;WIDTH:0.504895
G1 F14058.883
G1 X135.534 Y141.858 E.00136
G1 X135.428 Y141.828 F30000
;WIDTH:0.362158
G1 F15000
G1 X135.393 Y141.818 E.00094
;WIDTH:0.314579
G1 X135.358 Y141.808 E.0008
;WIDTH:0.267
G1 X135.323 Y141.799 E.00066
;WIDTH:0.236678
G1 X135.294 Y141.801 E.00045
;WIDTH:0.211079
G1 X135.048 Y141.82 E.00335
;WIDTH:0.171421
G1 X134.794 Y141.84 E.00264
;WIDTH:0.151896
G1 X130.886 Y141.846 E.03434
G1 E-.728 F1800
;WIPE_START
G1 F30000
G1 X132.086 Y141.844 E-.072
;WIPE_END
G1 X131.781 Y142.294 Z1.8
G1 Z1.4
G1 E.8 F1800
;WIDTH:0.120598
G1 F15000
G1 X131.776 Y144.132 E.01152
G1 E-.728 F1800
;WIPE_START
G1 F30000
G1 X131.779 Y142.932 E-.072
;WIPE_END
G1 X133.348 Y144.068 Z1.8
G1 Z1.4
G1 E.8 F1800
;WIDTH:0.113332
G1 F15000
G1 X133.353 Y142.294 E.01008
G1 E-.728 F1800
;WIPE_START
G1 F30000
G1 X133.349 Y143.494 E-.072
;WIPE_END
G1 X134.977 Y143.168 Z1.8
G1 Z1.4
G1 E.8 F1800
;WIDTH:0.212281
G1 F15000
G1 X134.957 Y143.287 E.00164
;WIDTH:0.175576
G1 X134.938 Y143.405 E.00128
;WIDTH:0.137785
G1 X134.918 Y143.53 E.00097
;WIDTH:0.118973
G1 X134.901 Y143.768 E.00146
G1 X134.977 Y143.168 F30000
;WIDTH:0.237259
G1 F15000
G1 X135.258 Y142.828 E.00693
G1 E-.77348 F1800
;WIPE_START
G1 F30000
G1 X134.977 Y143.168 E-.02652
;WIPE_END
G1 X136.155 Y146.31 Z1.8
G1 Z1.4
G1 E.8 F1800
;TYPE:Internal solid infill
;WIDTH:0.419999
G1 F15000
G1 X137.209 Y147.364 E.04536
;WIDTH:0.444994
G1 X137.395 Y147.515 E.00774
;WIDTH:0.475278
G1 X137.581 Y147.665 E.00833
G1 X138.174 Y148.328 E.03103
;WIDTH:0.419999
G1 X138.277 Y148.431 E.00443
G1 X138.277 Y148.506 E.00227
G1 X160.413 Y148.506 E.67326
G1 X160.42 Y148.027 E.01455
G1 X160.489 Y147.975 E.00265
G1 X160.278 Y147.068 E.02832
G1 X160.305 Y146.92 E.00457
G1 X160.951 Y146.513 E.02322
G1 X161.006 Y146.416 E.00338
G1 X161.006 Y145.489 E.02819
G1 X160.931 Y145.489 E.00227
G1 X158.578 Y143.136 E.1012
G1 X158.454 Y143.287 E.00595
G1 X158.789 Y143.941 E.02234
G1 X158.712 Y144.192 E.00801
G1 X158.401 Y144.255 E.00965
G1 X158.321 Y144.781 E.01617
G1 X158.14 Y145.243 E.01509
G1 X157.859 Y145.651 E.01506
G1 X157.501 Y145.972 E.01465
G1 X157.059 Y146.212 E.0153
G1 X156.435 Y146.355 E.01945
G1 X155.959 Y146.352 E.01449
G1 X155.523 Y146.263 E.01353
G1 X155.37 Y146.197 E.00507
G1 X155.29 Y146.292 E.00375
G1 X154.946 Y146.302 E.01048
G1 X154.946 Y147.629 E.04037
G1 X154.879 Y147.773 E.00484
G1 X154.709 Y147.819 E.00535
G1 X153.213 Y146.949 E.05265
G1 X153.213 Y147.106 E.00477
G1 X153.102 Y147.294 E.00664
G1 X150.723 Y147.294 E.07237
G1 X150.565 Y147.209 E.00545
G1 X150.534 Y147.106 E.00328
G1 X150.534 Y146.139 E.0294
G1 X150.146 Y146.313 E.01293
G1 X149.836 Y146.335 E.00944
G1 X149.836 Y147.122 E.02393
G1 X149.762 Y147.255 E.00463
G1 X149.648 Y147.294 E.00368
G1 X147.347 Y147.294 E.06999
G1 X147.218 Y147.243 E.00421
G1 X147.158 Y147.106 E.00456
G1 X147.158 Y146.302 E.02444
G1 X142.502 Y146.302 E.1416
;WIDTH:0.442519
G1 X142.387 Y146.228 E.00441
;WIDTH:0.467867
G1 X142.272 Y146.154 E.00469
G1 X142.227 Y147.106 E.03266
;WIDTH:0.421354
G1 X142.168 Y147.243 E.00458
G1 X142.039 Y147.294 E.00423
G1 X138.023 Y147.304 E.12256
;WIDTH:0.459208
G1 X137.94 Y147.289 E.00286
;WIDTH:0.49733
G1 F14292.919
G1 X137.856 Y147.273 E.00312
;WIDTH:0.492293
G1 F14453.127
G1 X137.846 Y146.85 E.01535
;WIDTH:0.428192
G1 F15000
G1 X137.835 Y146.056 E.02466
G1 X137.543 Y146.205 E.0102
G1 X137.081 Y146.33 E.01488
G1 X136.496 Y146.36 E.0182
G1 X136.194 Y146.315 E.00947
G1 E-.728 F1800
;WIPE_START
G1 F30000
G1 X136.496 Y146.36 E-.01828
G1 X137.081 Y146.33 E-.03514
G1 X137.38 Y146.249 E-.01858
;WIPE_END
G1 X137.011 Y146.679 Z1.8
G1 Z1.4
G1 E.8 F1800
;WIDTH:0.354338
G1 F15000
G1 X137.528 Y147.196 E.01836
G1 X137.491 Y147.105 E.00247
G1 X137.491 Y146.577 E.01327
G1 X137.05 Y146.671 E.01131
G1 E-.728 F1800
;WIPE_START
G1 F30000
G1 X137.491 Y146.577 E-.02703
G1 X137.491 Y147.105 E-.03169
G1 X137.528 Y147.196 E-.0059
G1 X137.441 Y147.109 E-.00739
;WIPE_END
G1 X138.098 Y147.691 Z1.8
G1 Z1.4
G1 E.8 F1800
;WIDTH:0.444163
G1 F15000
G1 X138.516 Y148.109 E.0191
G1 X142.039 Y148.109 E.11402
G1 X142.666 Y148.129 E.02033
G1 X149.648 Y148.109 E.22594
;WIDTH:0.48295
G1 F14760.031
G1 X149.917 Y148.086 E.00957
;WIDTH:0.513254
G1 F13809.018
G1 X150.185 Y148.063 E.01023
G1 X150.723 Y148.109 E.02046
;WIDTH:0.460221
G1 F15000
G1 X153.024 Y148.109 E.07746
;WIDTH:0.473864
G1 X153.67 Y148.095 E.02245
;WIDTH:0.510005
G1 F13905.083
G1 X154.316 Y148.081 E.02433
G1 X153.384 Y147.539 E.04062
G1 X153.325 Y147.64 E.00438
;WIDTH:0.50115
G1 F14173.791
G1 X153.175 Y147.666 E.00564
;WIDTH:0.461069
G1 F15000
G1 X153.024 Y147.691 E.00514
G1 X150.723 Y147.691 E.07761
;WIDTH:0.48295
G1 F14760.031
G1 X150.531 Y147.649 E.00696
;WIDTH:0.528868
G1 F13365.312
G1 X150.34 Y147.607 E.00769
G1 X150.213 Y147.439 E.00824
;WIDTH:0.48419
G1 F14718.53
G1 X150.204 Y147.344 E.00342
;WIDTH:0.437642
G1 F15000
G1 X150.195 Y147.248 E.00306
;WIDTH:0.391094
G1 X150.185 Y147.153 E.0027
G1 X150.176 Y147.248 E.0027
;WIDTH:0.437642
G1 X150.167 Y147.344 E.00306
;WIDTH:0.48419
G1 F14718.53
G1 X150.158 Y147.439 E.00342
;WIDTH:0.513921
G1 F13789.458
G1 X150.031 Y147.607 E.00799
G1 X149.648 Y147.691 E.0149
;WIDTH:0.440777
G1 F15000
G1 X147.347 Y147.691 E.07385
G1 X146.96 Y147.518 E.01359
G1 X146.796 Y147.236 E.01047
G1 X146.781 Y146.679 E.01789
G1 X142.604 Y146.679 E.13403
G1 X142.589 Y147.236 E.01789
G1 X142.425 Y147.518 E.01047
G1 X142.13 Y147.691 E.01097
G1 X138.138 Y147.691 E.12811
G1 E-.728 F1800
;WIPE_START
G1 F30000
G1 X139.338 Y147.691 E-.072
;WIPE_END
G1 X143.294 Y147.404 Z1.8
G1 Z1.4
G1 E.8 F1800
;WIDTH:0.361302
G1 F15000
G1 X146.051 Y147.404 E.0708
G1 E-.728 F1800
;WIPE_START
G1 F30000
G1 X144.851 Y147.404 E-.072
;WIPE_END
G1 X142.981 Y147.056 Z1.8
G1 Z1.4
G1 E.8 F1800
;WIDTH:0.419999
G1 F15000
G1 X142.956 Y147.324 E.00817
G1 X142.707 Y147.752 E.01505
G1 X146.678 Y147.752 E.12076
G1 X146.429 Y147.324 E.01505
G1 X146.404 Y147.056 E.00817
G1 X143.021 Y147.056 E.10288
G1 E-.728 F1800
;WIPE_START
G1 F30000
G1 X144.221 Y147.056 E-.072
;WIPE_END
G1 X142.276 Y146.042 Z1.8
G1 Z1.4
G1 E.8 F1800
;WIDTH:0.517618
G1 F13682.058
G1 X142.274 Y146.114 E.00276
G1 E-.79568 F1800
;WIPE_START
G1 F30000
G1 X142.276 Y146.042 E-.00432
;WIPE_END
G1 X142.611 Y142.42 Z1.8
G1 Z1.4
G1 E.8 F1800
;WIDTH:0.432388
G1 F15000
G1 X142.611 Y143.876 E.04573
G1 X143.071 Y142.42 E.04797
G1 X142.651 Y142.42 E.01321
G1 X142.227 Y142.037 F30000
;WIDTH:0.419999
G1 F15000
G1 X142.227 Y142.615 E.01758
;WIDTH:0.444404
G1 X142.252 Y144.328 E.05549
;WIDTH:0.476944
G1 F14964.273
G1 X142.276 Y146.042 E.05999
G1 X143.356 Y142.789 E.11998
;WIDTH:0.419999
G1 F15000
G1 X143.53 Y142.24 E.01753
G1 X143.468 Y142.146 E.0034
G1 X143.456 Y142.037 E.00335
G1 X142.267 Y142.037 E.03616
G1 E-.728 F1800
;WIPE_START
G1 F30000
G1 X143.456 Y142.037 E-.07133
G1 X143.457 Y142.048 E-.00067
;WIPE_END
G1 X149.753 Y146.363 Z1.8
G1 X150.185 Y146.66 Z1.8
G1 Z1.4
G1 E.8 F1800
;WIDTH:0.363714
G1 F15000
G1 X150.185 Y147.113 E.01172
G1 E-.77281 F1800
;WIPE_START
G1 F30000
G1 X150.185 Y146.66 E-.02719
;WIPE_END
G1 X154.665 Y148.158 Z1.8
G1 Z1.4
G1 E.8 F1800
;WIDTH:0.361936
G1 F15000
G1 X154.81 Y148.158 E.00374
G1 E-.79127 F1800
;WIPE_START
G1 F30000
G1 X154.665 Y148.158 E-.00873
;WIPE_END
G1 X155.323 Y146.663 Z1.8
G1 Z1.4
G1 E.8 F1800
;WIDTH:0.417699
G1 F15000
G1 X155.323 Y147.629 E.0292
G1 X155.118 Y148.056 E.01433
;WIDTH:0.389381
G1 X154.85 Y148.158 E.00799
G1 X155.823 Y148.129 E.02718
;WIDTH:0.419999
G1 X160.036 Y148.129 E.12815
G1 X160.057 Y147.927 E.00617
G1 X160.086 Y147.905 E.00112
G1 X159.911 Y147.154 E.02346
G1 X159.906 Y146.922 E.00704
G1 X160.033 Y146.656 E.00896
G1 X160.629 Y146.266 E.02167
G1 X160.629 Y145.72 E.01661
G1 X159.026 Y144.117 E.06892
G1 X158.892 Y144.523 E.013
G1 X158.736 Y144.578 E.00504
G1 X158.673 Y144.915 E.01043
G1 X158.481 Y145.407 E.01609
G1 X158.201 Y145.828 E.01536
G1 X157.791 Y146.225 E.01736
G1 X157.292 Y146.522 E.01767
G1 X156.566 Y146.717 E.02285
G1 X156.021 Y146.732 E.01659
G1 X155.49 Y146.645 E.01637
G1 X155.363 Y146.659 E.00387
G1 X155.767 Y147.15 F30000
;WIDTH:0.552621
G1 F12742.472
G1 X155.74 Y147.685 E.02202
G1 X156.436 Y147.685 E.02861
;WIDTH:0.530644
G1 F13316.664
G1 X156.733 Y147.707 E.01172
;WIDTH:0.486386
G1 F14645.66
G1 X157.03 Y147.73 E.01065
;WIDTH:0.420718
G1 F15000
G1 X157.327 Y147.752 E.00908
G1 X159.663 Y147.752 E.07117
G1 X159.544 Y147.239 E.01603
G1 X159.535 Y146.853 E.01176
G1 X159.679 Y146.499 E.01165
G1 X159.808 Y146.346 E.00611
G1 X160.252 Y146.052 E.01621
G1 X160.252 Y145.876 E.00537
G1 X159.133 Y144.757 E.04822
G1 X158.864 Y145.473 E.0233
G1 X158.515 Y146.037 E.02023
G1 X158.045 Y146.503 E.02014
G1 X157.476 Y146.851 E.02034
;WIDTH:0.439177
G1 X157.206 Y146.947 E.00916
;WIDTH:0.477533
G1 F14943.975
G1 X156.936 Y147.043 E.01004
;WIDTH:0.515889
G1 F13732.074
G1 X156.666 Y147.139 E.01093
;WIDTH:0.547994
G1 F12859.207
G1 X156.436 Y147.175 E.00949
G1 X155.806 Y147.157 E.02568
G1 E-.74819 F1800
;WIPE_START
G1 F30000
G1 X156.436 Y147.175 E-.03783
G1 X156.666 Y147.139 E-.01398
;WIPE_END
G1 X157.059 Y147.375 Z1.8
G1 Z1.4
G1 E.8 F1800
;WIDTH:0.419999
G1 F15000
G1 X159.188 Y147.375 E.06475
G1 X159.143 Y146.974 E.01227
;WIDTH:0.43455
G1 X159.186 Y146.725 E.00797
;WIDTH:0.480672
G1 F14836.821
G1 X159.229 Y146.476 E.00891
G1 X159.523 Y146.05 E.01829
G1 X159.705 Y145.911 E.00808
G1 X159.294 Y145.5 E.02052
G1 X159.1 Y145.888 E.01532
G1 X158.85 Y146.266 E.016
;WIDTH:0.46365
G1 F15000
G1 X158.647 Y146.458 E.00948
;WIDTH:0.424464
G1 X158.444 Y146.649 E.0086
G1 X158.054 Y146.959 E.01532
G1 X157.66 Y147.18 E.01389
G1 X157.097 Y147.362 E.01822
G1 E-.728 F1800
;WIPE_START
G1 F30000
G1 X157.66 Y147.18 E-.03552
G1 X158.054 Y146.959 E-.02709
G1 X158.177 Y146.862 E-.00939
;WIPE_END
G1 X158.754 Y146.908 Z1.8
G1 Z1.4
G1 E.8 F1800
;WIDTH:0.500648
G1 F14189.311
G1 X158.697 Y146.908 E.00211
G1 X158.669 Y146.957 E.00211
G1 X158.697 Y147.007 E.00211
G1 X158.754 Y147.007 E.00211
G1 X158.763 Y146.992 E.00064
G1 E-.78524 F1800
;WIPE_START
G1 F30000
G1 X158.754 Y147.007 E-.00103
G1 X158.697 Y147.007 E-.00343
G1 X158.669 Y146.957 E-.00343
G1 X158.697 Y146.908 E-.00343
G1 X158.754 Y146.908 E-.00343
;WIPE_END
G1 X152.74 Y144.352 Z1.8
G1 Z1.4
G1 E.8 F1800
;TYPE:Gap infill
;WIDTH:0.288892
G1 F15000
G1 X152.743 Y143.224 E.02237
G1 X152.775 Y142.827 E.00792
G1 E-.728 F1800
;WIPE_START
G1 F30000
G1 X152.743 Y143.224 E-.02395
G1 X152.741 Y144.025 E-.04805
;WIPE_END
G1 X151.028 Y142.294 Z1.8
G1 Z1.4
G1 E.8 F1800
;WIDTH:0.237657
G1 F15000
G1 X151.025 Y144.49 E.0345
G1 X151.006 Y144.85 E.00566
;WIDTH:0.279088
G1 X151.003 Y144.877 E.00051
;WIDTH:0.306449
G1 X150.979 Y145.022 E.00312
;WIDTH:0.35264
G1 X150.954 Y145.166 E.00366
G1 X150.91 Y145.188 E.00123
;WIDTH:0.2935
G1 X150.814 Y145.225 E.00208
;WIDTH:0.276872
G1 X150.718 Y145.262 E.00194
G1 E-.79384 F1800
;WIPE_START
G1 F30000
G1 X150.814 Y145.225 E-.00616
;WIPE_END
G1 X149.353 Y144.418 Z1.8
G1 Z1.4
G1 E.8 F1800
;WIDTH:0.223834
G1 F15000
G1 X149.34 Y142.294 E.031
G1 E-.728 F1800
;WIPE_START
G1 F30000
G1 X149.347 Y143.494 E-.072
;WIPE_END
G1 X148.138 Y141.825 Z1.8
G1 Z1.4
G1 E.8 F1800
;WIDTH:0.181535
G1 F15000
G1 X147.347 Y141.825 E.00885
G1 X147.293 Y141.836 E.00061
G1 X147.293 Y141.877 E.00046
;WIDTH:0.151335
G1 X147.294 Y141.894 E.00015
;WIDTH:0.133829
G1 X147.31 Y141.993 E.00073
;WIDTH:0.120326
G1 X147.325 Y142.092 E.00062
G1 X147.596 Y141.894 F30000
;WIDTH:0.182545
G1 F15000
G1 X147.24 Y141.825 E.00409
G1 X145.145 Y141.825 E.02359
;WIDTH:0.204734
G1 X144.909 Y141.728 E.00333
;WIDTH:0.228456
G1 X144.673 Y141.63 E.00382
G1 X144.738 Y141.755 F30000
;WIDTH:0.30097
G1 F15000
G1 X144.613 Y141.776 E.00263
;WIDTH:0.259349
G1 X144.488 Y141.797 E.00221
;WIDTH:0.217727
G1 X144.363 Y141.817 E.00178
;WIDTH:0.173827
G1 X144.224 Y141.84 E.00149
;WIDTH:0.152392
G1 X143.85 Y141.853 E.0033
G1 E-.77756 F1800
;WIPE_START
G1 F30000
G1 X144.224 Y141.84 E-.02244
;WIPE_END
G1 X144.738 Y141.755 Z1.8
G1 Z1.4
G1 E.8 F1800
;WIDTH:0.342592
G1 F15000
G1 X144.862 Y141.734 E.00306
;WIDTH:0.398869
G1 X145.124 Y141.645 E.00792
G1 E-.78344 F1800
;WIPE_START
G1 F30000
G1 X144.862 Y141.734 E-.01656
;WIPE_END
G1 X147.477 Y143.062 Z1.8
G1 Z1.4
G1 E.8 F1800
;WIDTH:0.462565
G1 F15000
G1 X147.505 Y143.238 E.00602
;WIDTH:0.439487
G1 X147.532 Y143.413 E.00569
;WIDTH:0.393331
G1 X147.56 Y143.589 E.00503
;WIDTH:0.347176
G1 X147.587 Y143.765 E.00436
;WIDTH:0.30102
G1 X147.615 Y143.94 E.0037
;WIDTH:0.254865
G1 X147.642 Y144.116 E.00304
;WIDTH:0.208709
G1 X147.67 Y144.292 E.00238
;WIDTH:0.162553
G1 X147.697 Y144.468 E.00172
;WIDTH:0.116398
G1 X147.725 Y144.643 E.00105
G1 E-.78933 F1800
;WIPE_START
G1 F30000
G1 X147.697 Y144.468 E-.01067
;WIPE_END
G1 X148.305 Y141.364 Z1.8
G1 Z1.4
G1 E.8 F1800
;TYPE:Internal solid infill
;WIDTH:0.38292
G1 F15000
G1 X148.433 Y141.44 E.00408
;WIDTH:0.404663
G1 X148.485 Y141.542 E.00336
;WIDTH:0.426405
G1 X148.537 Y141.645 E.00356
G1 E-.79309 F1800
;WIPE_START
G1 F30000
G1 X148.485 Y141.542 E-.00691
;WIPE_END
G1 X142.895 Y139.703 Z1.8
G1 Z1.4
G1 E.8 F1800
;TYPE:Gap infill
;WIDTH:0.468423
G1 F15000
G1 X142.589 Y139.081 E.02379
;WIDTH:0.440173
G1 X142.544 Y138.977 E.00363
M73 P82 R3
;WIDTH:0.401579
G1 X142.499 Y138.873 E.00328
;WIDTH:0.358312
G1 X142.444 Y138.742 E.00362
;WIDTH:0.322385
G1 X142.385 Y138.558 E.00435
;WIDTH:0.284417
G1 X142.32 Y138.352 E.0042
G1 X142.153 Y137.586 E.01528
G1 E-.73998 F1800
;WIPE_START
G1 F30000
G1 X142.32 Y138.352 E-.04708
G1 X142.385 Y138.558 E-.01294
;WIPE_END
G1 X141.169 Y139.876 Z1.8
G1 Z1.4
G1 E.8 F1800
;WIDTH:0.304275
G1 F15000
G1 X140.937 Y140.006 E.00561
G1 X141.169 Y139.876 F30000
;WIDTH:0.247633
G1 F15000
G1 X141.245 Y140.006 E.00249
G1 X141.272 Y140.231 E.00374
;WIDTH:0.283505
G1 X141.298 Y140.457 E.0044
;WIDTH:0.32797
G1 X141.325 Y140.682 E.00521
;WIDTH:0.372434
G1 X141.352 Y140.907 E.00602
;WIDTH:0.416899
G1 X141.378 Y141.132 E.00684
;WIDTH:0.461364
G1 X141.405 Y141.357 E.00765
G1 X141.359 Y141.825 F30000
;WIDTH:0.181012
G1 F15000
G1 X140.219 Y141.825 E.01271
G1 X139.902 Y142.294 F30000
;WIDTH:0.255146
G1 F15000
G1 X140.026 Y142.405 E.00286
G1 X140.031 Y146.706 E.07363
G1 E-.728 F1800
;WIPE_START
G1 F30000
G1 X140.03 Y145.506 E-.072
;WIPE_END
G1 X138.263 Y148.685 Z1.8
G1 Z1.4
G1 E.8 F1800
;TYPE:Internal solid infill
;WIDTH:0.420007
G1 F15000
G1 X134.998 Y145.42 E.14043
G1 E-.728 F1800
;WIPE_START
G1 F30000
G1 X135.847 Y146.268 E-.072
;WIPE_END
G1 X137.74 Y148.694 Z1.8
G1 Z1.4
G1 E.8 F1800
;TYPE:Gap infill
;WIDTH:0.419961
G1 F15000
G1 X134.79 Y145.745 E.12686
G1 E-.728 F1800
;WIPE_START
G1 F30000
G1 X135.638 Y146.593 E-.072
;WIPE_END
G1 X134.478 Y147.377 Z1.8
G1 Z1.4
G1 E.8 F1800
;TYPE:Internal solid infill
;WIDTH:0.408094
G1 F15000
G1 X134.5 Y147.374 E.00065
G1 E-.79867 F1800
;WIPE_START
G1 F30000
G1 X134.478 Y147.377 E-.00133
;WIPE_END
G1 X131.197 Y147.123 Z1.8
G1 Z1.4
G1 E.8 F1800
;WIDTH:0.560611
G1 F12545.805
G1 X131.759 Y147.685 E.03315
G1 X133.731 Y147.687 E.08237
;WIDTH:0.527862
G1 F13393.035
G1 X134.263 Y147.708 E.02082
;WIDTH:0.484951
G1 F14693.207
G1 X134.402 Y147.73 E.00499
;WIDTH:0.421358
G1 F15000
G1 X134.54 Y147.752 E.00427
G1 X135.464 Y147.752 E.02821
G1 X134.64 Y146.928 E.03558
;WIDTH:0.444553
G1 X134.441 Y147.004 E.00689
;WIDTH:0.493661
G1 F14409.279
G1 X134.242 Y147.08 E.00773
;WIDTH:0.560195
G1 F12555.89
G1 X134.044 Y147.156 E.00888
G1 X133.226 Y147.162 E.0341
;WIDTH:0.567129
G1 F12389.804
G1 X132.795 Y147.123 E.0183
G1 X132.179 Y147.182 E.02618
G1 X131.612 Y147.126 E.02408
G1 X131.237 Y147.124 E.01585
G1 E-.728 F1800
;WIPE_START
G1 F30000
G1 X131.612 Y147.126 E-.02249
G1 X132.179 Y147.182 E-.03417
G1 X132.433 Y147.157 E-.01534
;WIPE_END
G1 X130.125 Y146.679 Z1.8
G1 Z1.4
G1 E.8 F1800
;WIDTH:0.419999
G1 F15000
G1 X131.575 Y148.129 E.06235
G1 X136.374 Y148.129 E.14597
G1 X134.724 Y146.479 E.07097
G1 X134.254 Y146.664 E.01537
G1 X133.731 Y146.739 E.01605
G1 X133.102 Y146.686 E.0192
G1 X132.882 Y146.597 E.00723
G1 X132.582 Y146.693 E.00958
G1 X132.069 Y146.746 E.0157
G1 X131.585 Y146.679 E.01486
G1 X130.165 Y146.679 E.04318
G1 X129.65 Y146.119 F30000
;WIDTH:0.42093
G1 F15000
G1 X129.204 Y146.288 E.01455
G1 X131.344 Y148.431 E.09235
G1 X131.344 Y148.506 E.00227
G1 X137.284 Y148.506 E.18112
G1 X134.769 Y145.99 E.10848
G1 X134.481 Y146.184 E.01057
G1 X134.11 Y146.311 E.01195
G1 X133.721 Y146.362 E.01195
G1 X133.221 Y146.328 E.01528
G1 X132.887 Y146.191 E.01103
G1 X132.541 Y146.318 E.01123
G1 X132.038 Y146.366 E.01539
G1 X131.585 Y146.302 E.01396
G1 X129.84 Y146.303 E.05321
G1 X129.696 Y146.24 E.00477
G1 X129.665 Y146.156 E.00273
G1 E-.728 F1800
;WIPE_START
G1 F30000
G1 X129.696 Y146.24 E-.00538
G1 X129.84 Y146.303 E-.00939
G1 X130.793 Y146.303 E-.05722
;WIPE_END
G1 X128.772 Y146.126 Z1.8
G1 Z1.4
G1 E.8 F1800
;WIDTH:0.420001
G1 F15000
G1 X131.211 Y148.565 E.10487
G1 X130.677 Y148.565 E.01622
G1 X128.203 Y146.09 E.10644
G1 E-.728 F1800
;WIPE_START
G1 F30000
G1 X129.051 Y146.939 E-.072
;WIPE_END
G1 X126.636 Y143.99 Z1.8
G1 Z1.4
G1 E.8 F1800
G1 F15000
G1 X125.973 Y143.327 E.0285
G1 X125.821 Y143.708 E.01248
G1 X126.692 Y144.58 E.03749
G1 E-.728 F1800
;WIPE_START
G1 F30000
G1 X125.844 Y143.731 E-.072
;WIPE_END
G1 X125.538 Y143.958 Z1.8
G1 Z1.4
G1 E.8 F1800
G1 F15000
G1 X130.144 Y148.565 E.19813
G1 X129.611 Y148.565 E.01622
G1 X125.516 Y144.469 E.17614
G1 X125.363 Y144.85 E.01248
G1 X129.078 Y148.565 E.15976
G1 X128.544 Y148.565 E.01622
G1 X125.08 Y145.101 E.149
G1 E-.728 F1800
;WIPE_START
G1 F30000
G1 X125.929 Y145.949 E-.072
;WIPE_END
G1 X128.141 Y148.694 Z1.8
G1 Z1.4
G1 E.8 F1800
;TYPE:Gap infill
;WIDTH:0.419957
G1 F15000
G1 X124.958 Y145.512 E.13686
G1 E-.728 F1800
;WIPE_START
G1 F30000
G1 X125.807 Y146.361 E-.072
;WIPE_END
G1 X125.865 Y147.752 Z1.8
G1 Z1.4
G1 E.8 F1800
;TYPE:Internal solid infill
;WIDTH:0.42
G1 F15000
G1 X125.302 Y147.189 E.0242
G1 X125.195 Y147.456 E.00874
G1 X125.1 Y147.52 E.00349
G1 X125.332 Y147.752 E.00995
G1 X125.825 Y147.752 E.015
G1 E-.728 F1800
;WIPE_START
G1 F30000
G1 X125.332 Y147.752 E-.0296
G1 X125.1 Y147.52 E-.01962
G1 X125.195 Y147.456 E-.00689
G1 X125.294 Y147.21 E-.01589
;WIPE_END
G1 X125.165 Y146.518 Z1.8
G1 Z1.4
G1 E.8 F1800
;WIDTH:0.419999
G1 F15000
G1 X124.845 Y147.316 E.02613
G1 X124.557 Y147.511 E.01058
G1 X125.175 Y148.129 E.02658
G1 X126.775 Y148.129 E.04866
G1 X125.193 Y146.547 E.06805
G1 X125.027 Y145.847 F30000
G1 F15000
G1 X124.495 Y147.176 E.04352
G1 X124.32 Y147.294 E.00643
G1 X123.808 Y147.294 E.0156
G1 X124.945 Y148.431 E.04891
G1 X124.945 Y148.506 E.00227
G1 X127.686 Y148.506 E.08336
G1 X125.055 Y145.876 E.11312
G1 E-.728 F1800
;WIPE_START
G1 F30000
G1 X125.904 Y146.724 E-.072
;WIPE_END
G1 X124.912 Y141.839 Z1.8
G1 Z1.4
G1 E.8 F1800
;TYPE:Gap infill
;WIDTH:0.17168
G1 F15000
G1 X125.112 Y141.809 E.00211
;WIDTH:0.207439
G1 X125.298 Y141.78 E.0025
G1 X124.912 Y141.839 F30000
;WIDTH:0.140827
G1 F15000
G1 X124.384 Y141.851 E.00417
;WIDTH:0.148742
G1 X124.19 Y141.832 E.00167
;WIDTH:0.182488
G1 X123.992 Y141.812 E.00225
G1 X123.944 Y141.709 E.00128
G1 X123.335 Y141.624 F30000
;TYPE:Internal solid infill
;WIDTH:0.575499
G1 F12195.083
G1 X123.368 Y141.802 E.00778
;WIDTH:0.614701
G1 F11358.974
G1 X123.401 Y141.98 E.00835
;WIDTH:0.64093
G1 F10860.777
G1 X123.433 Y142.158 E.00873
G1 X123.418 Y142.192 E.00178
G1 X122.89 Y141.758 F30000
;TYPE:Gap infill
;WIDTH:0.234786
G1 F15000
G1 X122.605 Y141.8 E.00446
;WIDTH:0.211269
G1 X122.358 Y141.82 E.00336
;WIDTH:0.171501
G1 X122.104 Y141.84 E.00265
;WIDTH:0.151898
G1 X119.632 Y141.849 E.02172
G1 E-.728 F1800
;WIPE_START
G1 F30000
G1 X120.832 Y141.844 E-.072
;WIPE_END
G1 X118.316 Y135.99 Z1.8
G1 Z1.4
G1 E.8 F1800
;WIDTH:0.232125
G1 F15000
G1 X117.898 Y135.006 E.01632
G1 X117.892 Y135.008 F30000
;WIDTH:0.494097
G1 F14395.338
G1 X118.302 Y135.991 E.03878
G1 E-.73607 F1800
;WIPE_START
G1 F30000
G1 X117.892 Y135.008 E-.06393
;WIPE_END
G1 X124.114 Y136.648 Z1.8
G1 Z1.4
G1 E.8 F1800
;TYPE:Internal solid infill
;WIDTH:0.401899
G1 F15000
G1 X123.723 Y136.648 E.01132
G1 X123.609 Y137.007 E.01091
G1 X124.211 Y136.998 E.01743
G1 X124.125 Y136.686 E.00936
G1 E-.728 F1800
;WIPE_START
G1 F30000
G1 X124.211 Y136.998 E-.0194
G1 X123.609 Y137.007 E-.03613
G1 X123.692 Y136.745 E-.01647
;WIPE_END
G1 X125.156 Y137.588 Z1.8
G1 Z1.4
G1 E.8 F1800
;TYPE:Gap infill
;WIDTH:0.392217
G1 F15000
G1 X125.699 Y137.87 E.01725
G1 X125.886 Y138.438 E.01682
G1 E-.728 F1800
;WIPE_START
G1 F30000
G1 X125.699 Y137.87 E-.03582
G1 X125.164 Y137.593 E-.03618
;WIPE_END
G1 X126.626 Y139.682 Z1.8
G1 Z1.4
G1 E.8 F1800
;TYPE:Internal solid infill
;WIDTH:0.650578
G1 F10688.324
G1 X126.602 Y139.933 E.01232
;WIDTH:0.637832
G1 F10917.321
G1 X126.577 Y140.183 E.01206
G1 X126.571 Y140.253 F30000
;WIDTH:0.640473
G1 F10869.067
G1 X126.406 Y140.883 E.0314
G1 X126.142 Y141.345 E.02565
G1 X125.909 Y141.592 E.01634
G1 X126.464 Y141.597 E.02671
G1 X126.694 Y141.854 E.01663
G1 X126.644 Y142.083 E.0113
;WIDTH:0.599587
G1 F11667.383
G1 X126.572 Y142.199 E.00613
;WIDTH:0.551391
G1 F12773.296
G1 X126.5 Y142.315 E.0056
;WIDTH:0.503195
G1 F14110.811
G1 X126.427 Y142.43 E.00507
;WIDTH:0.454998
G1 F15000
G1 X126.355 Y142.546 E.00454
;WIDTH:0.426595
G1 X126.097 Y143.181 E.02121
G1 X126.444 Y143.528 E.01518
G1 X126.507 Y143.185 E.01078
G1 X126.713 Y142.695 E.01648
;WIDTH:0.454998
G1 X126.767 Y142.581 E.00416
;WIDTH:0.503195
G1 F14110.811
G1 X126.82 Y142.468 E.00465
;WIDTH:0.551391
G1 F12773.296
G1 X126.873 Y142.355 E.00513
;WIDTH:0.62107
G1 F11233.846
G1 X126.927 Y142.242 E.00584
G1 X127.345 Y141.894 E.02538
G1 X127.452 Y141.836 E.00567
G1 X127.178 Y141.599 E.01689
;WIDTH:0.638674
G1 F10901.902
G1 X126.799 Y141.183 E.02707
G1 X126.583 Y140.672 E.02662
G1 X126.573 Y140.293 E.01825
G1 E-.728 F1800
;WIPE_START
G1 F30000
G1 X126.583 Y140.672 E-.02279
G1 X126.799 Y141.183 E-.03324
G1 X126.978 Y141.379 E-.01597
;WIPE_END
G1 X129.62 Y141.779 Z1.8
G1 Z1.4
G1 E.8 F1800
;WIDTH:0.538508
G1 F13105.332
G1 X129.671 Y141.732 E.0028
G1 E-.7958 F1800
;WIPE_START
G1 F30000
G1 X129.62 Y141.779 E-.0042
;WIPE_END
G1 X130.455 Y136.673 Z1.8
G1 Z1.4
G1 E.8 F1800
;WIDTH:0.466125
G1 F15000
G1 X130.335 Y137.027 E.01276
;WIDTH:0.500295
G1 F14200.28
G1 X130.214 Y137.381 E.01379
G1 X130.105 Y137.542 E.00717
;WIDTH:0.503155
G1 F14112.04
G1 X130.201 Y137.726 E.00771
;WIDTH:0.458431
G1 F15000
G1 X130.297 Y137.91 E.00696
;WIDTH:0.413708
G1 X130.393 Y138.095 E.00621
;WIDTH:0.369884
G1 X130.443 Y138.465 E.00986
;WIDTH:0.324162
G1 X130.494 Y138.835 E.00848
G1 X130.444 Y139.368 E.01212
;WIDTH:0.353833
G1 X130.392 Y139.52 E.00406
;WIDTH:0.372656
G1 X130.339 Y139.673 E.0043
G1 X130.399 Y139.922 E.0068
G1 X130.414 Y140.399 E.01271
;WIDTH:0.373595
G1 X130.382 Y140.619 E.00591
;WIDTH:0.402333
G1 X130.349 Y140.838 E.00643
;WIDTH:0.439881
G1 X130.103 Y141.324 E.01745
;WIDTH:0.465646
G1 X130.015 Y141.447 E.00515
;WIDTH:0.486352
G1 F14646.772
G1 X129.701 Y141.705 E.01453
G1 X129.84 Y141.668 E.00514
G1 X130.47 Y141.682 E.02254
;WIDTH:0.471578
G1 F15000
G1 X130.5 Y141.464 E.00759
G1 X130.563 Y141.38 E.00362
G1 X130.665 Y141.35 E.00367
;WIDTH:0.463343
G1 X130.687 Y141.082 E.00913
;WIDTH:0.418384
G1 X130.71 Y140.813 E.00816
;WIDTH:0.381702
G1 X130.724 Y139.914 E.02458
;WIDTH:0.353206
G1 X130.738 Y139.393 E.01304
;WIDTH:0.328598
G1 X130.756 Y138.858 E.01233
G1 X130.725 Y138.136 E.01666
;WIDTH:0.384728
G1 X130.705 Y137.99 E.00404
;WIDTH:0.424953
G1 X130.685 Y137.845 E.00452
;WIDTH:0.465178
G1 X130.665 Y137.7 E.005
;WIDTH:0.505404
G1 F14043.413
G1 X130.645 Y137.554 E.00547
;WIDTH:0.50064
G1 F14189.576
G1 X130.684 Y137.32 E.00879
;WIDTH:0.454914
G1 F15000
G1 X130.723 Y137.085 E.00791
G1 X130.809 Y136.996 E.00411
G1 X130.892 Y136.972 E.00287
G1 X130.826 Y136.673 E.01016
G1 X130.495 Y136.673 E.011
G1 E-.73491 F1800
;WIPE_START
G1 F30000
G1 X130.826 Y136.673 E-.01985
G1 X130.892 Y136.972 E-.01834
G1 X130.809 Y136.996 E-.00519
G1 X130.723 Y137.085 E-.00743
G1 X130.684 Y137.32 E-.01428
;WIPE_END
G1 X124.229 Y141.392 Z1.8
G1 X112.666 Y148.685 Z1.8
G1 Z1.4
G1 E.8 F1800
;WIDTH:0.420008
G1 F15000
G1 X109.331 Y145.349 E.14347
G1 E-.728 F1800
;WIPE_START
G1 F30000
G1 X110.179 Y146.198 E-.072
;WIPE_END
G1 X112.143 Y148.694 Z1.8
G1 Z1.4
G1 E.8 F1800
;TYPE:Gap infill
;WIDTH:0.419958
G1 F15000
G1 X109.099 Y145.651 E.1309
G1 E-.728 F1800
;WIPE_START
G1 F30000
G1 X109.947 Y146.499 E-.072
;WIPE_END
G1 X106.278 Y147.404 Z1.8
G1 Z1.4
G1 E.8 F1800
;TYPE:Internal solid infill
;WIDTH:0.369768
G1 F15000
G1 X106.925 Y147.395 E.01707
;WIDTH:0.359096
G1 X107.234 Y147.415 E.00787
;WIDTH:0.319063
G1 X107.542 Y147.434 E.00687
G1 X108.161 Y147.417 E.01379
;WIDTH:0.355084
G1 X108.326 Y147.398 E.0042
;WIDTH:0.395864
G1 X108.492 Y147.379 E.00474
;WIDTH:0.436643
G1 X108.657 Y147.36 E.00529
;WIDTH:0.457033
G1 X108.823 Y147.34 E.00557
G1 X108.965 Y146.85 F30000
;WIDTH:0.419999
G1 F15000
G1 X108.344 Y147.05 E.01983
G1 X107.595 Y147.114 E.02287
G1 X106.977 Y147.043 E.01891
G1 X106.682 Y146.958 E.00933
G1 X106.474 Y147.042 E.00683
G1 X105.438 Y147.056 E.03151
G1 X106.134 Y147.752 E.02991
G1 X109.867 Y147.752 E.11353
G1 X108.993 Y146.878 E.03759
G1 X109.035 Y146.387 F30000
G1 F15000
G1 X108.647 Y146.572 E.01307
G1 X108.12 Y146.707 E.01654
G1 X107.542 Y146.739 E.01763
G1 X107.032 Y146.67 E.01564
G1 X106.632 Y146.541 E.01278
G1 X106.485 Y146.652 E.00559
G1 X106.278 Y146.679 E.00636
G1 X104.557 Y146.68 E.05234
G1 X104.551 Y146.702 E.00071
G1 X105.978 Y148.129 E.06137
G1 X110.777 Y148.129 E.14597
G1 X109.063 Y146.415 E.07371
G1 X109.087 Y145.905 F30000
G1 F15000
G1 X108.598 Y146.19 E.01722
G1 X108.099 Y146.33 E.01575
G1 X107.514 Y146.36 E.01781
G1 X107.052 Y146.288 E.01422
G1 X106.5 Y146.062 E.01815
G1 X106.472 Y146.213 E.00466
G1 X106.311 Y146.302 E.00557
G1 X104.514 Y146.302 E.05467
G1 X104.249 Y146.358 E.00825
G1 X103.642 Y146.326 E.01849
G1 X105.747 Y148.431 E.09056
G1 X105.747 Y148.506 E.00227
G1 X111.687 Y148.506 E.18067
G1 X109.115 Y145.934 E.11063
G1 E-.728 F1800
;WIPE_START
G1 F30000
G1 X109.964 Y146.782 E-.072
;WIPE_END
G1 X105.734 Y148.685 Z1.8
G1 Z1.4
G1 E.8 F1800
;WIDTH:0.420007
G1 F15000
G1 X102.522 Y145.473 E.13814
G1 E-.728 F1800
;WIPE_START
G1 F30000
G1 X103.371 Y146.322 E-.072
;WIPE_END
G1 X105.21 Y148.694 Z1.8
G1 Z1.4
G1 E.8 F1800
;TYPE:Gap infill
;WIDTH:0.419961
G1 F15000
G1 X102.264 Y145.749 E.12668
G1 E-.728 F1800
;WIPE_START
G1 F30000
G1 X103.113 Y146.597 E-.072
;WIPE_END
G1 X102.03 Y147.324 Z1.8
G1 Z1.4
G1 E.8 F1800
;TYPE:Internal solid infill
;WIDTH:0.435564
G1 F15000
G1 X101.956 Y147.367 E.00269
G1 X102.034 Y147.401 E.00271
G1 E-.78977 F1800
;WIPE_START
G1 F30000
G1 X101.956 Y147.367 E-.00513
G1 X102.03 Y147.324 E-.0051
;WIPE_END
G1 X102.934 Y147.752 Z1.8
G1 Z1.4
G1 E.8 F1800
;WIDTH:0.419999
G1 F15000
G1 X102.102 Y146.92 E.03579
;WIDTH:0.443053
G1 X101.871 Y147 E.00789
;WIDTH:0.489161
G1 F14554.585
G1 X101.641 Y147.081 E.00879
;WIDTH:0.551835
G1 F12762.162
G1 X101.41 Y147.161 E.01003
G1 X100.818 Y147.176 E.0243
G1 X100.788 Y147.365 E.00786
G1 X100.592 Y147.685 E.01541
G1 X101.458 Y147.683 E.03553
;WIDTH:0.535269
G1 F13191.57
G1 X101.64 Y147.706 E.0073
;WIDTH:0.489161
G1 F14554.585
G1 X101.823 Y147.729 E.00662
;WIDTH:0.427901
G1 F15000
G1 X102.005 Y147.752 E.00571
G1 X102.894 Y147.752 E.02761
G1 E-.73562 F1800
;WIPE_START
G1 F30000
G1 X102.005 Y147.752 E-.05335
G1 X101.823 Y147.729 E-.01103
;WIPE_END
G1 X103.845 Y148.129 Z1.8
G1 Z1.4
G1 E.8 F1800
;WIDTH:0.442104
G1 F15000
G1 X102.19 Y146.474 E.07534
G1 X101.747 Y146.646 E.01531
G1 X101.227 Y146.732 E.01695
G1 X100.699 Y146.722 E.017
G1 X100.378 Y146.66 E.01052
G1 X100.359 Y147.251 E.01904
G1 X100.192 Y147.526 E.01036
G1 X99.904 Y147.691 E.01068
G1 X94.984 Y147.691 E.15841
G1 X94.958 Y147.909 E.00706
G1 X95.004 Y148.109 E.00659
G1 X103.805 Y148.129 E.28335
G1 E-.728 F1800
;WIPE_START
G1 F30000
G1 X102.605 Y148.126 E-.072
;WIPE_END
G1 X104.755 Y148.506 Z1.8
G1 Z1.4
G1 E.8 F1800
;WIDTH:0.419999
G1 F15000
G1 X102.252 Y146.003 E.10767
G1 X102.134 Y146.089 E.00444
G1 X101.678 Y146.275 E.01497
G1 X101.227 Y146.355 E.01394
G1 X100.771 Y146.352 E.01386
G1 X100.335 Y146.263 E.01353
G1 X100.001 Y146.12 E.01104
G1 X100.001 Y147.117 E.03031
G1 X99.939 Y147.246 E.00435
G1 X99.813 Y147.294 E.00411
G1 X94.669 Y147.294 E.15644
G1 X94.51 Y147.978 E.02136
G1 X94.583 Y148.042 E.00296
G1 X94.586 Y148.506 E.0141
G1 X104.715 Y148.506 E.30807
G1 E-.728 F1800
;WIPE_START
G1 F30000
G1 X103.515 Y148.506 E-.072
;WIPE_END
G1 X102.289 Y141.618 Z1.8
G1 Z1.4
M73 P83 R3
G1 E.8 F1800
;WIDTH:0.404676
G1 F15000
G1 X101.999 Y141.386 E.01083
G1 X101.623 Y141.717 E.01463
G1 X102.131 Y141.894 E.01569
G1 X102.269 Y141.653 E.00809
G1 E-.728 F1800
;WIPE_START
G1 F30000
G1 X102.131 Y141.894 E-.01664
G1 X101.623 Y141.717 E-.03227
G1 X101.912 Y141.463 E-.02309
;WIPE_END
G1 X105.095 Y134.526 Z1.8
G1 X105.501 Y133.642 Z1.8
G1 Z1.4
G1 E.8 F1800
;TYPE:Gap infill
;WIDTH:0.478676
G1 F14904.777
G1 X105.95 Y133.62 E.01581
G1 X106.278 Y133.629 E.01154
G1 X106.291 Y133.646 E.00074
;WIDTH:0.43971
G1 F15000
G1 X106.34 Y133.725 E.00297
;WIDTH:0.406256
G1 X106.39 Y133.803 E.00272
;WIDTH:0.372803
G1 X106.439 Y133.882 E.00247
G1 E-.79443 F1800
;WIPE_START
G1 F30000
G1 X106.39 Y133.803 E-.00557
;WIPE_END
G1 X114.022 Y133.831 Z1.8
G1 X159.568 Y133.994 Z1.8
G1 Z1.4
G1 E.8 F1800
;TYPE:Internal solid infill
;WIDTH:0.419999
G1 F15000
G1 X161.006 Y135.432 E.06183
G1 X161.006 Y134.068 E.04149
G1 X160.973 Y133.994 E.00245
G1 X159.608 Y133.994 E.04149
G1 E-.728 F1800
;WIPE_START
G1 F30000
G1 X160.808 Y133.994 E-.072
;WIPE_END
G1 X160.614 Y134.365 Z1.8
G1 Z1.4
G1 E.8 F1800
;WIDTH:0.507862
G1 F13969.15
G1 X160.556 Y134.365 E.00218
G1 X160.527 Y134.415 E.00218
G1 X160.556 Y134.466 E.00218
G1 X160.614 Y134.466 E.00218
G1 X160.623 Y134.45 E.00068
G1 E-.78496 F1800
;WIPE_START
G1 F30000
G1 X160.614 Y134.466 E-.00109
G1 X160.556 Y134.466 E-.00349
G1 X160.527 Y134.415 E-.00349
G1 X160.556 Y134.365 E-.00349
G1 X160.614 Y134.365 E-.00349
;WIPE_END
G1 X161.234 Y135.928 Z1.8
G1 Z1.4
G1 E.8 F1800
;WIDTH:0.421678
G1 F15000
G1 X159.242 Y133.935 E.08609
G1 X158.706 Y133.935 E.01636
G1 X161.065 Y136.294 E.1019
G1 X161.065 Y136.83 E.01636
G1 X158.17 Y133.935 E.12504
G1 X157.635 Y133.935 E.01636
G1 X161.065 Y137.365 E.14818
G1 X161.065 Y137.901 E.01636
G1 X157.099 Y133.935 E.17132
G1 X156.564 Y133.935 E.01636
G1 X161.065 Y138.437 E.19446
G1 X161.065 Y138.972 E.01636
G1 X156.028 Y133.935 E.2176
G1 X155.492 Y133.935 E.01636
G1 X161.065 Y139.508 E.24075
G1 X161.065 Y140.043 E.01636
G1 X154.957 Y133.935 E.26389
G1 X154.421 Y133.935 E.01636
G1 X161.065 Y140.579 E.28703
G1 X161.065 Y141.115 E.01636
G1 X153.885 Y133.935 E.31017
G1 X153.35 Y133.935 E.01636
G1 X161.065 Y141.65 E.33331
G1 X161.065 Y142.186 E.01636
G1 X152.814 Y133.935 E.35645
G1 X152.278 Y133.935 E.01636
G1 X161.065 Y142.722 E.37959
G1 X161.065 Y143.257 E.01636
G1 X151.743 Y133.935 E.40274
G1 X151.207 Y133.935 E.01636
G1 X161.065 Y143.793 E.42588
G1 X161.065 Y144.329 E.01636
G1 X150.671 Y133.935 E.44902
G1 X150.136 Y133.935 E.01636
G1 X161.065 Y144.864 E.47216
G1 X161.065 Y145.356 E.01502
G1 X158.578 Y142.87 E.10741
G1 X158.557 Y142.892 E.00095
G1 X149.6 Y133.935 E.38694
G1 X149.064 Y133.935 E.01636
G1 X156.918 Y141.789 E.33928
G1 X156.44 Y141.708 E.01478
G1 X156.303 Y141.71 E.00419
G1 X148.529 Y133.935 E.33588
G1 X147.993 Y133.935 E.01636
G1 X155.809 Y141.751 E.33768
G1 X155.528 Y141.804 E.00874
G1 X155.388 Y141.866 E.00467
G1 X147.458 Y133.935 E.34263
G1 X146.922 Y133.935 E.01636
G1 X154.867 Y141.88 E.34324
G1 X154.295 Y141.724 E.01811
G1 X154.171 Y141.72 E.00378
G1 X146.386 Y133.935 E.33633
G1 X145.851 Y133.935 E.01636
G1 X153.645 Y141.73 E.33675
G1 X153.222 Y141.843 E.01337
G1 X145.315 Y133.935 E.34161
G1 X144.779 Y133.935 E.01636
G1 X152.609 Y141.765 E.33825
G1 X152.073 Y141.765 E.01636
G1 X144.244 Y133.935 E.33825
G1 X143.708 Y133.935 E.01636
G1 X146.819 Y137.047 E.13441
G1 X147.321 Y137.185 E.01592
G1 X147.855 Y137.586 E.02037
G1 X148.191 Y138.065 E.0179
G1 X148.361 Y138.589 E.01681
G1 X151.537 Y141.765 E.13722
G1 X151.002 Y141.765 E.01636
G1 X148.399 Y139.162 E.11243
G1 X148.311 Y139.61 E.01394
G1 X150.466 Y141.765 E.0931
G1 X149.93 Y141.765 E.01636
G1 X148.268 Y140.102 E.07182
G1 X148.268 Y140.638 E.01636
G1 X149.564 Y141.934 E.05601
G1 E-.728 F1800
;WIPE_START
G1 F30000
G1 X148.716 Y141.086 E-.072
;WIPE_END
G1 X146.421 Y137.184 Z1.8
G1 Z1.4
G1 E.8 F1800
G1 F15000
G1 X143.172 Y133.935 E.14036
G1 X142.637 Y133.935 E.01636
G1 X145.806 Y137.105 E.13693
G1 X145.735 Y137.125 E.00226
G1 X145.735 Y137.056 E.00209
G1 X145.222 Y137.056 E.01567
G1 X142.101 Y133.935 E.13483
G1 X141.565 Y133.935 E.01636
G1 X144.686 Y137.056 E.13483
G1 X144.151 Y137.056 E.01636
G1 X141.03 Y133.935 E.13483
G1 X140.494 Y133.935 E.01636
G1 X143.615 Y137.056 E.13483
G1 X143.079 Y137.056 E.01636
G1 X139.959 Y133.935 E.13483
G1 X139.423 Y133.935 E.01636
G1 X142.544 Y137.056 E.13483
G1 X142.429 Y137.056 E.00349
G1 X142.417 Y137.005 E.00161
G1 X141.957 Y137.005 E.01406
G1 X138.887 Y133.935 E.13262
G1 X138.352 Y133.935 E.01636
G1 X141.421 Y137.005 E.13262
G1 X140.886 Y137.005 E.01636
G1 X137.816 Y133.935 E.13262
G1 X137.28 Y133.935 E.01636
G1 X140.35 Y137.005 E.13262
G1 X139.824 Y137.015 E.01607
G1 X136.745 Y133.935 E.13304
G1 X136.255 Y133.935 E.01497
G1 X136.26 Y133.987 E.00158
G1 X139.345 Y137.071 E.13327
G1 X139.155 Y137.125 E.00604
G1 X139.155 Y137.056 E.00209
G1 X138.794 Y137.056 E.011
G1 X136.327 Y134.589 E.10661
G1 X136.346 Y134.764 E.00539
G1 X136.477 Y135.228 E.01473
G1 X136.519 Y135.317 E.00301
G1 X138.259 Y137.056 E.07515
G1 X137.723 Y137.056 E.01636
G1 X136.79 Y136.123 E.04032
G1 E-.728 F1800
;WIPE_START
G1 F30000
G1 X137.638 Y136.971 E-.072
;WIPE_END
G1 X144.942 Y139.188 Z1.8
G1 X158.434 Y143.281 Z1.8
G1 Z1.4
G1 E.8 F1800
;TYPE:Gap infill
;WIDTH:0.22313
G1 F15000
G1 X158.267 Y143.052 E.00412
;WIDTH:0.184097
G1 X158.1 Y142.823 E.00323
;WIDTH:0.144273
G1 X157.925 Y142.586 E.00241
;WIDTH:0.115717
G1 X157.586 Y142.236 E.00286
;WIDTH:0.125911
G1 X157.468 Y142.142 E.00101
;WIDTH:0.159895
G1 X157.35 Y142.047 E.00143
;WIDTH:0.194559
G1 X157.098 Y141.858 E.00385
G1 E-.7811 F1800
;WIPE_START
G1 F30000
G1 X157.35 Y142.047 E-.0189
;WIPE_END
G1 X149.719 Y141.907 Z1.8
G1 X149.03 Y141.894 Z1.8
G1 Z1.4
G1 E.8 F1800
;WIDTH:0.362885
G1 F15000
G1 X148.138 Y141.002 E.03255
G1 E-.728 F1800
;WIPE_START
G1 F30000
G1 X148.987 Y141.851 E-.072
;WIPE_END
G1 X146.351 Y134.688 Z1.8
G1 X137.71 Y111.21 Z1.8
G1 Z1.4
G1 E.8 F1800
SET_VELOCITY_LIMIT ACCEL=2000
;TYPE:Outer wall
;WIDTH:0.42
G1 F7200
G1 X148.29 Y111.21 E.32178
G1 X148.29 Y111.79 E.01764
G1 X137.71 Y111.79 E.32178
G1 X137.71 Y111.25 E.01642
G1 X137.906 Y111.5 F30000
SET_VELOCITY_LIMIT ACCEL=3000
;TYPE:Gap infill
;WIDTH:0.230842
G1 F15000
G1 X148.094 Y111.5 E.15442
G1 E-.728 F1800
;WIPE_START
G1 F30000
G1 X146.894 Y111.5 E-.072
;WIPE_END
G1 X143.578 Y118.374 Z1.8
G1 X142.866 Y119.848 Z1.8
G1 Z1.4
G1 E.8 F1800
;TYPE:Inner wall
;WIDTH:0.45
G1 F12000
G1 X142.898 Y120.039 E.00636
G1 X142.898 Y129.461 E.30932
G1 X142.879 Y129.602 E.00467
G1 X142.815 Y129.741 E.00506
G1 X142.696 Y129.84 E.00506
G1 X142.602 Y129.879 E.00337
G1 X142.461 Y129.898 E.00467
G1 X135.539 Y129.898 E.22724
G1 X135.398 Y129.879 E.00467
G1 X135.259 Y129.815 E.00506
G1 X135.16 Y129.696 E.00506
G1 X135.121 Y129.602 E.00337
G1 X135.102 Y129.461 E.00467
G1 X135.102 Y120.039 E.30933
G1 X135.121 Y119.898 E.00467
G1 X135.17 Y119.779 E.00423
G1 X135.261 Y119.688 E.00423
G1 X135.35 Y119.637 E.00337
G1 X135.52 Y119.602 E.00569
G1 X142.519 Y119.606 E.22982
G1 X142.652 Y119.634 E.00445
G1 X142.778 Y119.722 E.00506
G1 X142.843 Y119.816 E.00374
SET_VELOCITY_LIMIT ACCEL=2000
G1 X143.224 Y119.687 F30000
;TYPE:Outer wall
;WIDTH:0.42
G1 F7200
G1 X143.229 Y119.698 E.00037
G1 X143.26 Y119.789 E.00293
G1 X143.29 Y120.014 E.00689
G1 X143.29 Y129.486 E.28809
G1 X143.261 Y129.704 E.00668
G1 X143.18 Y129.901 E.00647
G1 X143.126 Y129.981 E.00293
G1 X143.063 Y130.053 E.00293
G1 X142.894 Y130.183 E.00647
G1 X142.704 Y130.261 E.00626
G1 X142.486 Y130.29 E.00668
G1 X135.514 Y130.29 E.21206
G1 X135.296 Y130.261 E.00668
G1 X135.099 Y130.18 E.00647
G1 X135.019 Y130.126 E.00293
G1 X134.947 Y130.063 E.00293
G1 X134.817 Y129.894 E.00647
G1 X134.739 Y129.704 E.00626
G1 X134.71 Y129.486 E.00668
G1 X134.71 Y120.014 E.28809
G1 X134.739 Y119.796 E.00668
G1 X134.82 Y119.599 E.00647
G1 X134.87 Y119.525 E.00272
G1 X135.02 Y119.375 E.00647
G1 X135.198 Y119.272 E.00626
G1 X135.404 Y119.217 E.00647
G1 X135.507 Y119.21 E.00314
G1 X142.549 Y119.214 E.21418
G1 X142.802 Y119.271 E.00788
G1 X142.889 Y119.313 E.00293
G1 X143.057 Y119.443 E.00647
G1 X143.187 Y119.611 E.00647
G1 X143.206 Y119.651 E.00135
G1 E-.728 F1800
;WIPE_START
G1 F30000
G1 X143.229 Y119.698 E-.00312
G1 X143.26 Y119.789 E-.00578
G1 X143.29 Y120.014 E-.0136
G1 X143.29 Y120.839 E-.0495
;WIPE_END
G1 X141.114 Y119.998 Z1.8
G1 Z1.4
G1 E.8 F1800
SET_VELOCITY_LIMIT ACCEL=3000
;TYPE:Internal solid infill
;WIDTH:0.419999
G1 F15000
G1 X142.506 Y121.389 E.05985
G1 X142.506 Y120.104 E.03909
G1 X142.459 Y119.998 E.00352
G1 X141.154 Y119.998 E.03967
G1 E-.728 F1800
;WIPE_START
G1 F30000
G1 X142.354 Y119.998 E-.072
;WIPE_END
G1 X142.126 Y120.358 Z1.8
G1 Z1.4
G1 E.8 F1800
;WIDTH:0.48067
G1 F14836.881
G1 X142.071 Y120.358 E.00193
G1 X142.044 Y120.406 E.00193
G1 X142.071 Y120.453 E.00193
G1 X142.133 Y120.44 E.00224
G1 E-.78635 F1800
;WIPE_START
G1 F30000
G1 X142.071 Y120.453 E-.0038
G1 X142.044 Y120.406 E-.00328
G1 X142.071 Y120.358 E-.00328
G1 X142.126 Y120.358 E-.00328
;WIPE_END
G1 X140.619 Y119.769 Z1.8
G1 Z1.4
G1 E.8 F1800
;WIDTH:0.419999
G1 F15000
G1 X142.565 Y121.715 E.0837
G1 X142.565 Y122.248 E.01622
G1 X140.255 Y119.938 E.09934
G1 X139.721 Y119.938 E.01623
G1 X142.565 Y122.781 E.12229
G1 X142.565 Y123.314 E.01622
G1 X139.188 Y119.938 E.14525
G1 X138.654 Y119.937 E.01623
G1 X142.565 Y123.848 E.1682
G1 X142.565 Y124.381 E.01622
G1 X138.121 Y119.937 E.19115
G1 X137.587 Y119.937 E.01623
G1 X142.565 Y124.914 E.2141
G1 X142.565 Y125.448 E.01622
G1 X137.053 Y119.936 E.23705
G1 X136.52 Y119.936 E.01623
G1 X142.565 Y125.981 E.26
G1 X142.565 Y126.514 E.01622
G1 X135.986 Y119.936 E.28295
G1 X135.553 Y119.935 E.01316
M73 P84 R3
G1 X135.47 Y119.953 E.00259
G1 X142.565 Y127.047 E.30515
G1 X142.565 Y127.581 E.01622
G1 X135.435 Y120.451 E.30664
G1 X135.435 Y120.985 E.01622
G1 X142.565 Y128.114 E.30664
G1 X142.565 Y128.647 E.01622
G1 X135.435 Y121.518 E.30664
G1 X135.435 Y122.051 E.01622
G1 X142.565 Y129.18 E.30664
G1 X142.565 Y129.439 E.00785
G1 X142.544 Y129.534 E.00295
G1 X142.515 Y129.555 E.00109
G1 X142.416 Y129.565 E.00303
G1 X135.435 Y122.584 E.30023
G1 X135.435 Y123.118 E.01622
G1 X141.882 Y129.565 E.27729
G1 X141.349 Y129.565 E.01622
G1 X135.435 Y123.651 E.25436
G1 X135.435 Y124.184 E.01622
G1 X140.816 Y129.565 E.23142
G1 X140.283 Y129.565 E.01622
G1 X135.435 Y124.717 E.20848
G1 X135.435 Y125.251 E.01622
G1 X139.749 Y129.565 E.18555
G1 X139.216 Y129.565 E.01622
G1 X135.435 Y125.784 E.16261
G1 X135.435 Y126.317 E.01622
G1 X138.683 Y129.565 E.13967
G1 X138.149 Y129.565 E.01622
G1 X135.435 Y126.851 E.11674
G1 X135.435 Y127.384 E.01622
G1 X137.616 Y129.565 E.0938
G1 X137.083 Y129.565 E.01622
G1 X135.435 Y127.917 E.07086
G1 X135.435 Y128.45 E.01622
G1 X136.55 Y129.565 E.04793
G1 X136.016 Y129.565 E.01622
G1 X135.266 Y128.814 E.03229
G1 E-.728 F1800
;WIPE_START
G1 F30000
G1 X136.016 Y129.565 E-.0637
G1 X136.155 Y129.565 E-.0083
;WIPE_END
G1 X136.335 Y121.934 Z1.8
G1 X136.578 Y111.615 Z1.8
G1 Z1.4
G1 E.8 F1800
SET_VELOCITY_LIMIT ACCEL=2000
;TYPE:Outer wall
;WIDTH:0.42
G1 F7200
G1 X136.49 Y111.827 E.00699
G1 X136.327 Y111.99 E.00699
G1 X136.115 Y112.078 E.00699
G1 X135.885 Y112.078 E.00699
G1 X135.673 Y111.99 E.00699
G1 X135.51 Y111.827 E.00699
G1 X135.422 Y111.615 E.00699
G1 X135.422 Y111.392 E.00678
G1 X135.494 Y111.2 E.00625
G1 X135.641 Y111.033 E.00678
G1 X135.848 Y110.931 E.00699
G1 X136.073 Y110.916 E.00688
G1 X136.228 Y110.957 E.00488
G1 X136.327 Y111.01 E.00341
G1 X136.49 Y111.173 E.00699
G1 X136.578 Y111.385 E.00699
G1 X136.578 Y111.575 E.00577
G1 E-.728 F1800
;WIPE_START
G1 F30000
G1 X136.49 Y111.827 E-.01603
G1 X136.327 Y111.99 E-.01379
G1 X136.115 Y112.078 E-.01379
G1 X135.885 Y112.078 E-.01379
G1 X135.673 Y111.99 E-.01379
G1 X135.663 Y111.98 E-.00081
;WIPE_END
G1 X135.908 Y111.112 Z1.8
G1 Z1.4
G1 E.8 F1800
SET_VELOCITY_LIMIT ACCEL=1500
;TYPE:Top surface
;WIDTH:0.461401
G1 F12000
G1 X136.213 Y111.417 E.01587
G1 X136.225 Y111.545 E.00471
G1 X136.162 Y111.662 E.00489
G1 X136.045 Y111.725 E.00489
G1 X135.917 Y111.713 E.00472
G1 X135.616 Y111.412 E.01568
G1 E-.728 F1800
;WIPE_START
G1 F30000
G1 X135.917 Y111.713 E-.02557
G1 X136.045 Y111.725 E-.00769
G1 X136.162 Y111.662 E-.00798
G1 X136.225 Y111.545 E-.00798
G1 X136.213 Y111.417 E-.00768
G1 X136.035 Y111.239 E-.01511
;WIPE_END
G1 X133.878 Y111.575 Z1.8
G1 Z1.4
G1 E.8 F1800
SET_VELOCITY_LIMIT ACCEL=2000
;TYPE:Outer wall
;WIDTH:0.42
G1 F7200
G1 X133.821 Y111.714 E.00458
G1 X133.714 Y111.821 E.00458
G1 X133.575 Y111.878 E.00458
G1 X133.425 Y111.878 E.00458
G1 X133.286 Y111.821 E.00458
G1 X133.179 Y111.714 E.00458
G1 X133.122 Y111.575 E.00458
G1 X133.122 Y111.425 E.00458
G1 X133.179 Y111.286 E.00458
G1 X133.286 Y111.179 E.00458
G1 X133.425 Y111.122 E.00458
G1 X133.575 Y111.122 E.00458
G1 X133.714 Y111.179 E.00458
G1 X133.821 Y111.286 E.00458
G1 X133.878 Y111.425 E.00458
G1 X133.878 Y111.535 E.00336
G1 X133.637 Y111.637 F30000
SET_VELOCITY_LIMIT ACCEL=1500
;TYPE:Top surface
;WIDTH:0.486297
G1 F12000
G1 X133.363 Y111.363 E.0151
G1 E-.77675 F1800
;WIPE_START
G1 F30000
G1 X133.637 Y111.637 E-.02325
;WIPE_END
G1 X131.155 Y111.397 Z1.8
G1 Z1.4
G1 E.8 F1800
SET_VELOCITY_LIMIT ACCEL=2000
;TYPE:Outer wall
;WIDTH:0.42
G1 F7200
G1 X131.182 Y111.464 E.00221
G1 X131.182 Y111.536 E.00221
G1 X131.155 Y111.603 E.00221
G1 X131.103 Y111.655 E.00221
G1 X131.036 Y111.682 E.00221
G1 X130.964 Y111.682 E.00221
G1 X130.897 Y111.655 E.00221
G1 X130.845 Y111.603 E.00221
G1 X130.818 Y111.536 E.00221
G1 X130.818 Y111.464 E.00221
G1 X130.845 Y111.397 E.00221
G1 X130.897 Y111.345 E.00221
G1 X130.964 Y111.318 E.00221
G1 X131.036 Y111.318 E.00221
G1 X131.103 Y111.345 E.00221
G1 X131.126 Y111.368 E.00099
M106 S199
;LAYER_CHANGE
;Z:1.6
;HEIGHT:0.2
;BEFORE_LAYER_CHANGE
;1.6
G92 E0

G1 E-.73049 F1800
;WIPE_START
G1 F30000
G1 X131.182 Y111.464 E-.00663
G1 X131.182 Y111.536 E-.00435
G1 X131.155 Y111.603 E-.00435
G1 X131.103 Y111.655 E-.00435
G1 X131.036 Y111.682 E-.00435
G1 X130.964 Y111.682 E-.00435
G1 X130.897 Y111.655 E-.00435
G1 X130.845 Y111.603 E-.00435
G1 X130.818 Y111.536 E-.00435
G1 X130.818 Y111.464 E-.00435
G1 X130.845 Y111.397 E-.00435
G1 X130.897 Y111.345 E-.00435
G1 X130.964 Y111.318 E-.00435
G1 X131.036 Y111.318 E-.00435
G1 X131.103 Y111.345 E-.00435
G1 X131.126 Y111.368 E-.00195
;WIPE_END
M73 L8
;LAYER:8
SET_PRINT_STATS_INFO TOTAL_LAYER=9 CURRENT_LAYER=8
;_SET_FAN_SPEED_CHANGING_LAYER

G1 X132.155 Y111.609 Z1.65714
G1 X132.608 Y112.562 Z1.71429
G1 X132.145 Y113.512 Z1.77143
G1 X131.114 Y113.741 Z1.82857
G1 X130.292 Y113.079 Z1.88571
G1 X130.297 Y112.023 Z1.94286
G1 X131.126 Y111.368 Z2
G1 X158.39 Y105.29 Z2
G1 Z1.6
G1 E.8 F1800
G1 F7200
G1 X153.71 Y105.29 E.14234
G1 X153.71 Y103.71 E.04805
G1 X158.39 Y103.71 E.14234
G1 X158.39 Y105.25 E.04684
G1 E-.728 F1800
;WIPE_START
G1 F30000
G1 X157.19 Y105.26 E-.072
;WIPE_END
G1 X158.201 Y104.302 Z2
G1 Z1.6
G1 E.8 F1800
SET_VELOCITY_LIMIT ACCEL=1500
;TYPE:Top surface
;WIDTH:0.437574
G1 F12000
G1 X157.572 Y104.932 E.03091
G1 X157.013 Y104.932 E.01936
G1 X157.877 Y104.068 E.04237
G1 X157.319 Y104.068 E.01936
G1 X156.455 Y104.932 E.04237
G1 X155.897 Y104.932 E.01936
G1 X156.761 Y104.068 E.04237
G1 X156.203 Y104.068 E.01936
G1 X155.339 Y104.932 E.04237
G1 X154.781 Y104.932 E.01936
G1 X155.645 Y104.068 E.04237
G1 X155.086 Y104.068 E.01936
G1 X154.223 Y104.932 E.04237
G1 X154.068 Y104.932 E.00536
G1 X154.068 Y104.528 E.014
G1 X154.698 Y103.899 E.0309
G1 E-.728 F1800
;WIPE_START
G1 F30000
G1 X154.068 Y104.528 E-.05343
G1 X154.068 Y104.838 E-.01857
;WIPE_END
G1 X149.127 Y110.654 Z2
G1 X128.352 Y135.107 Z2
G1 Z1.6
G1 E.8 F1800
SET_VELOCITY_LIMIT ACCEL=2000
;TYPE:Outer wall
;WIDTH:0.42
G1 F7200
G1 X128.382 Y134.986 E.00378
G1 X128.415 Y134.943 E.00164
G1 X128.515 Y134.927 E.00308
G1 X128.586 Y134.966 E.00246
G1 X128.635 Y135.027 E.00239
G1 X128.672 Y135.145 E.00376
G1 X128.509 Y135.091 E.00525
G1 X128.392 Y135.103 E.00356
G1 E-.7493 F1800
;WIPE_START
G1 F30000
G1 X128.382 Y134.986 E-.00701
G1 X128.415 Y134.943 E-.00324
G1 X128.515 Y134.927 E-.00609
G1 X128.586 Y134.966 E-.00484
G1 X128.635 Y135.027 E-.00472
G1 X128.672 Y135.145 E-.00742
G1 X128.509 Y135.091 E-.01035
G1 X128.392 Y135.103 E-.00703
;WIPE_END
G1 X121.962 Y136.428 Z2
G1 Z1.6
G1 E.8 F1800
G1 F7200
G1 X121.932 Y136.549 E.00379
G1 X121.9 Y136.593 E.00166
G1 X121.802 Y136.608 E.00302
G1 X121.728 Y136.569 E.00254
G1 X121.678 Y136.508 E.00239
G1 X121.642 Y136.392 E.00372
G1 X121.799 Y136.445 E.00505
G1 X121.922 Y136.432 E.00378
G1 E-.74924 F1800
;WIPE_START
G1 F30000
G1 X121.932 Y136.549 E-.00705
G1 X121.9 Y136.593 E-.00328
G1 X121.802 Y136.608 E-.00596
G1 X121.728 Y136.569 E-.00501
G1 X121.678 Y136.508 E-.00472
G1 X121.642 Y136.392 E-.00733
G1 X121.799 Y136.445 E-.00996
G1 X121.922 Y136.432 E-.00746
;WIPE_END
G1 X127.251 Y141.896 Z2
G1 X128.908 Y143.595 Z2
G1 Z1.6
G1 E.8 F1800
G1 F7200
G1 X128.362 Y143.595 E.01661
G1 X128.408 Y143.495 E.00334
G1 X128.474 Y143.43 E.00283
G1 X128.6 Y143.376 E.00417
G1 X128.711 Y143.373 E.00337
G1 X128.792 Y143.404 E.00263
G1 X128.858 Y143.475 E.00297
G1 X128.893 Y143.558 E.00272
G1 E-.728 F1800
;WIPE_START
G1 F30000
G1 X128.362 Y143.595 E-.03193
G1 X128.408 Y143.495 E-.00659
G1 X128.474 Y143.43 E-.00559
G1 X128.6 Y143.376 E-.00822
G1 X128.711 Y143.373 E-.00666
G1 X128.792 Y143.404 E-.00519
G1 X128.858 Y143.475 E-.00585
G1 X128.871 Y143.506 E-.00196
;WIPE_END
G1 X121.245 Y143.196 Z2
G1 X104.039 Y142.497 Z2
G1 Z1.6
G1 E.8 F1800
G1 F7200
G1 X104.058 Y142.43 E.00209
G1 X104.085 Y142.405 E.00112
G1 X104.202 Y142.382 E.00363
G1 X104.426 Y142.397 E.00681
G1 X104.551 Y142.451 E.00416
G1 X104.578 Y142.489 E.00139
G1 X104.595 Y142.645 E.00479
G1 X104.44 Y142.562 E.00533
G1 X104.174 Y142.497 E.00834
G1 X104.079 Y142.497 E.00287
G1 E-.728 F1800
;WIPE_START
G1 F30000
G1 X104.058 Y142.43 E-.00418
G1 X104.085 Y142.405 E-.00222
G1 X104.202 Y142.382 E-.00717
G1 X104.426 Y142.397 E-.01343
G1 X104.551 Y142.451 E-.0082
G1 X104.578 Y142.489 E-.00275
G1 X104.595 Y142.645 E-.00945
G1 X104.44 Y142.562 E-.01051
G1 X104.212 Y142.506 E-.01409
;WIPE_END
G1 X101.277 Y143.475 Z2
G1 Z1.6
G1 E.8 F1800
G1 F7200
G1 X101.326 Y143.595 E.00394
G1 X100.772 Y143.595 E.01686
G1 X100.822 Y143.499 E.00329
G1 X100.893 Y143.43 E.003
G1 X101.019 Y143.376 E.00417
G1 X101.129 Y143.373 E.00338
G1 X101.211 Y143.404 E.00263
G1 X101.25 Y143.446 E.00175
G1 E-.728 F1800
;WIPE_START
G1 F30000
G1 X101.326 Y143.595 E-.01006
G1 X100.772 Y143.595 E-.03326
G1 X100.822 Y143.499 E-.00649
G1 X100.893 Y143.43 E-.00592
G1 X101.019 Y143.376 E-.00822
G1 X101.129 Y143.373 E-.00666
G1 X101.151 Y143.381 E-.00138
;WIPE_END
G1 X108.783 Y143.411 Z2
G1 X156.514 Y143.595 Z2
G1 Z1.6
G1 E.8 F1800
G1 F7200
G1 X155.96 Y143.595 E.01686
G1 X156.01 Y143.499 E.00329
G1 X156.08 Y143.43 E.003
G1 X156.206 Y143.376 E.00417
G1 X156.317 Y143.373 E.00338
G1 X156.398 Y143.404 E.00263
G1 X156.464 Y143.475 E.00297
G1 X156.499 Y143.558 E.00272
G1 E-.728 F1800
;WIPE_START
G1 F30000
G1 X155.96 Y143.595 E-.03242
G1 X156.01 Y143.499 E-.00649
G1 X156.08 Y143.43 E-.00592
G1 X156.206 Y143.376 E-.00822
G1 X156.317 Y143.373 E-.00666
G1 X156.398 Y143.404 E-.00519
G1 X156.464 Y143.475 E-.00585
G1 X156.472 Y143.494 E-.00123
;WIPE_END
G1 X149.134 Y141.397 Z2
G1 X127.32 Y135.162 Z2
G1 Z1.6
G1 E.8 F1800
G1 F7200
G1 X127.911 Y135.227 E.01809
G1 X127.805 Y135.282 E.00363
G1 X127.565 Y135.516 E.01021
G1 X127.401 Y135.819 E.01048
G1 X127.326 Y136.28 E.01421
G1 X127.371 Y136.651 E.01137
G1 X127.454 Y136.879 E.00738
G1 X127.585 Y137.087 E.00747
G1 X127.932 Y137.38 E.01381
G1 X128.373 Y137.507 E.01396
G1 X128.758 Y137.486 E.01171
G1 X129.011 Y137.401 E.00813
G1 X129.318 Y137.184 E.01142
G1 X129.497 Y136.964 E.00863
G1 X129.626 Y136.689 E.00924
G1 X129.708 Y136.364 E.01018
G1 X129.747 Y135.989 E.01149
G1 X129.732 Y135.382 E.01847
G1 X129.669 Y135.023 E.01106
G1 X129.558 Y134.711 E.01009
G1 X129.307 Y134.361 E.0131
G1 X128.975 Y134.131 E.01228
G1 X128.583 Y134.028 E.01231
G1 X128.277 Y134.046 E.00934
G1 X128.148 Y134.053 E.00392
G1 X127.811 Y134.2 E.01117
G1 X127.61 Y134.393 E.00849
G1 X127.503 Y134.567 E.00622
G1 X127.332 Y135.124 E.0177
G1 E-.728 F1800
;WIPE_START
G1 F30000
G1 X127.911 Y135.227 E-.03532
G1 X127.805 Y135.282 E-.00715
G1 X127.565 Y135.516 E-.02014
G1 X127.491 Y135.654 E-.00939
;WIPE_END
G1 X130.013 Y135.872 Z2
G1 Z1.6
G1 E.8 F1800
G1 F7200
G1 X131.562 Y135.872 E.04713
G1 X131.562 Y134.877 E.03026
G1 X130.013 Y134.877 E.04713
G1 X130.013 Y135.832 E.02905
G1 E-.728 F1800
;WIPE_START
G1 F30000
G1 X131.212 Y135.863 E-.072
;WIPE_END
G1 X132.552 Y136.126 Z2
G1 Z1.6
G1 E.8 F1800
G1 F7200
G1 X131.56 Y136.225 E.03031
G1 X131.643 Y136.691 E.0144
G1 X131.773 Y137.007 E.01039
G1 X131.914 Y137.187 E.00696
G1 X132.091 Y137.325 E.00683
G1 X132.467 Y137.476 E.01232
G1 X132.8 Y137.51 E.01017
G1 X133.055 Y137.492 E.00779
G1 X133.467 Y137.351 E.01324
G1 X133.725 Y137.135 E.01023
G1 X133.923 Y136.781 E.01232
G1 X133.966 Y136.407 E.01146
G1 X133.9 Y136.059 E.01075
G1 X133.77 Y135.784 E.00926
G1 X133.583 Y135.523 E.00977
G1 X133.08 Y135.031 E.02139
G1 X133.964 Y135.031 E.0269
G1 X133.964 Y134.077 E.02902
G1 X131.462 Y134.077 E.07612
G1 X131.666 Y134.806 E.02302
G1 X131.808 Y135.053 E.00866
G1 X132.11 Y135.411 E.01425
G1 X132.864 Y136.165 E.03245
G1 X132.935 Y136.285 E.00423
G1 X132.964 Y136.399 E.00357
G1 X132.956 Y136.501 E.00312
G1 X132.932 Y136.553 E.00174
G1 X132.869 Y136.597 E.00233
G1 X132.789 Y136.61 E.00246
G1 X132.705 Y136.596 E.00261
G1 X132.659 Y136.566 E.00168
G1 X132.618 Y136.496 E.00243
G1 X132.559 Y136.165 E.01023
G1 E-.728 F1800
;WIPE_START
G1 F30000
G1 X131.56 Y136.225 E-.06004
G1 X131.595 Y136.421 E-.01196
;WIPE_END
G1 X136.571 Y137.456 Z2
G1 Z1.6
G1 E.8 F1800
G1 F7200
G1 X136.571 Y136.759 E.02121
G1 X136.109 Y136.141 E.02347
G1 X135.795 Y135.485 E.02212
G1 X135.632 Y134.903 E.01838
G1 X135.541 Y134.077 E.02526
G1 X134.563 Y134.077 E.02974
G1 X134.663 Y134.957 E.02692
G1 X134.857 Y135.63 E.0213
G1 X135.154 Y136.272 E.02151
G1 X135.309 Y136.502 E.00845
G1 X134.185 Y136.502 E.03419
G1 X134.185 Y137.456 E.02902
G1 X136.531 Y137.456 E.07137
G1 E-.728 F1800
;WIPE_START
G1 F30000
G1 X136.571 Y136.759 E-.0419
G1 X136.271 Y136.357 E-.0301
;WIPE_END
G1 X136.025 Y139.929 Z2
G1 Z1.6
G1 E.8 F1800
G1 F7200
G1 X136.107 Y140.395 E.0144
G1 X136.237 Y140.711 E.01039
G1 X136.379 Y140.891 E.00696
G1 X136.556 Y141.029 E.00683
G1 X136.932 Y141.181 E.01232
G1 X137.264 Y141.215 E.01017
G1 X137.52 Y141.196 E.00779
G1 X137.932 Y141.055 E.01324
G1 X138.189 Y140.839 E.01023
G1 X138.387 Y140.485 E.01232
G1 X138.43 Y140.111 E.01146
G1 X138.365 Y139.764 E.01075
G1 X138.234 Y139.489 E.00926
G1 X138.048 Y139.227 E.00977
G1 X137.545 Y138.736 E.02139
G1 X138.429 Y138.736 E.0269
G1 X138.429 Y137.782 E.02902
G1 X134.991 Y137.782 E.10456
G1 X134.176 Y138.95 E.04334
G1 X134.069 Y139.013 E.00377
G1 X133.944 Y139.025 E.00383
G1 X133.944 Y137.782 E.03782
G1 X132.918 Y137.782 E.0312
G1 X132.918 Y141.203 E.10406
G1 X134.744 Y141.19 E.05554
G1 X135.105 Y141.132 E.01112
G1 X135.374 Y141.008 E.00901
G1 X135.586 Y140.801 E.00903
G1 X135.728 Y140.535 E.00916
G1 X135.783 Y140.307 E.00713
G1 X135.789 Y140.054 E.00771
G1 X135.757 Y139.856 E.00607
G1 X135.652 Y139.601 E.00839
G1 X135.476 Y139.386 E.00846
G1 X135.31 Y139.266 E.00622
G1 X135.232 Y139.234 E.00256
G1 X135.349 Y139.113 E.0051
G1 X136.009 Y138.094 E.03695
G1 X136.044 Y138.274 E.00559
G1 X136.174 Y138.595 E.01053
G1 X136.337 Y138.844 E.00904
G1 X137.328 Y139.868 E.04335
G1 X137.4 Y139.99 E.00428
G1 X137.428 Y140.103 E.00357
G1 X137.421 Y140.206 E.00312
G1 X137.397 Y140.257 E.00174
G1 X137.334 Y140.302 E.00233
G1 X137.254 Y140.314 E.00246
G1 X137.17 Y140.3 E.00261
G1 X137.123 Y140.27 E.00168
G1 X137.083 Y140.201 E.00243
G1 X137.016 Y139.83 E.01145
G1 X136.064 Y139.925 E.0291
G1 E-.728 F1800
;WIPE_START
G1 F30000
G1 X136.107 Y140.395 E-.02832
G1 X136.237 Y140.711 E-.0205
G1 X136.379 Y140.891 E-.01373
G1 X136.503 Y140.988 E-.00945
;WIPE_END
G1 X132.507 Y137.782 Z2
G1 Z1.6
G1 E.8 F1800
G1 F7200
G1 X131.482 Y137.782 E.0312
G1 X131.482 Y141.202 E.10401
G1 X132.507 Y141.202 E.0312
G1 X132.507 Y137.822 E.1028
G1 E-.728 F1800
;WIPE_START
G1 F30000
G1 X131.482 Y137.782 E-.06159
G1 X131.482 Y137.955 E-.01041
;WIPE_END
G1 X129.422 Y139.622 Z2
G1 Z1.6
G1 E.8 F1800
M73 P85 R3
G1 F7200
G1 X129.595 Y139.437 E.0077
G1 X129.721 Y139.171 E.00896
G1 X129.762 Y138.87 E.00925
G1 X129.683 Y138.417 E.01397
G1 X129.435 Y138.045 E.01361
G1 X129.052 Y137.803 E.01376
G1 X128.59 Y137.727 E.01425
G1 X128.349 Y137.744 E.00734
G1 X128.034 Y137.828 E.00991
G1 X127.68 Y138.063 E.01293
G1 X127.523 Y138.259 E.00764
G1 X127.421 Y138.478 E.00735
G1 X127.371 Y138.725 E.00765
G1 X127.385 Y139.066 E.01038
G1 X127.48 Y139.338 E.00877
G1 X127.606 Y139.53 E.007
G1 X127.699 Y139.613 E.00377
G1 X127.604 Y139.709 E.0041
G1 X127.457 Y140.043 E.0111
G1 X127.457 Y140.434 E.01187
G1 X127.609 Y140.792 E.01184
G1 X127.908 Y141.066 E.01234
G1 X128.316 Y141.2 E.01306
G1 X128.784 Y141.2 E.01423
G1 X129.106 Y141.11 E.01018
G1 X129.433 Y140.871 E.01233
G1 X129.62 Y140.539 E.01159
G1 X129.661 Y140.327 E.00655
G1 X129.647 Y140.041 E.00872
G1 X129.583 Y139.85 E.00613
G1 X129.445 Y139.654 E.00729
G1 E-.728 F1800
;WIPE_START
G1 F30000
G1 X129.595 Y139.437 E-.01584
G1 X129.721 Y139.171 E-.01768
G1 X129.762 Y138.87 E-.01824
G1 X129.704 Y138.537 E-.02024
;WIPE_END
G1 X127.077 Y138.777 Z2
G1 Z1.6
G1 E.8 F1800
G1 F7200
G1 X127.077 Y137.782 E.03026
G1 X126.082 Y137.782 E.03026
G1 X126.082 Y138.777 E.03026
G1 X127.037 Y138.777 E.02905
G1 E-.728 F1800
;WIPE_START
G1 F30000
G1 X127.077 Y137.782 E-.05975
G1 X126.873 Y137.782 E-.01225
;WIPE_END
G1 X123.685 Y138.149 Z2
G1 Z1.6
G1 E.8 F1800
G1 F7200
G1 X123.542 Y138.393 E.0086
G1 X123.447 Y138.698 E.00973
G1 X123.392 Y139.061 E.01115
G1 X123.379 Y139.69 E.01915
G1 X123.419 Y140.081 E.01196
G1 X123.5 Y140.419 E.01057
G1 X123.629 Y140.705 E.00954
G1 X123.793 Y140.918 E.00816
G1 X123.979 Y141.065 E.00722
G1 X124.195 Y141.162 E.00719
G1 X124.437 Y141.21 E.00752
G1 X124.803 Y141.193 E.01112
G1 X125.035 Y141.118 E.00744
G1 X125.237 Y140.995 E.0072
G1 X125.408 Y140.822 E.00737
G1 X125.563 Y140.562 E.00921
G1 X125.701 Y140.077 E.01534
G1 X125.739 Y139.26 E.02487
G1 X125.699 Y138.865 E.01209
G1 X125.616 Y138.52 E.01078
G1 X125.41 Y138.122 E.01363
G1 X125.235 Y137.947 E.00752
G1 X125.034 Y137.825 E.00716
G1 X124.807 Y137.753 E.00726
G1 X124.553 Y137.729 E.00777
G1 X124.298 Y137.768 E.00782
G1 X124.185 Y137.786 E.00348
G1 X123.869 Y137.961 E.01099
G1 X123.713 Y138.12 E.00679
G1 E-.728 F1800
;WIPE_START
G1 F30000
G1 X123.542 Y138.393 E-.0193
G1 X123.447 Y138.698 E-.01919
G1 X123.392 Y139.061 E-.022
G1 X123.388 Y139.252 E-.01152
;WIPE_END
G1 X126.656 Y134.246 Z2
G1 Z1.6
G1 E.8 F1800
G1 F7200
G1 X126.448 Y134.12 E.00739
G1 X126.221 Y134.048 E.00726
G1 X125.972 Y134.025 E.00759
G1 X125.777 Y134.045 E.00597
G1 X125.484 Y134.128 E.00925
G1 X125.189 Y134.341 E.01107
G1 X125.022 Y134.558 E.00832
G1 X124.903 Y134.834 E.00916
G1 X124.828 Y135.169 E.01044
G1 X124.788 Y135.771 E.01834
G1 X124.808 Y136.189 E.01273
G1 X124.868 Y136.552 E.0112
G1 X124.973 Y136.865 E.01003
G1 X125.126 Y137.122 E.00913
G1 X125.296 Y137.293 E.00733
G1 X125.498 Y137.415 E.00716
G1 X125.73 Y137.489 E.00741
G1 X126.095 Y137.506 E.01112
G1 X126.338 Y137.457 E.00754
G1 X126.554 Y137.358 E.00722
G1 X126.741 Y137.21 E.00726
G1 X126.908 Y136.993 E.00833
G1 X127.077 Y136.554 E.0143
G1 X127.138 Y136.185 E.01138
G1 X127.157 Y135.767 E.01273
G1 X127.138 Y135.349 E.01272
G1 X127.077 Y134.98 E.01139
G1 X126.904 Y134.534 E.01454
G1 X126.682 Y134.277 E.01033
G1 E-.728 F1800
;WIPE_START
G1 F30000
G1 X126.448 Y134.12 E-.01688
G1 X126.221 Y134.048 E-.01431
G1 X125.972 Y134.025 E-.01498
G1 X125.777 Y134.045 E-.01177
G1 X125.552 Y134.109 E-.01405
;WIPE_END
G1 X124.751 Y135.872 Z2
G1 Z1.6
G1 E.8 F1800
G1 F7200
G1 X124.751 Y134.877 E.03026
G1 X123.201 Y134.877 E.04713
G1 X123.201 Y135.872 E.03026
G1 X124.711 Y135.872 E.04591
G1 E-.728 F1800
;WIPE_START
G1 F30000
G1 X124.751 Y134.877 E-.05975
G1 X124.546 Y134.877 E-.01225
;WIPE_END
G1 X122.997 Y136.372 Z2
G1 Z1.6
G1 E.8 F1800
G1 F7200
G1 X122.404 Y136.306 E.01817
G1 X122.512 Y136.251 E.0037
G1 X122.81 Y135.93 E.01333
G1 X122.944 Y135.61 E.01053
G1 X122.986 Y135.253 E.01094
G1 X122.942 Y134.884 E.0113
G1 X122.859 Y134.656 E.00739
G1 X122.728 Y134.447 E.00748
G1 X122.381 Y134.155 E.0138
G1 X121.938 Y134.029 E.01402
G1 X121.662 Y134.044 E.0084
G1 X121.554 Y134.05 E.00331
G1 X121.301 Y134.135 E.00812
G1 X120.995 Y134.352 E.0114
G1 X120.816 Y134.572 E.00862
G1 X120.687 Y134.846 E.00922
G1 X120.605 Y135.17 E.01015
G1 X120.566 Y135.544 E.01145
G1 X120.581 Y136.151 E.01846
G1 X120.644 Y136.51 E.01108
G1 X120.755 Y136.823 E.0101
G1 X121.006 Y137.173 E.0131
G1 X121.337 Y137.402 E.01226
G1 X121.728 Y137.505 E.01229
G1 X122.159 Y137.48 E.01311
G1 X122.495 Y137.33 E.01119
G1 X122.699 Y137.136 E.00857
G1 X122.809 Y136.963 E.00624
G1 X122.985 Y136.41 E.01766
G1 E-.728 F1800
;WIPE_START
G1 F30000
G1 X122.404 Y136.306 E-.03544
G1 X122.512 Y136.251 E-.00729
G1 X122.81 Y135.93 E-.0263
G1 X122.829 Y135.884 E-.00297
;WIPE_END
G1 X120.341 Y135.031 Z2
G1 Z1.6
G1 E.8 F1800
G1 F7200
G1 X120.341 Y134.077 E.02902
G1 X117.838 Y134.077 E.07612
G1 X118.043 Y134.806 E.02302
G1 X118.185 Y135.053 E.00866
G1 X118.486 Y135.411 E.01425
G1 X119.241 Y136.165 E.03245
G1 X119.311 Y136.285 E.00423
G1 X119.34 Y136.399 E.00357
G1 X119.333 Y136.501 E.00312
G1 X119.308 Y136.553 E.00174
G1 X119.246 Y136.597 E.00233
G1 X119.166 Y136.61 E.00246
G1 X119.081 Y136.596 E.00261
G1 X119.035 Y136.566 E.00168
G1 X118.995 Y136.496 E.00243
G1 X118.928 Y136.126 E.01145
G1 X117.936 Y136.225 E.03031
G1 X118.019 Y136.691 E.0144
G1 X118.149 Y137.007 E.01039
G1 X118.291 Y137.187 E.00696
G1 X118.468 Y137.325 E.00683
G1 X118.844 Y137.476 E.01232
G1 X119.176 Y137.51 E.01017
G1 X119.432 Y137.492 E.00779
G1 X119.844 Y137.351 E.01324
G1 X120.101 Y137.135 E.01023
G1 X120.299 Y136.781 E.01232
G1 X120.342 Y136.407 E.01146
G1 X120.277 Y136.059 E.01075
G1 X120.146 Y135.784 E.00926
G1 X119.96 Y135.523 E.00977
G1 X119.457 Y135.031 E.02139
G1 X120.301 Y135.031 E.02568
G1 E-.728 F1800
;WIPE_START
G1 F30000
G1 X120.341 Y134.077 E-.0573
G1 X120.096 Y134.077 E-.0147
;WIPE_END
G1 X117.347 Y137.21 Z2
G1 Z1.6
G1 E.8 F1800
G1 F7200
G1 X117.514 Y136.993 E.00833
G1 X117.683 Y136.554 E.0143
G1 X117.744 Y136.185 E.01138
G1 X117.763 Y135.767 E.01273
G1 X117.744 Y135.349 E.01272
G1 X117.683 Y134.98 E.01139
G1 X117.51 Y134.534 E.01454
G1 X117.262 Y134.246 E.01155
G1 X117.054 Y134.12 E.00739
G1 X116.827 Y134.048 E.00726
G1 X116.578 Y134.025 E.00759
G1 X116.401 Y134.043 E.0054
G1 X116.32 Y134.051 E.00251
G1 X115.99 Y134.185 E.01082
G1 X115.791 Y134.346 E.00778
G1 X115.628 Y134.558 E.00814
G1 X115.507 Y134.838 E.00928
G1 X115.412 Y135.35 E.01585
G1 X115.395 Y135.773 E.01288
G1 X115.414 Y136.189 E.01265
G1 X115.474 Y136.552 E.0112
G1 X115.579 Y136.865 E.01003
G1 X115.732 Y137.122 E.00913
G1 X115.902 Y137.293 E.00733
G1 X116.104 Y137.415 E.00716
G1 X116.336 Y137.489 E.00741
G1 X116.701 Y137.506 E.01111
G1 X116.944 Y137.457 E.00754
G1 X117.16 Y137.358 E.00722
G1 X117.315 Y137.235 E.00604
G1 E-.728 F1800
;WIPE_START
G1 F30000
G1 X117.514 Y136.993 E-.01876
G1 X117.683 Y136.554 E-.02822
G1 X117.744 Y136.185 E-.02245
G1 X117.746 Y136.142 E-.00256
;WIPE_END
G1 X115.177 Y135.031 Z2
G1 Z1.6
G1 E.8 F1800
G1 F7200
G1 X115.177 Y134.077 E.02902
G1 X112.674 Y134.077 E.07612
G1 X112.879 Y134.806 E.02301
G1 X113.02 Y135.053 E.00866
G1 X113.322 Y135.411 E.01425
G1 X114.077 Y136.165 E.03245
G1 X114.147 Y136.285 E.00423
G1 X114.176 Y136.399 E.00357
G1 X114.168 Y136.501 E.00312
G1 X114.144 Y136.553 E.00174
G1 X114.081 Y136.597 E.00233
G1 X114.002 Y136.61 E.00246
G1 X113.917 Y136.596 E.00261
G1 X113.871 Y136.566 E.00168
G1 X113.83 Y136.496 E.00243
G1 X113.764 Y136.126 E.01145
G1 X112.772 Y136.225 E.03031
G1 X112.855 Y136.691 E.0144
G1 X112.985 Y137.007 E.01039
G1 X113.126 Y137.187 E.00696
G1 X113.303 Y137.325 E.00683
G1 X113.679 Y137.476 E.01232
G1 X114.012 Y137.51 E.01017
G1 X114.267 Y137.492 E.00779
G1 X114.679 Y137.351 E.01324
G1 X114.937 Y137.135 E.01023
G1 X115.135 Y136.781 E.01232
G1 X115.178 Y136.407 E.01146
G1 X115.112 Y136.059 E.01075
G1 X114.982 Y135.784 E.00926
G1 X114.795 Y135.523 E.00977
G1 X114.292 Y135.031 E.02139
G1 X115.137 Y135.031 E.02568
G1 E-.728 F1800
;WIPE_START
G1 F30000
G1 X115.177 Y134.077 E-.0573
G1 X114.931 Y134.077 E-.0147
;WIPE_END
G1 X108.675 Y134.077 Z2
G1 Z1.6
G1 E.8 F1800
G1 F7200
G1 X108.88 Y134.806 E.02301
G1 X109.022 Y135.053 E.00866
G1 X109.324 Y135.411 E.01425
G1 X110.078 Y136.165 E.03245
G1 X110.149 Y136.285 E.00423
G1 X110.178 Y136.399 E.00357
G1 X110.17 Y136.501 E.00312
G1 X110.146 Y136.553 E.00174
G1 X110.083 Y136.597 E.00233
G1 X110.003 Y136.61 E.00246
G1 X109.919 Y136.596 E.00261
G1 X109.872 Y136.566 E.00168
G1 X109.832 Y136.496 E.00243
G1 X109.765 Y136.126 E.01145
G1 X108.774 Y136.225 E.03031
G1 X108.857 Y136.691 E.0144
G1 X108.987 Y137.007 E.01039
G1 X109.128 Y137.187 E.00696
G1 X109.305 Y137.325 E.00683
G1 X109.681 Y137.476 E.01232
G1 X110.014 Y137.51 E.01017
G1 X110.269 Y137.492 E.00779
G1 X110.681 Y137.351 E.01324
G1 X110.939 Y137.135 E.01023
G1 X111.137 Y136.781 E.01232
G1 X111.179 Y136.407 E.01146
G1 X111.114 Y136.059 E.01075
G1 X110.984 Y135.784 E.00926
G1 X110.797 Y135.523 E.00977
G1 X110.294 Y135.031 E.02139
G1 X111.178 Y135.031 E.0269
G1 X111.178 Y134.077 E.02902
G1 X108.715 Y134.077 E.07491
G1 E-.728 F1800
;WIPE_START
G1 F30000
G1 X108.88 Y134.806 E-.04481
G1 X109.022 Y135.053 E-.01708
G1 X109.131 Y135.182 E-.0101
;WIPE_END
G1 X108.518 Y135.072 Z2
G1 Z1.6
M73 P85 R2
G1 E.8 F1800
G1 F7200
G1 X108.518 Y134.077 E.03026
G1 X107.523 Y134.077 E.03026
G1 X107.523 Y135.072 E.03026
G1 X108.478 Y135.072 E.02905
G1 E-.728 F1800
;WIPE_START
G1 F30000
G1 X108.518 Y134.077 E-.05975
G1 X108.314 Y134.077 E-.01225
;WIPE_END
G1 X106.683 Y134.246 Z2
G1 Z1.6
G1 E.8 F1800
G1 F7200
G1 X106.475 Y134.12 E.00739
G1 X106.248 Y134.048 E.00726
G1 X105.999 Y134.025 E.00759
G1 X105.804 Y134.045 E.00597
G1 X105.512 Y134.128 E.00925
G1 X105.216 Y134.341 E.01107
G1 X105.049 Y134.558 E.00832
G1 X104.93 Y134.834 E.00916
G1 X104.855 Y135.169 E.01044
G1 X104.816 Y135.771 E.01834
G1 X104.835 Y136.189 E.01273
G1 X104.895 Y136.552 E.0112
G1 X105 Y136.865 E.01003
G1 X105.154 Y137.122 E.00913
G1 X105.324 Y137.293 E.00733
G1 X105.525 Y137.415 E.00716
G1 X105.757 Y137.489 E.00741
G1 X106.122 Y137.506 E.01112
G1 X106.365 Y137.457 E.00754
G1 X106.581 Y137.358 E.00722
G1 X106.768 Y137.21 E.00726
G1 X106.935 Y136.993 E.00833
G1 X107.105 Y136.554 E.0143
G1 X107.165 Y136.185 E.01138
G1 X107.185 Y135.767 E.01273
G1 X107.165 Y135.349 E.01272
G1 X107.104 Y134.98 E.01139
G1 X106.931 Y134.534 E.01454
G1 X106.709 Y134.277 E.01033
G1 E-.728 F1800
;WIPE_START
G1 F30000
G1 X106.475 Y134.12 E-.01688
G1 X106.248 Y134.048 E-.01431
G1 X105.999 Y134.025 E-.01498
G1 X105.804 Y134.045 E-.01177
G1 X105.579 Y134.109 E-.01405
;WIPE_END
G1 X100.734 Y137.473 Z2
G1 Z1.6
G1 E.8 F1800
G1 F7200
G1 X101.76 Y137.473 E.0312
G1 X101.76 Y135.003 E.07512
G1 X103.266 Y135.003 E.04581
G1 X103.266 Y134.077 E.02815
G1 X100.734 Y134.077 E.077
G1 X100.734 Y137.433 E.10205
G1 E-.728 F1800
;WIPE_START
G1 F30000
G1 X101.76 Y137.473 E-.06159
G1 X101.76 Y137.299 E-.01041
;WIPE_END
G1 X97.657 Y134.386 Z2
G1 Z1.6
G1 E.8 F1800
G1 F7200
G1 X97.425 Y134.626 E.01015
G1 X97.193 Y135.058 E.01491
G1 X97.09 Y135.575 E.01603
G1 X97.092 Y136.005 E.0131
G1 X97.143 Y136.336 E.01016
G1 X97.268 Y136.688 E.01138
G1 X97.463 Y136.989 E.0109
G1 X97.719 Y137.241 E.01093
G1 X98.014 Y137.414 E.0104
G1 X98.361 Y137.516 E.011
G1 X98.744 Y137.549 E.0117
G1 X99.101 Y137.52 E.0109
G1 X99.562 Y137.368 E.01476
G1 X99.837 Y137.186 E.01004
G1 X100.066 Y136.948 E.01004
G1 X100.239 Y136.663 E.01013
G1 X100.352 Y136.338 E.01047
G1 X100.407 Y135.977 E.01111
G1 X100.407 Y135.591 E.01176
G1 X100.353 Y135.232 E.01103
G1 X100.24 Y134.909 E.01041
G1 X100.069 Y134.625 E.01008
G1 X99.841 Y134.388 E.00999
G1 X99.572 Y134.209 E.00983
G1 X99.267 Y134.09 E.00995
G1 X98.932 Y134.032 E.01036
G1 X98.572 Y134.032 E.01094
G1 X98.313 Y134.076 E.00799
G1 X97.93 Y134.205 E.01228
G1 X97.69 Y134.364 E.00877
G1 E-.728 F1800
;WIPE_START
G1 F30000
G1 X97.425 Y134.626 E-.02237
G1 X97.193 Y135.058 E-.02941
G1 X97.127 Y135.388 E-.02023
;WIPE_END
G1 X96.984 Y136.57 Z2
G1 Z1.6
G1 E.8 F1800
G1 F7200
G1 X96.096 Y136.57 E.02701
G1 X96.096 Y134.077 E.07581
G1 X95.07 Y134.077 E.0312
G1 X95.07 Y136.57 E.07581
G1 X94.18 Y136.57 E.02707
G1 X94.18 Y137.497 E.02821
G1 X96.984 Y137.497 E.08528
G1 X96.984 Y136.61 E.02699
G1 E-.728 F1800
;WIPE_START
G1 F30000
G1 X96.096 Y136.57 E-.05334
G1 X96.096 Y136.259 E-.01866
;WIPE_END
G1 X94.127 Y137.782 Z2
G1 Z1.6
G1 E.8 F1800
G1 F7200
G1 X94.332 Y138.51 E.02301
G1 X94.474 Y138.757 E.00866
G1 X94.775 Y139.116 E.01425
G1 X95.53 Y139.87 E.03245
G1 X95.6 Y139.99 E.00423
G1 X95.629 Y140.103 E.00357
G1 X95.622 Y140.206 E.00312
G1 X95.597 Y140.257 E.00174
G1 X95.535 Y140.302 E.00233
G1 X95.455 Y140.314 E.00246
G1 X95.37 Y140.3 E.00261
G1 X95.324 Y140.27 E.00168
G1 X95.284 Y140.201 E.00243
G1 X95.217 Y139.83 E.01145
G1 X94.225 Y139.929 E.03031
G1 X94.308 Y140.395 E.0144
G1 X94.438 Y140.711 E.01039
G1 X94.58 Y140.891 E.00696
G1 X94.757 Y141.029 E.00683
G1 X95.133 Y141.181 E.01232
G1 X95.465 Y141.215 E.01017
G1 X95.721 Y141.196 E.00779
G1 X96.133 Y141.055 E.01324
G1 X96.39 Y140.839 E.01023
G1 X96.588 Y140.485 E.01232
G1 X96.631 Y140.111 E.01146
G1 X96.566 Y139.764 E.01075
G1 X96.435 Y139.489 E.00926
G1 X96.249 Y139.227 E.00977
G1 X95.746 Y138.736 E.02139
G1 X96.63 Y138.736 E.0269
G1 X96.63 Y137.782 E.02902
G1 X94.167 Y137.782 E.07491
G1 E-.728 F1800
;WIPE_START
G1 F30000
G1 X94.332 Y138.51 E-.04481
G1 X94.474 Y138.757 E-.01709
G1 X94.582 Y138.886 E-.0101
;WIPE_END
G1 X97.004 Y139.389 Z2
G1 Z1.6
G1 E.8 F1800
G1 F7200
G1 X97.004 Y140.376 E.03004
G1 X97.401 Y140.569 E.01344
G1 X97.626 Y140.734 E.00848
G1 X97.754 Y140.871 E.00568
G1 X97.94 Y141.214 E.01188
G1 X98.742 Y141.214 E.02438
G1 X98.742 Y137.782 E.10439
G1 X97.747 Y137.782 E.03026
G1 X97.747 Y139.747 E.05976
G1 X97.04 Y139.406 E.02386
G1 E-.728 F1800
;WIPE_START
G1 F30000
G1 X97.004 Y140.376 E-.05826
G1 X97.21 Y140.476 E-.01374
;WIPE_END
G1 X101.298 Y137.951 Z2
G1 Z1.6
G1 E.8 F1800
G1 F7200
G1 X101.09 Y137.825 E.00739
G1 X100.862 Y137.753 E.00726
G1 X100.614 Y137.729 E.00759
G1 X100.419 Y137.749 E.00597
G1 X100.126 Y137.833 E.00925
G1 X99.831 Y138.046 E.01107
G1 X99.663 Y138.262 E.00832
G1 X99.545 Y138.539 E.00916
G1 X99.47 Y138.874 E.01044
G1 X99.43 Y139.475 E.01833
G1 X99.45 Y139.893 E.01273
G1 X99.51 Y140.257 E.0112
G1 X99.614 Y140.569 E.01003
G1 X99.768 Y140.827 E.00913
G1 X99.938 Y140.997 E.00733
G1 X100.139 Y141.12 E.00716
G1 X100.372 Y141.193 E.00741
G1 X100.737 Y141.21 E.01111
G1 X100.98 Y141.161 E.00754
G1 X101.196 Y141.063 E.00722
G1 X101.382 Y140.914 E.00726
G1 X101.55 Y140.697 E.00833
G1 X101.719 Y140.259 E.0143
G1 X101.78 Y139.889 E.01138
G1 X101.799 Y139.471 E.01273
G1 X101.78 Y139.053 E.01272
G1 X101.719 Y138.684 E.01139
G1 X101.546 Y138.238 E.01454
G1 X101.324 Y137.981 E.01033
G1 E-.728 F1800
;WIPE_START
G1 F30000
G1 X101.09 Y137.825 E-.01688
G1 X100.862 Y137.753 E-.01431
G1 X100.614 Y137.729 E-.01498
G1 X100.419 Y137.749 E-.01177
G1 X100.193 Y137.814 E-.01405
;WIPE_END
G1 X104.147 Y139.354 Z2
G1 Z1.6
G1 E.8 F1800
G1 F7200
G1 X105.141 Y139.039 E.03173
G1 X104.863 Y138.376 E.02188
G1 X104.709 Y138.169 E.00783
G1 X104.441 Y137.943 E.01067
G1 X104.115 Y137.798 E.01086
G1 X103.743 Y137.733 E.01148
G1 X103.416 Y137.751 E.00994
G1 X103.291 Y137.758 E.00382
G1 X102.987 Y137.848 E.00965
G1 X102.715 Y137.997 E.00943
G1 X102.471 Y138.208 E.00981
G1 X102.206 Y138.603 E.01445
G1 X102.095 Y138.926 E.01039
G1 X102.041 Y139.277 E.0108
G1 X102.041 Y139.662 E.01172
G1 X102.095 Y140.028 E.01125
G1 X102.204 Y140.357 E.01055
G1 X102.372 Y140.645 E.01013
G1 X102.594 Y140.885 E.00995
G1 X102.856 Y141.067 E.00968
G1 X103.156 Y141.189 E.00987
G1 X103.643 Y141.254 E.01494
G1 X103.946 Y141.23 E.00923
G1 X104.221 Y141.16 E.00862
G1 X104.473 Y141.038 E.00851
G1 X104.751 Y140.808 E.01098
G1 X104.948 Y140.506 E.01096
G1 X105.129 Y140.016 E.01591
G1 X104.115 Y139.773 E.03172
G1 X104.005 Y140.089 E.01016
G1 X103.947 Y140.177 E.00321
G1 X103.868 Y140.245 E.00316
G1 X103.775 Y140.29 E.00316
G1 X103.664 Y140.312 E.00344
G1 X103.51 Y140.303 E.00469
G1 X103.312 Y140.215 E.00657
G1 X103.207 Y140.104 E.00467
G1 X103.124 Y139.911 E.00639
G1 X103.092 Y139.738 E.00535
G1 X103.083 Y139.381 E.01085
G1 X103.105 Y139.171 E.00644
G1 X103.176 Y138.935 E.00749
G1 X103.276 Y138.796 E.00522
G1 X103.403 Y138.709 E.00467
G1 X103.489 Y138.681 E.00276
G1 X103.639 Y138.672 E.00457
G1 X103.818 Y138.729 E.00572
G1 X103.959 Y138.869 E.00602
G1 X104.132 Y139.317 E.01462
G1 E-.728 F1800
;WIPE_START
G1 F30000
G1 X105.141 Y139.039 E-.0628
G1 X105.082 Y138.898 E-.0092
;WIPE_END
G1 X109.118 Y139.984 Z2
G1 Z1.6
G1 E.8 F1800
G1 F7200
G1 X109.118 Y139.056 E.02821
G1 X107.866 Y139.056 E.03809
G1 X107.866 Y137.782 E.03877
G1 X106.84 Y137.782 E.0312
G1 X106.84 Y141.202 E.10401
G1 X109.316 Y141.202 E.07532
G1 X109.316 Y140.274 E.02821
G1 X107.866 Y140.274 E.04413
G1 X107.866 Y139.984 E.00882
G1 X109.078 Y139.984 E.03687
G1 E-.728 F1800
;WIPE_START
G1 F30000
G1 X109.118 Y139.056 E-.0557
G1 X108.846 Y139.056 E-.0163
;WIPE_END
G1 X110.417 Y137.782 Z2
G1 Z1.6
G1 E.8 F1800
G1 F7200
G1 X110.417 Y139.747 E.05976
G1 X109.674 Y139.389 E.02508
G1 X109.674 Y140.376 E.03004
G1 X110.071 Y140.569 E.01344
G1 X110.293 Y140.732 E.00837
G1 X110.462 Y140.925 E.00781
G1 X110.605 Y141.214 E.00979
G1 X111.412 Y141.214 E.02454
G1 X111.412 Y137.782 E.10439
G1 X110.457 Y137.782 E.02905
G1 E-.728 F1800
;WIPE_START
G1 F30000
G1 X110.432 Y138.981 E-.072
;WIPE_END
G1 X113.22 Y137.782 Z2
G1 Z1.6
G1 E.8 F1800
G1 F7200
G1 X112.225 Y137.782 E.03026
G1 X112.225 Y138.777 E.03026
G1 X113.22 Y138.777 E.03026
G1 X113.22 Y137.822 E.02905
G1 E-.728 F1800
;WIPE_START
G1 F30000
G1 X112.225 Y137.782 E-.05975
G1 X112.225 Y137.986 E-.01225
;WIPE_END
G1 X115.383 Y137.951 Z2
G1 Z1.6
G1 E.8 F1800
G1 F7200
G1 X115.176 Y137.825 E.00739
G1 X114.948 Y137.753 E.00726
G1 X114.7 Y137.729 E.00759
M73 P86 R2
G1 X114.523 Y137.747 E.0054
G1 X114.441 Y137.756 E.00251
G1 X114.111 Y137.889 E.01082
G1 X113.913 Y138.051 E.00778
G1 X113.749 Y138.262 E.00813
G1 X113.629 Y138.542 E.00928
G1 X113.534 Y139.055 E.01585
G1 X113.516 Y139.478 E.01288
G1 X113.536 Y139.893 E.01265
G1 X113.596 Y140.257 E.0112
G1 X113.7 Y140.569 E.01003
G1 X113.854 Y140.827 E.00913
G1 X114.024 Y140.997 E.00733
G1 X114.225 Y141.12 E.00716
G1 X114.457 Y141.193 E.00741
G1 X114.823 Y141.21 E.01111
G1 X115.066 Y141.161 E.00754
G1 X115.282 Y141.063 E.00722
G1 X115.468 Y140.914 E.00726
G1 X115.635 Y140.697 E.00833
G1 X115.805 Y140.259 E.0143
G1 X115.865 Y139.889 E.01138
G1 X115.885 Y139.471 E.01273
G1 X115.865 Y139.053 E.01272
G1 X115.805 Y138.684 E.01139
G1 X115.632 Y138.238 E.01454
G1 X115.41 Y137.981 E.01033
G1 E-.728 F1800
;WIPE_START
G1 F30000
G1 X115.176 Y137.825 E-.01688
G1 X114.948 Y137.753 E-.01431
G1 X114.7 Y137.729 E-.01498
G1 X114.523 Y137.747 E-.01065
G1 X114.441 Y137.756 E-.00494
G1 X114.283 Y137.82 E-.01023
;WIPE_END
G1 X116.412 Y138.144 Z2
G1 Z1.6
G1 E.8 F1800
G1 F7200
G1 X116.266 Y138.393 E.00878
G1 X116.17 Y138.698 E.00972
G1 X116.116 Y139.061 E.01115
G1 X116.103 Y139.69 E.01915
G1 X116.143 Y140.081 E.01196
G1 X116.224 Y140.419 E.01057
G1 X116.353 Y140.705 E.00954
G1 X116.517 Y140.918 E.00816
G1 X116.703 Y141.065 E.00722
G1 X116.918 Y141.162 E.00719
G1 X117.161 Y141.21 E.00752
G1 X117.526 Y141.193 E.01112
G1 X117.759 Y141.118 E.00744
G1 X117.961 Y140.995 E.0072
G1 X118.131 Y140.822 E.00737
G1 X118.287 Y140.562 E.00921
G1 X118.424 Y140.077 E.01534
G1 X118.463 Y139.26 E.02487
G1 X118.423 Y138.865 E.01209
G1 X118.34 Y138.52 E.01078
G1 X118.134 Y138.122 E.01363
G1 X117.959 Y137.947 E.00752
G1 X117.758 Y137.825 E.00716
G1 X117.531 Y137.753 E.00726
G1 X117.276 Y137.729 E.00777
G1 X117.022 Y137.768 E.00782
G1 X116.916 Y137.785 E.00328
G1 X116.683 Y137.896 E.00783
G1 X116.441 Y138.117 E.00997
G1 E-.728 F1800
;WIPE_START
G1 F30000
G1 X116.266 Y138.393 E-.01962
G1 X116.17 Y138.698 E-.01919
G1 X116.116 Y139.061 E-.022
G1 X116.112 Y139.247 E-.01119
;WIPE_END
G1 X121.254 Y137.782 Z2
G1 Z1.6
G1 E.8 F1800
G1 F7200
G1 X120.228 Y137.782 E.0312
G1 X120.228 Y141.203 E.10406
G1 X122.054 Y141.19 E.05554
G1 X122.415 Y141.132 E.01112
G1 X122.684 Y141.008 E.00901
G1 X122.896 Y140.801 E.00903
G1 X123.038 Y140.535 E.00916
G1 X123.093 Y140.307 E.00713
G1 X123.099 Y140.054 E.00771
G1 X123.067 Y139.856 E.00608
G1 X122.962 Y139.601 E.00839
G1 X122.785 Y139.386 E.00846
G1 X122.544 Y139.232 E.00871
G1 X122.659 Y139.113 E.00501
G1 X123.521 Y137.782 E.04826
G1 X122.301 Y137.782 E.03711
G1 X121.485 Y138.95 E.04334
G1 X121.379 Y139.013 E.00377
G1 X121.254 Y139.025 E.00383
G1 X121.254 Y137.822 E.0366
G1 E-.728 F1800
;WIPE_START
G1 F30000
G1 X120.228 Y137.782 E-.06159
G1 X120.228 Y137.955 E-.01041
;WIPE_END
G1 X121.36 Y143.517 Z2
G1 Z1.6
G1 E.8 F1800
G1 F7200
G1 X121.36 Y142.652 E.02629
G1 X122.863 Y146.51 E.12592
G1 X123.917 Y146.51 E.03207
G1 X125.527 Y142.49 E.1317
G1 X124.282 Y142.49 E.03787
G1 X123.967 Y143.308 E.02664
G1 X122.82 Y143.308 E.0349
G1 X122.523 Y142.49 E.02646
G1 X118.406 Y142.49 E.1252
G1 X118.406 Y146.481 E.12137
G1 X119.553 Y146.481 E.03488
G1 X119.553 Y143.517 E.09015
G1 X121.32 Y143.517 E.05375
G1 E-.728 F1800
;WIPE_START
G1 F30000
G1 X121.36 Y142.652 E-.05192
G1 X121.482 Y142.964 E-.02008
;WIPE_END
G1 X115.877 Y142.49 Z2
G1 Z1.6
G1 E.8 F1800
G1 F7200
G1 X114.73 Y142.49 E.03488
G1 X114.73 Y146.512 E.12231
G1 X116.668 Y146.496 E.05895
G1 X117.024 Y146.451 E.01091
G1 X117.292 Y146.343 E.00879
G1 X117.524 Y146.171 E.00879
G1 X117.718 Y145.935 E.00928
G1 X117.848 Y145.644 E.00968
G1 X117.905 Y145.311 E.01028
G1 X117.89 Y144.925 E.01174
G1 X117.801 Y144.612 E.0099
G1 X117.686 Y144.407 E.00715
G1 X117.503 Y144.194 E.00854
G1 X117.284 Y144.038 E.00818
G1 X117.051 Y143.933 E.00778
G1 X116.594 Y143.861 E.01406
G1 X115.877 Y143.851 E.02181
G1 X115.877 Y142.53 E.04017
G1 E-.728 F1800
;WIPE_START
G1 F30000
G1 X114.73 Y142.49 E-.06885
G1 X114.73 Y142.542 E-.00315
;WIPE_END
G1 X110.011 Y142.783 Z2
G1 Z1.6
G1 E.8 F1800
G1 F7200
G1 X109.793 Y143.009 E.00956
G1 X109.565 Y143.471 E.01565
G1 X109.492 Y144.037 E.01737
G1 X109.519 Y144.335 E.00909
G1 X109.602 Y144.62 E.00904
G1 X109.738 Y144.897 E.00937
G1 X109.926 Y145.138 E.0093
G1 X110.162 Y145.33 E.00925
G1 X110.439 Y145.47 E.00944
G1 X110.832 Y145.566 E.01232
G1 X111.208 Y145.571 E.01142
G1 X111.518 Y145.516 E.00957
G1 X111.801 Y145.404 E.00925
G1 X112.053 Y145.235 E.00922
G1 X112.269 Y145.016 E.00938
G1 X112.434 Y144.762 E.0092
G1 X112.544 Y144.48 E.00922
G1 X112.598 Y144.173 E.00947
G1 X112.598 Y143.848 E.00989
G1 X112.544 Y143.539 E.00954
G1 X112.433 Y143.254 E.00929
G1 X112.267 Y142.999 E.00928
G1 X112.049 Y142.777 E.00944
G1 X111.798 Y142.607 E.00923
G1 X111.517 Y142.493 E.00921
G1 X111.211 Y142.437 E.00947
G1 X110.936 Y142.44 E.00837
G1 X110.56 Y142.501 E.01157
G1 X110.271 Y142.615 E.00946
G1 X110.044 Y142.761 E.00818
G1 E-.728 F1800
;WIPE_START
G1 F30000
G1 X109.793 Y143.009 E-.0212
G1 X109.565 Y143.471 E-.03088
G1 X109.522 Y143.8 E-.01992
;WIPE_END
G1 X109.122 Y143.393 Z2
G1 Z1.6
G1 E.8 F1800
G1 F7200
G1 X108.983 Y143.123 E.00926
G1 X108.789 Y142.883 E.00938
G1 X108.553 Y142.685 E.00935
G1 X108.287 Y142.543 E.00919
G1 X107.993 Y142.458 E.00929
G1 X107.677 Y142.43 E.00965
G1 X107.446 Y142.45 E.00706
G1 X107.089 Y142.533 E.01114
G1 X106.805 Y142.665 E.00953
G1 X106.56 Y142.851 E.00935
G1 X106.368 Y143.085 E.00922
G1 X106.265 Y143.275 E.00659
G1 X106.166 Y143.579 E.00971
G1 X106.121 Y143.92 E.01046
G1 X106.13 Y144.237 E.00965
G1 X106.194 Y144.526 E.009
G1 X106.313 Y144.806 E.00926
G1 X106.484 Y145.062 E.00936
G1 X106.705 Y145.272 E.00925
G1 X106.968 Y145.428 E.00933
G1 X107.257 Y145.529 E.0093
G1 X107.568 Y145.575 E.00957
G1 X107.99 Y145.551 E.01284
G1 X108.289 Y145.467 E.00945
G1 X108.557 Y145.326 E.00921
G1 X108.793 Y145.131 E.00931
G1 X108.985 Y144.893 E.0093
G1 X109.123 Y144.624 E.00918
G1 X109.204 Y144.329 E.00931
G1 X109.231 Y144.011 E.00971
G1 X109.204 Y143.691 E.00978
G1 X109.132 Y143.432 E.00817
G1 E-.728 F1800
;WIPE_START
G1 F30000
G1 X108.983 Y143.123 E-.02062
G1 X108.789 Y142.883 E-.0185
G1 X108.553 Y142.685 E-.01845
G1 X108.341 Y142.572 E-.01443
;WIPE_END
G1 X102.813 Y142.769 Z2
G1 Z1.6
G1 E.8 F1800
G1 F7200
G1 X103.371 Y142.701 E.01711
G1 X103.23 Y142.789 E.00507
G1 X103.028 Y143.023 E.00941
G1 X102.9 Y143.25 E.00792
G1 X102.765 Y143.74 E.01547
G1 X102.77 Y144.351 E.01857
G1 X102.838 Y144.661 E.00967
G1 X102.954 Y144.932 E.00895
G1 X103.118 Y145.161 E.00859
G1 X103.319 Y145.343 E.00822
G1 X103.544 Y145.474 E.00794
G1 X103.799 Y145.554 E.00811
G1 X104.199 Y145.571 E.01219
G1 X104.481 Y145.503 E.00882
G1 X104.648 Y145.4 E.00598
G1 X104.648 Y145.518 E.00357
G1 X105.715 Y145.518 E.03243
G1 X105.71 Y142.74 E.0845
G1 X105.668 Y142.36 E.01162
G1 X105.553 Y142.028 E.01068
G1 X105.443 Y141.856 E.00622
G1 X105.259 Y141.681 E.00771
G1 X104.846 Y141.494 E.0138
G1 X104.36 Y141.432 E.01491
G1 X103.944 Y141.456 E.01268
G1 X103.788 Y141.465 E.00474
G1 X103.398 Y141.577 E.01235
G1 X103.107 Y141.779 E.01078
G1 X102.884 Y142.129 E.0126
G1 X102.817 Y142.729 E.01837
G1 E-.728 F1800
;WIPE_START
G1 F30000
G1 X103.371 Y142.701 E-.03328
G1 X103.23 Y142.789 E-.01
G1 X103.028 Y143.023 E-.01856
G1 X102.945 Y143.171 E-.01016
;WIPE_END
G1 X102.532 Y143.574 Z2
G1 Z1.6
G1 E.8 F1800
G1 F7200
G1 X102.216 Y142.959 E.02102
G1 X101.999 Y142.728 E.00967
G1 X101.736 Y142.563 E.00945
G1 X101.526 Y142.486 E.00679
G1 X101.2 Y142.434 E.01005
G1 X100.965 Y142.437 E.00716
G1 X100.56 Y142.5 E.01247
G1 X100.257 Y142.634 E.01005
G1 X100.008 Y142.834 E.00973
G1 X99.829 Y143.072 E.00904
G1 X99.676 Y143.429 E.01182
G1 X99.609 Y143.835 E.01251
G1 X99.61 Y144.158 E.00983
G1 X99.657 Y144.48 E.0099
G1 X99.755 Y144.772 E.00936
G1 X99.904 Y145.029 E.00904
G1 X100.101 Y145.244 E.00887
G1 X100.329 Y145.407 E.00854
G1 X100.585 Y145.517 E.00847
G1 X100.864 Y145.571 E.00863
G1 X101.172 Y145.571 E.00936
G1 X101.473 Y145.515 E.00932
G1 X101.751 Y145.399 E.00918
G1 X102.086 Y145.126 E.01314
G1 X102.263 Y144.862 E.00965
G1 X102.381 Y144.553 E.01007
G1 X102.446 Y144.199 E.01093
G1 X102.469 Y143.595 E.01839
G1 X102.407 Y143.595 E.00188
G1 X102.493 Y143.581 E.00262
G1 E-.728 F1800
;WIPE_START
G1 F30000
G1 X102.216 Y142.959 E-.0408
G1 X101.999 Y142.728 E-.01907
G1 X101.828 Y142.62 E-.01214
;WIPE_END
G1 X99.217 Y142.49 Z2
G1 Z1.6
G1 E.8 F1800
G1 F7200
G1 X98.107 Y142.49 E.03376
G1 X98.107 Y146.51 E.12226
G1 X99.217 Y146.51 E.03376
G1 X99.217 Y142.53 E.12105
G1 E-.728 F1800
;WIPE_START
G1 F30000
G1 X98.107 Y142.49 E-.06665
G1 X98.107 Y142.579 E-.00535
;WIPE_END
G1 X97.545 Y145.481 Z2
G1 Z1.6
G1 E.8 F1800
G1 F7200
G1 X95.603 Y145.481 E.05908
G1 X95.603 Y145.103 E.0115
G1 X97.41 Y145.103 E.05497
G1 X97.41 Y144.076 E.03122
G1 X95.603 Y144.076 E.05497
G1 X95.603 Y143.517 E.01703
G1 X97.614 Y143.517 E.06117
G1 X97.614 Y142.49 E.03122
G1 X94.456 Y142.49 E.09605
G1 X94.456 Y146.51 E.12226
G1 X97.545 Y146.51 E.09396
G1 X97.545 Y145.521 E.03008
G1 E-.728 F1800
;WIPE_START
G1 F30000
G1 X96.345 Y145.496 E-.072
;WIPE_END
G1 X103.966 Y145.063 Z2
G1 X130.094 Y143.578 Z2
G1 Z1.6
G1 E.8 F1800
G1 F7200
G1 X129.905 Y143.136 E.01459
G1 X129.73 Y142.874 E.0096
G1 X129.497 Y142.664 E.00953
G1 X129.215 Y142.52 E.00963
G1 X128.898 Y142.445 E.00993
G1 X128.653 Y142.43 E.00745
G1 X128.288 Y142.48 E.01122
G1 X128.143 Y142.499 E.00444
G1 X127.839 Y142.634 E.01011
G1 X127.59 Y142.834 E.00973
G1 X127.411 Y143.072 E.00904
G1 X127.258 Y143.429 E.01182
G1 X127.191 Y143.835 E.01251
G1 X127.192 Y144.158 E.00983
G1 X127.239 Y144.48 E.0099
G1 X127.337 Y144.772 E.00936
G1 X127.486 Y145.029 E.00904
G1 X127.683 Y145.244 E.00887
G1 X127.911 Y145.407 E.00854
G1 X128.167 Y145.517 E.00847
G1 X128.446 Y145.571 E.00863
G1 X128.754 Y145.571 E.00936
G1 X129.055 Y145.515 E.00932
G1 X129.333 Y145.399 E.00918
G1 X129.668 Y145.126 E.01314
G1 X129.845 Y144.862 E.00965
G1 X129.963 Y144.553 E.01007
G1 X130.027 Y144.199 E.01093
G1 X130.051 Y143.595 E.01839
G1 X129.989 Y143.595 E.00188
G1 X130.054 Y143.584 E.002
G1 E-.728 F1800
;WIPE_START
G1 F30000
G1 X129.905 Y143.136 E-.02831
G1 X129.73 Y142.874 E-.01894
G1 X129.497 Y142.664 E-.0188
G1 X129.409 Y142.619 E-.00596
;WIPE_END
G1 X133.583 Y142.49 Z2
G1 Z1.6
G1 E.8 F1800
G1 F7200
G1 X133.563 Y144.483 E.06063
G1 X133.521 Y144.597 E.00368
G1 X133.43 Y144.626 E.00293
G1 X133.327 Y144.605 E.00317
G1 X133.259 Y144.565 E.0024
G1 X133.203 Y144.498 E.00267
G1 X133.161 Y144.394 E.0034
G1 X133.123 Y144.03 E.01113
G1 X133.122 Y142.49 E.04685
G1 X132.014 Y142.49 E.03368
G1 X131.991 Y144.516 E.06163
G1 X131.952 Y144.605 E.00294
G1 X131.868 Y144.627 E.00264
G1 X131.747 Y144.605 E.00374
G1 X131.677 Y144.565 E.00242
G1 X131.623 Y144.503 E.00252
G1 X131.583 Y144.409 E.00311
G1 X131.546 Y144.047 E.01106
G1 X131.545 Y142.49 E.04735
G1 X130.435 Y142.49 E.03376
G1 X130.435 Y145.518 E.09209
G1 X131.491 Y145.518 E.03212
G1 X131.491 Y145.395 E.00373
G1 X131.685 Y145.509 E.00684
G1 X132.087 Y145.579 E.01241
G1 X132.378 Y145.547 E.00889
G1 X132.633 Y145.449 E.0083
G1 X132.86 Y145.266 E.00887
G1 X132.989 Y145.385 E.00534
G1 X133.414 Y145.56 E.01398
G1 X133.706 Y145.576 E.00889
G1 X133.942 Y145.543 E.00724
G1 X134.154 Y145.467 E.00686
G1 X134.348 Y145.343 E.007
G1 X134.574 Y145.061 E.01098
G1 X134.673 Y144.72 E.0108
G1 X134.693 Y142.49 E.06782
G1 X133.623 Y142.49 E.03254
G1 E-.728 F1800
;WIPE_START
G1 F30000
G1 X133.587 Y143.689 E-.072
;WIPE_END
G1 X140.652 Y140.8 Z2
G1 X145.183 Y138.947 Z2
G1 Z1.6
G1 E.8 F1800
G1 F7200
G1 X146.183 Y139.05 E.03056
G1 X146.25 Y138.767 E.00885
G1 X146.296 Y138.688 E.00278
G1 X146.382 Y138.627 E.0032
G1 X146.442 Y138.615 E.00186
G1 X146.519 Y138.632 E.00239
G1 X146.588 Y138.687 E.0027
G1 X146.629 Y138.757 E.00244
G1 X146.657 Y138.875 E.00369
G1 X146.657 Y139.092 E.0066
G1 X146.63 Y139.197 E.00331
G1 X146.59 Y139.262 E.00232
G1 X146.494 Y139.319 E.0034
G1 X146.324 Y139.305 E.00518
G1 X146.037 Y139.102 E.0107
G1 X145.271 Y139.213 E.02356
G1 X145.638 Y141.161 E.06029
G1 X147.543 Y141.161 E.05792
G1 X147.543 Y140.202 E.02914
G1 X146.471 Y140.202 E.0326
G1 X146.777 Y140.19 E.00931
G1 X147.092 Y140.074 E.01024
G1 X147.428 Y139.783 E.01351
G1 X147.598 Y139.475 E.01069
G1 X147.672 Y139.126 E.01088
G1 X147.661 Y138.782 E.01046
G1 X147.535 Y138.393 E.01243
G1 X147.327 Y138.096 E.01101
G1 X146.996 Y137.848 E.01259
G1 X146.591 Y137.736 E.01277
G1 X146.209 Y137.745 E.01162
G1 X145.889 Y137.835 E.01012
G1 X145.546 Y138.072 E.01269
G1 X145.321 Y138.416 E.01248
G1 X145.193 Y138.908 E.01546
G1 E-.728 F1800
;WIPE_START
G1 F30000
G1 X146.183 Y139.05 E-.05998
G1 X146.229 Y138.855 E-.01202
;WIPE_END
G1 X143.597 Y139.83 Z2
G1 Z1.6
G1 E.8 F1800
G1 F7200
G1 X142.605 Y139.929 E.03031
G1 X142.688 Y140.395 E.0144
G1 X142.818 Y140.711 E.01039
G1 X142.959 Y140.891 E.00696
G1 X143.137 Y141.029 E.00683
G1 X143.512 Y141.181 E.01232
G1 X143.845 Y141.215 E.01017
G1 X144.1 Y141.196 E.00779
G1 X144.512 Y141.055 E.01324
G1 X144.77 Y140.839 E.01023
G1 X144.968 Y140.485 E.01232
G1 X145.011 Y140.111 E.01146
G1 X144.945 Y139.764 E.01075
G1 X144.815 Y139.489 E.00926
G1 X144.628 Y139.227 E.00977
G1 X144.125 Y138.736 E.02139
G1 X145.01 Y138.736 E.0269
G1 X145.01 Y137.782 E.02902
G1 X142.53 Y137.782 E.07543
G1 X142.625 Y138.274 E.01526
G1 X142.755 Y138.595 E.01053
G1 X142.917 Y138.844 E.00904
G1 X143.909 Y139.868 E.04335
G1 X143.98 Y139.99 E.00428
G1 X144.009 Y140.103 E.00357
G1 X144.001 Y140.206 E.00312
G1 X143.977 Y140.257 E.00174
G1 X143.915 Y140.302 E.00233
G1 X143.835 Y140.314 E.00246
G1 X143.75 Y140.3 E.00261
G1 X143.704 Y140.27 E.00168
G1 X143.663 Y140.201 E.00243
G1 X143.604 Y139.87 E.01024
G1 E-.728 F1800
;WIPE_START
G1 F30000
G1 X142.605 Y139.929 E-.06004
G1 X142.64 Y140.126 E-.01196
;WIPE_END
G1 X142.699 Y141.253 Z2
G1 Z1.6
G1 E.8 F1800
G1 F7200
G1 X141.846 Y137.73 E.11022
G1 X140.991 Y137.73 E.02601
G1 X141.835 Y141.253 E.11015
G1 X142.659 Y141.253 E.02507
G1 E-.728 F1800
;WIPE_START
G1 F30000
G1 X142.389 Y140.083 E-.072
;WIPE_END
G1 X138.69 Y139.213 Z2
G1 Z1.6
G1 E.8 F1800
G1 F7200
G1 X139.058 Y141.161 E.06029
G1 X140.962 Y141.161 E.05792
G1 X140.962 Y140.202 E.02914
G1 X139.89 Y140.202 E.0326
G1 X140.196 Y140.19 E.00931
G1 X140.512 Y140.074 E.01024
G1 X140.847 Y139.783 E.01351
G1 X141.018 Y139.475 E.01069
G1 X141.092 Y139.126 E.01088
G1 X141.081 Y138.782 E.01046
G1 X140.954 Y138.393 E.01243
G1 X140.747 Y138.096 E.01101
G1 X140.415 Y137.848 E.01259
G1 X140.011 Y137.736 E.01277
G1 X139.736 Y137.743 E.00835
G1 X139.629 Y137.745 E.00327
G1 X139.308 Y137.835 E.01012
G1 X138.965 Y138.072 E.01269
G1 X138.741 Y138.416 E.01248
G1 X138.603 Y138.947 E.01668
G1 X139.602 Y139.05 E.03056
G1 X139.67 Y138.767 E.00885
G1 X139.716 Y138.688 E.00278
G1 X139.801 Y138.627 E.0032
G1 X139.861 Y138.615 E.00186
G1 X139.938 Y138.632 E.00239
G1 X140.008 Y138.687 E.0027
G1 X140.048 Y138.757 E.00244
G1 X140.076 Y138.875 E.00369
G1 X140.076 Y139.092 E.0066
G1 X140.05 Y139.197 E.00331
G1 X140.01 Y139.262 E.00232
G1 X139.914 Y139.319 E.0034
G1 X139.744 Y139.305 E.00519
G1 X139.457 Y139.102 E.0107
G1 X138.73 Y139.207 E.02234
G1 E-.728 F1800
;WIPE_START
G1 F30000
G1 X138.929 Y140.391 E-.072
;WIPE_END
G1 X137.966 Y144.893 Z2
G1 Z1.6
G1 E.8 F1800
G1 F7200
G1 X138.104 Y144.624 E.00918
G1 X138.186 Y144.329 E.00931
G1 X138.213 Y144.011 E.00971
G1 X138.186 Y143.691 E.00978
G1 X138.103 Y143.393 E.00939
G1 X137.964 Y143.123 E.00926
G1 X137.771 Y142.883 E.00938
G1 X137.535 Y142.685 E.00935
G1 X137.268 Y142.543 E.00919
G1 X136.975 Y142.458 E.00929
G1 X136.659 Y142.43 E.00965
G1 X136.428 Y142.45 E.00706
G1 X136.071 Y142.533 E.01114
G1 X135.787 Y142.665 E.00953
G1 X135.542 Y142.851 E.00935
G1 X135.35 Y143.085 E.00922
G1 X135.247 Y143.275 E.00659
G1 X135.147 Y143.579 E.00971
G1 X135.103 Y143.92 E.01046
G1 X135.112 Y144.237 E.00965
G1 X135.176 Y144.526 E.009
G1 X135.294 Y144.806 E.00926
G1 X135.465 Y145.062 E.00936
G1 X135.686 Y145.272 E.00925
G1 X135.95 Y145.428 E.00933
G1 X136.239 Y145.529 E.0093
G1 X136.55 Y145.575 E.00957
G1 X136.971 Y145.551 E.01284
G1 X137.27 Y145.467 E.00945
G1 X137.539 Y145.326 E.00921
G1 X137.774 Y145.131 E.00931
G1 X137.941 Y144.924 E.00808
G1 E-.728 F1800
;WIPE_START
G1 F30000
G1 X138.104 Y144.624 E-.02046
G1 X138.186 Y144.329 E-.01837
G1 X138.213 Y144.011 E-.01915
G1 X138.193 Y143.779 E-.01401
;WIPE_END
G1 X138.003 Y141.546 Z2
G1 Z1.6
G1 E.8 F1800
G1 F7200
G1 X138.206 Y142.538 E.03078
G1 X138.538 Y142.495 E.0102
G1 X138.594 Y142.505 E.00172
G1 X138.607 Y142.526 E.00074
G1 X138.619 Y146.51 E.12116
G1 X139.729 Y146.51 E.03376
G1 X139.72 Y142.43 E.1241
G1 X139.636 Y141.955 E.01468
G1 X139.524 Y141.76 E.00683
G1 X139.32 Y141.579 E.0083
G1 X139.113 Y141.484 E.00691
G1 X138.815 Y141.433 E.00922
G1 X138.581 Y141.444 E.00712
G1 X138.043 Y141.539 E.01662
G1 E-.728 F1800
;WIPE_START
G1 F30000
G1 X138.206 Y142.538 E-.06071
G1 X138.392 Y142.514 E-.01129
;WIPE_END
G1 X140.333 Y142.49 Z2
G1 Z1.6
G1 E.8 F1800
G1 F7200
G1 X140.333 Y146.51 E.12226
G1 X141.443 Y146.51 E.03376
G1 X141.443 Y142.49 E.12226
G1 X140.373 Y142.49 E.03254
M73 P87 R2
G1 E-.728 F1800
;WIPE_START
G1 F30000
G1 X140.361 Y143.69 E-.072
;WIPE_END
G1 X147.772 Y145.516 Z2
G1 X147.778 Y145.518 Z2
G1 Z1.6
G1 E.8 F1800
G1 F7200
G1 X146.805 Y142.49 E.09672
G1 X145.828 Y142.49 E.02972
G1 X145.541 Y143.56 E.03368
G1 X145.26 Y142.49 E.03364
G1 X144.274 Y142.49 E.02999
G1 X143.316 Y145.518 E.09659
G1 X144.431 Y145.518 E.03393
G1 X144.753 Y144.392 E.0356
G1 X145.049 Y145.518 E.0354
G1 X146.039 Y145.518 E.03013
G1 X146.325 Y144.396 E.0352
G1 X146.652 Y145.518 E.03553
G1 X147.738 Y145.518 E.03302
G1 E-.728 F1800
;WIPE_START
G1 F30000
G1 X147.384 Y144.371 E-.072
;WIPE_END
G1 X147.942 Y142.49 Z2
G1 Z1.6
G1 E.8 F1800
G1 F7200
G1 X147.942 Y146.51 E.12226
G1 X149.052 Y146.51 E.03376
G1 X149.052 Y145.419 E.0332
G1 X149.122 Y145.463 E.0025
G1 X149.504 Y145.573 E.01211
G1 X149.975 Y145.539 E.01437
G1 X150.373 Y145.346 E.01344
G1 X150.609 Y145.048 E.01157
G1 X150.697 Y144.794 E.00816
G1 X150.732 Y144.479 E.00965
G1 X150.737 Y142.49 E.06049
G1 X149.627 Y142.49 E.03378
G1 X149.626 Y144.168 E.05102
G1 X149.6 Y144.515 E.01059
G1 X149.552 Y144.585 E.00259
G1 X149.399 Y144.624 E.00478
G1 X149.277 Y144.604 E.00379
G1 X149.199 Y144.564 E.00266
G1 X149.139 Y144.5 E.00267
G1 X149.095 Y144.401 E.00328
G1 X149.053 Y144.073 E.01007
G1 X149.052 Y142.49 E.04814
G1 X147.982 Y142.49 E.03254
G1 E-.728 F1800
;WIPE_START
G1 F30000
G1 X147.97 Y143.69 E-.072
;WIPE_END
G1 X151.319 Y142.49 Z2
G1 Z1.6
G1 E.8 F1800
G1 F7200
G1 X151.319 Y146.51 E.12226
G1 X152.429 Y146.51 E.03376
G1 X152.429 Y142.49 E.12226
G1 X151.359 Y142.49 E.03254
G1 E-.728 F1800
;WIPE_START
G1 F30000
G1 X151.347 Y143.69 E-.072
;WIPE_END
G1 X154.633 Y144.548 Z2
G1 Z1.6
G1 E.8 F1800
G1 F7200
G1 X154.164 Y144.548 E.01428
G1 X154.175 Y143.433 E.03392
G1 X154.603 Y143.544 E.01347
G1 X154.708 Y142.589 E.02922
G1 X154.186 Y142.447 E.01647
G1 X153.82 Y142.434 E.01114
G1 X153.466 Y142.528 E.01114
G1 X153.209 Y142.732 E.00997
G1 X153.105 Y142.955 E.00747
G1 X153.058 Y143.242 E.00884
G1 X153.051 Y144.548 E.03973
G1 X152.733 Y144.548 E.00967
G1 X152.733 Y145.518 E.0295
G1 X153.049 Y145.518 E.00963
G1 X153.049 Y145.947 E.01305
G1 X154.162 Y146.594 E.03914
G1 X154.162 Y145.518 E.03272
G1 X154.633 Y145.518 E.01434
G1 X154.633 Y144.588 E.02829
G1 X155.092 Y145.029 F30000
G1 F7200
G1 X155.289 Y145.244 E.00887
G1 X155.517 Y145.407 E.00854
G1 X155.773 Y145.517 E.00847
G1 X156.052 Y145.571 E.00863
G1 X156.365 Y145.571 E.00952
G1 X156.796 Y145.468 E.01348
G1 X157.057 Y145.322 E.0091
G1 X157.277 Y145.12 E.00907
G1 X157.451 Y144.862 E.00947
G1 X157.569 Y144.553 E.01007
G1 X157.633 Y144.199 E.01093
G1 X157.657 Y143.595 E.01839
G1 X157.595 Y143.595 E.00188
G1 X157.72 Y143.574 E.00384
G1 X157.404 Y142.959 E.02102
G1 X157.187 Y142.728 E.00967
G1 X156.924 Y142.563 E.00945
G1 X156.714 Y142.486 E.00679
G1 X156.388 Y142.434 E.01005
G1 X156.153 Y142.437 E.00716
G1 X155.747 Y142.5 E.01247
G1 X155.445 Y142.634 E.01005
G1 X155.196 Y142.834 E.00973
G1 X155.017 Y143.072 E.00904
G1 X154.864 Y143.429 E.01182
G1 X154.797 Y143.835 E.01251
G1 X154.798 Y144.158 E.00983
G1 X154.845 Y144.48 E.0099
G1 X154.943 Y144.772 E.00936
G1 X155.072 Y144.994 E.00782
G1 E-.728 F1800
;WIPE_START
G1 F30000
G1 X155.289 Y145.244 E-.01985
G1 X155.517 Y145.407 E-.01685
G1 X155.773 Y145.517 E-.01671
G1 X156.052 Y145.571 E-.01703
G1 X156.078 Y145.571 E-.00156
;WIPE_END
G1 X161.233 Y147.71 Z2
G1 Z1.6
G1 E.8 F1800
G1 F7200
G1 X163.014 Y147.71 E.05416
G1 X163.314 Y147.671 E.0092
G1 X163.606 Y147.549 E.00962
G1 X163.857 Y147.357 E.00962
G1 X164.049 Y147.106 E.00962
G1 X164.171 Y146.814 E.00962
G1 X164.21 Y146.514 E.0092
G1 X164.201 Y106.341 E1.22181
G1 X164.112 Y106.02 E.01012
G1 X163.965 Y105.768 E.00888
G1 X163.851 Y105.639 E.00522
G1 X163.606 Y105.451 E.00941
G1 X163.314 Y105.329 E.00962
G1 X163.014 Y105.29 E.0092
G1 X160.61 Y105.29 E.07311
G1 X160.61 Y103.71 E.04805
G1 X162.993 Y103.71 E.07248
G1 X163.364 Y103.734 E.01131
G1 X163.722 Y103.806 E.0111
G1 X164.068 Y103.923 E.0111
G1 X164.395 Y104.084 E.0111
G1 X164.698 Y104.287 E.0111
G1 X164.973 Y104.527 E.0111
G1 X165.213 Y104.802 E.0111
G1 X165.416 Y105.105 E.0111
G1 X165.577 Y105.432 E.0111
G1 X165.694 Y105.778 E.0111
G1 X165.766 Y106.136 E.0111
G1 X165.79 Y106.507 E.01131
G1 X165.79 Y146.493 E1.21613
G1 X165.766 Y146.864 E.01131
G1 X165.694 Y147.222 E.0111
G1 X165.577 Y147.568 E.0111
G1 X165.416 Y147.895 E.0111
G1 X165.213 Y148.198 E.0111
G1 X164.973 Y148.473 E.0111
G1 X164.698 Y148.713 E.0111
G1 X164.395 Y148.916 E.0111
G1 X164.067 Y149.077 E.0111
G1 X163.722 Y149.195 E.0111
G1 X163.364 Y149.266 E.0111
G1 X162.993 Y149.29 E.01131
G1 X93.007 Y149.29 E2.12854
G1 X92.636 Y149.266 E.01131
G1 X92.278 Y149.195 E.0111
G1 X91.932 Y149.077 E.0111
G1 X91.605 Y148.916 E.0111
G1 X91.302 Y148.713 E.0111
G1 X91.027 Y148.473 E.0111
G1 X90.787 Y148.199 E.01107
G1 X90.574 Y147.874 E.01184
G1 X90.423 Y147.568 E.01038
G1 X90.306 Y147.222 E.0111
G1 X90.234 Y146.864 E.0111
G1 X90.21 Y146.493 E.01131
G1 X90.21 Y106.507 E1.21613
G1 X90.234 Y106.136 E.01131
G1 X90.306 Y105.778 E.0111
G1 X90.423 Y105.432 E.0111
G1 X90.584 Y105.105 E.0111
G1 X90.787 Y104.802 E.0111
G1 X91.027 Y104.527 E.0111
G1 X91.302 Y104.287 E.0111
G1 X91.605 Y104.084 E.0111
G1 X91.932 Y103.923 E.0111
G1 X92.278 Y103.806 E.0111
G1 X92.636 Y103.734 E.0111
G1 X93.007 Y103.71 E.01131
G1 X151.29 Y103.71 E1.7726
G1 X151.29 Y105.29 E.04805
G1 X92.985 Y105.29 E1.77327
G1 X92.669 Y105.335 E.0097
G1 X92.4 Y105.448 E.00888
G1 X92.257 Y105.544 E.00522
G1 X92.042 Y105.758 E.00924
G1 X91.94 Y105.917 E.00574
G1 X91.829 Y106.187 E.00887
G1 X91.79 Y106.486 E.00918
G1 X91.79 Y146.514 E1.21738
G1 X91.829 Y146.814 E.0092
G1 X91.951 Y147.106 E.00962
G1 X92.143 Y147.357 E.00962
G1 X92.389 Y147.545 E.00941
G1 X92.543 Y147.621 E.00524
G1 X92.841 Y147.701 E.00937
G1 X93.767 Y147.712 E.02817
G1 X93.858 Y147.32 E.01223
G1 X93.514 Y147.122 E.01207
G1 X93.447 Y147.063 E.00272
G1 X93.317 Y146.894 E.00647
G1 X93.239 Y146.704 E.00626
G1 X93.21 Y146.486 E.00668
G1 X93.21 Y134.008 E.3795
G1 X93.22 Y133.89 E.00362
G1 X93.272 Y133.699 E.00602
G1 X93.378 Y133.514 E.00648
G1 X93.437 Y133.447 E.00272
G1 X93.606 Y133.317 E.00647
G1 X93.796 Y133.239 E.00626
G1 X94.014 Y133.21 E.00668
G1 X160.986 Y133.21 E2.03688
G1 X161.211 Y133.24 E.00689
G1 X161.302 Y133.271 E.00293
G1 X161.389 Y133.313 E.00293
G1 X161.562 Y133.446 E.00663
G1 X161.63 Y133.526 E.0032
G1 X161.728 Y133.698 E.00602
G1 X161.783 Y133.904 E.00648
G1 X161.79 Y134.007 E.00314
G1 X161.79 Y146.493 E.37975
G1 X161.783 Y146.596 E.00314
G1 X161.728 Y146.802 E.00647
G1 X161.625 Y146.98 E.00626
G1 X161.48 Y147.125 E.00626
G1 X161.142 Y147.32 E.01186
G1 X161.224 Y147.671 E.01096
G1 E-.728 F1800
;WIPE_START
G1 F30000
G1 X162.424 Y147.697 E-.072
;WIPE_END
G1 X165.579 Y146.825 Z2
G1 Z1.6
G1 E.8 F1800
SET_VELOCITY_LIMIT ACCEL=1500
;TYPE:Top surface
;WIDTH:0.420287
G1 F12000
G1 X163.538 Y148.866 E.09577
G1 X163.317 Y148.91 E.00747
G1 X162.938 Y148.932 E.01259
G1 X165.432 Y146.438 E.11698
G1 X165.432 Y145.905 E.01771
G1 X164.533 Y146.803 E.04216
G1 X164.52 Y146.907 E.00347
G1 X164.362 Y147.287 E.01362
G1 X164.112 Y147.612 E.01362
G1 X163.787 Y147.862 E.01362
G1 X163.407 Y148.02 E.01362
G1 X163.303 Y148.033 E.00347
G1 X162.405 Y148.932 E.04216
G1 X161.871 Y148.932 E.01771
G1 X162.735 Y148.068 E.04052
G1 X162.201 Y148.068 E.01771
G1 X161.337 Y148.932 E.04052
G1 X160.804 Y148.932 E.01771
G1 X161.667 Y148.068 E.04052
G1 X161.134 Y148.068 E.01771
G1 X160.27 Y148.932 E.04052
G1 X159.736 Y148.932 E.01771
G1 X160.883 Y147.786 E.05378
G1 X160.782 Y147.353 E.01474
G1 X159.203 Y148.932 E.07409
G1 X158.669 Y148.932 E.01771
G1 X161.432 Y146.169 E.12962
G1 X161.432 Y145.635 E.01771
G1 X158.135 Y148.932 E.15466
G1 X157.602 Y148.932 E.01771
G1 X161.432 Y145.102 E.1797
G1 X161.432 Y144.568 E.01771
G1 X157.068 Y148.932 E.20474
G1 X156.534 Y148.932 E.01771
G1 X161.432 Y144.034 E.22978
G1 X161.432 Y143.501 E.01771
G1 X156.001 Y148.932 E.25482
G1 X155.467 Y148.932 E.01771
G1 X161.432 Y142.967 E.27986
G1 X161.432 Y142.433 E.01771
G1 X154.933 Y148.932 E.3049
G1 X154.4 Y148.932 E.01771
G1 X161.432 Y141.9 E.32993
G1 X161.432 Y141.366 E.01771
G1 X153.696 Y149.101 E.36293
G1 E-.728 F1800
;WIPE_START
G1 F30000
G1 X154.545 Y148.253 E-.072
;WIPE_END
G1 X157.771 Y144.493 Z2
G1 Z1.6
G1 E.8 F1800
G1 F12000
G1 X161.432 Y140.832 E.17174
G1 X161.432 Y140.299 E.01771
G1 X158.134 Y143.596 E.15473
G1 X157.953 Y143.244 E.01315
G1 X161.432 Y139.765 E.16322
G1 X161.432 Y139.231 E.01771
G1 X157.772 Y142.891 E.17172
G1 X157.7 Y142.751 E.00522
G1 X157.544 Y142.585 E.00755
G1 X161.432 Y138.698 E.18239
G1 X161.432 Y138.164 E.01771
G1 X157.251 Y142.345 E.19616
G1 X157.082 Y142.239 E.00662
G1 X156.892 Y142.17 E.0067
G1 X161.432 Y137.63 E.21299
G1 X161.432 Y137.097 E.01771
G1 X156.448 Y142.081 E.23385
M73 P88 R2
G1 X156.122 Y142.079 E.01079
G1 X155.877 Y142.118 E.00823
G1 X161.432 Y136.563 E.26062
G1 X161.432 Y136.029 E.01771
G1 X155.093 Y142.368 E.2974
G1 X155.098 Y142.323 E.00149
G1 X154.71 Y142.218 E.01335
G1 X161.432 Y135.496 E.3154
G1 X161.432 Y134.962 E.01771
G1 X154.29 Y142.104 E.33508
G1 X153.786 Y142.074 E.01676
G1 X161.432 Y134.428 E.35875
G1 X161.432 Y134.019 E.01359
G1 X161.415 Y133.912 E.00359
G1 X152.787 Y142.539 E.4048
G1 X152.787 Y142.132 E.01353
G1 X152.661 Y142.132 E.00418
G1 X161.182 Y133.611 E.39979
G1 X161.129 Y133.59 E.00188
G1 X160.963 Y133.568 E.00557
G1 X160.691 Y133.568 E.00903
G1 X152.127 Y142.132 E.40179
G1 X151.593 Y142.132 E.01771
G1 X160.157 Y133.568 E.40179
G1 X159.623 Y133.568 E.01771
G1 X151.06 Y142.132 E.40179
G1 X150.526 Y142.132 E.01771
G1 X159.09 Y133.568 E.40179
G1 X158.556 Y133.568 E.01771
G1 X149.992 Y142.132 E.40179
G1 X149.459 Y142.132 E.01771
G1 X158.022 Y133.568 E.40179
G1 X157.489 Y133.568 E.01771
G1 X148.925 Y142.132 E.40179
G1 X148.391 Y142.132 E.01771
G1 X157.125 Y133.399 E.40975
G1 E-.728 F1800
;WIPE_START
G1 F30000
G1 X156.276 Y134.247 E-.072
;WIPE_END
G1 X156.453 Y141.877 Z2
G1 X156.541 Y145.723 Z2
G1 Z1.6
G1 E.8 F1800
G1 F12000
G1 X153.332 Y148.932 E.15057
G1 X152.799 Y148.932 E.01771
G1 X155.836 Y145.894 E.14252
G1 X155.667 Y145.861 E.00571
G1 X155.435 Y145.762 E.00839
G1 X154.52 Y146.677 E.04291
G1 X154.52 Y146.143 E.01771
G1 X155.23 Y145.433 E.03329
G1 E-.728 F1800
;WIPE_START
G1 F30000
G1 X154.52 Y146.143 E-.06021
G1 X154.52 Y146.339 E-.01179
;WIPE_END
G1 X154.303 Y146.894 Z2
G1 Z1.6
G1 E.8 F1800
G1 F12000
G1 X152.265 Y148.932 E.09561
G1 X151.731 Y148.932 E.01771
G1 X153.841 Y146.822 E.099
G1 X153.504 Y146.626 E.01295
G1 X151.198 Y148.932 E.10821
G1 X150.664 Y148.932 E.01771
G1 X153.166 Y146.429 E.11741
G1 X152.829 Y146.233 E.01295
G1 X152.617 Y146.445 E.00994
G1 X152.363 Y146.699 F30000
G1 F12000
G1 X150.13 Y148.932 E.10478
G1 X149.597 Y148.932 E.01771
G1 X151.66 Y146.868 E.09682
G1 X151.126 Y146.868 E.01771
G1 X149.063 Y148.932 E.09682
G1 X148.529 Y148.932 E.01771
G1 X150.96 Y146.501 E.11406
G1 X150.96 Y145.967 E.01771
G1 X147.996 Y148.932 E.1391
G1 X147.462 Y148.932 E.01771
G1 X150.96 Y145.433 E.16414
G1 X150.96 Y145.223 E.00698
G1 X150.935 Y145.214 E.00089
G1 X150.603 Y145.632 E.01773
G1 X150.07 Y145.891 E.01965
G1 X149.961 Y145.899 E.00363
G1 X149.411 Y146.449 E.02582
G1 X149.411 Y146.868 E.0139
G1 X148.992 Y146.868 E.0139
G1 X146.928 Y148.932 E.09682
G1 X146.394 Y148.932 E.01771
G1 X148.458 Y146.868 E.09682
G1 X147.924 Y146.868 E.01771
G1 X145.861 Y148.932 E.09682
G1 X145.327 Y148.932 E.01771
G1 X147.584 Y146.675 E.10589
G1 X147.584 Y146.141 E.01771
G1 X144.793 Y148.932 E.13093
G1 X144.26 Y148.932 E.01771
G1 X147.315 Y145.876 E.14337
G1 X146.782 Y145.876 E.01771
G1 X143.726 Y148.932 E.14337
G1 X143.192 Y148.932 E.01771
G1 X146.248 Y145.876 E.14337
G1 X145.714 Y145.876 E.01771
G1 X142.659 Y148.932 E.14337
G1 X142.125 Y148.932 E.01771
G1 X145.181 Y145.876 E.14337
G1 X144.773 Y145.876 E.01354
G1 X144.752 Y145.799 E.00266
G1 X144.725 Y145.798 E.00091
G1 X141.591 Y148.932 E.14702
G1 X141.058 Y148.932 E.01771
G1 X144.113 Y145.876 E.14337
G1 X143.58 Y145.876 E.01771
G1 X140.524 Y148.932 E.14337
G1 X139.99 Y148.932 E.01771
G1 X143.046 Y145.876 E.14337
G1 X142.826 Y145.876 E.00728
G1 X142.972 Y145.417 E.01599
G1 X139.457 Y148.932 E.16492
G1 X138.923 Y148.932 E.01771
G1 X140.987 Y146.868 E.09682
G1 X140.453 Y146.868 E.01771
G1 X138.389 Y148.932 E.09682
G1 X137.856 Y148.932 E.01771
G1 X139.919 Y146.868 E.09682
G1 X139.386 Y146.868 E.01771
G1 X137.322 Y148.932 E.09682
G1 X136.788 Y148.932 E.01771
G1 X138.852 Y146.868 E.09682
G1 X138.318 Y146.868 E.01771
G1 X136.255 Y148.932 E.09682
G1 X135.721 Y148.932 E.01771
G1 X138.261 Y146.392 E.11918
G1 X138.261 Y145.858 E.01772
G1 X135.187 Y148.932 E.14424
G1 X134.654 Y148.932 E.01771
G1 X138.261 Y145.324 E.16926
G1 X138.26 Y145.099 E.00747
G1 X138.03 Y145.384 E.01213
G1 X137.738 Y145.626 E.0126
G1 X137.403 Y145.802 E.01254
G1 X137.19 Y145.862 E.00736
G1 X134.12 Y148.932 E.14404
G1 X133.586 Y148.932 E.01771
G1 X136.586 Y145.932 E.14075
G1 X136.118 Y145.867 E.01569
G1 X133.053 Y148.932 E.14381
G1 X132.519 Y148.932 E.01771
G1 X135.734 Y145.717 E.15084
G1 X135.469 Y145.559 E.01023
G1 X135.412 Y145.505 E.0026
G1 X131.985 Y148.932 E.16077
G1 X131.452 Y148.932 E.01771
G1 X135.149 Y145.234 E.17349
G1 X134.973 Y144.97 E.01052
G1 X134.898 Y145.229 E.00895
G1 X134.591 Y145.613 E.01629
G1 X134.313 Y145.791 E.01097
G1 X134.027 Y145.892 E.01006
G1 X133.946 Y145.904 E.00273
G1 X130.918 Y148.932 E.14206
G1 X130.384 Y148.932 E.01771
G1 X133.398 Y145.918 E.1414
G1 X133.334 Y145.915 E.00213
G1 X133.004 Y145.779 E.01185
G1 X129.85 Y148.932 E.14794
G1 X129.317 Y148.932 E.01771
G1 X132.337 Y145.912 E.14169
G1 X132.076 Y145.94 E.0087
G1 X131.819 Y145.896 E.00865
G1 X128.783 Y148.932 E.14244
G1 X128.249 Y148.932 E.01771
G1 X131.305 Y145.876 E.14337
G1 X130.771 Y145.876 E.01771
G1 X127.716 Y148.932 E.14337
G1 X127.182 Y148.932 E.01771
G1 X130.238 Y145.876 E.14337
G1 X130.077 Y145.876 E.00533
G1 X130.077 Y145.503 E.01237
G1 X126.648 Y148.932 E.16086
G1 X126.115 Y148.932 E.01771
G1 X129.206 Y145.84 E.14506
G1 X128.786 Y145.929 E.01424
G1 X128.584 Y145.929 E.00673
G1 X125.581 Y148.932 E.14087
G1 X125.047 Y148.932 E.01771
G1 X128.109 Y145.871 E.14362
G1 X127.728 Y145.717 E.0136
G1 X124.514 Y148.932 E.15082
G1 X123.98 Y148.932 E.01771
G1 X127.422 Y145.49 E.1615
G1 X127.174 Y145.204 E.01255
G1 X123.446 Y148.932 E.17488
G1 X122.913 Y148.932 E.01771
G1 X126.987 Y144.857 E.19118
G1 X126.889 Y144.563 E.01028
G1 X126.871 Y144.44 E.00415
G1 X122.379 Y148.932 E.21077
G1 X121.845 Y148.932 E.01771
G1 X127.011 Y143.766 E.24236
G1 E-.728 F1800
;WIPE_START
G1 F30000
G1 X126.162 Y144.615 E-.072
;WIPE_END
G1 X123.545 Y146.699 Z2
G1 Z1.6
G1 E.8 F1800
G1 F12000
G1 X121.312 Y148.932 E.10478
G1 X120.778 Y148.932 E.01771
G1 X122.842 Y146.868 E.09682
G1 X122.618 Y146.868 E.00742
G1 X122.531 Y146.645 E.00795
G1 X120.244 Y148.932 E.10729
G1 X119.711 Y148.932 E.01771
G1 X122.381 Y146.261 E.12531
G1 X122.232 Y145.877 E.01367
G1 X119.177 Y148.932 E.14333
G1 X118.643 Y148.932 E.01771
G1 X122.082 Y145.493 E.16135
G1 X121.933 Y145.109 E.01367
G1 X118.11 Y148.932 E.17937
G1 X117.576 Y148.932 E.01771
M73 P89 R2
G1 X121.783 Y144.725 E.19739
G1 X121.633 Y144.341 E.01367
G1 X119.911 Y146.063 E.08081
G1 X119.911 Y145.529 E.01771
G1 X121.484 Y143.956 E.07379
G1 X121.452 Y143.875 E.00291
G1 X121.032 Y143.875 E.01394
G1 X119.911 Y144.995 E.05258
G1 X119.911 Y144.462 E.01771
G1 X120.498 Y143.875 E.02754
G1 X119.965 Y143.875 E.01771
G1 X119.741 Y144.098 E.01046
G1 E-.728 F1800
;WIPE_START
G1 F30000
G1 X119.965 Y143.875 E-.01893
G1 X120.498 Y143.875 E-.03202
G1 X120.25 Y144.123 E-.02105
;WIPE_END
G1 X127.879 Y143.896 Z2
G1 X147.754 Y143.303 Z2
G1 Z1.6
G1 E.8 F1800
G1 F12000
G1 X147.518 Y143.539 E.01105
G1 X147.389 Y143.135 E.01408
G1 X147.754 Y142.769 E.01713
G1 X147.124 Y142.866 F30000
G1 F12000
G1 X156.421 Y133.568 E.43622
G1 X155.888 Y133.568 E.01771
G1 X147.129 Y142.327 E.41093
G1 X147.067 Y142.132 E.00679
G1 X146.79 Y142.132 E.00916
G1 X147.403 Y141.519 E.02876
G1 X147.901 Y141.519 E.01651
G1 X147.901 Y141.021 E.01651
G1 X155.354 Y133.568 E.34968
G1 X154.82 Y133.568 E.01771
G1 X147.901 Y140.487 E.32464
G1 X147.901 Y139.954 E.01771
G1 X154.287 Y133.568 E.2996
G1 X153.753 Y133.568 E.01771
G1 X147.996 Y139.325 E.27009
G1 X148.032 Y139.157 E.00568
G1 X148.019 Y138.768 E.01292
G1 X153.219 Y133.568 E.24397
G1 X152.686 Y133.568 E.01771
G1 X147.899 Y138.355 E.22457
G1 X147.859 Y138.231 E.00431
G1 X147.706 Y138.014 E.00881
G1 X152.152 Y133.568 E.20857
G1 X151.618 Y133.568 E.01771
G1 X147.447 Y137.739 E.19568
G1 X147.137 Y137.515 E.01268
G1 X151.084 Y133.568 E.18519
G1 X150.551 Y133.568 E.01771
G1 X146.719 Y137.4 E.17977
G1 X146.635 Y137.377 E.00289
G1 X146.198 Y137.387 E.0145
G1 X150.017 Y133.568 E.17917
G1 X149.483 Y133.568 E.01771
G1 X145.368 Y137.684 E.1931
G1 X145.368 Y137.423 E.00864
G1 X145.095 Y137.423 E.00906
G1 X148.95 Y133.568 E.18088
G1 X148.416 Y133.568 E.01771
G1 X144.561 Y137.423 E.18088
G1 X144.027 Y137.423 E.01771
G1 X147.882 Y133.568 E.18088
G1 X147.349 Y133.568 E.01771
G1 X143.494 Y137.423 E.18088
G1 X142.96 Y137.423 E.01771
G1 X146.815 Y133.568 E.18088
G1 X146.281 Y133.568 E.01771
G1 X142.426 Y137.423 E.18088
G1 X142.141 Y137.423 E.00948
G1 X142.128 Y137.372 E.00175
G1 X141.944 Y137.372 E.00612
G1 X145.748 Y133.568 E.17848
G1 X145.214 Y133.568 E.01771
G1 X141.41 Y137.372 E.17848
G1 X140.876 Y137.372 E.01771
G1 X144.68 Y133.568 E.17848
G1 X144.147 Y133.568 E.01771
G1 X140.277 Y137.438 E.18156
G1 X140.055 Y137.377 E.00764
G1 X139.799 Y137.383 E.00851
G1 X143.613 Y133.568 E.17897
G1 X143.079 Y133.568 E.01771
G1 X139.114 Y137.534 E.18605
G1 X138.787 Y137.76 E.01317
G1 X138.787 Y137.423 E.01116
G1 X138.69 Y137.423 E.00322
G1 X142.546 Y133.568 E.18088
G1 X142.012 Y133.568 E.01771
G1 X138.157 Y137.423 E.18088
G1 X137.623 Y137.423 E.01771
G1 X141.478 Y133.568 E.18088
G1 X140.945 Y133.568 E.01771
G1 X137.089 Y137.423 E.18088
G1 X136.93 Y137.423 E.00531
G1 X136.93 Y137.05 E.0124
G1 X140.411 Y133.568 E.16334
G1 X139.877 Y133.568 E.01771
G1 X136.876 Y136.569 E.14079
G1 X136.648 Y136.264 E.01265
G1 X139.344 Y133.568 E.12646
G1 X138.81 Y133.568 E.01771
G1 X136.42 Y135.958 E.11213
G1 X136.247 Y135.598 E.01327
G1 X138.276 Y133.568 E.09522
G1 X137.743 Y133.568 E.01771
G1 X136.093 Y135.218 E.07741
G1 X135.98 Y134.797 E.01447
G1 X137.209 Y133.568 E.05764
G1 X136.675 Y133.568 E.01771
G1 X135.927 Y134.316 E.03509
G1 X135.874 Y133.835 E.01604
G1 X136.142 Y133.568 E.01254
G1 X135.608 Y133.568 E.01771
G1 X135.457 Y133.719 E.00707
G1 X134.923 Y133.719 E.01771
G1 X135.074 Y133.568 E.00707
G1 X134.54 Y133.568 E.01771
G1 X134.39 Y133.719 E.00707
G1 X133.856 Y133.719 E.01771
G1 X134.007 Y133.568 E.00707
G1 X133.473 Y133.568 E.01771
G1 X133.322 Y133.719 E.00707
G1 X132.789 Y133.719 E.01771
G1 X132.939 Y133.568 E.00707
G1 X132.406 Y133.568 E.01771
G1 X132.255 Y133.719 E.00707
G1 X131.721 Y133.719 E.01771
G1 X132.042 Y133.399 E.01504
G1 E-.728 F1800
;WIPE_START
G1 F30000
G1 X131.721 Y133.719 E-.02719
G1 X132.255 Y133.719 E-.03202
G1 X132.406 Y133.568 E-.01279
;WIPE_END
G1 X131.287 Y134.153 Z2
G1 Z1.6
G1 E.8 F1800
G1 F12000
G1 X130.921 Y134.519 E.01717
G1 X130.387 Y134.519 E.01771
G1 X131.338 Y133.568 E.04462
G1 X130.805 Y133.568 E.01771
G1 X129.858 Y134.515 E.04441
G1 X129.635 Y134.204 E.01269
G1 X130.271 Y133.568 E.02983
G1 X129.737 Y133.568 E.01771
G1 X129.35 Y133.955 E.01817
G1 X129.127 Y133.801 E.00901
G1 X129.003 Y133.769 E.00423
G1 X129.204 Y133.568 E.0094
G1 X128.67 Y133.568 E.01771
G1 X128.568 Y133.67 E.00479
G1 X128.063 Y133.699 E.01677
G1 X127.961 Y133.744 E.00371
G1 X128.136 Y133.568 E.00823
G1 X127.603 Y133.568 E.01771
G1 X127.034 Y134.137 E.02667
G1 X126.89 Y133.97 E.00732
G1 X126.752 Y133.886 E.00537
G1 X127.069 Y133.568 E.01489
G1 X126.535 Y133.568 E.01771
G1 X126.38 Y133.723 E.00727
G1 X126.292 Y133.695 E.00308
G1 X125.897 Y133.673 E.01312
G1 X126.002 Y133.568 E.0049
G1 X125.468 Y133.568 E.01771
G1 X124.517 Y134.519 E.04462
G1 X123.983 Y134.519 E.01771
G1 X124.934 Y133.568 E.04462
G1 X124.401 Y133.568 E.01771
G1 X123.45 Y134.519 E.04462
G1 X123.19 Y134.519 E.0086
G1 X123.088 Y134.347 E.00664
G1 X123.867 Y133.568 E.03654
G1 X123.333 Y133.568 E.01771
G1 X122.834 Y134.068 E.02344
G1 X122.54 Y133.828 E.01258
G1 X122.8 Y133.568 E.01218
G1 X122.266 Y133.568 E.01771
G1 X122.125 Y133.709 E.00663
G1 X121.978 Y133.668 E.00504
G1 X121.612 Y133.688 E.01216
G1 X121.732 Y133.568 E.00562
G1 X121.199 Y133.568 E.01771
G1 X120.699 Y134.067 E.02342
G1 X120.699 Y133.719 E.01156
G1 X120.514 Y133.719 E.00615
G1 X120.665 Y133.568 E.00707
G1 X120.131 Y133.568 E.01771
G1 X119.98 Y133.719 E.00707
G1 X119.447 Y133.719 E.01771
G1 X119.598 Y133.568 E.00707
G1 X119.064 Y133.568 E.01771
G1 X118.913 Y133.719 E.00707
G1 X118.379 Y133.719 E.01771
G1 X118.53 Y133.568 E.00707
G1 X117.996 Y133.568 E.01771
G1 X117.846 Y133.719 E.00707
G1 X117.365 Y133.719 E.01594
G1 X117.423 Y133.925 E.00712
G1 X117.226 Y133.805 E.00767
G1 X117.463 Y133.568 E.01112
G1 X116.929 Y133.568 E.01771
G1 X116.81 Y133.687 E.00557
G1 X116.577 Y133.665 E.00779
G1 X116.267 Y133.696 E.01032
G1 X116.395 Y133.568 E.00601
G1 X115.862 Y133.568 E.01771
G1 X115.535 Y133.895 E.01534
G1 X115.535 Y133.719 E.00585
G1 X115.177 Y133.719 E.01186
G1 X115.328 Y133.568 E.00707
G1 X114.794 Y133.568 E.01771
G1 X114.644 Y133.719 E.00707
G1 X114.11 Y133.719 E.01771
G1 X114.261 Y133.568 E.00707
G1 X113.727 Y133.568 E.01771
G1 X113.576 Y133.719 E.00707
G1 X113.043 Y133.719 E.01771
G1 X113.363 Y133.399 E.01504
G1 E-.728 F1800
;WIPE_START
G1 F30000
G1 X113.043 Y133.719 E-.02719
G1 X113.576 Y133.719 E-.03202
G1 X113.727 Y133.568 E-.01279
;WIPE_END
G1 X113.27 Y135.626 Z2
G1 Z1.6
G1 E.8 F1800
G1 F12000
G1 X112.871 Y136.026 E.01874
G1 E-.76611 F1800
;WIPE_START
G1 F30000
G1 X113.27 Y135.626 E-.03389
;WIPE_END
G1 X112.838 Y137.126 Z2
G1 Z1.6
G1 E.8 F1800
G1 F12000
G1 X112.371 Y137.593 E.02193
G1 E-.76033 F1800
;WIPE_START
G1 F30000
G1 X112.838 Y137.126 E-.03967
;WIPE_END
G1 X110.228 Y138.668 Z2
G1 Z1.6
G1 E.8 F1800
G1 F12000
G1 X109.83 Y139.066 E.01867
G1 X109.476 Y138.896 E.01304
G1 X110.058 Y138.304 E.02753
G1 X110.058 Y137.866 E.01453
G1 X109.964 Y137.865 E.00314
G1 X109.131 Y138.698 E.03908
G1 X108.597 Y138.698 E.01771
G1 X109.504 Y137.791 E.04256
G1 X109.124 Y137.638 E.0136
G1 X108.224 Y138.538 E.04223
G1 X108.224 Y138.004 E.01771
G1 X108.835 Y137.393 E.02866
G1 X108.674 Y137.189 E.00861
G1 X108.625 Y137.069 E.0043
G1 X108.224 Y137.47 E.01882
G1 X108.224 Y137.423 E.00156
G1 X107.737 Y137.423 E.01614
G1 X108.636 Y136.525 E.04215
G1 E-.728 F1800
;WIPE_START
G1 F30000
G1 X107.787 Y137.373 E-.072
;WIPE_END
G1 X109.14 Y135.486 Z2
G1 Z1.6
G1 E.8 F1800
G1 F12000
G1 X108.761 Y135.866 E.01782
G1 X108.353 Y135.907 E.01358
G1 X108.409 Y136.218 E.01049
G1 X107.204 Y137.423 E.05654
G1 X107.056 Y137.423 E.0049
G1 X107.251 Y137.17 E.01059
G1 X107.454 Y136.639 E.01887
G1 X108.663 Y135.43 E.05671
G1 X108.129 Y135.43 E.01771
G1 X107.531 Y136.028 E.02806
G1 X107.543 Y135.767 E.00869
G1 X107.531 Y135.495 E.00901
G1 X107.765 Y135.261 E.011
G1 E-.728 F1800
;WIPE_START
G1 F30000
G1 X107.531 Y135.495 E-.0199
G1 X107.543 Y135.767 E-.0163
G1 X107.531 Y136.028 E-.01573
G1 X107.768 Y135.792 E-.02008
;WIPE_END
G1 X102.945 Y141.682 Z2
G1 Z1.6
G1 E.8 F1800
G1 F12000
G1 X102.198 Y142.429 E.03506
G1 X101.865 Y142.228 E.01289
G1 X102.702 Y141.391 E.03929
G1 X102.384 Y141.175 E.01275
G1 X101.449 Y142.111 E.0439
G1 X101.226 Y142.075 E.00748
G1 X100.947 Y142.079 E.00927
G1 X102.122 Y140.903 E.05517
G1 X101.955 Y140.642 E.0103
G1 X101.865 Y140.875 E.00829
G1 X101.64 Y141.167 E.01225
G1 X101.384 Y141.37 E.01082
G1 X101.091 Y141.504 E.01071
G1 X100.962 Y141.53 E.00436
G1 X100.244 Y142.248 E.03367
G1 X100.07 Y142.325 E.00633
G1 X99.749 Y142.583 E.01366
G1 X99.601 Y142.779 E.00813
G1 X99.575 Y142.77 E.0009
G1 X99.575 Y142.383 E.01284
G1 X100.405 Y141.553 E.03893
G1 X100.308 Y141.549 E.00322
G1 X99.982 Y141.443 E.01139
G1 X99.293 Y142.132 E.03231
G1 X98.759 Y142.132 E.01771
G1 X99.663 Y141.228 E.04238
G1 X99.483 Y141.048 E.00843
G1 X99.418 Y140.939 E.00421
G1 X98.226 Y142.132 E.05595
G1 X97.692 Y142.132 E.01771
G1 X98.252 Y141.572 E.02626
G1 X97.724 Y141.566 E.01751
G1 X97.158 Y142.132 E.02654
G1 X96.625 Y142.132 E.01771
G1 X97.536 Y141.22 E.04276
M73 P90 R2
G1 X97.461 Y141.082 E.00523
G1 X97.291 Y140.932 E.00752
G1 X96.091 Y142.132 E.05629
G1 X95.557 Y142.132 E.01771
G1 X97.071 Y140.618 E.07101
G1 E-.728 F1800
;WIPE_START
G1 F30000
G1 X96.222 Y141.467 E-.072
;WIPE_END
G1 X95.78 Y141.376 Z2
G1 Z1.6
G1 E.8 F1800
G1 F12000
G1 X94.854 Y142.301 E.04344
G1 E-.728 F1800
;WIPE_START
G1 F30000
G1 X95.702 Y141.453 E-.072
;WIPE_END
G1 X94.212 Y139.741 Z2
G1 Z1.6
G1 E.8 F1800
G1 F12000
G1 X94.673 Y139.28 E.02163
G1 E-.76089 F1800
;WIPE_START
G1 F30000
G1 X94.212 Y139.741 E-.03911
;WIPE_END
G1 X94.37 Y136.381 Z2
G1 Z1.6
G1 E.8 F1800
G1 F12000
G1 X94.882 Y135.87 E.024
G1 E-.75659 F1800
;WIPE_START
G1 F30000
G1 X94.37 Y136.381 E-.04341
;WIPE_END
G1 X96.505 Y136.381 Z2
G1 Z1.6
G1 E.8 F1800
G1 F12000
G1 X96.75 Y136.136 E.0115
G1 X96.734 Y136.034 E.00344
G1 X96.732 Y135.621 E.0137
G1 X96.284 Y136.068 E.02098
G1 E-.728 F1800
;WIPE_START
G1 F30000
G1 X96.732 Y135.621 E-.03795
G1 X96.734 Y136.034 E-.02478
G1 X96.75 Y136.136 E-.00623
G1 X96.714 Y136.172 E-.00305
;WIPE_END
G1 X99.375 Y140.449 Z2
G1 Z1.6
G1 E.8 F1800
G1 F12000
G1 X99.1 Y140.724 E.01292
G1 X99.1 Y140.19 E.01771
G1 X99.278 Y140.012 E.00837
G1 E-.72948 F1800
;WIPE_START
G1 F30000
G1 X99.1 Y140.19 E-.01514
G1 X99.1 Y140.724 E-.03202
G1 X99.375 Y140.449 E-.02336
;WIPE_END
G1 X106.843 Y142.028 Z2
G1 X117.877 Y144.361 Z2
G1 Z1.6
G1 E.8 F1800
G1 F12000
G1 X118.048 Y144.19 E.00802
G1 X118.048 Y143.657 E.01771
G1 X117.76 Y143.944 E.01349
G1 X117.45 Y143.72 E.01268
G1 X118.218 Y142.953 E.03599
G1 E-.728 F1800
;WIPE_START
G1 F30000
G1 X117.45 Y143.72 E-.06509
G1 X117.544 Y143.788 E-.00691
;WIPE_END
G1 X120.783 Y137.186 Z2
G1 Z1.6
G1 E.8 F1800
G1 F12000
G1 X120.376 Y137.593 E.01912
G1 E-.76542 F1800
;WIPE_START
G1 F30000
G1 X120.783 Y137.186 E-.03458
;WIPE_END
G1 X119.608 Y144.727 Z2
G1 X119.305 Y146.669 Z2
G1 Z1.6
G1 E.8 F1800
G1 F12000
G1 X117.042 Y148.932 E.10616
G1 X116.509 Y148.932 E.01771
G1 X118.602 Y146.839 E.0982
G1 X118.068 Y146.839 E.01771
G1 X115.975 Y148.932 E.0982
G1 X115.441 Y148.932 E.01771
G1 X118.048 Y146.325 E.1223
G1 X118.048 Y146.098 E.00753
G1 X117.773 Y146.432 E.01434
G1 X117.469 Y146.658 E.01258
G1 X117.115 Y146.8 E.01265
G1 X117.028 Y146.812 E.00293
G1 X114.908 Y148.932 E.09948
G1 X114.374 Y148.932 E.01771
G1 X116.449 Y146.856 E.09737
G1 X115.911 Y146.861 E.01785
G1 X113.84 Y148.932 E.09718
G1 X113.306 Y148.932 E.01771
G1 X115.373 Y146.865 E.09698
G1 X114.836 Y146.869 E.01785
M73 P90 R1
G1 X112.773 Y148.932 E.09678
G1 X112.239 Y148.932 E.01771
G1 X114.372 Y146.799 E.10007
G1 X114.372 Y146.265 E.01771
G1 X111.705 Y148.932 E.12511
G1 X111.172 Y148.932 E.01771
G1 X114.372 Y145.732 E.15015
G1 X114.372 Y145.198 E.01771
G1 X110.638 Y148.932 E.17519
G1 X110.104 Y148.932 E.01771
G1 X114.372 Y144.664 E.20023
G1 X114.372 Y144.131 E.01771
G1 X109.571 Y148.932 E.22527
G1 X109.037 Y148.932 E.01771
G1 X114.372 Y143.597 E.25031
G1 X114.372 Y143.063 E.01771
G1 X112.898 Y144.537 E.06916
G1 X112.755 Y144.927 E.01377
G1 X112.55 Y145.241 E.01246
G1 X112.282 Y145.513 E.01264
G1 X111.968 Y145.723 E.01254
G1 X111.564 Y145.872 E.01429
G1 X108.503 Y148.932 E.14358
G1 X107.97 Y148.932 E.01771
G1 X110.975 Y145.926 E.14102
G1 X110.787 Y145.924 E.00625
G1 X110.512 Y145.856 E.0094
G1 X107.436 Y148.932 E.1443
G1 X106.902 Y148.932 E.01771
G1 X110.123 Y145.711 E.1511
G1 X109.966 Y145.632 E.00583
G1 X109.802 Y145.499 E.00702
G1 X106.369 Y148.932 E.16108
G1 X105.835 Y148.932 E.01771
G1 X109.541 Y145.226 E.17387
G1 X109.433 Y145.088 E.00581
G1 X109.362 Y144.943 E.00536
G1 X109.287 Y145.089 E.00545
G1 X109.049 Y145.384 E.01255
G1 X108.757 Y145.626 E.0126
G1 X108.442 Y145.791 E.01179
G1 X105.301 Y148.932 E.14735
G1 X104.768 Y148.932 E.01771
G1 X107.777 Y145.922 E.14121
G1 X107.552 Y145.935 E.00748
G1 X107.272 Y145.894 E.00939
G1 X104.234 Y148.932 E.14254
G1 X103.7 Y148.932 E.01771
G1 X106.861 Y145.771 E.14832
G1 X106.52 Y145.579 E.013
G1 X103.167 Y148.932 E.15733
G1 X102.633 Y148.932 E.01771
G1 X105.689 Y145.876 E.14337
G1 X106.074 Y145.876 E.01277
G1 X106.073 Y145.492 E.01275
G1 X106.36 Y145.205 E.01347
G1 E-.728 F1800
;WIPE_START
G1 F30000
G1 X106.073 Y145.492 E-.02437
G1 X106.074 Y145.876 E-.02306
G1 X105.689 Y145.876 E-.0231
G1 X105.671 Y145.894 E-.00147
;WIPE_END
G1 X105.325 Y145.706 Z2
G1 Z1.6
G1 E.8 F1800
G1 F12000
G1 X102.099 Y148.932 E.15133
G1 X101.566 Y148.932 E.01771
G1 X104.621 Y145.876 E.14337
G1 X104.463 Y145.876 E.00523
G1 X104.234 Y145.931 E.00784
G1 X104.041 Y145.923 E.00641
G1 X101.032 Y148.932 E.14117
G1 X100.498 Y148.932 E.01771
G1 X103.572 Y145.858 E.14422
G1 X103.399 Y145.803 E.00602
G1 X103.205 Y145.691 E.00742
G1 X99.965 Y148.932 E.15205
G1 X99.431 Y148.932 E.01771
G1 X102.908 Y145.454 E.16315
G1 X102.849 Y145.401 E.00263
G1 X102.673 Y145.156 E.01002
G1 X98.897 Y148.932 E.17717
G1 X98.364 Y148.932 E.01771
G1 X101.403 Y145.892 E.1426
G1 X101.205 Y145.929 E.00668
G1 X100.832 Y145.929 E.01236
G1 X97.83 Y148.932 E.14087
G1 X97.296 Y148.932 E.01771
G1 X100.4 Y145.828 E.14564
G1 X100.152 Y145.721 E.00895
G1 X100.048 Y145.646 E.00426
G1 X99.575 Y146.119 E.02216
G1 X99.575 Y145.585 E.01771
G1 X99.88 Y145.281 E.01427
G1 E-.728 F1800
;WIPE_START
G1 F30000
G1 X99.575 Y145.585 E-.02581
G1 X99.575 Y146.119 E-.03202
G1 X99.742 Y145.952 E-.01417
;WIPE_END
G1 X98.996 Y146.699 Z2
G1 Z1.6
G1 E.8 F1800
G1 F12000
G1 X96.762 Y148.932 E.10478
G1 X96.229 Y148.932 E.01771
G1 X98.292 Y146.868 E.09682
G1 X97.759 Y146.868 E.01771
G1 X95.695 Y148.932 E.09682
G1 X95.161 Y148.932 E.01771
G1 X97.225 Y146.868 E.09682
G1 X96.691 Y146.868 E.01771
G1 X94.628 Y148.932 E.09682
G1 X94.094 Y148.932 E.01771
G1 X96.158 Y146.868 E.09682
G1 X95.624 Y146.868 E.01771
G1 X93.56 Y148.932 E.09682
G1 X93.027 Y148.932 E.01771
G1 X95.09 Y146.868 E.09682
G1 X94.557 Y146.868 E.01771
G1 X94.263 Y147.162 E.01379
G1 X94.267 Y147.143 E.00066
G1 X93.938 Y146.953 E.0126
G1 X94.098 Y146.793 E.00748
G1 X94.098 Y146.26 E.01771
G1 X93.636 Y146.721 E.02165
G1 X93.588 Y146.61 E.00401
G1 X93.568 Y146.463 E.00494
G1 X93.568 Y146.256 E.00687
G1 X94.098 Y145.726 E.02484
G1 X94.098 Y145.192 E.01771
G1 X93.568 Y145.722 E.02484
G1 X93.568 Y145.188 E.01771
G1 X94.098 Y144.659 E.02484
G1 X94.098 Y144.125 E.01771
G1 X93.568 Y144.655 E.02484
G1 X93.568 Y144.121 E.01771
G1 X94.098 Y143.591 E.02484
G1 X94.098 Y143.058 E.01771
G1 X93.568 Y143.587 E.02484
G1 X93.568 Y143.054 E.01771
G1 X94.098 Y142.524 E.02484
G1 X94.098 Y142.132 E.01301
G1 X94.49 Y142.132 E.01301
G1 X95.086 Y141.536 E.02795
G1 X94.697 Y141.391 E.01377
G1 X93.568 Y142.52 E.05295
G1 X93.568 Y141.986 E.01771
G1 X94.371 Y141.183 E.03768
G1 X94.126 Y140.894 E.01256
G1 X93.568 Y141.452 E.02619
G1 X93.568 Y140.919 E.01771
G1 X93.971 Y140.516 E.01889
G1 X93.886 Y140.067 E.01516
G1 X93.568 Y140.385 E.01491
G1 X93.568 Y139.851 E.01771
G1 X94.306 Y139.114 E.03461
G1 X94.179 Y138.963 E.00654
G1 X94.086 Y138.8 E.00622
G1 X93.568 Y139.318 E.02428
G1 X93.568 Y138.784 E.01771
G1 X93.934 Y138.418 E.01717
G1 X93.817 Y138.002 E.01435
G1 X93.568 Y138.25 E.01167
G1 X93.568 Y137.717 E.01771
G1 X93.7 Y137.585 E.00617
G1 X93.654 Y137.423 E.00558
G1 X93.822 Y137.423 E.00556
G1 X93.822 Y136.929 E.01639
G1 X93.568 Y137.183 E.0119
G1 X93.568 Y136.649 E.01771
G1 X94.712 Y135.506 E.05366
G1 X94.712 Y134.972 E.01771
G1 X93.568 Y136.116 E.05366
G1 X93.568 Y135.582 E.01771
G1 X94.882 Y134.269 E.06162
G1 E-.728 F1800
;WIPE_START
G1 F30000
G1 X94.033 Y135.117 E-.072
;WIPE_END
G1 X93.731 Y142.744 Z2
G1 X93.527 Y147.898 Z2
G1 Z1.6
G1 E.8 F1800
G1 F12000
G1 X92.543 Y148.882 E.04618
G1 X92.371 Y148.848 E.00582
G1 X92.126 Y148.765 E.00857
G1 X92.832 Y148.059 E.0331
G1 X92.405 Y147.953 E.0146
G1 X91.765 Y148.592 E.03
G1 X91.454 Y148.37 E.01269
G1 X92.071 Y147.753 E.02895
G1 X91.888 Y147.612 E.00766
G1 X91.797 Y147.494 E.00497
G1 X91.183 Y148.107 E.02877
G1 X91.073 Y147.981 E.00554
G1 X90.955 Y147.801 E.00714
G1 X91.588 Y147.168 E.02972
G1 X91.48 Y146.907 E.00937
G1 X91.461 Y146.761 E.00487
G1 X90.767 Y147.456 E.03257
G1 X90.637 Y147.052 E.01407
G1 X91.432 Y146.257 E.03729
G1 X91.432 Y145.724 E.01771
G1 X90.575 Y146.581 E.04021
G1 X90.568 Y146.481 E.0033
G1 X90.568 Y146.054 E.0142
G1 X91.432 Y145.19 E.04052
G1 X91.432 Y144.656 E.01771
G1 X90.568 Y145.52 E.04052
G1 X90.568 Y144.986 E.01771
G1 X91.432 Y144.123 E.04052
G1 X91.432 Y143.589 E.01771
G1 X90.568 Y144.452 E.04052
G1 X90.568 Y143.919 E.01771
M73 P91 R1
G1 X91.432 Y143.055 E.04052
G1 X91.432 Y142.522 E.01771
G1 X90.568 Y143.385 E.04052
G1 X90.568 Y142.851 E.01771
G1 X91.432 Y141.988 E.04052
G1 X91.432 Y141.454 E.01771
G1 X90.568 Y142.318 E.04052
G1 X90.568 Y141.784 E.01771
G1 X91.432 Y140.921 E.04052
G1 X91.432 Y140.387 E.01771
G1 X90.568 Y141.25 E.04052
G1 X90.568 Y140.717 E.01771
G1 X91.432 Y139.853 E.04052
G1 X91.432 Y139.32 E.01771
G1 X90.568 Y140.183 E.04052
G1 X90.568 Y139.649 E.01771
G1 X91.432 Y138.786 E.04052
G1 X91.432 Y138.252 E.01771
G1 X90.568 Y139.116 E.04052
G1 X90.568 Y138.582 E.01771
G1 X91.432 Y137.718 E.04052
G1 X91.432 Y137.185 E.01771
G1 X90.568 Y138.048 E.04052
G1 X90.568 Y137.515 E.01771
G1 X91.432 Y136.651 E.04052
G1 X91.432 Y136.117 E.01771
G1 X90.568 Y136.981 E.04052
G1 X90.568 Y136.447 E.01771
G1 X91.432 Y135.584 E.04052
G1 X91.432 Y135.05 E.01771
G1 X90.568 Y135.914 E.04052
G1 X90.568 Y135.38 E.01771
G1 X91.432 Y134.516 E.04052
G1 X91.432 Y133.983 E.01771
G1 X90.568 Y134.846 E.04052
G1 X90.568 Y134.313 E.01771
G1 X91.432 Y133.449 E.04052
G1 X91.432 Y132.915 E.01771
G1 X90.568 Y133.779 E.04052
G1 X90.568 Y133.245 E.01771
G1 X91.432 Y132.382 E.04052
G1 X91.432 Y131.848 E.01771
G1 X90.568 Y132.712 E.04052
G1 X90.568 Y132.178 E.01771
G1 X91.432 Y131.314 E.04052
G1 X91.432 Y130.781 E.01771
G1 X90.568 Y131.644 E.04052
G1 X90.568 Y131.111 E.01771
G1 X91.432 Y130.247 E.04052
G1 X91.432 Y129.713 E.01771
G1 X90.568 Y130.577 E.04052
G1 X90.568 Y130.043 E.01771
G1 X91.432 Y129.18 E.04052
G1 X91.432 Y128.646 E.01771
G1 X90.568 Y129.51 E.04052
G1 X90.568 Y128.976 E.01771
G1 X91.432 Y128.112 E.04052
G1 X91.432 Y127.579 E.01771
G1 X90.568 Y128.442 E.04052
G1 X90.568 Y127.908 E.01771
G1 X91.432 Y127.045 E.04052
G1 X91.432 Y126.511 E.01771
G1 X90.568 Y127.375 E.04052
G1 X90.568 Y126.841 E.01771
G1 X91.432 Y125.978 E.04052
G1 X91.432 Y125.444 E.01771
G1 X90.568 Y126.307 E.04052
G1 X90.568 Y125.774 E.01771
G1 X91.432 Y124.91 E.04052
G1 X91.432 Y124.377 E.01771
G1 X90.568 Y125.24 E.04052
G1 X90.568 Y124.706 E.01771
G1 X91.432 Y123.843 E.04052
G1 X91.432 Y123.309 E.01771
G1 X90.568 Y124.173 E.04052
G1 X90.568 Y123.639 E.01771
G1 X91.432 Y122.776 E.04052
G1 X91.432 Y122.242 E.01771
G1 X90.568 Y123.105 E.04052
G1 X90.568 Y122.572 E.01771
G1 X91.432 Y121.708 E.04052
G1 X91.432 Y121.174 E.01771
G1 X90.568 Y122.038 E.04052
G1 X90.568 Y121.504 E.01771
G1 X91.432 Y120.641 E.04052
G1 X91.432 Y120.107 E.01771
G1 X90.568 Y120.971 E.04052
G1 X90.568 Y120.437 E.01771
G1 X91.432 Y119.573 E.04052
G1 X91.432 Y119.04 E.01771
G1 X90.568 Y119.903 E.04052
G1 X90.568 Y119.37 E.01771
G1 X91.432 Y118.506 E.04052
G1 X91.432 Y117.972 E.01771
G1 X90.568 Y118.836 E.04052
G1 X90.568 Y118.302 E.01771
G1 X91.432 Y117.439 E.04052
G1 X91.432 Y116.905 E.01771
G1 X90.568 Y117.769 E.04052
G1 X90.568 Y117.235 E.01771
G1 X91.432 Y116.371 E.04052
G1 X91.432 Y115.838 E.01771
G1 X90.568 Y116.701 E.04052
G1 X90.568 Y116.168 E.01771
G1 X91.432 Y115.304 E.04052
G1 X91.432 Y114.77 E.01771
G1 X90.568 Y115.634 E.04052
G1 X90.568 Y115.1 E.01771
G1 X91.432 Y114.237 E.04052
G1 X91.432 Y113.703 E.01771
G1 X90.568 Y114.567 E.04052
G1 X90.568 Y114.033 E.01771
G1 X91.432 Y113.169 E.04052
G1 X91.432 Y112.636 E.01771
G1 X90.568 Y113.499 E.04052
G1 X90.568 Y112.966 E.01771
G1 X91.432 Y112.102 E.04052
G1 X91.432 Y111.568 E.01771
G1 X90.568 Y112.432 E.04052
G1 X90.568 Y111.898 E.01771
G1 X91.432 Y111.035 E.04052
G1 X91.432 Y110.501 E.01771
G1 X90.568 Y111.364 E.04052
G1 X90.568 Y110.831 E.01771
G1 X91.432 Y109.967 E.04052
G1 X91.432 Y109.434 E.01771
G1 X90.568 Y110.297 E.04052
G1 X90.568 Y109.763 E.01771
G1 X91.432 Y108.9 E.04052
G1 X91.432 Y108.366 E.01771
G1 X90.568 Y109.23 E.04052
G1 X90.568 Y108.696 E.01771
G1 X91.432 Y107.833 E.04052
G1 X91.432 Y107.299 E.01771
G1 X90.568 Y108.162 E.04052
G1 X90.568 Y107.629 E.01771
G1 X91.601 Y106.595 E.04848
G1 E-.728 F1800
;WIPE_START
G1 F30000
G1 X90.753 Y107.444 E-.072
;WIPE_END
G1 X96.861 Y112.02 Z2
G1 X137.433 Y142.417 Z2
G1 Z1.6
G1 E.8 F1800
G1 F12000
G1 X137.751 Y142.099 E.01491
G1 X137.66 Y141.656 E.01501
G1 X137.173 Y142.142 E.02283
G1 X137.041 Y142.104 E.00458
G1 X136.707 Y142.075 E.01111
G1 X137.213 Y141.569 E.02372
G1 X136.845 Y141.532 E.01226
G1 X136.753 Y141.495 E.00327
G1 X136.087 Y142.161 E.03125
G1 X135.954 Y142.192 E.00456
G1 X135.601 Y142.357 E.0129
G1 X135.292 Y142.59 E.01286
G1 X135.073 Y142.857 E.01146
G1 X135.048 Y142.848 E.00089
G1 X135.049 Y142.665 E.00607
G1 X136.374 Y141.341 E.06212
G1 X136.124 Y141.147 E.01049
G1 X136.085 Y141.097 E.00213
G1 X135.049 Y142.132 E.04857
G1 X134.516 Y142.132 E.01771
G1 X135.161 Y141.486 E.03028
G1 X134.774 Y141.548 E.01302
G1 X134.564 Y141.55 E.00695
G1 X133.982 Y142.132 E.02731
G1 X133.448 Y142.132 E.01771
G1 X134.027 Y141.553 E.02713
G1 X133.489 Y141.557 E.01783
G1 X132.915 Y142.132 E.02695
G1 X132.381 Y142.132 E.01771
G1 X132.952 Y141.561 E.02677
G1 X132.419 Y141.56 E.01766
G1 X131.847 Y142.132 E.02683
G1 X131.314 Y142.132 E.01771
G1 X131.886 Y141.56 E.02683
G1 X131.352 Y141.56 E.01771
G1 X130.61 Y142.301 E.0348
G1 E-.728 F1800
;WIPE_START
G1 F30000
G1 X131.352 Y141.56 E-.06293
G1 X131.503 Y141.56 E-.00907
;WIPE_END
G1 X129.745 Y142.633 Z2
G1 Z1.6
G1 E.8 F1800
G1 F12000
G1 X131.123 Y141.255 E.06469
G1 X131.123 Y140.721 E.01771
G1 X129.554 Y142.291 E.07365
G1 X129.34 Y142.181 E.00796
G1 X129.17 Y142.141 E.00581
G1 X131.123 Y140.187 E.09166
G1 X131.123 Y139.654 E.01771
G1 X128.519 Y142.258 E.1222
G1 E-.728 F1800
;WIPE_START
G1 F30000
G1 X129.367 Y141.41 E-.072
;WIPE_END
G1 X128.872 Y141.371 Z2
G1 Z1.6
G1 E.8 F1800
G1 F12000
G1 X128.1 Y142.144 E.03625
G1 X128.045 Y142.151 E.00183
G1 X127.651 Y142.325 E.01427
G1 X127.33 Y142.583 E.01366
G1 X127.099 Y142.891 E.01278
G1 X126.911 Y143.332 E.01592
G1 X124.684 Y145.56 E.10451
G1 X125.04 Y144.67 E.03181
G1 X128.178 Y141.532 E.14722
G1 X127.776 Y141.4 E.01403
G1 X125.396 Y143.78 E.11166
G1 X125.753 Y142.89 E.03181
G1 X127.481 Y141.161 E.0811
G1 X127.309 Y141.003 E.00774
G1 X127.249 Y140.86 E.00516
G1 X125.977 Y142.132 E.05967
G1 X125.443 Y142.132 E.01771
G1 X127.099 Y140.476 E.07769
G1 X127.098 Y139.968 E.01686
G1 X127.118 Y139.923 E.00162
G1 X124.74 Y142.301 E.11159
G1 E-.728 F1800
;WIPE_START
G1 F30000
G1 X125.588 Y141.453 E-.072
;WIPE_END
G1 X123.388 Y143.119 Z2
G1 Z1.6
G1 E.8 F1800
G1 F12000
G1 X123.823 Y142.685 E.02039
G1 X124.036 Y142.132 E.01965
G1 X124.376 Y142.132 E.01129
G1 X127.118 Y139.389 E.12866
G1 X127.03 Y139.135 E.00894
G1 X126.839 Y139.135 E.00634
G1 X126.067 Y139.907 E.03622
G1 X126.094 Y139.347 E.0186
G1 X126.475 Y138.965 E.01791
G1 E-.728 F1800
;WIPE_START
G1 F30000
G1 X126.094 Y139.347 E-.03238
G1 X126.067 Y139.907 E-.03364
G1 X126.138 Y139.836 E-.00598
;WIPE_END
G1 X124.582 Y141.392 Z2
G1 Z1.6
G1 E.8 F1800
G1 F12000
G1 X123.058 Y142.916 E.07149
G1 X122.916 Y142.524 E.01382
G1 X123.982 Y141.459 E.04999
G1 X123.792 Y141.373 E.0069
G1 X123.647 Y141.259 E.0061
G1 X122.774 Y142.133 E.04099
G1 X122.241 Y142.132 E.01767
G1 X123.391 Y140.982 E.05393
G1 X123.29 Y140.824 E.00622
G1 X123.186 Y141.018 E.00731
G1 X122.89 Y141.307 E.01372
G1 X122.52 Y141.478 E.01351
G1 X122.331 Y141.509 E.00638
G1 X121.708 Y142.132 E.02923
G1 X121.174 Y142.132 E.01771
G1 X121.755 Y141.55 E.02727
G1 X121.218 Y141.554 E.01783
G1 X120.64 Y142.132 E.02709
G1 X120.106 Y142.132 E.01771
G1 X120.68 Y141.558 E.02691
G1 X120.143 Y141.562 E.01783
G1 X119.573 Y142.132 E.02674
G1 X119.039 Y142.132 E.01771
G1 X119.87 Y141.301 E.03896
G1 X119.87 Y140.768 E.01771
G1 X118.505 Y142.132 E.064
G1 X118.048 Y142.132 E.01518
G1 X118.048 Y142.589 E.01518
G1 X117.065 Y143.572 E.04612
G1 X116.601 Y143.503 E.01557
G1 X119.87 Y140.234 E.15338
G1 X119.87 Y139.7 E.01771
G1 X116.235 Y143.335 E.17051
G1 X116.235 Y142.801 E.01771
G1 X117.483 Y141.554 E.05852
G1 X117.59 Y141.549 E.00358
G1 X117.91 Y141.446 E.01112
G1 X118.185 Y141.277 E.01072
G1 X118.417 Y141.043 E.01092
G1 X118.619 Y140.705 E.01306
G1 X118.732 Y140.304 E.01385
G1 X119.87 Y139.167 E.05336
G1 X119.87 Y138.633 E.01771
G1 X118.801 Y139.702 E.05016
G1 X118.812 Y139.156 E.0181
G1 X119.87 Y138.099 E.0496
G1 X119.87 Y137.721 E.01256
G1 X119.634 Y137.802 E.00828
G1 X118.749 Y138.687 E.04152
G1 X118.678 Y138.394 E.00999
G1 X118.62 Y138.282 E.0042
G1 X119.045 Y137.857 E.01993
G1 X118.757 Y137.828 E.00959
G1 X118.602 Y137.765 E.00553
G1 X118.438 Y137.93 E.00773
G1 X118.175 Y137.659 E.01252
G1 X118.236 Y137.598 E.00285
G1 X118.036 Y137.443 E.0084
G1 X117.958 Y137.343 E.00422
G1 X117.694 Y137.607 E.01238
G1 E-.728 F1800
;WIPE_START
G1 F30000
G1 X117.958 Y137.343 E-.02238
G1 X118.036 Y137.443 E-.00762
G1 X118.236 Y137.598 E-.01519
G1 X118.175 Y137.659 E-.00515
G1 X118.426 Y137.918 E-.02166
;WIPE_END
G1 X117.11 Y141.392 Z2
G1 Z1.6
G1 E.8 F1800
G1 F12000
G1 X116.235 Y142.267 E.04105
G1 X116.235 Y142.132 E.00449
G1 X115.837 Y142.132 E.01321
G1 X116.571 Y141.398 E.03443
G1 X116.516 Y141.373 E.00201
G1 X116.262 Y141.173 E.01071
G1 X115.134 Y142.301 E.05295
G1 E-.728 F1800
;WIPE_START
G1 F30000
G1 X115.982 Y141.453 E-.072
;WIPE_END
G1 X116.162 Y140.74 Z2
G1 Z1.6
G1 E.8 F1800
G1 F12000
G1 X114.77 Y142.132 E.06531
G1 X114.372 Y142.132 E.01319
G1 X114.372 Y142.529 E.01319
G1 X112.957 Y143.945 E.06641
G1 X112.957 Y143.817 E.00425
G1 X112.896 Y143.472 E.01161
G1 X114.8 Y141.568 E.08936
G1 X114.394 Y141.549 E.01349
G1 X114.311 Y141.523 E.00288
G1 X112.75 Y143.084 E.07327
G1 X112.537 Y142.763 E.01278
G1 X113.937 Y141.364 E.06566
G1 X113.801 Y141.281 E.00528
G1 X113.644 Y141.123 E.00739
G1 X112.272 Y142.495 E.06437
G1 X111.951 Y142.282 E.01277
M73 P92 R1
G1 X113.425 Y140.808 E.06919
G1 X113.373 Y140.72 E.0034
G1 X113.274 Y140.425 E.0103
G1 X111.562 Y142.137 E.08033
G1 X111.241 Y142.078 E.01083
G1 X111.086 Y142.08 E.00516
G1 X113.187 Y139.979 E.09858
G1 X113.158 Y139.474 E.01677
G1 X111.77 Y140.862 E.06512
G1 X111.77 Y140.328 E.01771
G1 X112.964 Y139.135 E.056
G1 X112.43 Y139.135 E.01771
G1 X111.77 Y139.795 E.03096
G1 X111.77 Y139.261 E.01771
G1 X111.896 Y139.135 E.00592
G1 X111.867 Y139.135 E.00096
G1 X111.867 Y138.63 E.01674
G1 X111.77 Y138.727 E.00456
G1 X111.77 Y138.194 E.01771
G1 X112.037 Y137.927 E.01253
G1 X111.6 Y137.83 F30000
G1 F12000
G1 X112.547 Y136.883 E.0444
G1 X112.509 Y136.792 E.00329
G1 X112.448 Y136.449 E.01156
G1 X111.473 Y137.423 E.04574
G1 X111.152 Y137.423 E.01066
G1 X111.219 Y137.367 E.00292
G1 X111.486 Y136.876 E.01852
G1 X112.898 Y135.464 E.06626
G1 X112.726 Y135.259 E.00891
G1 X112.669 Y135.16 E.00377
G1 X111.525 Y136.304 E.05369
G1 X111.458 Y135.948 E.01204
G1 X111.422 Y135.873 E.00274
G1 X112.503 Y134.793 E.0507
G1 X112.386 Y134.376 E.01435
G1 X111.116 Y135.646 E.05956
G1 E-.728 F1800
;WIPE_START
G1 F30000
G1 X111.965 Y134.797 E-.072
;WIPE_END
G1 X111.367 Y134.861 Z2
G1 Z1.6
G1 E.8 F1800
G1 F12000
G1 X112.66 Y133.568 E.06066
G1 X112.126 Y133.568 E.01771
G1 X111.537 Y134.158 E.02765
G1 X111.537 Y133.719 E.01455
G1 X111.442 Y133.719 E.00315
G1 X111.592 Y133.568 E.00707
G1 X111.059 Y133.568 E.01771
G1 X110.908 Y133.719 E.00707
G1 X110.374 Y133.719 E.01771
G1 X110.525 Y133.568 E.00707
G1 X109.991 Y133.568 E.01771
G1 X109.841 Y133.719 E.00707
G1 X109.307 Y133.719 E.01771
G1 X109.458 Y133.568 E.00707
G1 X108.924 Y133.568 E.01771
G1 X108.773 Y133.719 E.00707
G1 X108.239 Y133.719 E.01771
G1 X108.39 Y133.568 E.00707
G1 X107.857 Y133.568 E.01771
G1 X107.536 Y133.889 E.01504
G1 X106.796 Y134.095 F30000
G1 F12000
G1 X107.323 Y133.568 E.0247
G1 X106.789 Y133.568 E.01771
G1 X106.58 Y133.778 E.00982
G1 X106.32 Y133.695 E.00906
G1 X106.145 Y133.679 E.00582
G1 X106.425 Y133.399 E.01315
G1 E-.728 F1800
;WIPE_START
G1 F30000
G1 X106.145 Y133.679 E-.02379
G1 X106.32 Y133.695 E-.01052
G1 X106.58 Y133.778 E-.01639
G1 X106.789 Y133.568 E-.01776
G1 X106.848 Y133.568 E-.00354
;WIPE_END
G1 X110.574 Y140.23 Z2
G1 X111.23 Y141.402 Z2
G1 Z1.6
G1 E.8 F1800
G1 F12000
G1 X110.482 Y142.15 E.03509
G1 X110.106 Y142.295 E.01335
G1 X109.782 Y142.504 E.0128
G1 X109.496 Y142.801 E.01367
G1 X109.361 Y143.075 E.01014
G1 X109.234 Y142.864 E.00816
G1 X110.526 Y141.572 E.06061
G1 X110.382 Y141.572 E.00478
G1 X110.253 Y141.311 E.00965
G1 X108.985 Y142.579 E.05949
G1 X108.755 Y142.386 E.00997
G1 X108.683 Y142.348 E.00271
G1 X110.04 Y140.991 E.06369
G1 X109.886 Y140.877 E.00637
G1 X109.707 Y140.79 E.00659
G1 X109.505 Y140.992 E.00948
G1 X109.107 Y141.39 F30000
G1 F12000
G1 X108.318 Y142.179 E.03701
G1 X108.059 Y142.104 E.00895
G1 X107.876 Y142.088 E.00612
G1 X108.404 Y141.56 E.02478
G1 X107.87 Y141.56 E.01771
G1 X107.318 Y142.112 E.02592
G1 X106.972 Y142.192 E.01177
G1 X106.62 Y142.357 E.0129
G1 X106.31 Y142.59 E.01286
G1 X106.068 Y142.886 E.01268
G1 X106.068 Y142.828 E.00191
G1 X107.336 Y141.56 E.05952
G1 X106.803 Y141.56 E.01771
G1 X106.026 Y142.337 E.03647
G1 X105.898 Y141.931 E.01413
G1 X106.482 Y141.347 E.02737
G1 X106.482 Y140.814 E.01771
G1 X105.694 Y141.601 E.03693
G1 X105.462 Y141.38 E.01064
G1 X105.407 Y141.355 E.00201
G1 X106.482 Y140.28 E.05042
G1 X106.482 Y139.746 E.01771
G1 X105.04 Y141.188 E.06765
G1 X104.92 Y141.134 E.00437
G1 X105.022 Y141.05 E.00438
G1 X105.27 Y140.668 E.01511
G1 X105.413 Y140.281 E.0137
G1 X106.482 Y139.213 E.05012
G1 X106.482 Y138.679 E.01771
G1 X105.439 Y139.721 E.0489
G1 X105.008 Y139.618 E.01469
G1 X106.482 Y138.145 E.06911
G1 X106.482 Y137.799 E.01149
G1 X106.247 Y137.846 E.00793
G1 X105.389 Y138.704 E.04026
G1 X105.231 Y138.328 E.01352
G1 X105.714 Y137.845 E.02265
G1 X105.376 Y137.744 E.01172
G1 X105.317 Y137.708 E.00227
G1 X105.028 Y137.998 E.01357
G1 X104.972 Y137.922 E.00313
G1 X104.754 Y137.738 E.00946
G1 X105.008 Y137.484 E.01194
G1 X104.869 Y137.344 E.00655
G1 X104.774 Y137.185 E.00615
G1 X104.418 Y137.541 E.0167
G1 X104.22 Y137.452 E.00719
G1 X104.009 Y137.416 E.0071
G1 X104.607 Y136.818 E.02804
G1 X104.547 Y136.639 E.00628
G1 X104.505 Y136.386 E.00849
G1 X103.504 Y137.387 E.04697
G1 X103.23 Y137.402 E.00911
G1 X102.836 Y137.522 E.01366
G1 X104.463 Y135.894 E.07636
G1 X104.485 Y135.339 E.01846
G1 X101.698 Y138.126 E.13078
G1 E-.728 F1800
;WIPE_START
G1 F30000
G1 X102.546 Y137.277 E-.072
;WIPE_END
G1 X101.948 Y137.342 Z2
G1 Z1.6
G1 E.8 F1800
G1 F12000
G1 X104.604 Y134.686 E.1246
G1 X104.738 Y134.375 E.01125
G1 X104.965 Y134.081 E.01231
G1 X105.353 Y133.801 E.01588
G1 X105.543 Y133.747 E.00656
G1 X105.722 Y133.568 E.00838
G1 X105.188 Y133.568 E.01771
G1 X102.118 Y136.638 E.14405
G1 X102.118 Y136.105 E.01771
G1 X102.862 Y135.361 E.0349
G1 X102.328 Y135.361 E.01771
G1 X101.948 Y135.741 E.01782
G1 E-.728 F1800
;WIPE_START
G1 F30000
G1 X102.328 Y135.361 E-.03223
G1 X102.862 Y135.361 E-.03202
G1 X102.77 Y135.452 E-.00775
;WIPE_END
G1 X103.455 Y134.768 Z2
G1 Z1.6
G1 E.8 F1800
G1 F12000
G1 X104.655 Y133.568 E.0563
G1 X104.121 Y133.568 E.01771
G1 X103.624 Y134.065 E.0233
G1 X103.624 Y133.719 E.01147
G1 X103.436 Y133.719 E.00623
G1 X103.587 Y133.568 E.00707
G1 X103.054 Y133.568 E.01771
G1 X102.903 Y133.719 E.00707
G1 X102.369 Y133.719 E.01771
G1 X102.52 Y133.568 E.00707
G1 X101.986 Y133.568 E.01771
G1 X101.835 Y133.719 E.00707
G1 X101.302 Y133.719 E.01771
G1 X101.452 Y133.568 E.00707
G1 X100.919 Y133.568 E.01771
G1 X100.768 Y133.719 E.00707
G1 X100.376 Y133.719 E.01301
G1 X100.376 Y134.111 E.01301
G1 X100.221 Y134.266 E.00728
G1 X100.073 Y134.112 E.0071
G1 X99.934 Y134.019 E.00553
G1 X100.385 Y133.568 E.02117
G1 X99.851 Y133.568 E.01771
G1 X99.589 Y133.831 E.01233
G1 X99.364 Y133.744 E.00801
G1 X99.175 Y133.711 E.00635
G1 X99.318 Y133.568 E.0067
G1 X98.784 Y133.568 E.01771
G1 X98.499 Y133.854 E.01339
G1 X98.42 Y133.399 F30000
G1 F12000
G1 X98.022 Y133.796 E.01866
G1 X97.772 Y133.881 E.00876
G1 X97.426 Y134.109 E.01374
G1 X97.133 Y134.413 E.01402
G1 X96.844 Y134.975 E.02096
G1 X96.454 Y135.364 E.01828
G1 X96.454 Y134.831 E.01771
G1 X97.717 Y133.568 E.05924
G1 X97.183 Y133.568 E.01771
G1 X96.454 Y134.297 E.0342
G1 X96.454 Y133.763 E.01771
G1 X96.649 Y133.568 E.00916
G1 X96.116 Y133.568 E.01771
G1 X95.965 Y133.719 E.00707
G1 X95.431 Y133.719 E.01771
G1 X95.582 Y133.568 E.00707
G1 X95.048 Y133.568 E.01771
G1 X93.568 Y135.048 E.06944
G1 X93.568 Y134.515 E.01771
G1 X94.515 Y133.568 E.04441
G1 X93.972 Y133.577 E.01799
G1 X93.399 Y134.151 E.02693
G1 E-.728 F1800
;WIPE_START
G1 F30000
G1 X93.972 Y133.577 E-.0487
G1 X94.361 Y133.571 E-.0233
;WIPE_END
G1 X101.855 Y135.015 Z2
G1 X129.838 Y140.406 Z2
G1 Z1.6
G1 E.8 F1800
G1 F12000
G1 X131.123 Y139.12 E.06033
G1 X131.123 Y138.586 E.01771
G1 X129.935 Y139.775 E.05575
G1 X129.883 Y139.655 E.00434
G1 X130.068 Y139.274 E.01405
G1 X130.095 Y139.081 E.00644
G1 X131.293 Y137.883 E.05623
G1 E-.728 F1800
;WIPE_START
G1 F30000
G1 X130.445 Y138.731 E-.072
;WIPE_END
G1 X131.588 Y137.054 Z2
G1 Z1.6
G1 E.8 F1800
G1 F12000
G1 X130.073 Y138.569 E.07109
G1 X130.022 Y138.281 E.0097
G1 X129.944 Y138.164 E.00467
G1 X131.303 Y136.806 E.06373
G1 X131.219 Y136.356 E.01519
G1 X129.731 Y137.844 E.06981
G1 X129.691 Y137.783 E.00244
G1 X129.426 Y137.615 E.01038
G1 X130.811 Y136.231 E.06497
G1 X130.277 Y136.231 E.01771
G1 X129.821 Y136.687 E.02141
G1 E-.728 F1800
;WIPE_START
G1 F30000
G1 X130.277 Y136.231 E-.03872
G1 X130.811 Y136.231 E-.03202
G1 X130.796 Y136.245 E-.00126
;WIPE_END
G1 X136.411 Y141.416 Z2
G1 X141.632 Y146.223 Z2
G1 Z1.6
G1 E.8 F1800
G1 F12000
G1 X143.219 Y144.636 E.07447
G1 X143.466 Y143.855 E.02716
G1 X141.801 Y145.52 E.0781
G1 X141.801 Y144.986 E.01771
G1 X143.973 Y142.814 E.1019
G1 E-.728 F1800
;WIPE_START
G1 F30000
G1 X143.125 Y143.663 E-.072
;WIPE_END
G1 X146.087 Y142.301 Z2
G1 Z1.6
G1 E.8 F1800
G1 F12000
G1 X146.87 Y141.519 E.03672
G1 X146.336 Y141.519 E.01771
G1 X145.723 Y142.132 E.02876
G1 X145.189 Y142.132 E.01771
G1 X145.802 Y141.519 E.02876
G1 X145.341 Y141.519 E.01529
G1 X145.33 Y141.458 E.00207
G1 X144.486 Y142.301 E.03959
G1 E-.728 F1800
;WIPE_START
G1 F30000
G1 X145.33 Y141.458 E-.0716
G1 X145.331 Y141.464 E-.0004
;WIPE_END
G1 X145.39 Y140.863 Z2
G1 Z1.6
G1 E.8 F1800
G1 F12000
G1 X141.801 Y144.452 E.16839
G1 X141.801 Y143.919 E.01771
G1 X144.169 Y141.551 E.11111
G1 X143.839 Y141.574 E.01098
G1 X143.633 Y141.553 E.00687
G1 X141.801 Y143.385 E.08595
G1 X141.801 Y142.851 E.01771
G1 X143.339 Y141.314 E.07213
G1 X142.678 Y141.441 F30000
G1 F12000
G1 X141.801 Y142.318 E.04112
G1 X141.801 Y142.132 E.00617
G1 X141.454 Y142.132 E.01154
G1 X141.974 Y141.611 E.02443
G1 X141.552 Y141.611 E.01401
G1 X141.531 Y141.521 E.00307
G1 X140.92 Y142.132 E.02865
G1 X140.386 Y142.132 E.01771
G1 X141.568 Y140.95 E.05546
G1 E-.728 F1800
;WIPE_START
G1 F30000
G1 X140.72 Y141.798 E-.072
;WIPE_END
G1 X140.635 Y141.349 Z2
G1 Z1.6
G1 E.8 F1800
G1 F12000
G1 X140.005 Y141.98 E.02958
G1 X139.978 Y141.83 E.00505
G1 X139.847 Y141.604 E.00868
G1 X140.101 Y141.349 E.01194
G1 E-.728 F1800
;WIPE_START
G1 F30000
G1 X139.847 Y141.604 E-.02159
G1 X139.978 Y141.83 E-.01569
G1 X140.005 Y141.98 E-.00913
G1 X140.306 Y141.678 E-.02559
;WIPE_END
G1 X147.796 Y143.147 Z2
G1 X164.399 Y146.404 Z2
G1 Z1.6
G1 E.8 F1800
G1 F12000
G1 X165.432 Y145.371 E.04848
G1 X165.432 Y144.837 E.01771
G1 X164.568 Y145.701 E.04052
G1 X164.568 Y145.168 E.0177
G1 X165.432 Y144.304 E.04053
G1 X165.432 Y143.77 E.01771
G1 X164.568 Y144.634 E.04053
G1 X164.568 Y144.1 E.0177
G1 X165.432 Y143.236 E.04054
G1 X165.432 Y142.703 E.01771
G1 X164.568 Y143.567 E.04055
G1 X164.567 Y143.033 E.0177
G1 X165.432 Y142.169 E.04055
G1 X165.432 Y141.635 E.01771
G1 X164.567 Y142.5 E.04056
G1 X164.567 Y141.966 E.0177
G1 X165.432 Y141.102 E.04056
G1 X165.432 Y140.568 E.01771
G1 X164.567 Y141.433 E.04057
G1 X164.567 Y140.899 E.0177
G1 X165.432 Y140.034 E.04057
G1 X165.432 Y139.501 E.01771
G1 X164.567 Y140.366 E.04058
G1 X164.567 Y139.832 E.0177
G1 X165.432 Y138.967 E.04058
G1 X165.432 Y138.433 E.01771
G1 X164.567 Y139.298 E.04059
G1 X164.567 Y138.765 E.0177
G1 X165.432 Y137.9 E.04059
G1 X165.432 Y137.366 E.01771
G1 X164.566 Y138.231 E.0406
G1 X164.566 Y137.698 E.0177
M73 P93 R1
G1 X165.432 Y136.832 E.0406
G1 X165.432 Y136.299 E.01771
G1 X164.566 Y137.164 E.04061
G1 X164.566 Y136.631 E.0177
G1 X165.432 Y135.765 E.04061
G1 X165.432 Y135.231 E.01771
G1 X164.566 Y136.097 E.04062
G1 X164.566 Y135.563 E.0177
G1 X165.432 Y134.698 E.04063
G1 X165.432 Y134.164 E.01771
G1 X164.566 Y135.03 E.04063
G1 X164.566 Y134.496 E.0177
G1 X165.432 Y133.63 E.04064
G1 X165.432 Y133.097 E.01771
G1 X164.566 Y133.963 E.04064
G1 X164.565 Y133.429 E.0177
G1 X165.432 Y132.563 E.04065
G1 X165.432 Y132.029 E.01771
G1 X164.565 Y132.896 E.04065
G1 X164.565 Y132.362 E.0177
G1 X165.432 Y131.496 E.04066
G1 X165.432 Y130.962 E.01771
G1 X164.565 Y131.829 E.04066
G1 X164.565 Y131.295 E.0177
G1 X165.432 Y130.428 E.04067
G1 X165.432 Y129.894 E.01771
G1 X164.565 Y130.761 E.04067
G1 X164.565 Y130.228 E.0177
G1 X165.432 Y129.361 E.04068
G1 X165.432 Y128.827 E.01771
G1 X164.565 Y129.694 E.04068
G1 X164.565 Y129.161 E.0177
G1 X165.432 Y128.293 E.04069
G1 X165.432 Y127.76 E.01771
G1 X164.564 Y128.627 E.04069
G1 X164.564 Y128.094 E.0177
G1 X165.432 Y127.226 E.0407
G1 X165.432 Y126.692 E.01771
G1 X164.564 Y127.56 E.04071
G1 X164.564 Y127.026 E.0177
G1 X165.432 Y126.159 E.04071
G1 X165.432 Y125.625 E.01771
G1 X164.564 Y126.493 E.04072
G1 X164.564 Y125.959 E.0177
G1 X165.432 Y125.091 E.04072
G1 X165.432 Y124.558 E.01771
G1 X164.564 Y125.426 E.04073
G1 X164.564 Y124.892 E.0177
G1 X165.432 Y124.024 E.04073
G1 X165.432 Y123.49 E.01771
G1 X164.564 Y124.359 E.04074
G1 X164.563 Y123.825 E.0177
G1 X165.432 Y122.957 E.04074
G1 X165.432 Y122.423 E.01771
G1 X164.563 Y123.292 E.04075
G1 X164.563 Y122.758 E.0177
G1 X165.432 Y121.889 E.04075
G1 X165.432 Y121.356 E.01771
G1 X164.563 Y122.224 E.04076
G1 X164.563 Y121.691 E.0177
G1 X165.432 Y120.822 E.04076
G1 X165.432 Y120.288 E.01771
G1 X164.563 Y121.157 E.04077
G1 X164.563 Y120.624 E.0177
G1 X165.432 Y119.755 E.04077
G1 X165.432 Y119.221 E.01771
G1 X164.563 Y120.09 E.04078
G1 X164.562 Y119.557 E.0177
G1 X165.432 Y118.687 E.04079
G1 X165.432 Y118.154 E.01771
G1 X164.562 Y119.023 E.04079
G1 X164.562 Y118.489 E.0177
G1 X165.432 Y117.62 E.0408
G1 X165.432 Y117.086 E.01771
G1 X164.562 Y117.956 E.0408
G1 X164.562 Y117.422 E.0177
G1 X165.432 Y116.553 E.04081
G1 X165.432 Y116.019 E.01771
G1 X164.562 Y116.889 E.04081
G1 X164.562 Y116.355 E.0177
G1 X165.432 Y115.485 E.04082
G1 X165.432 Y114.952 E.01771
G1 X164.562 Y115.822 E.04082
G1 X164.562 Y115.288 E.0177
G1 X165.432 Y114.418 E.04083
G1 X165.432 Y113.884 E.01771
G1 X164.561 Y114.754 E.04083
G1 X164.561 Y114.221 E.0177
G1 X165.432 Y113.35 E.04084
G1 X165.432 Y112.817 E.01771
G1 X164.561 Y113.687 E.04084
G1 X164.561 Y113.154 E.0177
G1 X165.432 Y112.283 E.04085
G1 X165.432 Y111.749 E.01771
G1 X164.561 Y112.62 E.04085
G1 X164.561 Y112.087 E.0177
G1 X165.432 Y111.216 E.04086
G1 X165.432 Y110.682 E.01771
G1 X164.561 Y111.553 E.04087
G1 X164.561 Y111.02 E.0177
G1 X165.432 Y110.148 E.04087
G1 X165.432 Y109.615 E.01771
G1 X164.561 Y110.486 E.04088
G1 X164.56 Y109.952 E.0177
G1 X165.432 Y109.081 E.04088
G1 X165.432 Y108.547 E.01771
G1 X164.56 Y109.419 E.04089
G1 X164.56 Y108.885 E.0177
G1 X165.432 Y108.014 E.04089
G1 X165.432 Y107.48 E.01771
G1 X164.56 Y108.352 E.0409
G1 X164.56 Y107.818 E.0177
G1 X165.432 Y106.946 E.0409
G1 X165.425 Y106.419 E.01749
G1 X164.56 Y107.285 E.0406
G1 X164.56 Y106.751 E.0177
G1 X165.363 Y105.948 E.03769
G1 X165.348 Y105.871 E.0026
G1 X165.233 Y105.544 E.01149
G1 X164.543 Y106.234 E.03235
G1 X164.444 Y105.879 E.01221
G1 X164.415 Y105.829 E.00194
G1 X165.046 Y105.197 E.02964
G1 X164.928 Y105.02 E.00705
G1 X164.817 Y104.893 E.00562
G1 X164.208 Y105.502 E.02857
G1 X164.097 Y105.376 E.00555
G1 X163.929 Y105.247 E.00704
G1 X164.546 Y104.63 E.02895
G1 X164.234 Y104.408 E.01269
G1 X163.587 Y105.055 E.03036
G1 X163.407 Y104.98 E.00647
G1 X163.161 Y104.948 E.00825
G1 X163.873 Y104.235 E.03344
G1 X163.629 Y104.152 E.00856
G1 X163.457 Y104.118 E.00582
G1 X162.643 Y104.932 E.03818
G1 X162.11 Y104.932 E.01771
G1 X162.973 Y104.068 E.04052
G1 X162.439 Y104.068 E.01771
G1 X161.576 Y104.932 E.04052
G1 X161.042 Y104.932 E.01771
G1 X161.906 Y104.068 E.04052
G1 X161.372 Y104.068 E.01771
G1 X160.799 Y104.642 E.02691
G1 E-.728 F1800
;WIPE_START
G1 F30000
G1 X161.372 Y104.068 E-.04867
G1 X161.761 Y104.068 E-.02333
;WIPE_END
G1 X154.143 Y104.543 Z2
G1 X151.101 Y104.733 Z2
G1 Z1.6
G1 E.8 F1800
G1 F12000
G1 X150.902 Y104.932 E.00934
G1 X150.369 Y104.932 E.01771
G1 X150.932 Y104.369 E.02642
G1 X150.932 Y104.068 E.00997
G1 X150.699 Y104.068 E.00774
G1 X149.835 Y104.932 E.04052
G1 X149.301 Y104.932 E.01771
G1 X150.165 Y104.068 E.04052
G1 X149.631 Y104.068 E.01771
G1 X148.768 Y104.932 E.04052
G1 X148.234 Y104.932 E.01771
G1 X149.098 Y104.068 E.04052
G1 X148.564 Y104.068 E.01771
G1 X147.7 Y104.932 E.04052
G1 X147.167 Y104.932 E.01771
G1 X148.03 Y104.068 E.04052
G1 X147.496 Y104.068 E.01771
G1 X146.633 Y104.932 E.04052
G1 X146.099 Y104.932 E.01771
G1 X146.963 Y104.068 E.04052
G1 X146.429 Y104.068 E.01771
G1 X145.566 Y104.932 E.04052
G1 X145.032 Y104.932 E.01771
G1 X145.895 Y104.068 E.04052
G1 X145.362 Y104.068 E.01771
G1 X144.498 Y104.932 E.04052
G1 X143.965 Y104.932 E.01771
G1 X144.828 Y104.068 E.04052
G1 X144.294 Y104.068 E.01771
G1 X143.431 Y104.932 E.04052
G1 X142.897 Y104.932 E.01771
G1 X143.761 Y104.068 E.04052
G1 X143.227 Y104.068 E.01771
G1 X142.364 Y104.932 E.04052
G1 X141.83 Y104.932 E.01771
G1 X142.693 Y104.068 E.04052
G1 X142.16 Y104.068 E.01771
G1 X141.296 Y104.932 E.04052
G1 X140.762 Y104.932 E.01771
G1 X141.626 Y104.068 E.04052
G1 X141.092 Y104.068 E.01771
G1 X140.229 Y104.932 E.04052
G1 X139.695 Y104.932 E.01771
G1 X140.559 Y104.068 E.04052
G1 X140.025 Y104.068 E.01771
G1 X139.161 Y104.932 E.04052
G1 X138.628 Y104.932 E.01771
G1 X139.491 Y104.068 E.04052
G1 X138.958 Y104.068 E.01771
G1 X138.094 Y104.932 E.04052
G1 X137.56 Y104.932 E.01771
G1 X138.424 Y104.068 E.04052
G1 X137.89 Y104.068 E.01771
G1 X137.027 Y104.932 E.04052
G1 X136.493 Y104.932 E.01771
G1 X137.357 Y104.068 E.04052
G1 X136.823 Y104.068 E.01771
G1 X135.959 Y104.932 E.04052
G1 X135.426 Y104.932 E.01771
G1 X136.289 Y104.068 E.04052
G1 X135.756 Y104.068 E.01771
G1 X134.892 Y104.932 E.04052
G1 X134.358 Y104.932 E.01771
G1 X135.222 Y104.068 E.04052
G1 X134.688 Y104.068 E.01771
G1 X133.825 Y104.932 E.04052
G1 X133.291 Y104.932 E.01771
G1 X134.155 Y104.068 E.04052
G1 X133.621 Y104.068 E.01771
G1 X132.757 Y104.932 E.04052
G1 X132.224 Y104.932 E.01771
G1 X133.087 Y104.068 E.04052
G1 X132.554 Y104.068 E.01771
G1 X131.69 Y104.932 E.04052
G1 X131.156 Y104.932 E.01771
G1 X132.02 Y104.068 E.04052
G1 X131.486 Y104.068 E.01771
G1 X130.623 Y104.932 E.04052
G1 X130.089 Y104.932 E.01771
G1 X130.952 Y104.068 E.04052
G1 X130.419 Y104.068 E.01771
G1 X129.555 Y104.932 E.04052
G1 X129.022 Y104.932 E.01771
G1 X129.885 Y104.068 E.04052
G1 X129.351 Y104.068 E.01771
G1 X128.488 Y104.932 E.04052
G1 X127.954 Y104.932 E.01771
G1 X128.818 Y104.068 E.04052
G1 X128.284 Y104.068 E.01771
G1 X127.421 Y104.932 E.04052
G1 X126.887 Y104.932 E.01771
G1 X127.75 Y104.068 E.04052
G1 X127.217 Y104.068 E.01771
G1 X126.353 Y104.932 E.04052
G1 X125.82 Y104.932 E.01771
G1 X126.683 Y104.068 E.04052
G1 X126.149 Y104.068 E.01771
G1 X125.286 Y104.932 E.04052
G1 X124.752 Y104.932 E.01771
G1 X125.616 Y104.068 E.04052
G1 X125.082 Y104.068 E.01771
G1 X124.218 Y104.932 E.04052
G1 X123.685 Y104.932 E.01771
G1 X124.548 Y104.068 E.04052
G1 X124.015 Y104.068 E.01771
G1 X123.151 Y104.932 E.04052
G1 X122.617 Y104.932 E.01771
G1 X123.481 Y104.068 E.04052
G1 X122.947 Y104.068 E.01771
G1 X122.084 Y104.932 E.04052
G1 X121.55 Y104.932 E.01771
G1 X122.414 Y104.068 E.04052
G1 X121.88 Y104.068 E.01771
G1 X121.016 Y104.932 E.04052
G1 X120.483 Y104.932 E.01771
G1 X121.346 Y104.068 E.04052
G1 X120.813 Y104.068 E.01771
G1 X119.949 Y104.932 E.04052
G1 X119.415 Y104.932 E.01771
G1 X120.279 Y104.068 E.04052
G1 X119.745 Y104.068 E.01771
G1 X118.882 Y104.932 E.04052
G1 X118.348 Y104.932 E.01771
G1 X119.212 Y104.068 E.04052
G1 X118.678 Y104.068 E.01771
G1 X117.814 Y104.932 E.04052
G1 X117.281 Y104.932 E.01771
G1 X118.144 Y104.068 E.04052
G1 X117.611 Y104.068 E.01771
G1 X116.747 Y104.932 E.04052
G1 X116.213 Y104.932 E.01771
G1 X117.077 Y104.068 E.04052
G1 X116.543 Y104.068 E.01771
G1 X115.68 Y104.932 E.04052
G1 X115.146 Y104.932 E.01771
G1 X116.01 Y104.068 E.04052
G1 X115.476 Y104.068 E.01771
G1 X114.612 Y104.932 E.04052
G1 X114.079 Y104.932 E.01771
G1 X114.942 Y104.068 E.04052
G1 X114.408 Y104.068 E.01771
G1 X113.545 Y104.932 E.04052
G1 X113.011 Y104.932 E.01771
G1 X113.875 Y104.068 E.04052
G1 X113.341 Y104.068 E.01771
G1 X112.478 Y104.932 E.04052
G1 X111.944 Y104.932 E.01771
G1 X112.807 Y104.068 E.04052
G1 X112.274 Y104.068 E.01771
G1 X111.41 Y104.932 E.04052
G1 X110.877 Y104.932 E.01771
G1 X111.74 Y104.068 E.04052
G1 X111.206 Y104.068 E.01771
G1 X110.343 Y104.932 E.04052
G1 X109.809 Y104.932 E.01771
G1 X110.673 Y104.068 E.04052
G1 X110.139 Y104.068 E.01771
G1 X109.276 Y104.932 E.04052
G1 X108.742 Y104.932 E.01771
G1 X109.605 Y104.068 E.04052
G1 X109.072 Y104.068 E.01771
G1 X108.208 Y104.932 E.04052
G1 X107.674 Y104.932 E.01771
G1 X108.538 Y104.068 E.04052
G1 X108.004 Y104.068 E.01771
G1 X107.141 Y104.932 E.04052
G1 X106.607 Y104.932 E.01771
G1 X107.471 Y104.068 E.04052
G1 X106.937 Y104.068 E.01771
G1 X106.073 Y104.932 E.04052
G1 X105.54 Y104.932 E.01771
G1 X106.403 Y104.068 E.04052
G1 X105.87 Y104.068 E.01771
G1 X105.006 Y104.932 E.04052
G1 X104.472 Y104.932 E.01771
G1 X105.336 Y104.068 E.04052
G1 X104.802 Y104.068 E.01771
G1 X103.939 Y104.932 E.04052
G1 X103.405 Y104.932 E.01771
G1 X104.269 Y104.068 E.04052
G1 X103.735 Y104.068 E.01771
G1 X102.871 Y104.932 E.04052
G1 X102.338 Y104.932 E.01771
G1 X103.201 Y104.068 E.04052
M73 P94 R1
G1 X102.668 Y104.068 E.01771
G1 X101.804 Y104.932 E.04052
G1 X101.27 Y104.932 E.01771
G1 X102.134 Y104.068 E.04052
G1 X101.6 Y104.068 E.01771
G1 X100.737 Y104.932 E.04052
G1 X100.203 Y104.932 E.01771
G1 X101.067 Y104.068 E.04052
G1 X100.533 Y104.068 E.01771
G1 X99.669 Y104.932 E.04052
G1 X99.136 Y104.932 E.01771
G1 X99.999 Y104.068 E.04052
G1 X99.466 Y104.068 E.01771
G1 X98.602 Y104.932 E.04052
G1 X98.068 Y104.932 E.01771
G1 X98.932 Y104.068 E.04052
G1 X98.398 Y104.068 E.01771
G1 X97.535 Y104.932 E.04052
G1 X97.001 Y104.932 E.01771
G1 X97.864 Y104.068 E.04052
G1 X97.331 Y104.068 E.01771
G1 X96.467 Y104.932 E.04052
G1 X95.934 Y104.932 E.01771
G1 X96.797 Y104.068 E.04052
G1 X96.263 Y104.068 E.01771
G1 X95.4 Y104.932 E.04052
G1 X94.866 Y104.932 E.01771
G1 X95.73 Y104.068 E.04052
G1 X95.196 Y104.068 E.01771
G1 X94.333 Y104.932 E.04052
G1 X93.799 Y104.932 E.01771
G1 X94.662 Y104.068 E.04052
G1 X94.129 Y104.068 E.01771
G1 X93.095 Y105.101 E.04848
G1 E-.728 F1800
;WIPE_START
G1 F30000
G1 X93.944 Y104.253 E-.072
;WIPE_END
G1 X93.765 Y103.899 Z2
G1 Z1.6
G1 E.8 F1800
G1 F12000
G1 X92.693 Y104.97 E.05027
G1 X92.573 Y104.987 E.00403
G1 X92.23 Y105.131 E.01235
G1 X92.029 Y105.265 E.00801
G1 X91.762 Y105.532 E.01251
G1 X91.621 Y105.75 E.00863
G1 X91.48 Y106.094 E.01232
G1 X91.467 Y106.196 E.00342
G1 X90.568 Y107.095 E.04216
G1 X90.568 Y106.561 E.01771
G1 X93.061 Y104.068 E.11697
G1 X92.683 Y104.09 E.01258
G1 X92.462 Y104.134 E.00748
G1 X90.421 Y106.175 E.09576
G1 E-.728 F1800
;WIPE_START
G1 F30000
G1 X91.269 Y105.327 E-.072
;WIPE_END
G1 X96.603 Y110.786 Z2
G1 X130.247 Y145.223 Z2
G1 Z1.6
G1 E.8 F1800
SET_VELOCITY_LIMIT ACCEL=3000
;TYPE:Gap infill
;WIDTH:0.298652
G1 F15000
G1 X130.033 Y145.151 E.00464
;WIDTH:0.287498
G1 X129.997 Y145.18 E.00091
;WIDTH:0.25956
G1 X129.961 Y145.209 E.00081
;WIDTH:0.241994
G1 X129.865 Y145.323 E.00239
G1 X129.503 Y145.65 E.00783
;WIDTH:0.27629
G1 X129.369 Y145.743 E.00308
G1 E-.79018 F1800
;WIPE_START
G1 F30000
G1 X129.503 Y145.65 E-.00982
;WIPE_END
G1 X135.686 Y141.176 Z2
G1 X136.117 Y140.864 Z2
G1 Z1.6
G1 E.8 F1800
;WIDTH:0.190936
G1 F15000
G1 X136.054 Y140.848 E.00078
;WIDTH:0.22779
G1 X135.991 Y140.833 E.00097
;WIDTH:0.26518
G1 X135.927 Y140.818 E.00118
;WIDTH:0.26959
G1 X135.874 Y140.889 E.00161
;WIDTH:0.232024
G1 X135.803 Y140.981 E.00177
G1 X135.523 Y141.254 E.00596
;WIDTH:0.237361
G1 X135.325 Y141.392 E.00379
G1 E-.78549 F1800
;WIPE_START
G1 F30000
G1 X135.523 Y141.254 E-.01451
;WIPE_END
G1 X127.935 Y142.078 Z2
G1 X102.7 Y144.818 Z2
G1 Z1.6
G1 E.8 F1800
;WIDTH:0.2414
G1 F15000
G1 X102.61 Y144.862 E.00161
;WIDTH:0.21633
G1 X102.549 Y144.908 E.00107
;WIDTH:0.16899
G1 X102.4 Y145.089 E.00238
;WIDTH:0.124316
G1 X102.245 Y145.276 E.0016
G1 X101.883 Y145.603 E.0032
;WIDTH:0.151564
G1 X101.871 Y145.613 E.00014
;WIDTH:0.177939
G1 X101.722 Y145.713 E.00195
;WIDTH:0.202381
G1 X101.574 Y145.812 E.0023
G1 E-.78927 F1800
;WIPE_START
G1 F30000
G1 X101.722 Y145.713 E-.01073
;WIPE_END
G1 X102.619 Y138.133 Z2
G1 X102.679 Y137.627 Z2
G1 Z1.6
G1 E.8 F1800
;WIDTH:0.289377
G1 F15000
G1 X102.524 Y137.746 E.00388
G1 X102.234 Y138.019 E.00791
;WIDTH:0.292601
G1 X102.04 Y138.254 E.00615
;WIDTH:0.313409
G1 X101.846 Y138.49 E.00666
G1 E-.78168 F1800
;WIPE_START
G1 F30000
G1 X102.04 Y138.254 E-.01832
;WIPE_END
G1 X109.563 Y136.966 Z2
G1 X127.8 Y133.842 Z2
G1 Z1.6
G1 E.8 F1800
;WIDTH:0.263755
G1 F15000
G1 X127.63 Y133.962 E.00371
G1 X127.371 Y134.218 E.00647
;WIDTH:0.270953
G1 X127.296 Y134.312 E.00222
;WIDTH:0.296263
G1 X127.222 Y134.407 E.00246
G1 X127.187 Y134.406 E.00071
;WIDTH:0.237271
G1 X127.098 Y134.387 E.00142
;WIDTH:0.212728
G1 X127.009 Y134.368 E.00124
G1 E-.79455 F1800
;WIPE_START
G1 F30000
G1 X127.098 Y134.387 E-.00545
;WIPE_END
G1 X134.424 Y136.527 Z2
G1 X153.605 Y142.131 Z2
G1 Z1.6
G1 E.8 F1800
;WIDTH:0.147376
G1 F15000
G1 X153.348 Y142.317 E.00267
;WIDTH:0.119731
G1 X153.032 Y142.6 E.00263
;WIDTH:0.121013
G1 X152.957 Y142.707 E.00082
;WIDTH:0.166223
G1 X152.883 Y142.814 E.00129
;WIDTH:0.187088
G1 X152.868 Y142.832 E.00027
G1 X152.804 Y142.827 E.00074
G1 X152.617 Y142.768 E.00228
G1 E-.783 F1800
;WIPE_START
G1 F30000
G1 X152.804 Y142.827 E-.01178
G1 X152.868 Y142.832 E-.00383
G1 X152.883 Y142.814 E-.00139
;WIPE_END
G1 X145.52 Y140.804 Z2
G1 X145.371 Y140.763 Z2
G1 Z1.6
G1 E.8 F1800
;WIDTH:0.176657
G1 F15000
G1 X145.325 Y140.716 E.00071
;WIDTH:0.211118
G1 X145.279 Y140.67 E.00089
;WIDTH:0.245887
G1 X145.233 Y140.623 E.00108
G1 X145.191 Y140.664 E.00097
;WIDTH:0.211542
G1 X145.111 Y140.769 E.0018
;WIDTH:0.175319
G1 X145.031 Y140.875 E.00141
;WIDTH:0.13923
G1 X144.942 Y140.991 E.00113
G1 X144.643 Y141.265 E.00316
G1 X144.348 Y141.488 E.00287
G1 E-.7447 F1800
;WIPE_START
G1 F30000
G1 X144.643 Y141.265 E-.02216
G1 X144.942 Y140.991 E-.02438
G1 X145.031 Y140.875 E-.00876
;WIPE_END
G1 X152.269 Y143.298 Z2
G1 X161.601 Y146.423 Z2
G1 Z1.6
G1 E.8 F1800
;WIDTH:0.363908
G1 F15000
G1 X161.262 Y146.841 E.01395
;WIDTH:0.358432
G1 X161.119 Y146.951 E.00459
;WIDTH:0.323653
G1 X160.975 Y147.061 E.00409
;WIDTH:0.306264
G1 X160.832 Y147.171 E.00383
G1 E-.78917 F1800
;WIPE_START
G1 F30000
G1 X160.975 Y147.061 E-.01083
;WIPE_END
G1 X154.508 Y143.008 Z2
G1 X92.27 Y104.007 Z2
G1 Z1.6
G1 E.8 F1800
;WIDTH:0.227477
G1 F15000
G1 X92.103 Y104.127 E.00306
;WIDTH:0.26333
G1 X91.936 Y104.247 E.00366
;WIDTH:0.299184
G1 X91.768 Y104.367 E.00425
;WIDTH:0.332877
G1 X91.644 Y104.469 E.00376
;WIDTH:0.36441
G1 X91.52 Y104.571 E.00417
;WIDTH:0.390566
G1 X91.071 Y105.02 E.0178
;WIDTH:0.36441
G1 X90.969 Y105.144 E.00417
;WIDTH:0.332877
G1 X90.867 Y105.268 E.00376
;WIDTH:0.299182
G1 X90.747 Y105.436 E.00425
;WIDTH:0.263329
G1 X90.627 Y105.603 E.00366
;WIDTH:0.245403
G1 X90.507 Y105.77 E.00336
G1 E-.78766 F1800
;WIPE_START
G1 F30000
G1 X90.627 Y105.603 E-.01234
;WIPE_END
G1 X97.298 Y109.312 Z2
G1 X165.493 Y147.23 Z2
G1 Z1.6
G1 E.8 F1800
;WIDTH:0.22757
G1 F15000
G1 X165.373 Y147.397 E.00306
;WIDTH:0.263427
G1 X165.253 Y147.564 E.00366
;WIDTH:0.299284
G1 X165.133 Y147.732 E.00425
;WIDTH:0.332976
G1 X165.031 Y147.856 E.00376
;WIDTH:0.364502
G1 X164.929 Y147.98 E.00417
;WIDTH:0.39066
G1 X164.48 Y148.429 E.0178
;WIDTH:0.364509
G1 X164.356 Y148.531 E.00417
;WIDTH:0.33298
G1 X164.232 Y148.633 E.00376
;WIDTH:0.299286
G1 X164.064 Y148.753 E.00426
;WIDTH:0.263427
G1 X163.897 Y148.873 E.00366
;WIDTH:0.245498
G1 X163.73 Y148.993 E.00336
G1 E-.78765 F1800
;WIPE_START
G1 F30000
G1 X163.897 Y148.873 E-.01235
;WIPE_END
G1 X156.823 Y146.006 Z2
G1 X152.74 Y144.352 Z2
G1 Z1.6
G1 E.8 F1800
;WIDTH:0.286933
G1 F15000
G1 X152.743 Y143.224 E.02219
G1 X152.769 Y142.898 E.00644
G1 E-.728 F1800
;WIPE_START
G1 F30000
G1 X152.743 Y143.224 E-.01965
G1 X152.741 Y144.097 E-.05235
;WIPE_END
G1 X151.028 Y142.309 Z2
G1 Z1.6
G1 E.8 F1800
;WIDTH:0.242851
G1 F15000
G1 X151.025 Y144.49 E.03517
G1 X151.006 Y144.85 E.00582
;WIDTH:0.287092
G1 X150.975 Y145.04 E.00379
G1 E-.78845 F1800
;WIPE_START
G1 F30000
G1 X151.006 Y144.85 E-.01155
;WIPE_END
G1 X149.353 Y144.418 Z2
G1 Z1.6
G1 E.8 F1800
;WIDTH:0.223806
G1 F15000
G1 X149.34 Y142.309 E.03077
G1 E-.728 F1800
;WIPE_START
G1 F30000
G1 X149.347 Y143.509 E-.072
;WIPE_END
G1 X142.688 Y139.779 Z2
G1 X142.512 Y139.681 Z2
G1 Z1.6
G1 E.8 F1800
SET_VELOCITY_LIMIT ACCEL=1500
;TYPE:Top surface
;WIDTH:0.495415
G1 F12000
G1 X142.876 Y139.317 E.02047
G1 X142.636 Y139.069 E.01373
G1 X142.576 Y138.977 E.00436
G1 X142.388 Y139.165 E.0106
G1 X142.448 Y138.754 F30000
SET_VELOCITY_LIMIT ACCEL=3000
;TYPE:Gap infill
;WIDTH:0.291942
G1 F15000
G1 X142.32 Y138.352 E.00847
G1 X142.157 Y137.601 E.01545
G1 E-.72853 F1800
;WIPE_START
G1 F30000
G1 X142.32 Y138.352 E-.04616
G1 X142.448 Y138.754 E-.0253
;WIPE_END
G1 X141.207 Y139.941 Z2
G1 Z1.6
G1 E.8 F1800
;WIDTH:0.294614
G1 F15000
G1 X141.169 Y139.876 E.00153
G1 X140.937 Y140.006 E.0054
G1 X141.207 Y139.941 F30000
;WIDTH:0.238675
G1 F15000
G1 X141.245 Y140.006 E.00119
;WIDTH:0.234982
G1 X141.269 Y140.207 E.00313
;WIDTH:0.271333
G1 X141.293 Y140.408 E.00372
;WIDTH:0.307683
G1 X141.316 Y140.609 E.00432
G1 E-.78787 F1800
;WIPE_START
G1 F30000
G1 X141.293 Y140.408 E-.01213
;WIPE_END
G1 X139.907 Y142.309 Z2
G1 Z1.6
G1 E.8 F1800
;WIDTH:0.254612
G1 F15000
G1 X140.027 Y142.419 E.00278
G1 X140.031 Y146.691 E.07293
G1 E-.728 F1800
;WIPE_START
G1 F30000
G1 X140.03 Y145.491 E-.072
;WIPE_END
G1 X133.348 Y144.068 Z2
G1 Z1.6
G1 E.8 F1800
;WIDTH:0.113178
G1 F15000
G1 X133.353 Y142.309 E.00997
G1 E-.728 F1800
;WIPE_START
G1 F30000
G1 X133.349 Y143.509 E-.072
;WIPE_END
G1 X131.781 Y142.309 Z2
G1 Z1.6
G1 E.8 F1800
;WIDTH:0.120423
G1 F15000
G1 X131.776 Y144.132 E.0114
G1 E-.728 F1800
;WIPE_START
G1 F30000
G1 X131.779 Y142.932 E-.072
;WIPE_END
G1 X135.901 Y139.711 Z2
G1 Z1.6
G1 E.8 F1800
SET_VELOCITY_LIMIT ACCEL=1500
;TYPE:Top surface
;WIDTH:0.495415
G1 F12000
G1 X136.296 Y139.317 E.0222
G1 X136.056 Y139.069 E.01373
G1 X135.996 Y138.977 E.00436
G1 X135.66 Y139.313 E.01892
G1 E-.728 F1800
;WIPE_START
G1 F30000
G1 X135.996 Y138.977 E-.02854
G1 X136.056 Y139.069 E-.00658
G1 X136.296 Y139.317 E-.02071
G1 X136.105 Y139.507 E-.01617
;WIPE_END
G1 X134.175 Y138.235 Z2
G1 Z1.6
G1 E.8 F1800
G1 F12000
G1 X134.766 Y137.645 E.03321
G1 E-.74992 F1800
;WIPE_START
G1 F30000
G1 X134.175 Y138.235 E-.05008
;WIPE_END
G1 X134.678 Y135.69 Z2
G1 Z1.6
G1 E.8 F1800
G1 F12000
G1 X134.272 Y136.096 E.02289
G1 X134.244 Y135.948 E.00602
G1 X134.095 Y135.634 E.01383
G1 X134.535 Y135.193 E.02477
G1 X134.315 Y135.01 F30000
SET_VELOCITY_LIMIT ACCEL=3000
;TYPE:Gap infill
;WIDTH:0.311463
G1 F15000
G1 X134.284 Y134.453 E.01208
;WIDTH:0.286861
G1 X134.252 Y133.896 E.01097
G1 E-.76655 F1800
;WIPE_START
G1 F30000
G1 X134.284 Y134.453 E-.03345
;WIPE_END
G1 X127.289 Y137.507 Z2
G1 X127.092 Y137.593 Z2
G1 Z1.6
G1 E.8 F1800
SET_VELOCITY_LIMIT ACCEL=1500
;TYPE:Top surface
;WIDTH:0.495415
G1 F12000
G1 X127.458 Y137.227 E.02061
G1 E-.76891 F1800
;WIPE_START
G1 F30000
G1 X127.092 Y137.593 E-.03109
;WIPE_END
G1 X124.221 Y137.59 Z2
G1 Z1.6
G1 E.8 F1800
;WIDTH:0.433873
G1 F12000
G1 X124.701 Y137.109 E.02336
G1 X124.645 Y137.015 E.00376
G1 X124.544 Y136.713 E.01094
G1 X123.834 Y137.423 E.03452
G1 X123.281 Y137.423 E.019
G1 X124.455 Y136.25 E.05705
G1 X124.452 Y136.231 E.00066
G1 X123.921 Y136.231 E.01824
G1 X122.559 Y137.593 E.06622
G1 E-.728 F1800
;WIPE_START
G1 F30000
G1 X123.407 Y136.745 E-.072
;WIPE_END
G1 X121.485 Y138.235 Z2
G1 Z1.6
G1 E.8 F1800
;WIDTH:0.495415
G1 F12000
G1 X122.045 Y137.676 E.03148
G1 E-.75253 F1800
;WIPE_START
G1 F30000
G1 X121.485 Y138.235 E-.04747
;WIPE_END
G1 X117.947 Y135.864 Z2
G1 Z1.6
G1 E.8 F1800
G1 F12000
G1 X118.313 Y135.498 E.02056
G1 E-.76898 F1800
;WIPE_START
G1 F30000
G1 X117.947 Y135.864 E-.03102
;WIPE_END
G1 X116.04 Y137.593 Z2
G1 Z1.6
G1 E.8 F1800
;WIDTH:0.473806
G1 F12000
G1 X115.776 Y137.857 E.01415
G1 X115.618 Y137.674 E.00916
G1 X115.451 Y137.573 E.00739
G1 X115.683 Y137.34 E.01245
G1 E-.73165 F1800
;WIPE_START
G1 F30000
G1 X115.451 Y137.573 E-.01972
G1 X115.618 Y137.674 E-.01171
G1 X115.776 Y137.857 E-.01452
G1 X116.04 Y137.593 E-.02241
;WIPE_END
G1 X109.396 Y139.054 Z2
G1 Z1.6
G1 E.8 F1800
SET_VELOCITY_LIMIT ACCEL=3000
;TYPE:Gap infill
;WIDTH:0.206718
G1 F15000
G1 X109.396 Y140.078 E.01353
G1 E-.73853 F1800
;WIPE_START
G1 F30000
G1 X109.396 Y139.054 E-.06147
;WIPE_END
G1 X103.983 Y139.578 Z2
G1 Z1.6
G1 E.8 F1800
SET_VELOCITY_LIMIT ACCEL=1500
;TYPE:Top surface
;WIDTH:0.495415
G1 F12000
G1 X103.612 Y139.95 E.02089
G1 X103.511 Y139.904 E.00443
G1 X103.449 Y139.701 E.00843
G1 X103.444 Y139.478 E.00887
G1 X103.839 Y139.083 E.02224
G1 E-.728 F1800
;WIPE_START
G1 F30000
G1 X103.444 Y139.478 E-.03355
G1 X103.449 Y139.701 E-.01337
G1 X103.511 Y139.904 E-.01272
G1 X103.612 Y139.95 E-.00668
G1 X103.679 Y139.883 E-.00568
;WIPE_END
G1 X99.104 Y138.911 Z2
G1 Z1.6
G1 E.8 F1800
M73 P95 R1
SET_VELOCITY_LIMIT ACCEL=3000
;TYPE:Gap infill
;WIDTH:0.352368
G1 F15000
G1 X99.086 Y139.464 E.0138
G1 X99.103 Y140.008 E.01358
G1 E-.73418 F1800
;WIPE_START
G1 F30000
G1 X99.086 Y139.464 E-.03265
G1 X99.104 Y138.911 E-.03317
;WIPE_END
G1 X98.93 Y138.49 Z2
G1 Z1.6
G1 E.8 F1800
SET_VELOCITY_LIMIT ACCEL=1500
;TYPE:Top surface
;WIDTH:0.421365
G1 F12000
G1 X100.546 Y136.874 E.07601
G1 E-.728 F1800
;WIPE_START
G1 F30000
G1 X99.697 Y137.723 E-.072
;WIPE_END
G1 X97.558 Y138.602 Z2
G1 Z1.6
G1 E.8 F1800
;WIDTH:0.463761
G1 F12000
G1 X97.116 Y139.045 E.02315
G1 X96.988 Y138.983 E.00523
G1 X96.988 Y138.577 E.01503
G1 X97.388 Y138.177 E.02094
G1 X97.388 Y137.582 E.02202
G1 X96.819 Y138.152 E.02982
G1 E-.728 F1800
;WIPE_START
G1 F30000
G1 X97.388 Y137.582 E-.04835
G1 X97.388 Y137.976 E-.02365
;WIPE_END
G1 X97.861 Y142.309 Z2
G1 Z1.6
G1 E.8 F1800
SET_VELOCITY_LIMIT ACCEL=3000
;TYPE:Gap infill
;WIDTH:0.14807
G1 F15000
G1 X97.861 Y143.713 E.0119
G1 X97.776 Y143.882 E.00161
;WIDTH:0.194627
G1 X97.691 Y144.052 E.00232
;WIDTH:0.22834
G1 X97.606 Y144.221 E.00284
G1 X97.758 Y143.865 F30000
;WIDTH:0.325613
G1 F15000
G1 X97.708 Y143.842 E.00127
;WIDTH:0.279629
G1 X97.657 Y143.819 E.00106
;WIDTH:0.212029
G1 X97.606 Y143.796 E.00076
G1 X95.799 Y143.796 E.02465
G1 E-.728 F1800
;WIPE_START
G1 F30000
G1 X96.999 Y143.796 E-.072
;WIPE_END
G1 X97.758 Y143.865 Z2
G1 Z1.6
G1 E.8 F1800
;WIDTH:0.347883
G1 F15000
G1 X97.759 Y145.133 E.03119
G1 X97.781 Y145.184 F30000
;WIDTH:0.33848
G1 F15000
G1 X97.759 Y145.133 E.00132
G1 X97.606 Y145.277 E.005
G1 X97.781 Y145.184 F30000
;WIDTH:0.280346
G1 F15000
G1 X97.804 Y145.234 E.00106
;WIDTH:0.235325
G1 X97.826 Y145.285 E.00086
;WIDTH:0.212814
G1 X97.826 Y146.691 E.01927
G1 E-.728 F1800
;WIPE_START
G1 F30000
G1 X97.826 Y145.491 E-.072
;WIPE_END
G1 X105.458 Y145.58 Z2
G1 X118.122 Y145.729 Z2
G1 Z1.6
G1 E.8 F1800
;WIDTH:0.166268
G1 F15000
G1 X118.156 Y145.322 E.00407
G1 X118.146 Y144.877 E.00443
;WIDTH:0.193618
G1 X118.116 Y144.656 E.00271
;WIDTH:0.216669
G1 X118.085 Y144.435 E.00312
G1 E-.78663 F1800
;WIPE_START
G1 F30000
G1 X118.116 Y144.656 E-.01337
;WIPE_END
G1 X121.974 Y138.071 Z2
G1 X137.71 Y111.21 Z2
G1 Z1.6
M73 P95 R0
G1 E.8 F1800
SET_VELOCITY_LIMIT ACCEL=2000
;TYPE:Outer wall
;WIDTH:0.42
G1 F7200
G1 X148.29 Y111.21 E.32178
G1 X148.29 Y111.79 E.01764
G1 X137.71 Y111.79 E.32178
G1 X137.71 Y111.25 E.01642
G1 X137.906 Y111.5 F30000
SET_VELOCITY_LIMIT ACCEL=3000
;TYPE:Gap infill
;WIDTH:0.230842
G1 F15000
G1 X148.094 Y111.5 E.15442
G1 E-.728 F1800
;WIPE_START
G1 F30000
G1 X146.894 Y111.5 E-.072
;WIPE_END
G1 X143.546 Y118.359 Z2
G1 X142.84 Y119.804 Z2
G1 Z1.6
G1 E.8 F1800
;TYPE:Inner wall
;WIDTH:0.45
G1 F12000
G1 X142.889 Y119.923 E.00423
G1 X142.898 Y129.461 E.31317
G1 X142.879 Y129.602 E.00466
G1 X142.815 Y129.741 E.00506
G1 X142.696 Y129.84 E.00506
G1 X142.602 Y129.879 E.00337
G1 X142.461 Y129.898 E.00467
G1 X135.539 Y129.898 E.22724
G1 X135.398 Y129.879 E.00467
G1 X135.259 Y129.815 E.00506
G1 X135.16 Y129.696 E.00506
G1 X135.121 Y129.602 E.00337
G1 X135.102 Y129.461 E.00467
G1 X135.102 Y120.039 E.30933
G1 X135.121 Y119.898 E.00467
G1 X135.17 Y119.779 E.00423
G1 X135.261 Y119.688 E.00423
G1 X135.35 Y119.637 E.00337
G1 X135.52 Y119.602 E.0057
G1 X142.496 Y119.605 E.22906
G1 X142.652 Y119.634 E.0052
G1 X142.778 Y119.722 E.00506
G1 X142.816 Y119.772 E.00205
SET_VELOCITY_LIMIT ACCEL=2000
G1 X143.187 Y119.616 F30000
;TYPE:Outer wall
;WIDTH:0.42
G1 F7200
G1 X143.264 Y119.802 E.00614
G1 X143.281 Y119.89 E.00272
G1 X143.29 Y129.486 E.29185
G1 X143.261 Y129.704 E.00668
G1 X143.18 Y129.901 E.00647
G1 X143.126 Y129.981 E.00293
G1 X143.063 Y130.053 E.00293
G1 X142.894 Y130.183 E.00647
G1 X142.704 Y130.261 E.00626
G1 X142.486 Y130.29 E.00668
G1 X135.514 Y130.29 E.21206
G1 X135.296 Y130.261 E.00668
G1 X135.099 Y130.18 E.00647
G1 X135.019 Y130.126 E.00293
G1 X134.947 Y130.063 E.00293
G1 X134.817 Y129.894 E.00647
G1 X134.739 Y129.704 E.00626
G1 X134.71 Y129.486 E.00668
G1 X134.71 Y120.014 E.28809
G1 X134.739 Y119.796 E.00668
G1 X134.82 Y119.599 E.00647
G1 X134.87 Y119.525 E.00272
G1 X135.02 Y119.375 E.00647
G1 X135.198 Y119.272 E.00626
G1 X135.404 Y119.217 E.00647
G1 X135.507 Y119.21 E.00314
G1 X142.524 Y119.213 E.21342
G1 X142.802 Y119.271 E.00864
G1 X142.889 Y119.313 E.00293
G1 X143.057 Y119.443 E.00647
G1 X143.165 Y119.583 E.00537
G1 E-.728 F1800
;WIPE_START
G1 F30000
G1 X143.264 Y119.802 E-.01446
G1 X143.281 Y119.89 E-.00537
G1 X143.282 Y120.76 E-.05217
;WIPE_END
G1 X141.445 Y128.168 Z2
G1 X141.113 Y129.506 Z2
G1 Z1.6
G1 E.8 F1800
SET_VELOCITY_LIMIT ACCEL=3000
;TYPE:Internal solid infill
;WIDTH:0.419999
G1 F15000
G1 X142.487 Y129.493 E.04178
G1 X142.505 Y128.114 E.04193
G1 X141.141 Y129.478 E.05864
G1 E-.728 F1800
;WIPE_START
G1 F30000
G1 X141.99 Y128.629 E-.072
;WIPE_END
G1 X142.125 Y129.051 Z2
G1 Z1.6
G1 E.8 F1800
;WIDTH:0.481528
G1 F14807.86
G1 X142.07 Y129.051 E.00194
G1 X142.043 Y129.098 E.00194
G1 X142.07 Y129.145 E.00194
G1 X142.132 Y129.133 E.00225
G1 E-.78632 F1800
;WIPE_START
G1 F30000
G1 X142.07 Y129.145 E-.00381
G1 X142.043 Y129.098 E-.00329
G1 X142.07 Y129.051 E-.00329
G1 X142.125 Y129.051 E-.00329
;WIPE_END
G1 X140.618 Y129.734 Z2
G1 Z1.6
G1 E.8 F1800
;WIDTH:0.419999
G1 F15000
G1 X142.563 Y127.789 E.08367
G1 X142.563 Y127.256 E.0162
G1 X140.254 Y129.565 E.09929
G1 X139.721 Y129.565 E.01622
G1 X142.562 Y126.723 E.1222
G1 X142.562 Y126.191 E.0162
G1 X139.188 Y129.565 E.14512
G1 X138.654 Y129.565 E.01622
G1 X142.561 Y125.658 E.16804
G1 X142.561 Y125.125 E.0162
G1 X138.121 Y129.565 E.19095
G1 X137.588 Y129.565 E.01622
G1 X142.56 Y124.592 E.21387
G1 X142.56 Y124.059 E.0162
G1 X137.055 Y129.565 E.23679
G1 X136.521 Y129.565 E.01622
G1 X142.559 Y123.527 E.2597
G1 X142.559 Y122.994 E.0162
G1 X135.988 Y129.565 E.28262
G1 X135.561 Y129.565 E.01298
G1 X135.473 Y129.547 E.00275
G1 X142.558 Y122.461 E.30476
G1 X142.558 Y121.928 E.0162
G1 X135.435 Y129.051 E.30635
G1 X135.435 Y128.518 E.01622
G1 X142.557 Y121.395 E.30633
G1 X142.557 Y120.863 E.0162
G1 X135.435 Y127.984 E.30631
G1 X135.435 Y127.451 E.01622
G1 X142.557 Y120.33 E.30629
G1 X142.549 Y119.972 E.0109
G1 X142.519 Y119.948 E.00116
G1 X142.415 Y119.938 E.00318
G1 X135.435 Y126.918 E.30022
G1 X135.435 Y126.385 E.01622
G1 X141.882 Y119.938 E.27729
G1 X141.349 Y119.937 E.01621
G1 X135.435 Y125.851 E.25436
G1 X135.435 Y125.318 E.01622
G1 X140.816 Y119.937 E.23143
G1 X140.283 Y119.937 E.01621
G1 X135.435 Y124.785 E.2085
G1 X135.435 Y124.251 E.01622
G1 X139.75 Y119.937 E.18557
G1 X139.217 Y119.937 E.01621
G1 X135.435 Y123.718 E.16265
G1 X135.435 Y123.185 E.01622
G1 X138.684 Y119.937 E.13972
G1 X138.151 Y119.936 E.01621
G1 X135.435 Y122.652 E.11679
G1 X135.435 Y122.118 E.01622
G1 X137.618 Y119.936 E.09386
G1 X137.084 Y119.936 E.01621
G1 X135.435 Y121.585 E.07093
G1 X135.435 Y121.052 E.01622
G1 X136.551 Y119.936 E.048
G1 X136.018 Y119.936 E.01621
G1 X135.266 Y120.688 E.03237
G1 E-.728 F1800
;WIPE_START
G1 F30000
G1 X136.018 Y119.936 E-.06387
G1 X136.154 Y119.936 E-.00813
;WIPE_END
G1 X142.704 Y123.854 Z2
G1 X152.598 Y129.772 Z2
G1 Z1.6
G1 E.8 F1800
;TYPE:Inner wall
;WIDTH:0.45
G1 F12000
G1 X151.802 Y129.772 E.02613
G1 X151.802 Y129.002 E.02528
G1 X152.598 Y129.002 E.02613
G1 X152.598 Y129.732 E.02397
G1 E-.728 F1800
;WIPE_START
G1 F30000
G1 X151.802 Y129.772 E-.04781
G1 X151.802 Y129.369 E-.02419
;WIPE_END
G1 X155.198 Y129.172 Z2
G1 Z1.6
G1 E.8 F1800
G1 F12000
G1 X154.402 Y129.172 E.02613
G1 X154.402 Y128.302 E.02856
G1 X155.198 Y128.302 E.02613
G1 X155.198 Y129.132 E.02725
G1 E-.728 F1800
;WIPE_START
G1 F30000
G1 X154.402 Y129.172 E-.04781
G1 X154.402 Y128.769 E-.02419
;WIPE_END
G1 X157.798 Y128.572 Z2
G1 Z1.6
G1 E.8 F1800
G1 F12000
G1 X157.002 Y128.572 E.02614
G1 F11160
G1 X157.002 Y127.602 E.03185
G1 X157.798 Y127.602 E.02614
G1 X157.798 Y128.532 E.03054
G1 E-.728 F1800
;WIPE_START
G1 F30000
G1 X157.002 Y128.572 E-.04781
G1 X157.002 Y128.169 E-.02419
;WIPE_END
G1 X156.61 Y130.71 Z2
G1 Z1.6
G1 E.8 F1800
SET_VELOCITY_LIMIT ACCEL=2000
;TYPE:Outer wall
;WIDTH:0.42
G1 F7200
G1 X156.61 Y130.167 E.01651
G1 X156.61 Y128.34 E.05557
M106 S255
G1 F3000
G1 X156.61 Y127.5 E.02555
G1 F2580
G1 X156.61 Y127.3 E.00608
SET_VELOCITY_LIMIT ACCEL=1000
;TYPE:Overhang wall
;WIDTH:0.4
G1 F3000
G1 X156.61 Y127.21 E.00259
G1 X158.19 Y127.21 E.0455
G1 X158.19 Y127.3 E.00259
SET_VELOCITY_LIMIT ACCEL=2000
;TYPE:Outer wall
;WIDTH:0.42
G1 F2580
G1 X158.19 Y127.5 E.00608
M106 S199
G1 F3000
G1 X158.19 Y128.34 E.02555
G1 F7200
G1 X158.19 Y130.167 E.05557
G1 X158.19 Y130.71 E.01651
G1 X158.733 Y130.71 E.01651
G1 X162.16 Y130.71 E.10423
G1 X162.79 Y130.71 E.01916
G1 X162.79 Y132.29 E.04805
G1 X144.21 Y132.29 E.56509
G1 X144.21 Y130.71 E.04805
G1 X144.84 Y130.71 E.01916
G1 X148.267 Y130.71 E.10423
G1 X148.81 Y130.71 E.01651
G1 F3420
G1 X148.81 Y129.31 E.04258
G1 X150.39 Y129.31 E.04805
G1 X150.39 Y130.71 E.04258
G1 F7200
G1 X151.41 Y130.71 E.03102
G1 X151.41 Y130.167 E.01651
G1 X151.41 Y129.54 E.01907
M106 S255
G1 F1980
G1 X151.41 Y128.61 E.02828
G1 X152.99 Y128.61 E.04805
M106 S199
G1 X152.99 Y129.54 E.02828
G1 F7200
G1 X152.99 Y130.167 E.01907
G1 X152.99 Y130.71 E.01651
G1 X154.01 Y130.71 E.03102
G1 X154.01 Y130.167 E.01651
G1 X154.01 Y128.94 E.03732
M106 S255
G1 F3000
G1 X154.01 Y128.1 E.02555
G1 F2100
G1 X154.01 Y127.91 E.00578
G1 X155.59 Y127.91 E.04805
G1 X155.59 Y128.1 E.00578
M106 S199
G1 F3000
G1 X155.59 Y128.94 E.02555
G1 F7200
G1 X155.59 Y130.167 E.03732
G1 X155.59 Y130.71 E.01651
G1 X156.57 Y130.71 E.02981
G1 E-.728 F1800
;WIPE_START
G1 F30000
G1 X156.584 Y129.51 E-.072
;WIPE_END
G1 X162.602 Y131.328 Z2
G1 Z1.6
G1 E.8 F1800
SET_VELOCITY_LIMIT ACCEL=1500
;TYPE:Top surface
;WIDTH:0.425626
G1 F12000
G1 X161.998 Y131.933 E.02876
G1 X161.456 Y131.933 E.01821
G1 X162.322 Y131.067 E.04116
G1 X161.78 Y131.067 E.01821
G1 X160.915 Y131.933 E.04116
G1 X160.374 Y131.933 E.01821
G1 X161.239 Y131.067 E.04116
G1 X160.698 Y131.067 E.01821
G1 X159.833 Y131.933 E.04116
G1 X159.292 Y131.933 E.01821
G1 X160.157 Y131.067 E.04116
G1 X159.615 Y131.067 E.01821
G1 X158.75 Y131.933 E.04116
G1 X158.209 Y131.933 E.01821
G1 X159.074 Y131.067 E.04116
G1 X158.533 Y131.067 E.01821
G1 X157.668 Y131.933 E.04116
G1 X157.127 Y131.933 E.01821
G1 X157.992 Y131.067 E.04116
G1 X157.833 Y131.067 E.00536
G1 X157.833 Y130.685 E.01285
G1 X156.585 Y131.933 E.05934
G1 X156.044 Y131.933 E.01821
G1 X157.833 Y130.144 E.08509
G1 X157.833 Y129.603 E.01821
G1 X156.967 Y130.468 E.04116
G1 X156.967 Y129.927 E.01821
G1 X157.833 Y129.062 E.04116
G1 X157.833 Y128.944 E.00395
G1 X157.409 Y128.944 E.01426
G1 X156.798 Y129.555 E.02906
G1 E-.728 F1800
;WIPE_START
G1 F30000
G1 X157.409 Y128.944 E-.05183
G1 X157.745 Y128.944 E-.02017
;WIPE_END
G1 X156.538 Y130.898 Z2
G1 Z1.6
G1 E.8 F1800
G1 F12000
G1 X155.503 Y131.933 E.04923
G1 X154.962 Y131.933 E.01821
M73 P96 R0
G1 X155.827 Y131.067 E.04116
G1 X155.286 Y131.067 E.01821
G1 X154.42 Y131.933 E.04116
G1 X153.879 Y131.933 E.01821
G1 X155.233 Y130.579 E.06439
G1 X155.233 Y130.038 E.01821
G1 X153.338 Y131.933 E.09014
G1 X152.797 Y131.933 E.01821
G1 X153.662 Y131.067 E.04116
G1 X153.121 Y131.067 E.01821
G1 X152.256 Y131.933 E.04116
G1 X151.714 Y131.933 E.01821
G1 X152.633 Y131.014 E.04369
G1 X152.633 Y130.473 E.01821
G1 X151.173 Y131.933 E.06944
G1 X150.632 Y131.933 E.01821
G1 X152.42 Y130.144 E.08508
G1 X151.879 Y130.144 E.01821
G1 X151.598 Y130.425 E.01337
G1 X151.125 Y130.898 F30000
G1 F12000
G1 X150.091 Y131.933 E.04923
G1 X149.549 Y131.933 E.01821
G1 X150.414 Y131.067 E.04116
G1 X150.033 Y131.067 E.01285
G1 X150.033 Y130.908 E.00536
G1 X149.008 Y131.933 E.04874
G1 X148.467 Y131.933 E.01821
G1 X150.033 Y130.367 E.07449
G1 X150.033 Y130.144 E.00749
G1 X149.966 Y130.144 E.00225
G1 X149.966 Y129.893 E.00847
G1 X149.167 Y130.691 E.03797
G1 X149.167 Y131.067 E.01267
G1 X148.791 Y131.067 E.01267
G1 X147.926 Y131.933 E.04116
G1 X147.385 Y131.933 E.01821
G1 X148.25 Y131.067 E.04116
G1 X147.708 Y131.067 E.01821
G1 X146.843 Y131.933 E.04116
G1 X146.302 Y131.933 E.01821
G1 X147.167 Y131.067 E.04116
G1 X146.626 Y131.067 E.01821
G1 X145.761 Y131.933 E.04116
G1 X145.22 Y131.933 E.01821
G1 X146.085 Y131.067 E.04116
G1 X145.543 Y131.067 E.01821
G1 X144.678 Y131.933 E.04116
G1 X144.567 Y131.933 E.00373
G1 X144.567 Y131.502 E.01448
G1 X145.172 Y130.898 E.02876
G1 E-.728 F1800
;WIPE_START
G1 F30000
G1 X144.567 Y131.502 E-.05129
G1 X144.567 Y131.847 E-.02071
;WIPE_END
G1 X148.998 Y130.319 Z2
G1 Z1.6
G1 E.8 F1800
G1 F12000
G1 X149.819 Y129.498 E.03909
G1 E-.7303 F1800
;WIPE_START
G1 F30000
G1 X148.998 Y130.319 E-.0697
;WIPE_END
G1 X154.198 Y130.532 Z2
G1 Z1.6
G1 E.8 F1800
G1 F12000
G1 X155.185 Y129.544 E.04697
G1 X154.644 Y129.544 E.01821
G1 X154.265 Y129.923 E.01803
G1 E-.728 F1800
;WIPE_START
G1 F30000
G1 X154.644 Y129.544 E-.03215
G1 X155.185 Y129.544 E-.03247
G1 X155.098 Y129.631 E-.00738
;WIPE_END
G1 X155.83 Y137.229 Z2
G1 X156.523 Y144.417 Z2
G1 Z1.6
G1 E.8 F1800
SET_VELOCITY_LIMIT ACCEL=2000
;TYPE:Outer wall
;WIDTH:0.37852
G1 F7200
G1 X156.511 Y144.472 E.00153
G1 X156.46 Y144.549 E.00251
G1 X156.359 Y144.622 E.00339
G1 X156.235 Y144.647 E.0034
G1 X156.145 Y144.634 E.00246
G1 X156.031 Y144.567 E.00359
G1 X155.969 Y144.49 E.00268
G1 X155.942 Y144.417 E.00212
G1 X156.483 Y144.417 E.01464
G1 E-.728 F1800
;WIPE_START
G1 F30000
G1 X156.511 Y144.472 E-.00376
G1 X156.46 Y144.549 E-.00555
G1 X156.359 Y144.622 E-.00751
G1 X156.235 Y144.647 E-.00754
G1 X156.145 Y144.634 E-.00545
G1 X156.031 Y144.567 E-.00795
G1 X155.969 Y144.49 E-.00593
G1 X155.942 Y144.417 E-.0047
G1 X156.335 Y144.417 E-.02361
;WIPE_END
G1 X148.703 Y144.477 Z2
G1 X136.779 Y144.571 Z2
G1 Z1.6
G1 E.8 F1800
;WIDTH:0.42
G1 F7200
G1 X136.607 Y144.589 E.00526
G1 X136.501 Y144.56 E.00333
G1 X136.36 Y144.454 E.00539
G1 X136.285 Y144.334 E.0043
G1 X136.239 Y144.16 E.00548
G1 X136.239 Y143.848 E.00947
G1 X136.284 Y143.679 E.00531
G1 X136.399 Y143.514 E.00614
G1 X136.555 Y143.428 E.0054
G1 X136.756 Y143.438 E.00613
G1 X136.89 Y143.492 E.00439
G1 X136.941 Y143.54 E.00213
G1 X137.042 Y143.725 E.00641
G1 X137.077 Y144.09 E.01113
G1 X137.025 Y144.333 E.00758
G1 X136.916 Y144.49 E.00579
G1 X136.813 Y144.551 E.00363
G1 X136.533 Y144.348 F30000
SET_VELOCITY_LIMIT ACCEL=1500
;TYPE:Top surface
;WIDTH:0.495415
G1 F12000
G1 X136.879 Y144.002 E.01948
G1 E-.77061 F1800
;WIPE_START
G1 F30000
G1 X136.533 Y144.348 E-.02939
;WIPE_END
G1 X133.944 Y139.935 Z2
G1 Z1.6
G1 E.8 F1800
SET_VELOCITY_LIMIT ACCEL=2000
;TYPE:Outer wall
;WIDTH:0.42
G1 F7200
G1 X134.333 Y139.94 E.01184
G1 X134.514 Y139.942 E.00549
G1 X134.671 Y139.974 E.00488
G1 X134.723 Y140.028 E.00229
G1 X134.737 Y140.146 E.0036
G1 X134.693 Y140.233 E.00294
G1 X134.599 Y140.266 E.00305
G1 X133.944 Y140.272 E.01993
G1 X133.944 Y139.975 E.00903
G1 E-.728 F1800
;WIPE_START
G1 F30000
G1 X134.333 Y139.94 E-.02345
G1 X134.514 Y139.942 E-.01083
G1 X134.671 Y139.974 E-.00963
G1 X134.723 Y140.028 E-.00451
G1 X134.737 Y140.146 E-.00711
G1 X134.693 Y140.233 E-.0058
G1 X134.599 Y140.266 E-.00601
G1 X134.522 Y140.267 E-.00465
;WIPE_END
G1 X127.365 Y142.92 Z2
G1 X123.606 Y144.314 Z2
G1 Z1.6
G1 E.8 F1800
;WIDTH:0.37852
G1 F7200
G1 X123.384 Y144.912 E.01727
G1 X123.166 Y144.314 E.01723
G1 X123.566 Y144.314 E.01082
G1 E-.728 F1800
;WIPE_START
G1 F30000
G1 X123.384 Y144.912 E-.03752
G1 X123.187 Y144.372 E-.03448
;WIPE_END
G1 X128.506 Y144.622 Z2
G1 Z1.6
G1 E.8 F1800
G1 F7200
G1 X128.428 Y144.571 E.00251
G1 X128.363 Y144.49 E.00282
G1 X128.335 Y144.417 E.00212
G1 X128.925 Y144.417 E.01596
G1 X128.893 Y144.498 E.00238
G1 X128.831 Y144.572 E.00259
G1 X128.725 Y144.632 E.0033
G1 X128.594 Y144.645 E.00357
G1 X128.544 Y144.632 E.00139
G1 E-.728 F1800
;WIPE_START
G1 F30000
G1 X128.428 Y144.571 E-.00786
G1 X128.363 Y144.49 E-.00625
G1 X128.335 Y144.417 E-.0047
G1 X128.925 Y144.417 E-.03537
G1 X128.893 Y144.498 E-.00527
G1 X128.831 Y144.572 E-.00575
G1 X128.733 Y144.628 E-.00681
;WIPE_END
G1 X128.585 Y140.022 Z2
G1 Z1.6
G1 E.8 F1800
G1 F7200
G1 X128.673 Y140.057 E.00257
G1 X128.702 Y140.092 E.00123
G1 X128.721 Y140.166 E.00206
G1 X128.714 Y140.252 E.00233
G1 X128.647 Y140.337 E.00294
G1 X128.581 Y140.355 E.00184
G1 X128.496 Y140.348 E.0023
G1 X128.442 Y140.321 E.00163
G1 X128.408 Y140.279 E.00147
G1 X128.39 Y140.211 E.0019
G1 X128.397 Y140.122 E.00243
G1 X128.423 Y140.068 E.00162
G1 X128.463 Y140.036 E.00139
G1 X128.545 Y140.027 E.00224
G1 E-.73583 F1800
;WIPE_START
G1 F30000
G1 X128.673 Y140.057 E-.00789
G1 X128.702 Y140.092 E-.00272
G1 X128.721 Y140.166 E-.00456
G1 X128.714 Y140.252 E-.00517
G1 X128.647 Y140.337 E-.00651
G1 X128.581 Y140.355 E-.00409
G1 X128.496 Y140.348 E-.00511
G1 X128.442 Y140.321 E-.00361
G1 X128.408 Y140.279 E-.00326
G1 X128.39 Y140.211 E-.00421
G1 X128.397 Y140.122 E-.00539
G1 X128.423 Y140.068 E-.0036
G1 X128.463 Y140.036 E-.00309
G1 X128.545 Y140.027 E-.00497
;WIPE_END
G1 X128.562 Y139.151 Z2
G1 Z1.6
G1 E.8 F1800
;WIDTH:0.42
G1 F7200
G1 X128.464 Y139.131 E.00304
G1 X128.38 Y139.025 E.0041
G1 X128.357 Y138.929 E.003
G1 X128.368 Y138.787 E.00433
G1 X128.394 Y138.718 E.00225
G1 X128.456 Y138.65 E.0028
G1 X128.521 Y138.621 E.00217
G1 X128.632 Y138.626 E.00336
G1 X128.69 Y138.658 E.00202
G1 X128.739 Y138.728 E.0026
G1 X128.767 Y138.855 E.00396
G1 X128.758 Y138.985 E.00398
G1 X128.7 Y139.095 E.00376
G1 X128.643 Y139.135 E.00213
G1 X128.601 Y139.143 E.0013
G1 E-.728 F1800
;WIPE_START
G1 F30000
G1 X128.464 Y139.131 E-.00828
G1 X128.38 Y139.025 E-.00809
G1 X128.357 Y138.929 E-.00592
G1 X128.368 Y138.787 E-.00854
G1 X128.394 Y138.718 E-.00443
G1 X128.456 Y138.65 E-.00553
G1 X128.521 Y138.621 E-.00429
G1 X128.632 Y138.626 E-.00662
G1 X128.69 Y138.658 E-.00398
G1 X128.739 Y138.728 E-.00512
G1 X128.767 Y138.855 E-.00781
G1 X128.763 Y138.911 E-.00339
;WIPE_END
G1 X128.421 Y135.959 Z2
G1 Z1.6
G1 E.8 F1800
G1 F7200
G1 X128.539 Y135.94 E.00363
G1 X128.627 Y136 E.00323
G1 X128.656 Y136.049 E.00175
G1 X128.68 Y136.144 E.00295
G1 X128.679 Y136.343 E.00605
G1 X128.652 Y136.451 E.0034
G1 X128.587 Y136.549 E.00358
G1 X128.501 Y136.601 E.00305
G1 X128.432 Y136.598 E.00211
G1 X128.374 Y136.557 E.00214
G1 X128.336 Y136.476 E.00274
G1 X128.316 Y136.225 E.00764
G1 X128.346 Y136.066 E.00494
G1 X128.398 Y135.992 E.00275
G1 E-.728 F1800
;WIPE_START
G1 F30000
G1 X128.539 Y135.94 E-.00901
G1 X128.627 Y136 E-.00637
G1 X128.656 Y136.049 E-.00344
G1 X128.68 Y136.144 E-.00583
G1 X128.679 Y136.343 E-.01194
G1 X128.652 Y136.451 E-.00672
G1 X128.587 Y136.549 E-.00705
G1 X128.501 Y136.601 E-.00602
G1 X128.432 Y136.598 E-.00416
G1 X128.374 Y136.557 E-.00423
G1 X128.336 Y136.476 E-.0054
G1 X128.333 Y136.445 E-.00182
;WIPE_END
G1 X125.993 Y134.932 Z2
G1 Z1.6
G1 E.8 F1800
G1 F7200
G1 X126.025 Y134.955 E.00119
G1 X126.094 Y135.127 E.00564
G1 X126.131 Y135.53 E.01231
G1 X126.122 Y136.196 E.02024
G1 X126.088 Y136.435 E.00735
G1 X126.028 Y136.574 E.00461
G1 X125.993 Y136.598 E.0013
G1 X125.944 Y136.594 E.0015
G1 X125.9 Y136.551 E.00185
G1 X125.842 Y136.351 E.00636
G1 X125.811 Y135.889 E.01406
G1 X125.823 Y135.339 E.01676
G1 X125.858 Y135.096 E.00747
G1 X125.908 Y134.97 E.00412
G1 X125.946 Y134.936 E.00156
G1 X125.953 Y134.935 E.00023
G1 E-.728 F1800
;WIPE_START
G1 F30000
G1 X126.025 Y134.955 E-.00447
G1 X126.094 Y135.127 E-.01113
G1 X126.131 Y135.53 E-.02429
G1 X126.124 Y136.065 E-.0321
;WIPE_END
G1 X124.488 Y140.26 Z2
G1 Z1.6
G1 E.8 F1800
G1 F7200
G1 X124.428 Y140.055 E.00651
G1 X124.398 Y139.594 E.01406
G1 X124.41 Y139.043 E.01676
G1 X124.444 Y138.8 E.00747
G1 X124.494 Y138.674 E.00412
G1 X124.532 Y138.64 E.00156
G1 X124.58 Y138.636 E.00145
G1 X124.612 Y138.659 E.00119
G1 X124.68 Y138.832 E.00564
G1 X124.718 Y139.235 E.01231
G1 X124.708 Y139.898 E.02017
G1 X124.663 Y140.178 E.00863
G1 X124.607 Y140.287 E.00373
G1 X124.575 Y140.304 E.0011
G1 X124.52 Y140.294 E.00171
G1 X124.515 Y140.29 E.0002
G1 E-.728 F1800
;WIPE_START
G1 F30000
G1 X124.428 Y140.055 E-.01502
G1 X124.398 Y139.594 E-.02773
G1 X124.408 Y139.106 E-.02925
;WIPE_END
G1 X121.981 Y139.974 Z2
G1 Z1.6
G1 E.8 F1800
G1 F7200
G1 X122.032 Y140.028 E.00229
G1 X122.046 Y140.146 E.0036
G1 X122.003 Y140.233 E.00294
G1 X121.909 Y140.266 E.00305
G1 X121.254 Y140.272 E.01993
G1 X121.254 Y139.935 E.01025
G1 X121.643 Y139.94 E.01184
G1 X121.823 Y139.942 E.00549
G1 X121.941 Y139.966 E.00367
G1 E-.728 F1800
;WIPE_START
G1 F30000
G1 X122.032 Y140.028 E-.00662
G1 X122.046 Y140.146 E-.00711
G1 X122.003 Y140.233 E-.0058
G1 X121.909 Y140.266 E-.00601
G1 X121.254 Y140.272 E-.03933
G1 X121.254 Y140.153 E-.00713
;WIPE_END
G1 X121.846 Y135.593 Z2
G1 Z1.6
G1 E.8 F1800
G1 F7200
G1 X121.777 Y135.594 E.00208
G1 X121.715 Y135.565 E.00208
G1 X121.647 Y135.458 E.00385
G1 X121.63 Y135.356 E.00314
G1 X121.668 Y135.073 E.00868
G1 X121.726 Y134.986 E.0032
G1 X121.812 Y134.935 E.00305
G1 X121.882 Y134.938 E.00212
G1 X121.941 Y134.979 E.00217
G1 X121.979 Y135.058 E.0027
G1 X121.999 Y135.307 E.00758
G1 X121.969 Y135.468 E.00498
G1 X121.897 Y135.569 E.00378
G1 X121.882 Y135.576 E.00051
G1 E-.728 F1800
;WIPE_START
G1 F30000
G1 X121.777 Y135.594 E-.00636
G1 X121.715 Y135.565 E-.0041
G1 X121.647 Y135.458 E-.0076
G1 X121.63 Y135.356 E-.00619
G1 X121.668 Y135.073 E-.01712
G1 X121.726 Y134.986 E-.00631
G1 X121.812 Y134.935 E-.00601
G1 X121.882 Y134.938 E-.00417
G1 X121.941 Y134.979 E-.00429
G1 X121.979 Y135.058 E-.00532
G1 X121.985 Y135.134 E-.00452
;WIPE_END
G1 X116.464 Y135.096 Z2
G1 Z1.6
G1 E.8 F1800
G1 F7200
G1 X116.514 Y134.97 E.00412
G1 X116.552 Y134.936 E.00156
G1 X116.599 Y134.932 E.00145
G1 X116.631 Y134.955 E.00119
G1 X116.7 Y135.127 E.00564
G1 X116.737 Y135.53 E.01231
G1 X116.728 Y136.196 E.02024
G1 X116.694 Y136.435 E.00735
G1 X116.634 Y136.574 E.00461
G1 X116.599 Y136.598 E.0013
G1 X116.55 Y136.594 E.0015
G1 X116.506 Y136.551 E.00185
G1 X116.448 Y136.351 E.00636
G1 X116.417 Y135.889 E.01406
G1 X116.429 Y135.339 E.01676
G1 X116.458 Y135.135 E.00625
G1 E-.728 F1800
;WIPE_START
G1 F30000
G1 X116.514 Y134.97 E-.01047
G1 X116.552 Y134.936 E-.00307
G1 X116.599 Y134.932 E-.00285
G1 X116.631 Y134.955 E-.00235
G1 X116.7 Y135.127 E-.01113
G1 X116.737 Y135.53 E-.02429
G1 X116.733 Y135.828 E-.01783
;WIPE_END
G1 X117.218 Y138.674 Z2
G1 Z1.6
G1 E.8 F1800
G1 F7200
G1 X117.256 Y138.64 E.00156
G1 X117.303 Y138.636 E.00145
G1 X117.335 Y138.659 E.00119
G1 X117.404 Y138.832 E.00564
G1 X117.441 Y139.235 E.01231
G1 X117.432 Y139.898 E.02017
G1 X117.386 Y140.178 E.00863
G1 X117.331 Y140.287 E.00373
G1 X117.299 Y140.304 E.0011
G1 X117.244 Y140.294 E.00171
G1 X117.211 Y140.26 E.00142
G1 X117.152 Y140.055 E.00651
G1 X117.121 Y139.594 E.01406
G1 X117.133 Y139.043 E.01676
G1 X117.168 Y138.8 E.00747
G1 X117.203 Y138.711 E.0029
G1 E-.728 F1800
;WIPE_START
G1 F30000
G1 X117.256 Y138.64 E-.00532
G1 X117.303 Y138.636 E-.00285
G1 X117.335 Y138.659 E-.00235
G1 X117.404 Y138.832 E-.01113
G1 X117.441 Y139.235 E-.02429
G1 X117.435 Y139.669 E-.02605
;WIPE_END
G1 X114.635 Y138.674 Z2
G1 Z1.6
G1 E.8 F1800
G1 F7200
G1 X114.674 Y138.64 E.00156
G1 X114.721 Y138.636 E.00145
G1 X114.753 Y138.659 E.00119
G1 X114.821 Y138.832 E.00564
G1 X114.859 Y139.235 E.01232
G1 X114.85 Y139.9 E.02024
G1 X114.816 Y140.139 E.00735
G1 X114.756 Y140.279 E.00461
G1 X114.72 Y140.302 E.0013
G1 X114.671 Y140.298 E.0015
G1 X114.628 Y140.256 E.00185
G1 X114.569 Y140.055 E.00636
G1 X114.539 Y139.594 E.01406
G1 X114.551 Y139.043 E.01676
G1 X114.586 Y138.8 E.00747
G1 X114.621 Y138.711 E.0029
G1 E-.728 F1800
;WIPE_START
G1 F30000
G1 X114.674 Y138.64 E-.00532
G1 X114.721 Y138.636 E-.00285
G1 X114.753 Y138.659 E-.00235
G1 X114.821 Y138.832 E-.01113
G1 X114.859 Y139.235 E-.0243
G1 X114.853 Y139.669 E-.02605
;WIPE_END
G1 X115.877 Y144.883 Z2
G1 Z1.6
G1 E.8 F1800
G1 F7200
G1 X116.23 Y144.89 E.01075
G1 X116.394 Y144.893 E.00499
G1 X116.601 Y144.947 E.00648
G1 X116.706 Y145.051 E.0045
G1 X116.735 Y145.201 E.00464
G1 X116.68 Y145.356 E.00501
G1 X116.624 Y145.408 E.00234
G1 X116.499 Y145.458 E.00409
G1 X115.877 Y145.475 E.01891
G1 X115.877 Y144.923 E.01678
G1 E-.728 F1800
;WIPE_START
G1 F30000
G1 X116.23 Y144.89 E-.02129
G1 X116.394 Y144.893 E-.00984
G1 X116.601 Y144.947 E-.01279
G1 X116.706 Y145.051 E-.00888
G1 X116.735 Y145.201 E-.00915
G1 X116.68 Y145.356 E-.00988
G1 X116.678 Y145.358 E-.00017
;WIPE_END
G1 X111.099 Y143.423 Z2
G1 Z1.6
G1 E.8 F1800
G1 F7200
G1 X111.211 Y143.45 E.0035
G1 X111.314 Y143.52 E.00381
G1 X111.364 Y143.576 E.00227
G1 X111.45 Y143.785 E.00688
G1 X111.462 Y144.161 E.01142
G1 X111.394 Y144.38 E.00698
G1 X111.276 Y144.516 E.00549
G1 X111.133 Y144.582 E.00479
G1 X110.964 Y144.582 E.00512
G1 X110.815 Y144.514 E.005
G1 X110.726 Y144.422 E.00389
G1 X110.658 Y144.282 E.00473
G1 X110.624 Y144.087 E.00602
G1 X110.644 Y143.782 E.00929
G1 X110.698 Y143.632 E.00483
G1 X110.828 Y143.483 E.00604
G1 X111.005 Y143.418 E.00572
G1 X111.059 Y143.421 E.00165
G1 E-.728 F1800
;WIPE_START
G1 F30000
G1 X111.211 Y143.45 E-.00927
G1 X111.314 Y143.52 E-.00752
G1 X111.364 Y143.576 E-.00449
G1 X111.45 Y143.785 E-.01357
G1 X111.462 Y144.161 E-.02254
G1 X111.394 Y144.38 E-.01376
G1 X111.385 Y144.391 E-.00086
;WIPE_END
G1 X110.895 Y144.339 Z2
G1 Z1.6
G1 E.8 F1800
SET_VELOCITY_LIMIT ACCEL=1500
;TYPE:Top surface
;WIDTH:0.495415
G1 F12000
G1 X111.267 Y143.967 E.02096
G1 E-.76839 F1800
;WIPE_START
G1 F30000
G1 X110.895 Y144.339 E-.03161
;WIPE_END
G1 X107.865 Y143.463 Z2
G1 Z1.6
G1 E.8 F1800
SET_VELOCITY_LIMIT ACCEL=2000
;TYPE:Outer wall
;WIDTH:0.42
G1 F7200
G1 X107.962 Y143.545 E.00386
G1 X108.06 Y143.725 E.00625
G1 X108.096 Y144.09 E.01113
G1 X108.043 Y144.333 E.00758
G1 X107.934 Y144.49 E.00579
G1 X107.798 Y144.571 E.00484
G1 X107.626 Y144.589 E.00526
G1 X107.52 Y144.56 E.00333
G1 X107.378 Y144.454 E.00539
G1 X107.303 Y144.334 E.0043
G1 X107.258 Y144.16 E.00548
G1 X107.258 Y143.848 E.00947
G1 X107.302 Y143.679 E.00531
G1 X107.418 Y143.514 E.00614
G1 X107.573 Y143.428 E.0054
G1 X107.775 Y143.438 E.00613
G1 X107.827 Y143.453 E.00164
G1 E-.728 F1800
;WIPE_START
G1 F30000
G1 X107.962 Y143.545 E-.00984
G1 X108.06 Y143.725 E-.01233
G1 X108.096 Y144.09 E-.02195
G1 X108.043 Y144.333 E-.01496
G1 X107.934 Y144.49 E-.01143
G1 X107.913 Y144.502 E-.0015
;WIPE_END
G1 X107.551 Y144.348 Z2
G1 Z1.6
G1 E.8 F1800
SET_VELOCITY_LIMIT ACCEL=1500
;TYPE:Top surface
;WIDTH:0.495415
G1 F12000
G1 X107.898 Y144.002 E.01948
G1 E-.77061 F1800
;WIPE_START
G1 F30000
G1 X107.551 Y144.348 E-.02939
;WIPE_END
G1 X104.193 Y143.477 Z2
G1 Z1.6
G1 E.8 F1800
SET_VELOCITY_LIMIT ACCEL=2000
;TYPE:Outer wall
;WIDTH:0.42
G1 F7200
G1 X104.352 Y143.503 E.00491
G1 X104.518 Y143.634 E.00642
G1 X104.593 Y143.821 E.00613
G1 X104.605 Y144.205 E.0117
G1 X104.542 Y144.432 E.00717
G1 X104.435 Y144.563 E.00515
G1 X104.353 Y144.607 E.0028
G1 X104.194 Y144.623 E.00488
G1 X104.108 Y144.599 E.00272
G1 X103.991 Y144.507 E.00453
G1 X103.928 Y144.396 E.00387
G1 X103.888 Y144.219 E.00552
G1 X103.888 Y143.887 E.01009
G1 X103.93 Y143.696 E.00597
G1 X103.966 Y143.62 E.00254
G1 X104.038 Y143.542 E.00323
G1 X104.156 Y143.493 E.00389
G1 E-.728 F1800
;WIPE_START
G1 F30000
G1 X104.352 Y143.503 E-.01181
G1 X104.518 Y143.634 E-.01266
G1 X104.593 Y143.821 E-.01209
G1 X104.605 Y144.205 E-.02307
G1 X104.55 Y144.404 E-.01237
;WIPE_END
G1 X101.335 Y144.417 Z2
G1 Z1.6
G1 E.8 F1800
;WIDTH:0.37852
G1 F7200
G1 X101.324 Y144.472 E.00153
G1 X101.272 Y144.549 E.00251
G1 X101.171 Y144.622 E.00339
G1 X101.047 Y144.647 E.0034
G1 X100.958 Y144.634 E.00246
G1 X100.843 Y144.567 E.00359
G1 X100.781 Y144.49 E.00268
G1 X100.754 Y144.417 E.00212
G1 X101.295 Y144.417 E.01464
G1 E-.728 F1800
;WIPE_START
G1 F30000
G1 X101.324 Y144.472 E-.00376
G1 X101.272 Y144.549 E-.00555
G1 X101.171 Y144.622 E-.00751
G1 X101.047 Y144.647 E-.00754
G1 X100.958 Y144.634 E-.00545
G1 X100.843 Y144.567 E-.00795
G1 X100.781 Y144.49 E-.00593
G1 X100.754 Y144.417 E-.0047
G1 X101.147 Y144.417 E-.02361
;WIPE_END
G1 X100.5 Y138.8 Z2
G1 Z1.6
G1 E.8 F1800
;WIDTH:0.42
G1 F7200
G1 X100.55 Y138.674 E.00412
G1 X100.588 Y138.64 E.00156
G1 X100.635 Y138.636 E.00145
G1 X100.667 Y138.659 E.00119
G1 X100.735 Y138.832 E.00564
G1 X100.773 Y139.235 E.01231
G1 X100.764 Y139.9 E.02024
G1 X100.73 Y140.139 E.00735
G1 X100.67 Y140.279 E.00461
G1 X100.635 Y140.302 E.0013
G1 X100.586 Y140.298 E.0015
G1 X100.542 Y140.256 E.00185
G1 X100.484 Y140.055 E.00636
G1 X100.453 Y139.594 E.01406
G1 X100.465 Y139.043 E.01676
G1 X100.494 Y138.839 E.00625
G1 E-.728 F1800
;WIPE_START
G1 F30000
G1 X100.55 Y138.674 E-.01047
G1 X100.588 Y138.64 E-.00307
G1 X100.635 Y138.636 E-.00285
G1 X100.667 Y138.659 E-.00235
G1 X100.735 Y138.832 E-.01113
G1 X100.773 Y139.235 E-.02429
G1 X100.769 Y139.532 E-.01783
;WIPE_END
G1 X98.449 Y135.043 Z2
G1 Z1.6
G1 E.8 F1800
G1 F7200
G1 X98.62 Y134.978 E.00558
G1 X98.824 Y134.969 E.00619
G1 X98.935 Y134.991 E.00345
G1 X99.1 Y135.075 E.00564
G1 X99.186 Y135.154 E.00354
G1 X99.261 Y135.262 E.00401
G1 X99.317 Y135.402 E.00459
G1 X99.354 Y135.577 E.00545
G1 X99.363 Y135.904 E.00995
G1 X99.289 Y136.268 E.01129
G1 X99.23 Y136.379 E.00382
G1 X99.158 Y136.461 E.00331
G1 X98.947 Y136.58 E.00738
G1 X98.675 Y136.604 E.0083
G1 X98.502 Y136.562 E.00541
G1 X98.304 Y136.419 E.00744
G1 X98.203 Y136.253 E.00591
G1 X98.142 Y136.006 E.00772
G1 X98.142 Y135.576 E.01307
G1 X98.207 Y135.326 E.00786
G1 X98.271 Y135.208 E.0041
G1 X98.357 Y135.111 E.00393
G1 X98.416 Y135.067 E.00226
G1 E-.728 F1800
;WIPE_START
G1 F30000
G1 X98.62 Y134.978 E-.01333
G1 X98.824 Y134.969 E-.0122
G1 X98.935 Y134.991 E-.00681
G1 X99.1 Y135.075 E-.01112
G1 X99.186 Y135.154 E-.00699
G1 X99.261 Y135.262 E-.00791
G1 X99.317 Y135.402 E-.00906
G1 X99.333 Y135.477 E-.00459
;WIPE_END
G1 X99.163 Y135.944 Z2
G1 Z1.6
G1 E.8 F1800
SET_VELOCITY_LIMIT ACCEL=1500
;TYPE:Top surface
;WIDTH:0.438474
G1 F12000
G1 X98.927 Y136.179 E.01157
G1 X98.838 Y136.23 E.00357
G1 X98.656 Y136.231 E.00635
G1 X98.573 Y136.171 E.00355
G1 X98.538 Y136.113 E.00235
G1 X98.517 Y136.03 E.00297
G1 X98.985 Y135.563 E.023
G1 X98.914 Y135.39 E.00648
G1 X98.817 Y135.333 E.00393
G1 X98.693 Y135.334 E.00429
G1 X98.631 Y135.357 E.00232
G1 X98.331 Y135.657 E.01476
G1 E-.728 F1800
;WIPE_START
G1 F30000
G1 X98.631 Y135.357 E-.02547
G1 X98.693 Y135.334 E-.004
M73 P97 R0
G1 X98.817 Y135.333 E-.0074
G1 X98.914 Y135.39 E-.00678
G1 X98.985 Y135.563 E-.01118
G1 X98.782 Y135.765 E-.01717
;WIPE_END
G1 X106.116 Y136.435 Z2
G1 Z1.6
G1 E.8 F1800
SET_VELOCITY_LIMIT ACCEL=2000
;TYPE:Outer wall
;WIDTH:0.42
G1 F7200
G1 X106.056 Y136.574 E.00461
G1 X106.02 Y136.598 E.0013
G1 X105.971 Y136.594 E.0015
G1 X105.928 Y136.551 E.00185
G1 X105.869 Y136.351 E.00636
G1 X105.839 Y135.889 E.01406
G1 X105.851 Y135.339 E.01676
G1 X105.885 Y135.096 E.00747
G1 X105.935 Y134.97 E.00412
G1 X105.973 Y134.936 E.00156
G1 X106.021 Y134.932 E.00145
G1 X106.053 Y134.955 E.00119
G1 X106.121 Y135.127 E.00564
G1 X106.159 Y135.53 E.01231
G1 X106.15 Y136.196 E.02024
G1 X106.121 Y136.395 E.00613
M106 S214
;LAYER_CHANGE
;Z:1.8
;HEIGHT:0.2
;BEFORE_LAYER_CHANGE
;1.8
G92 E0

G1 E-.728 F1800
;WIPE_START
G1 F30000
G1 X106.056 Y136.574 E-.01142
G1 X106.02 Y136.598 E-.00257
G1 X105.971 Y136.594 E-.00295
G1 X105.928 Y136.551 E-.00364
G1 X105.869 Y136.351 E-.01255
G1 X105.839 Y135.889 E-.02773
G1 X105.843 Y135.704 E-.01113
;WIPE_END
M73 L9
;LAYER:9
SET_PRINT_STATS_INFO TOTAL_LAYER=9 CURRENT_LAYER=9
;_SET_FAN_SPEED_CHANGING_LAYER

G1 X106.898 Y135.746 Z1.85714
G1 X107.523 Y136.598 Z1.91429
G1 X107.246 Y137.617 Z1.97143
G1 X106.277 Y138.037 Z2.02857
G1 X105.345 Y137.541 Z2.08571
G1 X105.152 Y136.502 Z2.14286
G1 X105.843 Y135.704 Z2.2
G1 X143.145 Y119.557 Z2.2
G1 Z1.8
G1 E.8 F1800
G1 F7200
G1 X143.183 Y119.606 E.00186
G1 X143.264 Y119.802 E.00647
G1 X143.281 Y119.89 E.00272
G1 X143.29 Y129.486 E.29185
G1 X143.261 Y129.704 E.00668
G1 X143.183 Y129.894 E.00626
G1 X143.057 Y130.057 E.00626
G1 X142.894 Y130.183 E.00626
G1 X142.704 Y130.261 E.00626
G1 X142.486 Y130.29 E.00668
G1 X135.514 Y130.29 E.21206
G1 X135.296 Y130.261 E.00668
G1 X135.106 Y130.183 E.00626
G1 X134.943 Y130.057 E.00626
G1 X134.817 Y129.894 E.00626
G1 X134.739 Y129.704 E.00626
G1 X134.71 Y129.486 E.00668
G1 X134.71 Y120.014 E.28809
G1 X134.739 Y119.796 E.00668
G1 X134.817 Y119.606 E.00626
G1 X134.943 Y119.443 E.00626
G1 X135.106 Y119.317 E.00626
G1 X135.296 Y119.239 E.00626
G1 X135.514 Y119.21 E.00668
G1 X142.499 Y119.211 E.21244
G1 X142.711 Y119.239 E.0065
G1 X142.801 Y119.27 E.0029
G1 X142.898 Y119.32 E.00331
G1 X143.057 Y119.442 E.00611
G1 X143.121 Y119.526 E.0032
G1 E-.728 F1800
;WIPE_START
G1 F30000
G1 X143.183 Y119.606 E-.00606
G1 X143.264 Y119.802 E-.01276
G1 X143.281 Y119.89 E-.00537
G1 X143.282 Y120.687 E-.0478
;WIPE_END
G1 X143.093 Y120.526 Z2.2
G1 Z1.8
G1 E.8 F1800
SET_VELOCITY_LIMIT ACCEL=1500
;TYPE:Top surface
;WIDTH:0.422373
G1 F12000
G1 X142.137 Y119.569 E.04514
G1 X141.6 Y119.569 E.0179
G1 X142.924 Y120.893 E.06247
G1 X142.925 Y121.43 E.01792
G1 X141.063 Y119.569 E.08781
G1 X140.527 Y119.569 E.0179
G1 X142.925 Y121.967 E.11315
G1 X142.926 Y122.504 E.01792
G1 X139.99 Y119.569 E.13849
G1 X139.453 Y119.569 E.0179
G1 X142.926 Y123.041 E.16383
G1 X142.927 Y123.579 E.01792
G1 X138.917 Y119.569 E.18918
G1 X138.38 Y119.569 E.0179
G1 X142.927 Y124.116 E.21452
G1 X142.927 Y124.653 E.01792
G1 X137.843 Y119.569 E.23986
G1 X137.307 Y119.568 E.0179
G1 X142.928 Y125.19 E.2652
G1 X142.928 Y125.727 E.01792
G1 X136.77 Y119.568 E.29055
G1 X136.233 Y119.568 E.0179
G1 X142.929 Y126.264 E.31589
G1 X142.929 Y126.801 E.01792
G1 X135.696 Y119.568 E.34123
G1 X135.39 Y119.588 E.01026
G1 X135.25 Y119.658 E.00522
G1 X142.93 Y127.338 E.36232
G1 X142.93 Y127.875 E.01792
G1 X135.071 Y120.016 E.37078
G1 X135.068 Y120.55 E.01781
G1 X142.931 Y128.412 E.37094
G1 X142.931 Y128.95 E.01792
G1 X135.068 Y121.087 E.37096
G1 X135.068 Y121.623 E.0179
G1 X142.929 Y129.484 E.37085
G1 X142.912 Y129.61 E.00426
G1 X142.87 Y129.713 E.00372
G1 X142.75 Y129.842 E.00585
G1 X135.068 Y122.16 E.36241
G1 X135.068 Y122.696 E.0179
G1 X142.304 Y129.932 E.34135
G1 X141.767 Y129.932 E.0179
G1 X135.068 Y123.233 E.31603
G1 X135.068 Y123.77 E.0179
G1 X141.23 Y129.932 E.29071
G1 X140.694 Y129.932 E.0179
G1 X135.068 Y124.306 E.2654
G1 X135.068 Y124.843 E.0179
G1 X140.157 Y129.932 E.24008
G1 X139.62 Y129.932 E.0179
G1 X135.068 Y125.38 E.21476
G1 X135.068 Y125.916 E.0179
G1 X139.084 Y129.932 E.18945
G1 X138.547 Y129.932 E.0179
G1 X135.068 Y126.453 E.16413
G1 X135.068 Y126.989 E.0179
G1 X138.011 Y129.932 E.13881
G1 X137.474 Y129.932 E.0179
G1 X135.068 Y127.526 E.1135
G1 X135.068 Y128.063 E.0179
G1 X136.937 Y129.932 E.08818
G1 X136.401 Y129.932 E.0179
G1 X135.068 Y128.599 E.06286
G1 X135.068 Y129.136 E.0179
G1 X136.034 Y130.101 E.04555
G1 E-.728 F1800
;WIPE_START
G1 F30000
G1 X135.185 Y129.253 E-.072
;WIPE_END
G1 X139.759 Y123.143 Z2.2
G1 X142.687 Y119.231 Z2.2
G1 Z1.8
G1 E.8 F1800
SET_VELOCITY_LIMIT ACCEL=3000
;TYPE:Ironing
;WIDTH:0.404024
;HEIGHT:0.01875
G1 F1500
G1 X143.16 Y119.705 E.00203
G1 X143.2 Y119.813 E.00035
G1 X143.223 Y119.98 E.00051
G1 X142.52 Y119.277 E.00301
G1 X142.307 Y119.276 E.00064
G1 X143.225 Y120.194 E.00393
G1 X143.225 Y120.406 E.00064
G1 X142.095 Y119.276 E.00483
G1 X141.883 Y119.276 E.00064
G1 X143.225 Y120.618 E.00574
G1 X143.225 Y120.83 E.00064
G1 X141.671 Y119.276 E.00665
G1 X141.459 Y119.276 E.00064
G1 X143.225 Y121.042 E.00756
G1 X143.225 Y121.254 E.00064
G1 X141.246 Y119.276 E.00846
G1 X141.034 Y119.276 E.00064
G1 X143.225 Y121.466 E.00937
G1 X143.225 Y121.679 E.00064
G1 X140.822 Y119.276 E.01028
G1 X140.61 Y119.276 E.00064
G1 X143.225 Y121.891 E.01119
G1 X143.225 Y122.103 E.00064
G1 X140.398 Y119.276 E.01209
G1 X140.186 Y119.276 E.00064
G1 X143.225 Y122.315 E.013
G1 X143.225 Y122.527 E.00064
G1 X139.973 Y119.276 E.01391
G1 X139.761 Y119.276 E.00064
G1 X143.225 Y122.739 E.01482
G1 X143.225 Y122.951 E.00064
G1 X139.549 Y119.275 E.01572
G1 X139.337 Y119.275 E.00064
G1 X143.225 Y123.164 E.01663
G1 X143.225 Y123.376 E.00064
G1 X139.125 Y119.275 E.01754
G1 X138.913 Y119.275 E.00064
G1 X143.225 Y123.588 E.01845
G1 X143.225 Y123.8 E.00064
G1 X138.7 Y119.275 E.01935
G1 X138.488 Y119.275 E.00064
G1 X143.225 Y124.012 E.02026
G1 X143.225 Y124.224 E.00064
G1 X138.276 Y119.275 E.02117
G1 X138.064 Y119.275 E.00064
G1 X143.225 Y124.436 E.02208
G1 X143.225 Y124.648 E.00064
G1 X137.852 Y119.275 E.02298
G1 X137.64 Y119.275 E.00064
G1 X143.225 Y124.861 E.02389
G1 X143.225 Y125.073 E.00064
G1 X137.428 Y119.275 E.0248
G1 X137.215 Y119.275 E.00064
G1 X143.225 Y125.285 E.02571
G1 X143.225 Y125.497 E.00064
G1 X137.003 Y119.275 E.02661
G1 X136.791 Y119.275 E.00064
M73 P98 R0
G1 X143.225 Y125.709 E.02752
G1 X143.225 Y125.921 E.00064
G1 X136.579 Y119.275 E.02843
G1 X136.367 Y119.275 E.00064
G1 X143.225 Y126.133 E.02934
G1 X143.225 Y126.345 E.00064
G1 X136.155 Y119.275 E.03024
G1 X135.942 Y119.275 E.00064
G1 X143.225 Y126.558 E.03115
G1 X143.225 Y126.77 E.00064
G1 X135.73 Y119.275 E.03206
G1 X135.518 Y119.275 E.00064
G1 X143.225 Y126.982 E.03297
G1 X143.225 Y127.194 E.00064
G1 X135.328 Y119.297 E.03378
G1 X135.174 Y119.355 E.0005
G1 X143.225 Y127.406 E.03444
G1 X143.225 Y127.618 E.00064
G1 X135.045 Y119.438 E.03499
G1 X134.939 Y119.544 E.00045
G1 X143.225 Y127.83 E.03544
G1 X143.225 Y128.043 E.00064
G1 X134.855 Y119.673 E.0358
G1 X134.797 Y119.827 E.0005
G1 X143.225 Y128.255 E.03605
G1 X143.225 Y128.467 E.00064
G1 X134.775 Y120.017 E.03614
G1 X134.775 Y120.229 E.00064
G1 X143.225 Y128.679 E.03614
G1 X143.225 Y128.891 E.00064
G1 X134.775 Y120.441 E.03614
G1 X134.775 Y120.653 E.00064
G1 X143.225 Y129.103 E.03614
G1 X143.225 Y129.315 E.00064
G1 X134.775 Y120.865 E.03614
G1 X134.775 Y121.077 E.00064
G1 X143.223 Y129.525 E.03613
G1 X143.193 Y129.708 E.00056
G1 X134.775 Y121.29 E.03601
G1 X134.775 Y121.502 E.00064
G1 X143.13 Y129.857 E.03574
G1 X143.075 Y129.941 E.0003
G1 X143.041 Y129.98 E.00016
G1 X134.775 Y121.714 E.03536
G1 X134.775 Y121.926 E.00064
G1 X142.931 Y130.082 E.03489
G1 X142.797 Y130.16 E.00047
G1 X134.775 Y122.138 E.03431
G1 X134.775 Y122.35 E.00064
G1 X142.635 Y130.21 E.03362
G1 X142.438 Y130.225 E.0006
G1 X134.775 Y122.562 E.03278
G1 X134.775 Y122.775 E.00064
M73 P99 R0
G1 X142.225 Y130.225 E.03187
G1 X142.013 Y130.225 E.00064
G1 X134.775 Y122.987 E.03096
G1 X134.775 Y123.199 E.00064
G1 X141.801 Y130.225 E.03005
G1 X141.589 Y130.225 E.00064
G1 X134.775 Y123.411 E.02915
G1 X134.775 Y123.623 E.00064
G1 X141.377 Y130.225 E.02824
G1 X141.165 Y130.225 E.00064
G1 X134.775 Y123.835 E.02733
G1 X134.775 Y124.047 E.00064
G1 X140.953 Y130.225 E.02642
G1 X140.741 Y130.225 E.00064
G1 X134.775 Y124.259 E.02552
G1 X134.775 Y124.472 E.00064
G1 X140.528 Y130.225 E.02461
G1 X140.316 Y130.225 E.00064
G1 X134.775 Y124.684 E.0237
G1 X134.775 Y124.896 E.00064
G1 X140.104 Y130.225 E.02279
G1 X139.892 Y130.225 E.00064
G1 X134.775 Y125.108 E.02189
G1 X134.775 Y125.32 E.00064
G1 X139.68 Y130.225 E.02098
G1 X139.468 Y130.225 E.00064
G1 X134.775 Y125.532 E.02007
G1 X134.775 Y125.744 E.00064
G1 X139.256 Y130.225 E.01917
G1 X139.043 Y130.225 E.00064
G1 X134.775 Y125.957 E.01826
G1 X134.775 Y126.169 E.00064
G1 X138.831 Y130.225 E.01735
G1 X138.619 Y130.225 E.00064
G1 X134.775 Y126.381 E.01644
G1 X134.775 Y126.593 E.00064
G1 X138.407 Y130.225 E.01554
G1 X138.195 Y130.225 E.00064
G1 X134.775 Y126.805 E.01463
G1 X134.775 Y127.017 E.00064
G1 X137.983 Y130.225 E.01372
G1 X137.771 Y130.225 E.00064
G1 X134.775 Y127.229 E.01281
G1 X134.775 Y127.441 E.00064
G1 X137.559 Y130.225 E.01191
G1 X137.346 Y130.225 E.00064
G1 X134.775 Y127.654 E.011
G1 X134.775 Y127.866 E.00064
G1 X137.134 Y130.225 E.01009
G1 X136.922 Y130.225 E.00064
G1 X134.775 Y128.078 E.00918
G1 X134.775 Y128.29 E.00064
G1 X136.71 Y130.225 E.00828
G1 X136.498 Y130.225 E.00064
G1 X134.775 Y128.502 E.00737
G1 X134.775 Y128.714 E.00064
G1 X136.286 Y130.225 E.00646
G1 X136.074 Y130.225 E.00064
G1 X134.775 Y128.926 E.00555
G1 X134.775 Y129.138 E.00064
G1 X135.862 Y130.225 E.00465
G1 X135.649 Y130.225 E.00064
G1 X134.775 Y129.351 E.00374
G1 X134.78 Y129.568 E.00066
G1 X135.432 Y130.22 E.00279
G1 X135.223 Y130.169 E.00065
G1 X135.107 Y130.107 E.0004
G1 X134.75 Y129.75 E.00152
G1 E-.728 F1800
;WIPE_START
G1 F30000
G1 X135.107 Y130.107 E-.03024
G1 X135.223 Y130.169 E-.00792
G1 X135.432 Y130.22 E-.01293
G1 X135.186 Y129.974 E-.02091
;WIPE_END
M106 S0
M106 P2 S0
;TYPE:Custom
; filament end gcode 
;===== CC2_END_GCODE ================
;===== date: 2026-01-16-001 =====================


M140 S0 ;Turn-off bed
M83
G92 E0 ; zero the extruder
G1 E-1.5 F1800
G2 I0 J1 Z2.3 F3000 ; lower z a little
M106 S0
M106 P2 S0
G90
G1 Z80 F20000 ; Move print head up 
G180 S9
M104 S0
M84
M73 P100 R0
; EXECUTABLE_BLOCK_END

; filament used [mm] = 1681.81
; filament used [cm3] = 4.05
; filament used [g] = 5.06
; filament cost = 0.10
; total filament used [g] = 5.06
; total filament cost = 0.10
; total layers count = 9
; estimated printing time (normal mode) = 20m 33s
; estimated first layer printing time (normal mode) = 1m 50s

; CONFIG_BLOCK_START
; accel_to_decel_enable = 0
; accel_to_decel_factor = 50%
; activate_air_filtration = 0
; activate_air_filtration_during_print = 1
; activate_air_filtration_on_completion = 1
; activate_chamber_temp_control = 0
; adaptive_bed_mesh_margin = 0
; adaptive_pressure_advance = 0
; adaptive_pressure_advance_bridges = 0
; adaptive_pressure_advance_model = "0,0,0\n0,0,0"
; adaptive_pressure_advance_overhangs = 0
; additional_cooling_fan_speed = 0
; additional_fan_full_speed_layer = 0
; align_infill_direction_to_model = 0
; alternate_extra_wall = 0
; auxiliary_fan = 1
; bbl_calib_mark_logo = 1
; bed_custom_model = 
; bed_custom_texture = 
; bed_exclude_area = 246x0,256x0,256x20,246x20
; bed_mesh_max = 243,245
; bed_mesh_min = 10,10
; bed_mesh_probe_distance = 22,22
; bed_temperature_formula = by_highest_temp
; bed_texture_area = 0x-10,256x-10,256x256,0x256
; before_layer_change_gcode = ;BEFORE_LAYER_CHANGE\n;[layer_z]\nG92 E0\n
; best_object_pos = 0.5,0.5
; bottom_shell_layers = 3
; bottom_shell_thickness = 0.6
; bottom_solid_infill_flow_ratio = 1
; bottom_surface_density = 100%
; bottom_surface_filament_id = 0
; bottom_surface_pattern = monotonic
; bridge_acceleration = 50%
; bridge_angle = 0
; bridge_density = 100%
; bridge_flow = 1
; bridge_line_width = 100%
; bridge_no_support = 0
; bridge_speed = 50
; brim_ears_detection_length = 1
; brim_ears_max_angle = 125
; brim_flow_ratio = 1
; brim_object_gap = 0.1
; brim_type = no_brim
; brim_use_efc_outline = 0
; brim_width = 5
; calib_flowrate_topinfill_special_order = 0
; chamber_minimal_temperature = 0
; chamber_temperature = 0
; change_extrusion_role_gcode = 
; change_filament_gcode = \n;==========CC2_CHANGE_FILAMENT_GCODE==========\n;===== date: 2026-01-16-001 =====================\nM106 S0\nM106 P2 S0\nG1 Z{min(max_layer_z+3, printable_height+0.5)} F1200\nM6211 T[next_extruder] L[flush_length] M{old_filament_e_feedrate} N{new_filament_e_feedrate} Q[old_filament_temp] R[nozzle_temperature_range_high] S[new_filament_temp]\nT[next_extruder]\n
; close_additional_fan_first_x_layers = 1
; close_fan_the_first_x_layers = 1
; combine_brims = 0
; compatible_printers_condition = 
; complete_print_exhaust_fan_speed = 70
; cool_plate_temp = 35
; cool_plate_temp_initial_layer = 35
; cooling_tube_length = 5
; cooling_tube_retraction = 90
; counterbore_hole_bridging = none
; curr_bed_type = Textured PEI Plate
; default_acceleration = 3000
; default_bed_type = 4
; default_filament_colour = ""
; default_filament_profile = "Elegoo PLA @ECC2"
; default_jerk = 0
; default_junction_deviation = 0
; default_print_profile = 0.20mm Standard @Elegoo CC2 0.4 nozzle
; deretraction_speed = 30
; detect_narrow_internal_solid_infill = 1
; detect_overhang_wall = 1
; detect_thin_wall = 0
; different_settings_to_system = ;;
; disable_m73 = 0
; dont_filter_internal_bridges = disabled
; dont_slow_down_outer_wall = 0
; draft_shield = disabled
; during_print_exhaust_fan_speed = 70
; elefant_foot_compensation = 0.1
; elefant_foot_compensation_layers = 1
; elefant_foot_layers_density = 100%
; emit_machine_limits_to_gcode = 1
; enable_arc_fitting = 0
; enable_extra_bridge_layer = disabled
; enable_filament_ramming = 0
; enable_long_retraction_when_cut = 0
; enable_overhang_bridge_fan = 1
; enable_overhang_speed = 1
; enable_power_loss_recovery = printer_configuration
; enable_pressure_advance = 1
; enable_prime_tower = 0
; enable_support = 0
; enable_tower_interface_cooldown_during_tower = 0
; enable_tower_interface_features = 0
; enable_wrapping_detection = 0
; enforce_support_layers = 0
; eng_plate_temp = 0
; eng_plate_temp_initial_layer = 0
; ensure_vertical_shell_thickness = ensure_all
; exclude_object = 0
; extra_loading_move = -2
; extra_perimeters_on_overhangs = 0
; extra_solid_infills = 
; extruder_ams_count = 
; extruder_clearance_height_to_lid = 90
; extruder_clearance_height_to_rod = 36
; extruder_clearance_radius = 65
; extruder_colour = #F2754E
; extruder_offset = 0x1.5
; extruder_printable_area = 
; extruder_printable_height = 0
; extruder_type = Direct Drive
; extrusion_rate_smoothing_external_perimeter_only = 0
; fan_cooling_layer_time = 80
; fan_kickstart = 0
; fan_max_speed = 100
; fan_min_speed = 50
; fan_speedup_overhangs = 1
; fan_speedup_time = 0.5
; filament_adaptive_volumetric_speed = 0
; filament_adhesiveness_category = 0
; filament_change_extrusion_role_gcode = ""
; filament_change_length = 10
; filament_colour = #F2754E
; filament_cooling_before_tower = 10
; filament_cooling_final_speed = 3.4
; filament_cooling_initial_speed = 2.2
; filament_cooling_moves = 4
; filament_cost = 20
; filament_density = 1.25
; filament_diameter = 1.75
; filament_end_gcode = "; filament end gcode \n"
; filament_extruder_variant = "Direct Drive Standard"
; filament_flow_ratio = 1
; filament_flush_temp = 0
; filament_flush_volumetric_speed = 0
; filament_ids = EPLAB00
; filament_is_support = 0
; filament_loading_speed = 28
; filament_loading_speed_start = 3
; filament_map = 1
; filament_map_mode = Auto For Flush
; filament_max_volumetric_speed = 21
; filament_minimal_purge_on_wipe_tower = 15
; filament_multitool_ramming = 0
; filament_multitool_ramming_flow = 10
; filament_multitool_ramming_volume = 10
; filament_notes = ""
; filament_printable = 3
; filament_ramming_parameters = "120 100 6.6 6.8 7.2 7.6 7.9 8.2 8.7 9.4 9.9 10.0| 0.05 6.6 0.45 6.8 0.95 7.8 1.45 8.3 1.95 9.7 2.45 10 2.95 7.6 3.45 7.6 3.95 7.6 4.45 7.6 4.95 7.6"
; filament_retraction_length = 0.8
; filament_self_index = 1
; filament_settings_id = "Elegoo PLA @ECC2"
; filament_shrink = 100%
; filament_shrinkage_compensation_z = 100%
; filament_soluble = 0
; filament_stamping_distance = 0
; filament_stamping_loading_speed = 0
; filament_start_gcode = "; filament start gcode\n{if  (bed_temperature[current_extruder] >55)||(bed_temperature_initial_layer[current_extruder] >55)}M106 P3 S200\n{elsif(bed_temperature[current_extruder] >50)||(bed_temperature_initial_layer[current_extruder] >50)}M106 P3 S150\n{elsif(bed_temperature[current_extruder] >45)||(bed_temperature_initial_layer[current_extruder] >45)}M106 P3 S50\n{endif}\n\n{if activate_air_filtration[current_extruder] && support_air_filtration}\nM106 P3 S{during_print_exhaust_fan_speed_num[current_extruder]} \n{endif}"
; filament_toolchange_delay = 0
; filament_tower_interface_pre_extrusion_dist = 10
; filament_tower_interface_pre_extrusion_length = 0
; filament_tower_interface_print_temp = -1
; filament_tower_interface_purge_volume = 20
; filament_tower_ironing_area = 4
; filament_type = PLA
; filament_unloading_speed = 90
; filament_unloading_speed_start = 100
; filament_vendor = Elegoo
; file_start_gcode = 
; filename_format = ECC2_{nozzle_diameter[0]}_{input_filename_base}_{filament_name}_{layer_height}_{print_time}.gcode
; fill_multiline = 1
; filter_out_gap_fill = 1
; first_layer_flow_ratio = 1
; first_layer_print_sequence = 0
; first_x_layer_fan_speed = 0
; flush_into_infill = 0
; flush_into_objects = 0
; flush_into_support = 1
; flush_multiplier = 1
; flush_volumes_matrix = 0,280,280,280,280,0,280,280,280,280,0,280,280,280,280,0
; flush_volumes_vector = 140,140,140,140,140,140,140,140
; full_fan_speed_layer = 0
; fuzzy_skin = disabled_fuzzy
; fuzzy_skin_first_layer = 0
; fuzzy_skin_layers_between_ripple_offset = 1
; fuzzy_skin_mode = displacement
; fuzzy_skin_noise_type = classic
; fuzzy_skin_octaves = 4
; fuzzy_skin_persistence = 0.5
; fuzzy_skin_point_distance = 0.3
; fuzzy_skin_ripple_offset = 50%
; fuzzy_skin_ripples_per_layer = 15
; fuzzy_skin_scale = 1
; fuzzy_skin_thickness = 0.2
; gap_fill_flow_ratio = 1
; gap_fill_target = everywhere
; gap_infill_speed = 250
; gcode_add_line_number = 0
; gcode_comments = 0
; gcode_flavor = klipper
; gcode_label_objects = 0
; grab_length = 0
; gyroid_optimized = 0
; has_scarf_joint_seam = 0
; head_wrap_detect_zone = 
; high_current_on_filament_swap = 0
; hole_to_polyhole = 0
; hole_to_polyhole_threshold = 0.01
; hole_to_polyhole_twisted = 1
; host_type = elegoolink
; hot_plate_temp = 60
; hot_plate_temp_initial_layer = 60
; idle_temperature = 0
; independent_support_layer_height = 0
; infill_anchor = 400%
; infill_anchor_max = 40
; infill_combination = 0
; infill_combination_max_layer_height = 100%
; infill_direction = 45
; infill_jerk = 9
; infill_lock_depth = 1
; infill_overhang_angle = 60
; infill_shift_step = 0.4
; infill_wall_overlap = 15%
; inherits_group = ;;
; initial_layer_acceleration = 500
; initial_layer_infill_speed = 105
; initial_layer_jerk = 9
; initial_layer_line_width = 0.5
; initial_layer_min_bead_width = 85%
; initial_layer_print_height = 0.2
; initial_layer_speed = 50
; initial_layer_travel_acceleration = 100%
; initial_layer_travel_jerk = 100%
; initial_layer_travel_speed = 100%
; inner_wall_acceleration = 3000
; inner_wall_filament_id = 0
; inner_wall_flow_ratio = 1
; inner_wall_jerk = 9
; inner_wall_line_width = 0.45
; inner_wall_speed = 200
; input_shaping_damp_x = 0.1
; input_shaping_damp_y = 0.1
; input_shaping_emit = 0
; input_shaping_freq_x = 0
; input_shaping_freq_y = 0
; input_shaping_type = Default
; interface_shells = 0
; interlocking_beam = 0
; interlocking_beam_layer_count = 2
; interlocking_beam_width = 0.8
; interlocking_boundary_avoidance = 2
; interlocking_depth = 2
; interlocking_orientation = 22.5
; internal_bridge_angle = 0
; internal_bridge_density = 100%
; internal_bridge_fan_speed = -1
; internal_bridge_flow = 0.95
; internal_bridge_speed = 150%
; internal_solid_filament_id = 0
; internal_solid_infill_acceleration = 100%
; internal_solid_infill_flow_ratio = 1
; internal_solid_infill_line_width = 0.42
; internal_solid_infill_pattern = monotonic
; internal_solid_infill_speed = 250
; ironing_angle = 0
; ironing_angle_fixed = 0
; ironing_fan_speed = -1
; ironing_flow = 25%
; ironing_inset = 0
; ironing_pattern = rectilinear
; ironing_spacing = 0.15
; ironing_speed = 25
; ironing_type = topmost
; is_infill_first = 0
; lateral_lattice_angle_1 = -45
; lateral_lattice_angle_2 = 45
; layer_change_gcode = M73 L{layer_num+1}\n;LAYER:{layer_num+1}\nSET_PRINT_STATS_INFO TOTAL_LAYER=[total_layer_count] CURRENT_LAYER={layer_num+1}
; layer_height = 0.2
; lightning_overhang_angle = 45
; lightning_prune_angle = 45
; lightning_straightening_angle = 45
; line_width = 0.42
; long_retractions_when_cut = 0
; long_retractions_when_ec = 0
; machine_end_gcode = ;===== CC2_END_GCODE ================\n;===== date: 2026-01-16-001 =====================\n\n\nM140 S0 ;Turn-off bed\nM83\nG92 E0 ; zero the extruder\nG1 E-1.5 F1800\nG2 I0 J1 Z{max_layer_z+0.5} F3000 ; lower z a little\nM106 S0\nM106 P2 S0\nG90\n{if max_layer_z > 75}G1 Z{min(max_layer_z+5, printable_height+0.5)} F20000{else}G1 Z80 F20000 {endif}; Move print head up \nG180 S9\nM104 S0\nM84\n
; machine_load_filament_time = 51
; machine_max_acceleration_e = 5000,5000
; machine_max_acceleration_extruding = 20000,20000
; machine_max_acceleration_retracting = 5000,5000
; machine_max_acceleration_travel = 20000,20000
; machine_max_acceleration_x = 20000,20000
; machine_max_acceleration_y = 20000,20000
; machine_max_acceleration_z = 500,500
; machine_max_jerk_e = 1,1
; machine_max_jerk_x = 9,9
; machine_max_jerk_y = 9,9
; machine_max_jerk_z = 3,3
; machine_max_junction_deviation = 0.01
; machine_max_speed_e = 30,30
; machine_max_speed_x = 500,200
; machine_max_speed_y = 500,200
; machine_max_speed_z = 20,20
; machine_min_extruding_rate = 0,0
; machine_min_travel_rate = 0,0
; machine_pause_gcode = M600
; machine_start_gcode = ;===== CC2_START_GCODE ================\n;===== date: 2026-01-16-001 =====================\n\nG90\nM104 S140\nM140 S[bed_temperature_initial_layer_single]\nM190 S[bed_temperature_initial_layer_single] A\nM106 S0\nBED_MESH_CALIBRATE mesh_min={adaptive_bed_mesh_min[0]},{adaptive_bed_mesh_min[1]} mesh_max={adaptive_bed_mesh_max[0]},{adaptive_bed_mesh_max[1]} ALGORITHM=[bed_mesh_algo] PROBE_COUNT={bed_mesh_probe_count[0]},{bed_mesh_probe_count[1]} ADAPTIVE=0 ADAPTIVE_MARGIN=0 FROM_SLICER=1\nM204 S{min(20000,max(1000,outer_wall_acceleration))} ;Call exterior wall print acceleration\nG28\nM109 S[nozzle_temperature_initial_layer]\nM6211 A1 L200 T[initial_no_support_extruder] Q[nozzle_temperature_initial_layer] R[nozzle_temperature_initial_layer] S[nozzle_temperature_initial_layer]\nT[initial_no_support_extruder]\n\n{if first_layer_print_min[1] > 0.5}\nG180 S7\nG1 X{print_bed_max[0]*0.5-1} Y-1.2 F20000\nG1 Z0.5 F900\nM109 S[nozzle_temperature_initial_layer]\nM83\nG92 E0 ;Reset Extruder\nG1 E6 F{min(1200, max(120, filament_max_volumetric_speed[initial_no_support_extruder]*60/2/2.5043))} \nM106 S200\nG1 X{print_bed_max[0]*0.5-41} E20 F{min(12000, max(1200, filament_max_volumetric_speed[initial_no_support_extruder]*60/2/2.5043))} \nG1 F6000\nG1 X{print_bed_max[0]*0.5-46} E0.8\n{else}\nG1 E30 F{min(1200, max(120, filament_max_volumetric_speed[initial_no_support_extruder]*60/2/2.5043))}\n{endif}\nM106 S0\nG180 S8\nG1 F20000\nG92 E0 ;Reset Extruder\nSET_PRINT_STATS_INFO TOTAL_LAYER=[total_layer_count] CURRENT_LAYER=0\n;LAYER_COUNT:[total_layer_count]\n;LAYER:0
; machine_tool_change_time = 0
; machine_unload_filament_time = 0
; make_overhang_printable = 0
; make_overhang_printable_angle = 55
; make_overhang_printable_hole_size = 0
; manual_filament_change = 0
; master_extruder_id = 1
; max_bridge_length = 10
; max_layer_height = 0.28
; max_resonance_avoidance_speed = 120
; max_travel_detour_distance = 0
; max_volumetric_extrusion_rate_slope = 0
; max_volumetric_extrusion_rate_slope_segment_length = 3
; min_bead_width = 85%
; min_feature_size = 25%
; min_layer_height = 0.08
; min_length_factor = 0.5
; min_resonance_avoidance_speed = 70
; min_skirt_length = 0
; min_width_top_surface = 50%
; minimum_sparse_infill_area = 15
; mmu_segmented_region_interlocking_depth = 0
; mmu_segmented_region_max_width = 0
; notes = 
; nozzle_diameter = 0.4
; nozzle_flush_dataset = 0
; nozzle_height = 2.5
; nozzle_hrc = 0
; nozzle_temperature = 210
; nozzle_temperature_initial_layer = 210
; nozzle_temperature_range_high = 240
; nozzle_temperature_range_low = 190
; nozzle_type = hardened_steel
; nozzle_volume = 107
; nozzle_volume_type = Standard
; only_one_wall_first_layer = 0
; only_one_wall_top = 1
; ooze_prevention = 0
; other_layers_print_sequence = 0
; other_layers_print_sequence_nums = 0
; outer_wall_acceleration = 2000
; outer_wall_filament_id = 0
; outer_wall_flow_ratio = 1
; outer_wall_jerk = 9
; outer_wall_line_width = 0.42
; outer_wall_speed = 120
; overhang_1_4_speed = 0
; overhang_2_4_speed = 50
; overhang_3_4_speed = 30
; overhang_4_4_speed = 10
; overhang_fan_speed = 100
; overhang_fan_threshold = 50%
; overhang_flow_ratio = 1
; overhang_reverse = 0
; overhang_reverse_internal_only = 0
; overhang_reverse_threshold = 50%
; parallel_printheads_bed_exclude_areas = 
; parallel_printheads_count = 1
; parking_pos_retraction = 90
; part_cooling_fan_min_pwm = 0
; physical_extruder_map = 0
; post_process = 
; precise_outer_wall = 0
; precise_z_height = 0
; preferred_orientation = 0
; preheat_steps = 1
; preheat_time = 30
; pressure_advance = 0.04
; prime_tower_brim_width = 3
; prime_tower_enable_framework = 0
; prime_tower_flat_ironing = 0
; prime_tower_infill_gap = 150%
; prime_tower_skip_points = 1
; prime_tower_width = 35
; prime_volume = 45
; print_compatible_printers = "Elegoo Centauri Carbon 2 0.4 nozzle"
; print_extruder_id = 1
; print_extruder_variant = "Direct Drive Standard"
; print_flow_ratio = 0.97
; print_order = default
; print_sequence = by layer
; print_settings_id = CC2 PLA Quality (antiwobble)
; printable_area = 0x0,256x0,256x256,0x256
; printable_height = 256
; printer_extruder_id = 1
; printer_extruder_variant = "Direct Drive Standard"
; printer_model = Elegoo Centauri Carbon 2
; printer_notes = 
; printer_settings_id = Elegoo Centauri Carbon 2 0.4 nozzle
; printer_structure = corexy
; printer_technology = FFF
; printer_variant = 0.4
; printing_by_object_gcode = 
; process_change_extrusion_role_gcode = 
; purge_in_prime_tower = 0
; raft_contact_distance = 0.1
; raft_expansion = 1.5
; raft_first_layer_density = 90%
; raft_first_layer_expansion = 2
; raft_layers = 0
; reduce_crossing_wall = 0
; reduce_fan_stop_start_freq = 1
; reduce_infill_retraction = 0
; relative_bridge_angle = 0
; required_nozzle_HRC = 3
; resolution = 0.012
; resonance_avoidance = 0
; retract_before_wipe = 0%
; retract_length_toolchange = 2
; retract_lift_above = 0
; retract_lift_below = 255
; retract_lift_enforce = All Surfaces
; retract_restart_extra = 0
; retract_restart_extra_toolchange = 0.5
; retract_when_changing_layer = 1
; retraction_distances_when_cut = 18
; retraction_distances_when_ec = 10
; retraction_length = 0.8
; retraction_minimum_travel = 0.8
; retraction_speed = 30
; role_based_wipe_speed = 0
; scan_first_layer = 1
; scarf_angle_threshold = 155
; scarf_joint_flow_ratio = 1
; scarf_joint_speed = 100%
; scarf_overhang_threshold = 40%
; seam_gap = 10%
; seam_position = aligned
; seam_slope_conditional = 1
; seam_slope_entire_loop = 0
; seam_slope_inner_walls = 1
; seam_slope_min_length = 0
; seam_slope_start_height = 0
; seam_slope_steps = 10
; seam_slope_type = none
; set_other_flow_ratios = 0
; silent_mode = 0
; single_extruder_multi_material = 1
; single_extruder_multi_material_priming = 0
; single_loop_draft_shield = 0
; skeleton_infill_density = 25%
; skeleton_infill_line_width = 100%
; skin_infill_density = 25%
; skin_infill_depth = 2
; skin_infill_line_width = 100%
; skirt_distance = 2
; skirt_height = 4
; skirt_loops = 0
; skirt_speed = 50
; skirt_start_angle = -135
; skirt_type = combined
; slice_closing_radius = 0.049
; slicing_mode = regular
; slow_down_for_layer_cooling = 1
; slow_down_layer_time = 4
; slow_down_layers = 0
; slow_down_min_speed = 20
; slowdown_for_curled_perimeters = 0
; small_area_infill_flow_compensation = 0
; small_area_infill_flow_compensation_model = 0,0;"\n0.2,0.4444";"\n0.4,0.6145";"\n0.6,0.7059";"\n0.8,0.7619";"\n1.5,0.8571";"\n2,0.8889";"\n3,0.9231";"\n5,0.9520";"\n10,1"
; small_perimeter_speed = 50%
; small_perimeter_threshold = 0
; solid_infill_direction = 45
; solid_infill_rotate_template = 
; sparse_infill_acceleration = 100%
; sparse_infill_density = 15%
; sparse_infill_filament_id = 0
; sparse_infill_flow_ratio = 1
; sparse_infill_line_width = 0.45
; sparse_infill_pattern = cubic
; sparse_infill_rotate_template = 
; sparse_infill_speed = 200
; spiral_finishing_flow_ratio = 0
; spiral_mode = 0
; spiral_mode_max_xy_smoothing = 200%
; spiral_mode_smooth = 0
; spiral_starting_flow_ratio = 0
; staggered_inner_seams = 0
; standby_temperature_delta = -5
; start_end_points = 30x-3,54x245
; supertack_plate_temp = 35
; supertack_plate_temp_initial_layer = 35
; support_air_filtration = 0
; support_angle = 0
; support_base_pattern = rectilinear
; support_base_pattern_spacing = 1
; support_bottom_interface_spacing = 0.5
; support_bottom_z_distance = 0.2
; support_chamber_temp_control = 0
; support_critical_regions_only = 0
; support_expansion = 0
; support_filament = 0
; support_flow_ratio = 1
; support_interface_bottom_layers = 2
; support_interface_filament = 0
; support_interface_flow_ratio = 1
; support_interface_loop_pattern = 0
; support_interface_not_for_body = 1
; support_interface_pattern = auto
; support_interface_spacing = 0.5
; support_interface_speed = 80
; support_interface_top_layers = 2
; support_ironing = 0
; support_ironing_flow = 10%
; support_ironing_pattern = rectilinear
; support_ironing_spacing = 0.1
; support_line_width = 0.42
; support_material_interface_fan_speed = -1
; support_mms = 1
; support_multi_bed_types = 1
; support_object_first_layer_gap = 0.2
; support_object_skip_flush = 0
; support_object_xy_distance = 0.35
; support_on_build_plate_only = 0
; support_parallel_printheads = 0
; support_remove_small_overhang = 1
; support_speed = 150
; support_style = default
; support_threshold_angle = 30
; support_threshold_overlap = 50%
; support_top_z_distance = 0.2
; support_type = tree(auto)
; support_wan_network = 1
; symmetric_infill_y_axis = 0
; temperature_vitrification = 45
; template_custom_gcode = 
; textured_cool_plate_temp = 40
; textured_cool_plate_temp_initial_layer = 40
; textured_plate_temp = 60
; textured_plate_temp_initial_layer = 60
; thick_bridges = 0
; thick_internal_bridges = 1
; thumbnails = 144x144/PNG
; thumbnails_format = PNG
; time_cost = 0
; time_lapse_gcode = 
; timelapse_type = 0
; tool_change_on_wipe_tower = 0
; top_bottom_infill_wall_overlap = 5%
; top_shell_layers = 5
; top_shell_thickness = 0.9
; top_solid_infill_flow_ratio = 1.09
; top_surface_acceleration = 1500
; top_surface_density = 100%
; top_surface_filament_id = 0
; top_surface_jerk = 9
; top_surface_line_width = 0.42
; top_surface_pattern = monotonic
; top_surface_speed = 200
; travel_acceleration = 0
; travel_jerk = 12
; travel_slope = 3
; travel_speed = 500
; travel_speed_z = 0
; tree_support_angle_slow = 30
; tree_support_auto_brim = 1
; tree_support_branch_angle = 45
; tree_support_branch_angle_organic = 45
; tree_support_branch_diameter = 2
; tree_support_branch_diameter_angle = 5
; tree_support_branch_diameter_organic = 2
; tree_support_branch_distance = 5
; tree_support_branch_distance_organic = 2
; tree_support_brim_width = 3
; tree_support_tip_diameter = 0.8
; tree_support_top_rate = 30%
; tree_support_wall_count = 0
; upward_compatible_machine = 
; use_3mf = 0
; use_firmware_retraction = 0
; use_relative_e_distances = 1
; volumetric_speed_coefficients = ""
; wall_direction = ccw
; wall_distribution_count = 1
; wall_generator = classic
; wall_loops = 2
; wall_maximum_deviation = 0.025
; wall_maximum_resolution = 0.5
; wall_sequence = inner wall/outer wall
; wall_transition_angle = 10
; wall_transition_filter_deviation = 25%
; wall_transition_length = 100%
; wipe = 1
; wipe_before_external_loop = 0
; wipe_distance = 1.2
; wipe_on_loops = 0
; wipe_speed = 100%
; wipe_tower_bridging = 10
; wipe_tower_cone_angle = 30
; wipe_tower_extra_flow = 100%
; wipe_tower_extra_rib_length = 0
; wipe_tower_extra_spacing = 100%
; wipe_tower_filament = 0
; wipe_tower_fillet_wall = 1
; wipe_tower_max_purge_speed = 90
; wipe_tower_no_sparse_layers = 0
; wipe_tower_rib_width = 8
; wipe_tower_rotation_angle = 0
; wipe_tower_type = type2
; wipe_tower_wall_type = rib
; wipe_tower_x = 15.000
; wipe_tower_x = 15
; wipe_tower_y = 220.000
; wipe_tower_y = 220
; wiping_volumes_extruders = 70,70,70,70,70,70,70,70,70,70
; wrapping_detection_gcode = 
; wrapping_detection_layers = 20
; wrapping_exclude_area = 
; xy_contour_compensation = 0
; xy_hole_compensation = 0
; z_hop = 0.4
; z_hop_types = Auto Lift
; z_offset = 0
; zaa_dont_alternate_fill_direction = 0
; zaa_enabled = 0
; zaa_min_z = 0.05
; zaa_minimize_perimeter_height = 35
; first_layer_bed_temperature = 60
; bed_shape = 0x0,256x0,256x256,0x256
; first_layer_temperature = 210
; first_layer_height = 0.200
; CONFIG_BLOCK_END


