; HEADER_BLOCK_START
; generated by ElegooSlicer 1.5.3.5 on 2026-09-27 at 20:35:26
; total layer number: 35
; filament_density: 1.25
; filament_diameter: 1.75
; max_z_height: 7.00
; HEADER_BLOCK_END

; filament: 1
; HEADER_BLOCK_END

; external perimeters extrusion width = 0.42mm
; perimeters extrusion width = 0.45mm
; infill extrusion width = 0.45mm
; solid infill extrusion width = 0.42mm
; top infill extrusion width = 0.42mm
; first layer extrusion width = 0.50mm

; EXECUTABLE_BLOCK_START
M73 P0 R27
M106 S0
M106 P2 S0
;TYPE:Custom
;===== CC2_START_GCODE ================
;===== date: 2026-01-16-001 =====================

G90
M104 S140
M140 S60
M190 S60 A
M106 S0
BED_MESH_CALIBRATE mesh_min=78,87.5 mesh_max=178,168.5 ALGORITHM=bicubic PROBE_COUNT=6,5 ADAPTIVE=0 ADAPTIVE_MARGIN=0 FROM_SLICER=1
M204 S2000 ;Call exterior wall print acceleration
G28
M109 S210
M6211 A1 L200 T0 Q210 R210 S210
T0


G180 S7
G1 X127 Y-1.2 F20000
G1 Z0.5 F900
M73 P6 R25
M109 S210
M83
G92 E0 ;Reset Extruder
G1 E6 F251.567 
M106 S200
G1 X87 E20 F1200 
G1 F6000
G1 X82 E0.8

M106 S0
G180 S8
G1 F20000
G92 E0 ;Reset Extruder
SET_PRINT_STATS_INFO TOTAL_LAYER=35 CURRENT_LAYER=0
;LAYER_COUNT:35
;LAYER:0
G90
G21
M83 ; use relative distances for extrusion
; filament start gcode
M106 P3 S200


SET_PRESSURE_ADVANCE ADVANCE=0.04; Override pressure advance value
M106 P2 S0
;LAYER_CHANGE
;Z:0.2
;HEIGHT:0.2
;BEFORE_LAYER_CHANGE
;0.2
G92 E0

G1 E-.8 F1800
M73 L1
;LAYER:1
SET_PRINT_STATS_INFO TOTAL_LAYER=35 CURRENT_LAYER=1
;_SET_FAN_SPEED_CHANGING_LAYER
SET_VELOCITY_LIMIT ACCEL=500
G1 X101.266 Y159.807 F30000
G1 Z.6
G1 Z.2
G1 E.8 F1800
;TYPE:Inner wall
;WIDTH:0.5
G1 F3000
G1 X102.532 Y162 E.09148
G1 X101.266 Y164.193 E.09148
G1 X98.734 Y164.193 E.09148
G1 X97.468 Y162 E.09148
G1 X98.734 Y159.807 E.09148
G1 X101.226 Y159.807 E.09004
G1 X101.53 Y159.35 F30000
;TYPE:Outer wall
G1 F3000
G1 X101.698 Y159.64 E.01211
G1 X103.06 Y162 E.09844
G1 X101.53 Y164.65 E.11055
G1 X98.47 Y164.65 E.11055
G1 X96.94 Y162 E.11055
G1 X98.47 Y159.35 E.11055
G1 X101.49 Y159.35 E.10911
G1 E-.728 F1800
;WIPE_START
G1 F30000
G1 X101.698 Y159.64 E-.02141
G1 X102.119 Y160.37 E-.05059
;WIPE_END
G1 X102.203 Y162.113 Z.6
G1 Z.2
G1 E.8 F1800
;TYPE:Bottom surface
;WIDTH:0.535471
G1 F6300
G1 X100.331 Y160.241 E.10307
G1 X99.634 Y160.241 E.02712
G1 X101.797 Y162.404 E.11909
G1 X101.542 Y162.846 E.01985
G1 X98.967 Y160.271 E.14177
G1 X98.713 Y160.713 E.01985
G1 X101.287 Y163.288 E.14177
G1 X101.032 Y163.729 E.01985
G1 X98.458 Y161.154 E.14177
G1 X98.203 Y161.596 E.01985
G1 X100.365 Y163.759 E.11909
G1 X99.669 Y163.759 E.02712
G1 X97.797 Y161.887 E.10306
G1 E-.728 F1800
;WIPE_START
G1 F30000
G1 X98.646 Y162.735 E-.072
;WIPE_END
G1 X99.163 Y163.964 Z.6
M73 P7 R25
G1 Z.2
G1 E.8 F1800
;TYPE:Gap infill
;WIDTH:0.460285
G1 F6300
G1 X99.027 Y163.787 E.00737
;WIDTH:0.411949
G1 X98.891 Y163.61 E.00652
;WIDTH:0.363614
G1 X98.755 Y163.433 E.00566
;WIDTH:0.315279
G1 X98.619 Y163.256 E.00481
;WIDTH:0.266944
G1 X98.483 Y163.078 E.00396
;WIDTH:0.218609
G1 X98.347 Y162.901 E.0031
;WIDTH:0.170273
G1 X98.211 Y162.724 E.00225
;WIDTH:0.146106
G1 X98.075 Y162.547 E.00182
G1 E-.7866 F1800
;WIPE_START
G1 F30000
G1 X98.211 Y162.724 E-.0134
;WIPE_END
G1 X101.925 Y161.454 Z.6
G1 Z.2
G1 E.8 F1800
;WIDTH:0.121944
G1 F6300
G1 X101.789 Y161.276 E.0014
;WIDTH:0.17029
G1 X101.653 Y161.099 E.00225
;WIDTH:0.218636
G1 X101.517 Y160.922 E.0031
;WIDTH:0.266983
G1 X101.381 Y160.745 E.00396
;WIDTH:0.315329
G1 X101.245 Y160.567 E.00481
;WIDTH:0.363675
G1 X101.109 Y160.39 E.00566
;WIDTH:0.412022
G1 X100.973 Y160.213 E.00652
;WIDTH:0.436195
G1 X100.837 Y160.036 E.00695
G1 E-.78659 F1800
;WIPE_START
G1 F30000
G1 X100.973 Y160.213 E-.01341
;WIPE_END
G1 X107.001 Y155.531 Z.6
G1 X129.41 Y138.123 Z.6
G1 Z.2
G1 E.8 F1800
;TYPE:Outer wall
;WIDTH:0.5
G1 F3000
G1 X128.721 Y138.024 E.02514
G1 X128.239 Y137.996 E.01744
G1 X127.761 Y137.996 E.0173
G1 X127.279 Y138.024 E.01744
G1 X126.59 Y138.123 E.02514
G1 X126.59 Y140.877 E.09947
G1 X127.279 Y140.976 E.02514
G1 X127.761 Y141.004 E.01744
G1 X128.239 Y141.004 E.0173
G1 X128.721 Y140.976 E.01744
G1 X129.41 Y140.877 E.02514
G1 X129.41 Y138.163 E.09802
G1 E-.728 F1800
;WIPE_START
G1 F30000
G1 X128.721 Y138.024 E-.04216
G1 X128.239 Y137.996 E-.02896
G1 X128.225 Y137.996 E-.00088
;WIPE_END
G1 X127.204 Y141.429 Z.6
G1 Z.2
G1 E.8 F1800
;TYPE:Inner wall
G1 F3000
G1 X127.747 Y141.461 E.01966
G1 X128.253 Y141.461 E.01827
G1 X128.796 Y141.429 E.01966
G1 X128.728 Y141.941 E.01867
G1 X128.693 Y142.988 E.03785
G1 X128.693 Y150.012 E.25374
G1 X128.728 Y151.059 E.03785
G1 X128.796 Y151.571 E.01867
G1 X128.253 Y151.539 E.01966
G1 X127.747 Y151.539 E.01827
G1 X127.204 Y151.571 E.01966
G1 X127.272 Y151.059 E.01867
G1 X127.307 Y150.012 E.03785
G1 X127.307 Y142.988 E.25374
G1 X127.272 Y141.941 E.03785
G1 X127.209 Y141.469 E.01722
G1 E-.728 F1800
;WIPE_START
G1 F30000
G1 X127.747 Y141.461 E-.03228
G1 X128.253 Y141.461 E-.03035
G1 X128.409 Y141.452 E-.00938
;WIPE_END
G1 X127.126 Y148.976 Z.6
G1 X126.59 Y152.123 Z.6
G1 Z.2
G1 E.8 F1800
;TYPE:Outer wall
G1 F3000
G1 X126.59 Y154.91 E.10068
G1 X129.41 Y154.91 E.10188
G1 X129.41 Y152.123 E.10068
G1 X128.721 Y152.024 E.02514
G1 X128.239 Y151.996 E.01744
G1 X127.761 Y151.996 E.0173
G1 X127.279 Y152.024 E.01744
G1 X126.63 Y152.118 E.0237
G1 E-.728 F1800
;WIPE_START
G1 F30000
G1 X126.613 Y153.318 E-.072
;WIPE_END
G1 X134.23 Y152.838 Z.6
G1 X145.59 Y152.123 Z.6
G1 Z.2
G1 E.8 F1800
G1 F3000
G1 X145.59 Y154.91 E.10068
G1 X148.41 Y154.91 E.10188
G1 X148.41 Y152.123 E.10068
G1 X147.721 Y152.024 E.02514
G1 X147.239 Y151.996 E.01744
G1 X146.761 Y151.996 E.0173
G1 X146.279 Y152.024 E.01744
G1 X145.63 Y152.118 E.0237
G1 E-.728 F1800
;WIPE_START
G1 F30000
G1 X145.613 Y153.318 E-.072
;WIPE_END
G1 X145.992 Y145.695 Z.6
G1 X146.204 Y141.429 Z.6
G1 Z.2
G1 E.8 F1800
;TYPE:Inner wall
G1 F3000
G1 X146.747 Y141.461 E.01966
G1 X147.253 Y141.461 E.01827
G1 X147.796 Y141.429 E.01966
G1 X147.728 Y141.941 E.01867
G1 X147.693 Y142.988 E.03785
G1 X147.693 Y150.012 E.25374
G1 X147.728 Y151.059 E.03785
G1 X147.796 Y151.571 E.01867
G1 X147.253 Y151.539 E.01966
G1 X146.747 Y151.539 E.01827
G1 X146.204 Y151.571 E.01966
G1 X146.272 Y151.059 E.01867
G1 X146.307 Y150.012 E.03785
G1 X146.307 Y142.988 E.25374
G1 X146.272 Y141.941 E.03785
G1 X146.209 Y141.469 E.01722
G1 E-.728 F1800
;WIPE_START
G1 F30000
G1 X146.747 Y141.461 E-.03228
G1 X147.253 Y141.461 E-.03035
G1 X147.409 Y141.452 E-.00938
;WIPE_END
G1 X148.41 Y138.123 Z.6
G1 Z.2
G1 E.8 F1800
;TYPE:Outer wall
G1 F3000
G1 X147.721 Y138.024 E.02514
G1 X147.239 Y137.996 E.01744
G1 X146.761 Y137.996 E.0173
G1 X146.279 Y138.024 E.01744
G1 X145.59 Y138.123 E.02514
G1 X145.59 Y140.877 E.09947
G1 X146.279 Y140.976 E.02514
G1 X146.761 Y141.004 E.01744
G1 X147.239 Y141.004 E.0173
G1 X147.721 Y140.976 E.01744
G1 X148.41 Y140.877 E.02514
G1 X148.41 Y138.163 E.09802
G1 E-.728 F1800
;WIPE_START
G1 F30000
G1 X147.721 Y138.024 E-.04216
G1 X147.239 Y137.996 E-.02896
G1 X147.225 Y137.996 E-.00088
;WIPE_END
G1 X154.857 Y138.052 Z.6
G1 X164.59 Y138.123 Z.6
G1 Z.2
G1 E.8 F1800
G1 F3000
G1 X164.59 Y140.877 E.09947
G1 X165.279 Y140.976 E.02514
G1 X165.761 Y141.004 E.01744
G1 X166.239 Y141.004 E.0173
G1 X166.721 Y140.976 E.01744
G1 X167.41 Y140.877 E.02514
G1 X167.41 Y138.123 E.09947
G1 X166.721 Y138.024 E.02514
G1 X166.239 Y137.996 E.01744
G1 X165.761 Y137.996 E.0173
G1 X165.279 Y138.024 E.01744
G1 X164.63 Y138.118 E.0237
G1 E-.728 F1800
;WIPE_START
G1 F30000
G1 X164.612 Y139.318 E-.072
;WIPE_END
G1 X164.98 Y146.941 Z.6
G1 X165.204 Y151.571 Z.6
G1 Z.2
G1 E.8 F1800
;TYPE:Inner wall
G1 F3000
G1 X165.272 Y151.059 E.01867
G1 X165.307 Y150.012 E.03785
G1 X165.307 Y142.988 E.25374
G1 X165.272 Y141.941 E.03785
G1 X165.204 Y141.429 E.01867
G1 X165.747 Y141.461 E.01966
G1 X166.253 Y141.461 E.01827
G1 X166.796 Y141.429 E.01966
G1 X166.728 Y141.941 E.01867
G1 X166.693 Y142.988 E.03785
G1 X166.693 Y150.012 E.25374
G1 X166.728 Y151.059 E.03785
G1 X166.796 Y151.571 E.01867
G1 X166.253 Y151.539 E.01966
G1 X165.747 Y151.539 E.01827
G1 X165.244 Y151.568 E.01821
G1 E-.728 F1800
;WIPE_START
G1 F30000
G1 X165.272 Y151.059 E-.03064
G1 X165.295 Y150.37 E-.04136
;WIPE_END
G1 X164.59 Y152.123 Z.6
G1 Z.2
G1 E.8 F1800
;TYPE:Outer wall
G1 F3000
G1 X164.59 Y154.91 E.10068
G1 X167.41 Y154.91 E.10188
G1 X167.41 Y152.123 E.10068
G1 X166.721 Y152.024 E.02514
G1 X166.239 Y151.996 E.01744
G1 X165.761 Y151.996 E.0173
G1 X165.279 Y152.024 E.01744
G1 X164.63 Y152.118 E.0237
G1 E-.728 F1800
;WIPE_START
G1 F30000
G1 X164.613 Y153.318 E-.072
;WIPE_END
G1 X156.982 Y153.158 Z.6
G1 X107.59 Y152.123 Z.6
G1 Z.2
M73 P7 R24
G1 E.8 F1800
G1 F3000
G1 X107.59 Y154.91 E.10068
G1 X110.41 Y154.91 E.10188
G1 X110.41 Y152.123 E.10068
G1 X109.721 Y152.024 E.02514
G1 X109.239 Y151.996 E.01744
G1 X108.761 Y151.996 E.0173
G1 X108.279 Y152.024 E.01744
G1 X107.63 Y152.118 E.0237
G1 X108.204 Y151.571 F30000
;TYPE:Inner wall
G1 F3000
G1 X108.272 Y151.059 E.01867
G1 X108.307 Y150.012 E.03785
G1 X108.307 Y142.988 E.25374
G1 X108.272 Y141.941 E.03785
G1 X108.204 Y141.429 E.01867
G1 X108.747 Y141.461 E.01966
G1 X109.253 Y141.461 E.01827
G1 X109.796 Y141.429 E.01966
G1 X109.728 Y141.941 E.01867
G1 X109.693 Y142.988 E.03785
G1 X109.693 Y150.012 E.25374
G1 X109.728 Y151.059 E.03785
G1 X109.796 Y151.571 E.01867
G1 X109.253 Y151.539 E.01966
G1 X108.747 Y151.539 E.01827
G1 X108.244 Y151.568 E.01821
G1 E-.728 F1800
;WIPE_START
G1 F30000
G1 X108.272 Y151.059 E-.03064
G1 X108.295 Y150.37 E-.04136
;WIPE_END
G1 X107.856 Y142.75 Z.6
G1 X107.59 Y138.123 Z.6
G1 Z.2
G1 E.8 F1800
;TYPE:Outer wall
G1 F3000
G1 X107.59 Y140.877 E.09947
G1 X108.279 Y140.976 E.02514
G1 X108.761 Y141.004 E.01744
G1 X109.239 Y141.004 E.0173
G1 X109.721 Y140.976 E.01744
G1 X110.41 Y140.877 E.02514
G1 X110.41 Y138.123 E.09947
G1 X109.721 Y138.024 E.02514
G1 X109.239 Y137.996 E.01744
G1 X108.761 Y137.996 E.0173
G1 X108.279 Y138.024 E.01744
G1 X107.63 Y138.118 E.0237
G1 E-.728 F1800
;WIPE_START
G1 F30000
G1 X107.612 Y139.318 E-.072
;WIPE_END
G1 X100.001 Y138.757 Z.6
G1 X91.41 Y138.123 Z.6
G1 Z.2
G1 E.8 F1800
G1 F3000
G1 X90.721 Y138.024 E.02514
G1 X90.239 Y137.996 E.01744
G1 X89.761 Y137.996 E.0173
G1 X89.279 Y138.024 E.01744
G1 X88.59 Y138.123 E.02514
G1 X88.59 Y140.877 E.09947
G1 X89.279 Y140.976 E.02514
G1 X89.761 Y141.004 E.01744
G1 X90.239 Y141.004 E.0173
G1 X90.721 Y140.976 E.01744
G1 X91.41 Y140.877 E.02514
G1 X91.41 Y138.163 E.09802
G1 E-.728 F1800
;WIPE_START
G1 F30000
G1 X90.721 Y138.024 E-.04216
G1 X90.239 Y137.996 E-.02896
G1 X90.225 Y137.996 E-.00088
;WIPE_END
G1 X89.652 Y145.607 Z.6
G1 X89.204 Y151.571 Z.6
G1 Z.2
G1 E.8 F1800
;TYPE:Inner wall
G1 F3000
G1 X89.272 Y151.059 E.01867
G1 X89.307 Y150.012 E.03785
G1 X89.307 Y142.988 E.25374
G1 X89.272 Y141.941 E.03785
G1 X89.204 Y141.429 E.01867
G1 X89.747 Y141.461 E.01966
G1 X90.253 Y141.461 E.01827
G1 X90.796 Y141.429 E.01966
G1 X90.728 Y141.941 E.01867
G1 X90.693 Y142.988 E.03785
G1 X90.693 Y150.012 E.25374
G1 X90.728 Y151.059 E.03785
G1 X90.796 Y151.571 E.01867
G1 X90.253 Y151.539 E.01966
G1 X89.747 Y151.539 E.01827
G1 X89.244 Y151.568 E.01821
G1 E-.728 F1800
M73 P8 R24
;WIPE_START
G1 F30000
G1 X89.272 Y151.059 E-.03064
G1 X89.295 Y150.37 E-.04136
;WIPE_END
G1 X88.59 Y152.123 Z.6
G1 Z.2
G1 E.8 F1800
;TYPE:Outer wall
G1 F3000
G1 X88.59 Y154.91 E.10068
G1 X91.41 Y154.91 E.10188
G1 X91.41 Y152.123 E.10068
G1 X90.721 Y152.024 E.02514
G1 X90.239 Y151.996 E.01744
G1 X89.761 Y151.996 E.0173
G1 X89.279 Y152.024 E.01744
G1 X88.63 Y152.118 E.0237
G1 E-.728 F1800
;WIPE_START
G1 F30000
G1 X88.613 Y153.318 E-.072
;WIPE_END
G1 X88.361 Y145.689 Z.6
G1 X86.934 Y102.35 Z.6
G1 Z.2
G1 E.8 F1800
G1 F3000
G1 X88.868 Y99 E.13976
G1 X86.934 Y95.65 E.13976
G1 X83.066 Y95.65 E.13975
G1 X81.132 Y99 E.13976
G1 X83.066 Y102.35 E.13976
G1 X86.894 Y102.35 E.13831
G1 E-.728 F1800
;WIPE_START
G1 F30000
G1 X87.503 Y101.316 E-.072
;WIPE_END
G1 X95.095 Y102.105 Z.6
G1 X102.822 Y102.907 Z.6
G1 Z.2
G1 E.8 F1800
;TYPE:Inner wall
G1 F3000
G1 X107.256 Y102.907 E.1602
G1 X109.512 Y99 E.163
G1 X107.712 Y95.884 E.12999
G1 X107.256 Y95.093 E.033
G1 X102.744 Y95.093 E.163
G1 X100.488 Y99 E.163
G1 X102.744 Y102.907 E.163
G1 X102.782 Y102.907 E.00135
G1 X103.008 Y102.45 F30000
;TYPE:Outer wall
G1 F3000
G1 X106.992 Y102.45 E.14393
G1 X108.984 Y99 E.14393
G1 X107.317 Y96.113 E.12046
G1 X106.992 Y95.55 E.02347
G1 X103.008 Y95.55 E.14393
G1 X101.016 Y99 E.14393
G1 X102.683 Y101.887 E.12046
G1 X102.988 Y102.415 E.02202
G1 E-.728 F1800
;WIPE_START
G1 F30000
G1 X104.188 Y102.426 E-.072
;WIPE_END
G1 X97.266 Y102.79 Z.6
G1 Z.2
G1 E.8 F1800
;TYPE:Inner wall
G1 F3000
G1 X99.454 Y99 E.15812
G1 X99.001 Y98.215 E.03274
G1 X97.227 Y95.143 E.12817
G1 X92.773 Y95.143 E.16091
G1 X90.546 Y99 E.16091
G1 X90.999 Y99.785 E.03274
G1 X92.773 Y102.857 E.12817
G1 X97.227 Y102.857 E.16091
G1 X97.246 Y102.825 E.00135
G1 X96.963 Y102.4 F30000
;TYPE:Outer wall
G1 F3000
G1 X98.926 Y99 E.14184
G1 X98.605 Y98.444 E.02321
G1 X96.963 Y95.6 E.11864
G1 X93.037 Y95.6 E.14184
G1 X91.074 Y99 E.14184
G1 X91.395 Y99.556 E.02321
G1 X93.037 Y102.4 E.11864
G1 X96.923 Y102.4 E.1404
G1 E-.728 F1800
;WIPE_START
G1 F30000
G1 X97.532 Y101.366 E-.072
;WIPE_END
G1 X104.666 Y104.08 Z.6
G1 X136.807 Y116.307 Z.6
G1 Z.2
G1 E.8 F1800
;TYPE:Inner wall
G1 F3000
G1 X140.807 Y116.307 E.14452
G1 X140.807 Y113.193 E.11251
G1 X129.193 Y113.193 E.41961
G1 X129.193 Y116.307 E.11251
G1 X133.193 Y116.307 E.14452
G1 X133.193 Y126.693 E.37523
G1 X122.807 Y126.693 E.37523
G1 X122.807 Y116.307 E.37523
G1 X126.807 Y116.307 E.14452
G1 X126.807 Y113.193 E.11251
G1 X115.193 Y113.193 E.41961
G1 X115.193 Y116.307 E.11251
G1 X119.193 Y116.307 E.14452
G1 X119.193 Y126.693 E.37523
G1 X108.807 Y126.693 E.37523
G1 X108.807 Y116.307 E.37523
G1 X112.807 Y116.307 E.14452
G1 X112.807 Y113.193 E.11251
G1 X101.193 Y113.193 E.41961
G1 X101.193 Y116.307 E.11251
G1 X105.193 Y116.307 E.14452
G1 X105.193 Y126.693 E.37523
G1 X94.807 Y126.693 E.37523
G1 X94.807 Y116.307 E.37523
G1 X98.807 Y116.307 E.14452
G1 X98.807 Y113.193 E.11251
G1 X87.193 Y113.193 E.41961
G1 X87.193 Y116.307 E.11251
G1 X91.193 Y116.307 E.14452
G1 X91.193 Y126.693 E.37523
G1 X85.193 Y126.693 E.21677
G1 X85.193 Y130.807 E.14864
G1 X170.807 Y130.807 E3.09314
G1 X170.807 Y126.693 E.14864
M73 P9 R24
G1 X164.807 Y126.693 E.21677
G1 X164.807 Y116.307 E.37523
G1 X168.807 Y116.307 E.14452
G1 X168.807 Y113.193 E.11251
G1 X157.193 Y113.193 E.41961
G1 X157.193 Y116.307 E.11251
G1 X161.193 Y116.307 E.14452
G1 X161.193 Y126.693 E.37523
G1 X150.807 Y126.693 E.37523
G1 X150.807 Y116.307 E.37523
G1 X154.807 Y116.307 E.14452
G1 X154.807 Y113.193 E.11251
G1 X143.193 Y113.193 E.41961
G1 X143.193 Y116.307 E.11251
G1 X147.193 Y116.307 E.14452
G1 X147.193 Y126.693 E.37523
G1 X136.807 Y126.693 E.37523
G1 X136.807 Y116.347 E.37378
G1 X136.35 Y115.85 F30000
;TYPE:Outer wall
G1 F3000
G1 X140.35 Y115.85 E.14452
G1 X140.35 Y113.65 E.07948
G1 X129.65 Y113.65 E.38658
G1 X129.65 Y115.85 E.07948
G1 X133.65 Y115.85 E.14452
G1 X133.65 Y127.15 E.40826
G1 X122.35 Y127.15 E.40826
G1 X122.35 Y115.85 E.40826
G1 X126.35 Y115.85 E.14452
G1 X126.35 Y113.65 E.07948
G1 X115.65 Y113.65 E.38658
G1 X115.65 Y115.85 E.07948
G1 X119.65 Y115.85 E.14452
G1 X119.65 Y127.15 E.40826
G1 X108.35 Y127.15 E.40826
G1 X108.35 Y115.85 E.40826
G1 X112.35 Y115.85 E.14452
G1 X112.35 Y113.65 E.07948
G1 X101.65 Y113.65 E.38658
G1 X101.65 Y115.85 E.07948
G1 X105.65 Y115.85 E.14452
G1 X105.65 Y127.15 E.40826
G1 X94.35 Y127.15 E.40826
G1 X94.35 Y115.85 E.40826
G1 X98.35 Y115.85 E.14452
G1 X98.35 Y113.65 E.07948
G1 X87.65 Y113.65 E.38658
G1 X87.65 Y115.85 E.07948
G1 X91.65 Y115.85 E.14452
G1 X91.65 Y127.15 E.40826
G1 X85.65 Y127.15 E.21677
G1 X85.65 Y130.35 E.11561
G1 X170.35 Y130.35 E3.06011
G1 X170.35 Y127.15 E.11561
G1 X164.35 Y127.15 E.21677
G1 X164.35 Y115.85 E.40826
G1 X168.35 Y115.85 E.14452
G1 X168.35 Y113.65 E.07948
G1 X157.65 Y113.65 E.38658
G1 X157.65 Y115.85 E.07948
G1 X161.65 Y115.85 E.14452
G1 X161.65 Y127.15 E.40826
G1 X150.35 Y127.15 E.40826
G1 X150.35 Y115.85 E.40826
G1 X154.35 Y115.85 E.14452
G1 X154.35 Y113.65 E.07948
G1 X143.65 Y113.65 E.38658
G1 X143.65 Y115.85 E.07948
G1 X147.65 Y115.85 E.14452
G1 X147.65 Y127.15 E.40826
G1 X136.35 Y127.15 E.40826
G1 X136.35 Y115.89 E.40681
G1 E-.728 F1800
M73 P10 R24
;WIPE_START
G1 F30000
G1 X137.55 Y115.878 E-.072
;WIPE_END
G1 X137.783 Y108.249 Z.6
G1 X138.193 Y94.807 Z.6
G1 Z.2
G1 E.8 F1800
;TYPE:Inner wall
G1 F3000
G1 X139.193 Y94.807 E.03614
G1 X139.195 Y97.449 E.09544
G1 X138.991 Y97.503 E.00761
G1 X137.429 Y94.793 E.11302
G1 X132.571 Y94.793 E.17552
G1 X130.142 Y99 E.17551
G1 X132.563 Y103.193 E.17492
G1 X127.322 Y103.193 E.18936
G1 X129.742 Y99 E.17492
G1 X127.371 Y94.893 E.17134
G1 X122.629 Y94.893 E.17134
G1 X120.258 Y99 E.17134
G1 X122.678 Y103.193 E.17492
G1 X117.206 Y103.193 E.1977
G1 X119.627 Y99 E.17492
G1 X117.313 Y94.993 E.16717
G1 X112.687 Y94.993 E.16717
G1 X110.373 Y99 E.16717
G1 X112.794 Y103.193 E.17492
G1 X85.193 Y103.193 E.99719
G1 X85.193 Y108.807 E.20283
G1 X170.807 Y108.807 E3.09314
G1 X170.807 Y93.193 E.56412
G1 X142.807 Y93.193 E1.01161
G1 X142.807 Y92.193 E.03613
G1 X140.307 Y92.193 E.09032
G1 X140.307 Y89.807 E.0862
G1 X142.807 Y89.807 E.09032
G1 X142.807 Y88.807 E.03613
G1 X175.193 Y88.807 E1.17006
G1 X175.193 Y93.193 E.15846
G1 X173.193 Y93.193 E.07226
G1 X173.193 Y108.807 E.56412
G1 X175.193 Y108.807 E.07226
G1 X175.193 Y113.193 E.15846
G1 X173.193 Y113.193 E.07226
G1 X173.193 Y116.307 E.11251
G1 X175.193 Y116.307 E.07226
G1 X175.193 Y126.693 E.37523
G1 X173.193 Y126.693 E.07226
G1 X173.193 Y130.807 E.14864
G1 X175.193 Y130.807 E.07226
G1 X175.193 Y135.193 E.15846
G1 X167.189 Y135.193 E.28916
G1 X167.198 Y137.021 E.06606
G1 X167.233 Y137.636 E.02224
G1 X166.767 Y137.569 E.01698
G1 X166.253 Y137.539 E.01862
G1 X165.747 Y137.539 E.01827
G1 X165.233 Y137.569 E.01862
G1 X164.767 Y137.636 E.01698
G1 X164.802 Y137.021 E.02224
G1 X164.811 Y135.193 E.06606
G1 X148.189 Y135.193 E.6005
G1 X148.198 Y137.021 E.06606
G1 X148.233 Y137.636 E.02224
G1 X147.767 Y137.569 E.01698
G1 X147.253 Y137.539 E.01862
G1 X146.747 Y137.539 E.01827
G1 X146.233 Y137.569 E.01862
G1 X145.767 Y137.636 E.01698
G1 X145.802 Y137.021 E.02224
G1 X145.811 Y135.193 E.06606
G1 X129.189 Y135.193 E.6005
G1 X129.198 Y137.021 E.06606
G1 X129.233 Y137.636 E.02224
G1 X128.767 Y137.569 E.01698
G1 X128.253 Y137.539 E.01862
G1 X127.747 Y137.539 E.01827
G1 X127.233 Y137.569 E.01862
G1 X126.767 Y137.636 E.01698
G1 X126.802 Y137.021 E.02224
G1 X126.811 Y135.193 E.06606
G1 X110.189 Y135.193 E.6005
G1 X110.198 Y137.021 E.06606
G1 X110.233 Y137.636 E.02224
G1 X109.767 Y137.569 E.01698
G1 X109.253 Y137.539 E.01862
G1 X108.747 Y137.539 E.01827
G1 X108.233 Y137.569 E.01862
G1 X107.767 Y137.636 E.01698
G1 X107.802 Y137.021 E.02224
G1 X107.811 Y135.193 E.06606
G1 X91.189 Y135.193 E.6005
G1 X91.198 Y137.021 E.06606
G1 X91.233 Y137.636 E.02224
G1 X90.767 Y137.569 E.01698
G1 X90.253 Y137.539 E.01862
G1 X89.747 Y137.539 E.01827
G1 X89.233 Y137.569 E.01862
G1 X88.767 Y137.636 E.01698
G1 X88.802 Y137.021 E.02224
G1 X88.811 Y135.193 E.06606
G1 X80.807 Y135.193 E.28916
G1 X80.807 Y130.807 E.15846
G1 X82.807 Y130.807 E.07226
G1 X82.807 Y126.693 E.14864
G1 X80.807 Y126.693 E.07226
G1 X80.807 Y116.307 E.37523
G1 X82.807 Y116.307 E.07226
G1 X82.807 Y113.193 E.11251
G1 X80.807 Y113.193 E.07226
G1 X80.807 Y108.807 E.15846
G1 X82.807 Y108.807 E.07226
G1 X82.807 Y103.193 E.20283
G1 X80.807 Y103.193 E.07226
G1 X80.807 Y99.758 E.12409
G1 X81.01 Y99.704 E.0076
G1 X82.802 Y102.807 E.12946
G1 X87.198 Y102.807 E.15882
G1 X89.396 Y99 E.15882
G1 X87.198 Y95.193 E.15882
G1 X82.802 Y95.193 E.15882
M73 P11 R24
G1 X81.01 Y98.296 E.12946
G1 X80.807 Y98.242 E.0076
G1 X80.807 Y94.807 E.12409
G1 X81.807 Y94.807 E.03613
G1 X81.807 Y88.807 E.21677
G1 X88.193 Y88.807 E.23071
G1 X88.193 Y94.807 E.21677
G1 X91.807 Y94.807 E.13058
G1 X91.807 Y88.807 E.21677
G1 X98.193 Y88.807 E.23071
G1 X98.193 Y94.807 E.21677
G1 X101.807 Y94.807 E.13058
G1 X101.807 Y88.807 E.21677
G1 X108.193 Y88.807 E.23071
G1 X108.193 Y94.807 E.21677
G1 X111.807 Y94.807 E.13058
G1 X111.807 Y88.807 E.21677
G1 X118.193 Y88.807 E.23071
G1 X118.193 Y94.807 E.21677
G1 X121.807 Y94.807 E.13058
G1 X121.807 Y88.807 E.21677
G1 X128.193 Y88.807 E.23071
G1 X128.193 Y94.807 E.21677
G1 X131.807 Y94.807 E.13058
G1 X131.807 Y88.807 E.21677
G1 X138.193 Y88.807 E.23071
G1 X138.193 Y94.767 E.21533
G1 E-.728 F1800
;WIPE_START
G1 F30000
G1 X139.193 Y94.807 E-.06007
G1 X139.193 Y95.006 E-.01193
;WIPE_END
G1 X131.969 Y97.467 Z.6
G1 X117.05 Y102.55 Z.6
G1 Z.2
G1 E.8 F1800
;TYPE:Outer wall
G1 F3000
G1 X119.099 Y99 E.1481
G1 X117.05 Y95.45 E.1481
G1 X112.95 Y95.45 E.1481
G1 X110.901 Y99 E.1481
G1 X112.95 Y102.55 E.1481
G1 X117.01 Y102.55 E.14665
G1 E-.728 F1800
M73 P11 R23
;WIPE_START
G1 F30000
G1 X117.618 Y101.516 E-.072
;WIPE_END
G1 X122.58 Y95.716 Z.6
G1 X122.893 Y95.35 Z.6
G1 Z.2
G1 E.8 F1800
G1 F3000
G1 X120.785 Y99 E.15227
G1 X122.893 Y102.65 E.15227
G1 X127.107 Y102.65 E.15227
G1 X129.215 Y99 E.15227
G1 X127.437 Y95.92 E.12848
G1 X127.107 Y95.35 E.02379
G1 X122.933 Y95.35 E.15083
G1 E-.728 F1800
;WIPE_START
G1 F30000
G1 X122.324 Y96.384 E-.072
;WIPE_END
G1 X129.339 Y99.393 Z.6
G1 X137.165 Y102.75 Z.6
G1 Z.2
G1 E.8 F1800
G1 F3000
G1 X138.739 Y100.02 E.11386
G1 X139.276 Y99 E.04164
G1 X138.739 Y97.98 E.04164
G1 X137.165 Y95.25 E.11386
G1 X132.835 Y95.25 E.15645
G1 X130.67 Y99 E.15644
G1 X132.835 Y102.75 E.15644
G1 X137.125 Y102.75 E.155
G1 X137.468 Y103.14 F30000
;TYPE:Inner wall
G1 F3000
G1 X138.991 Y100.497 E.11023
G1 X139.195 Y100.551 E.00761
G1 X139.193 Y103.193 E.09544
G1 X137.437 Y103.193 E.06344
G1 X137.448 Y103.175 E.00075
G1 E-.728 F1800
;WIPE_START
G1 F30000
G1 X138.047 Y102.135 E-.072
;WIPE_END
G1 X138.636 Y94.525 Z.6
G1 X138.65 Y94.35 Z.6
G1 Z.2
G1 E.8 F1800
;TYPE:Outer wall
G1 F3000
G1 X139.65 Y94.35 E.03613
G1 X139.652 Y98.005 E.13205
G1 X139.691 Y99 E.03598
G1 X139.652 Y99.995 E.03598
G1 X139.65 Y103.65 E.13205
G1 X85.65 Y103.65 E1.95096
G1 X85.65 Y108.35 E.16981
G1 X170.35 Y108.35 E3.06011
G1 X170.35 Y93.65 E.53109
G1 X142.35 Y93.65 E1.01161
G1 X142.35 Y92.65 E.03613
G1 X139.85 Y92.65 E.09032
G1 X139.85 Y89.35 E.11923
G1 X142.35 Y89.35 E.09032
G1 X142.35 Y88.35 E.03613
G1 X175.65 Y88.35 E1.20309
G1 X175.65 Y93.65 E.19148
G1 X173.65 Y93.65 E.07226
G1 X173.65 Y108.35 E.53109
G1 X175.65 Y108.35 E.07226
G1 X175.65 Y113.65 E.19148
M73 P12 R23
G1 X173.65 Y113.65 E.07226
G1 X173.65 Y115.85 E.07948
G1 X175.65 Y115.85 E.07226
G1 X175.65 Y127.15 E.40826
G1 X173.65 Y127.15 E.07226
G1 X173.65 Y130.35 E.11561
G1 X175.65 Y130.35 E.07226
G1 X175.65 Y135.65 E.19148
G1 X167.649 Y135.65 E.28907
G1 X167.655 Y137.008 E.04905
G1 X167.684 Y137.524 E.01867
G1 X167.75 Y138.017 E.01797
G1 X167.75 Y140.991 E.10748
G1 X167.733 Y141.233 E.00876
G1 X167.279 Y141.265 E.01645
G1 X167.184 Y141.979 E.02605
G1 X167.15 Y142.996 E.03675
G1 X167.15 Y150.004 E.2532
G1 X167.184 Y151.021 E.03675
G1 X167.279 Y151.735 E.02605
G1 X167.733 Y151.767 E.01645
G1 X167.75 Y152.009 E.00876
G1 X167.75 Y154.991 E.10777
G1 X167.733 Y155.233 E.00876
G1 X167.491 Y155.25 E.00876
G1 X164.509 Y155.25 E.10777
G1 X164.267 Y155.233 E.00876
G1 X164.25 Y154.991 E.00876
G1 X164.25 Y152.009 E.10777
G1 X164.267 Y151.767 E.00876
G1 X164.721 Y151.735 E.01645
G1 X164.816 Y151.021 E.02605
G1 X164.85 Y150.004 E.03675
G1 X164.85 Y142.996 E.2532
G1 X164.816 Y141.979 E.03675
G1 X164.721 Y141.265 E.02605
G1 X164.267 Y141.233 E.01645
G1 X164.25 Y140.991 E.00876
G1 X164.25 Y138.017 E.10748
G1 X164.316 Y137.524 E.01797
G1 X164.345 Y137.008 E.01867
G1 X164.351 Y135.65 E.04905
G1 X148.649 Y135.65 E.56731
G1 X148.655 Y137.008 E.04905
G1 X148.684 Y137.524 E.01867
G1 X148.75 Y138.017 E.01797
G1 X148.75 Y140.991 E.10748
G1 X148.733 Y141.233 E.00876
G1 X148.279 Y141.265 E.01645
G1 X148.184 Y141.979 E.02605
G1 X148.15 Y142.996 E.03675
G1 X148.15 Y150.004 E.2532
G1 X148.184 Y151.021 E.03675
G1 X148.279 Y151.735 E.02605
G1 X148.733 Y151.767 E.01645
G1 X148.75 Y152.009 E.00876
G1 X148.75 Y154.991 E.10777
G1 X148.733 Y155.233 E.00876
G1 X148.491 Y155.25 E.00876
G1 X145.509 Y155.25 E.10777
G1 X145.267 Y155.233 E.00876
G1 X145.25 Y154.991 E.00876
G1 X145.25 Y152.009 E.10777
G1 X145.267 Y151.767 E.00876
G1 X145.721 Y151.735 E.01645
G1 X145.816 Y151.021 E.02605
G1 X145.85 Y150.004 E.03675
G1 X145.85 Y142.996 E.2532
G1 X145.816 Y141.979 E.03675
G1 X145.721 Y141.265 E.02605
G1 X145.267 Y141.233 E.01645
G1 X145.25 Y140.991 E.00876
G1 X145.25 Y138.017 E.10748
G1 X145.316 Y137.524 E.01797
G1 X145.345 Y137.008 E.01867
G1 X145.351 Y135.65 E.04905
G1 X129.649 Y135.65 E.56731
G1 X129.655 Y137.008 E.04905
G1 X129.684 Y137.524 E.01867
G1 X129.75 Y138.017 E.01797
G1 X129.75 Y140.991 E.10748
G1 X129.733 Y141.233 E.00876
G1 X129.279 Y141.265 E.01645
G1 X129.184 Y141.979 E.02605
G1 X129.15 Y142.996 E.03675
G1 X129.15 Y150.004 E.2532
G1 X129.184 Y151.021 E.03675
G1 X129.279 Y151.735 E.02605
G1 X129.733 Y151.767 E.01645
G1 X129.75 Y152.009 E.00876
G1 X129.75 Y154.991 E.10777
G1 X129.733 Y155.233 E.00876
G1 X129.491 Y155.25 E.00876
G1 X126.509 Y155.25 E.10777
G1 X126.267 Y155.233 E.00876
G1 X126.25 Y154.991 E.00876
G1 X126.25 Y152.009 E.10777
G1 X126.267 Y151.767 E.00876
G1 X126.721 Y151.735 E.01645
G1 X126.816 Y151.021 E.02605
G1 X126.85 Y150.004 E.03675
G1 X126.85 Y142.996 E.2532
G1 X126.816 Y141.979 E.03675
G1 X126.721 Y141.265 E.02605
G1 X126.267 Y141.233 E.01645
G1 X126.25 Y140.991 E.00876
G1 X126.25 Y138.017 E.10748
G1 X126.316 Y137.524 E.01797
G1 X126.345 Y137.008 E.01867
G1 X126.351 Y135.65 E.04905
G1 X110.649 Y135.65 E.56731
G1 X110.655 Y137.008 E.04905
G1 X110.684 Y137.524 E.01867
G1 X110.75 Y138.017 E.01797
G1 X110.75 Y140.991 E.10748
G1 X110.733 Y141.233 E.00876
G1 X110.279 Y141.265 E.01645
G1 X110.184 Y141.979 E.02605
G1 X110.15 Y142.996 E.03675
G1 X110.15 Y150.004 E.2532
G1 X110.184 Y151.021 E.03675
G1 X110.279 Y151.735 E.02605
G1 X110.733 Y151.767 E.01645
G1 X110.75 Y152.009 E.00876
G1 X110.75 Y154.991 E.10777
G1 X110.733 Y155.233 E.00876
G1 X110.491 Y155.25 E.00876
G1 X107.509 Y155.25 E.10777
G1 X107.267 Y155.233 E.00876
G1 X107.25 Y154.991 E.00876
G1 X107.25 Y152.009 E.10777
G1 X107.267 Y151.767 E.00876
G1 X107.721 Y151.735 E.01645
G1 X107.816 Y151.021 E.02605
G1 X107.85 Y150.004 E.03675
G1 X107.85 Y142.996 E.2532
G1 X107.816 Y141.979 E.03675
G1 X107.721 Y141.265 E.02605
G1 X107.267 Y141.233 E.01645
G1 X107.25 Y140.991 E.00876
G1 X107.25 Y138.017 E.10748
G1 X107.316 Y137.524 E.01797
G1 X107.345 Y137.008 E.01867
G1 X107.351 Y135.65 E.04905
G1 X91.649 Y135.65 E.56731
G1 X91.655 Y137.008 E.04905
G1 X91.684 Y137.524 E.01867
G1 X91.75 Y138.017 E.01797
G1 X91.75 Y140.991 E.10748
G1 X91.733 Y141.233 E.00876
G1 X91.279 Y141.265 E.01645
G1 X91.184 Y141.979 E.02605
G1 X91.15 Y142.996 E.03675
G1 X91.15 Y150.004 E.2532
G1 X91.184 Y151.021 E.03675
G1 X91.279 Y151.735 E.02605
G1 X91.733 Y151.767 E.01645
G1 X91.75 Y152.009 E.00876
G1 X91.75 Y154.991 E.10777
G1 X91.733 Y155.233 E.00876
G1 X91.491 Y155.25 E.00876
G1 X88.509 Y155.25 E.10777
G1 X88.267 Y155.233 E.00876
G1 X88.25 Y154.991 E.00876
G1 X88.25 Y152.009 E.10777
G1 X88.267 Y151.767 E.00876
G1 X88.721 Y151.735 E.01645
G1 X88.816 Y151.021 E.02605
G1 X88.85 Y150.004 E.03675
G1 X88.85 Y142.996 E.2532
G1 X88.816 Y141.979 E.03675
G1 X88.721 Y141.265 E.02605
G1 X88.267 Y141.233 E.01645
G1 X88.25 Y140.991 E.00876
G1 X88.25 Y138.017 E.10748
G1 X88.316 Y137.524 E.01797
G1 X88.345 Y137.008 E.01867
G1 X88.351 Y135.65 E.04905
G1 X80.35 Y135.65 E.28907
G1 X80.35 Y130.35 E.19148
G1 X82.35 Y130.35 E.07226
G1 X82.35 Y127.15 E.11561
G1 X80.35 Y127.15 E.07226
G1 X80.35 Y115.85 E.40826
G1 X82.35 Y115.85 E.07226
G1 X82.35 Y113.65 E.07948
G1 X80.35 Y113.65 E.07226
G1 X80.35 Y108.35 E.19148
G1 X82.35 Y108.35 E.07226
G1 X82.35 Y103.65 E.16981
G1 X80.35 Y103.65 E.07226
G1 X80.35 Y94.35 E.336
G1 X81.35 Y94.35 E.03613
G1 X81.35 Y88.35 E.21677
G1 X88.65 Y88.35 E.26374
G1 X88.65 Y94.35 E.21677
G1 X91.35 Y94.35 E.09755
G1 X91.35 Y88.35 E.21677
G1 X98.65 Y88.35 E.26374
G1 X98.65 Y94.35 E.21677
G1 X101.35 Y94.35 E.09755
G1 X101.35 Y88.35 E.21677
G1 X108.65 Y88.35 E.26374
G1 X108.65 Y94.35 E.21677
G1 X111.35 Y94.35 E.09755
G1 X111.35 Y88.35 E.21677
G1 X118.65 Y88.35 E.26374
G1 X118.65 Y94.35 E.21677
G1 X121.35 Y94.35 E.09755
G1 X121.35 Y88.35 E.21677
G1 X128.65 Y88.35 E.26374
G1 X128.65 Y94.35 E.21677
G1 X131.35 Y94.35 E.09755
G1 X131.35 Y88.35 E.21677
G1 X138.65 Y88.35 E.26374
G1 X138.65 Y94.31 E.21533
M73 P13 R23
G1 E-.728 F1800
;WIPE_START
G1 F30000
G1 X139.65 Y94.35 E-.06006
G1 X139.65 Y94.549 E-.01194
;WIPE_END
G1 X139.148 Y97.698 Z.6
G1 Z.2
G1 E.8 F1800
;TYPE:Gap infill
;WIDTH:0.428411
G1 F6300
G1 X139.422 Y98.753 E.0332
G1 E-.73462 F1800
;WIPE_START
G1 F30000
G1 X139.148 Y97.698 E-.06538
;WIPE_END
G1 X138.965 Y102.371 Z.6
G1 Z.2
G1 E.8 F1800
;TYPE:Bottom surface
;WIDTH:0.548821
G1 F6300
G1 X138.615 Y102.02 E.01983
G1 X138.353 Y102.474 E.02095
G1 X138.844 Y102.964 E.02774
G1 E-.728 F1800
;WIPE_START
G1 F30000
G1 X138.353 Y102.474 E-.04163
G1 X138.606 Y102.035 E-.03037
;WIPE_END
G1 X137.17 Y103.2 Z.6
G1 Z.2
G1 E.8 F1800
;TYPE:Gap infill
;WIDTH:0.48584
G1 F6300
G1 X132.831 Y103.2 E.1519
G1 E-.728 F1800
;WIPE_START
G1 F30000
G1 X134.031 Y103.2 E-.072
;WIPE_END
G1 X131.288 Y101.442 Z.6
G1 Z.2
G1 E.8 F1800
;TYPE:Bottom surface
;WIDTH:0.528965
G1 F6300
G1 X129.732 Y99.886 E.08455
G1 X129.481 Y100.322 E.01933
G1 X131.665 Y102.507 E.11871
G1 X131.811 Y102.759 E.01117
G1 X131.23 Y102.759 E.02232
G1 X129.229 Y100.758 E.10871
G1 X128.977 Y101.194 E.01933
G1 X130.542 Y102.759 E.08504
G1 X129.855 Y102.759 E.02641
G1 X128.726 Y101.629 E.06136
G1 X128.474 Y102.065 E.01933
G1 X129.168 Y102.759 E.03768
G1 X128.48 Y102.759 E.02641
G1 X128.072 Y102.35 E.02219
G1 E-.728 F1800
;WIPE_START
G1 F30000
G1 X128.48 Y102.759 E-.03465
G1 X129.103 Y102.759 E-.03735
;WIPE_END
G1 X130.708 Y100.484 Z.6
G1 Z.2
G1 E.8 F1800
;TYPE:Gap infill
;WIDTH:0.12044
G1 F6300
G1 X130.6 Y100.343 E.00109
;WIDTH:0.165778
G1 X130.491 Y100.203 E.00172
;WIDTH:0.211116
G1 X130.383 Y100.062 E.00236
;WIDTH:0.256454
G1 X130.275 Y99.921 E.003
;WIDTH:0.301793
G1 X130.167 Y99.78 E.00363
;WIDTH:0.347131
G1 X130.059 Y99.639 E.00427
;WIDTH:0.394248
G1 X129.942 Y99.487 E.00531
;WIDTH:0.39594
G1 X129.874 Y99.512 E.00202
;WIDTH:0.349355
G1 X129.806 Y99.536 E.00176
;WIDTH:0.30277
G1 X129.737 Y99.56 E.00149
;WIDTH:0.279478
G1 X129.669 Y99.585 E.00136
G1 E-.79565 F1800
;WIPE_START
G1 F30000
G1 X129.737 Y99.56 E-.00435
;WIPE_END
G1 X127.083 Y103.15 Z.6
G1 Z.2
G1 E.8 F1800
;WIDTH:0.585838
G1 F6300
G1 X122.917 Y103.15 E.17874
G1 E-.728 F1800
;WIPE_START
G1 F30000
G1 X124.117 Y103.15 E-.072
;WIPE_END
G1 X116.996 Y103.1 Z.6
G1 Z.2
G1 E.8 F1800
;WIDTH:0.685846
G1 F6300
G1 X113.004 Y103.1 E.20286
G1 E-.728 F1800
;WIPE_START
G1 F30000
G1 X114.204 Y103.1 E-.072
;WIPE_END
G1 X120.703 Y99.097 Z.6
G1 X137.038 Y89.036 Z.6
G1 Z.2
G1 E.8 F1800
;TYPE:Bottom surface
;WIDTH:0.501039
G1 F6300
G1 X137.759 Y89.756 E.0369
G1 X137.759 Y90.404 E.02346
G1 X136.596 Y89.241 E.05954
G1 X135.948 Y89.241 E.02346
G1 X137.759 Y91.052 E.09272
G1 X137.759 Y91.7 E.02346
G1 X135.3 Y89.241 E.1259
G1 X134.652 Y89.241 E.02346
G1 X137.759 Y92.348 E.15907
G1 X137.759 Y92.995 E.02346
G1 X134.005 Y89.241 E.19225
G1 X133.357 Y89.241 E.02346
G1 X137.759 Y93.643 E.22543
G1 X137.759 Y94.291 E.02346
G1 X132.709 Y89.241 E.25861
G1 X132.241 Y89.241 E.01693
G1 X132.241 Y89.422 E.00653
G1 X137.178 Y94.359 E.25282
G1 X136.53 Y94.359 E.02346
G1 X132.241 Y90.07 E.21965
G1 X132.241 Y90.717 E.02346
G1 X135.883 Y94.359 E.18647
G1 X135.235 Y94.359 E.02346
G1 X132.241 Y91.365 E.15329
G1 X132.241 Y92.013 E.02346
G1 X134.587 Y94.359 E.12011
G1 X133.939 Y94.359 E.02346
G1 X132.241 Y92.661 E.08693
G1 X132.241 Y93.309 E.02346
G1 X133.291 Y94.359 E.05376
G1 X132.643 Y94.359 E.02346
G1 X132.036 Y93.751 E.03111
G1 E-.728 F1800
;WIPE_START
G1 F30000
G1 X132.643 Y94.359 E-.05155
G1 X132.984 Y94.359 E-.02045
;WIPE_END
G1 X131.376 Y95.036 Z.6
G1 Z.2
G1 E.8 F1800
G1 F6300
G1 X131.727 Y95.386 E.01796
G1 X131.49 Y95.797 E.01717
G1 X130.934 Y95.241 E.02846
G1 X130.286 Y95.241 E.02346
G1 X131.253 Y96.208 E.04949
G1 X131.016 Y96.618 E.01717
G1 X129.638 Y95.241 E.07053
G1 X128.991 Y95.241 E.02346
G1 X130.779 Y97.029 E.09156
G1 X130.541 Y97.44 E.01717
G1 X128.343 Y95.241 E.11259
G1 X128.074 Y95.241 E.00974
G1 X128.591 Y96.138 E.03749
G1 X130.304 Y97.851 E.08772
G1 X130.067 Y98.261 E.01717
G1 X128.914 Y97.109 E.05903
G1 E-.728 F1800
;WIPE_START
G1 F30000
G1 X129.763 Y97.957 E-.072
;WIPE_END
G1 X137.002 Y95.538 Z.6
G1 X138.503 Y95.036 Z.6
G1 Z.2
G1 E.8 F1800
G1 F6300
G1 X138.759 Y95.292 E.01313
G1 X138.76 Y95.94 E.02347
G1 X137.803 Y94.983 E.04901
G1 E-.728 F1800
;WIPE_START
G1 F30000
G1 X138.651 Y95.832 E-.072
;WIPE_END
G1 X132.036 Y92.024 Z.6
G1 X127.964 Y89.68 Z.6
G1 Z.2
G1 E.8 F1800
G1 F6300
G1 X127.526 Y89.241 E.02246
G1 X126.878 Y89.241 E.02346
G1 X127.759 Y90.122 E.04511
G1 X127.759 Y90.77 E.02346
G1 X126.23 Y89.241 E.07829
G1 X125.582 Y89.241 E.02346
G1 X127.759 Y91.418 E.11146
G1 X127.759 Y92.066 E.02346
G1 X124.934 Y89.241 E.14464
G1 X124.286 Y89.241 E.02346
G1 X127.759 Y92.714 E.17782
G1 X127.759 Y93.362 E.02346
G1 X123.638 Y89.241 E.211
G1 X122.991 Y89.241 E.02346
G1 X127.759 Y94.009 E.24418
G1 X127.759 Y94.657 E.02346
G1 X122.343 Y89.241 E.27735
G1 X122.241 Y89.241 E.00367
G1 X122.241 Y89.788 E.01979
G1 X126.912 Y94.459 E.2392
G1 X126.264 Y94.459 E.02346
G1 X122.241 Y90.436 E.20602
G1 X122.241 Y91.084 E.02346
G1 X125.616 Y94.459 E.17284
G1 X124.969 Y94.459 E.02346
G1 X122.241 Y91.731 E.13967
G1 X122.241 Y92.379 E.02346
G1 X124.321 Y94.459 E.10649
G1 X123.673 Y94.459 E.02346
G1 X122.241 Y93.027 E.07331
G1 X122.241 Y93.675 E.02346
G1 X123.025 Y94.459 E.04013
G1 X122.378 Y94.459 E.02344
G1 X122.036 Y94.117 E.01752
G1 E-.728 F1800
;WIPE_START
G1 F30000
G1 X122.378 Y94.459 E-.02903
G1 X123.025 Y94.459 E-.03883
G1 X122.976 Y94.41 E-.00414
;WIPE_END
G1 X121.658 Y95.036 Z.6
G1 Z.2
G1 E.8 F1800
G1 F6300
G1 X121.903 Y95.281 E.01256
G1 X121.666 Y95.692 E.01717
G1 X121.216 Y95.241 E.02306
G1 X120.568 Y95.241 E.02346
G1 X121.429 Y96.102 E.04409
G1 X121.192 Y96.513 E.01717
G1 X119.92 Y95.241 E.06513
G1 X119.272 Y95.241 E.02346
G1 X120.955 Y96.924 E.08616
G1 X120.718 Y97.335 E.01717
G1 X118.625 Y95.241 E.10719
G1 X117.977 Y95.241 E.02346
G1 X120.481 Y97.745 E.12823
G1 X120.243 Y98.156 E.01717
G1 X118.818 Y96.731 E.07299
G1 X119.703 Y98.264 E.0641
G1 X120.157 Y98.717 E.02323
G1 E-.728 F1800
;WIPE_START
G1 F30000
G1 X119.703 Y98.264 E-.0385
G1 X119.424 Y97.78 E-.0335
;WIPE_END
G1 X119.617 Y99.474 Z.6
G1 Z.2
G1 E.8 F1800
G1 F6300
G1 X120.593 Y100.449 E.04994
G1 X121.478 Y101.982 E.06409
G1 X119.531 Y100.035 E.09969
G1 X119.294 Y100.446 E.01717
G1 X121.607 Y102.759 E.11845
G1 X120.959 Y102.759 E.02346
G1 X119.057 Y100.856 E.09742
G1 X118.819 Y101.267 E.01717
G1 X120.311 Y102.759 E.07638
G1 X119.663 Y102.759 E.02346
M73 P14 R23
G1 X118.582 Y101.678 E.05535
G1 X118.345 Y102.089 E.01717
G1 X119.015 Y102.759 E.03432
G1 X118.367 Y102.759 E.02346
G1 X117.957 Y102.349 E.02099
G1 E-.728 F1800
;WIPE_START
G1 F30000
G1 X118.367 Y102.759 E-.03479
G1 X118.988 Y102.759 E-.03721
;WIPE_END
G1 X111.618 Y100.772 Z.6
G1 X111.043 Y100.617 Z.6
G1 Z.2
G1 E.8 F1800
G1 F6300
G1 X109.798 Y99.372 E.06375
G1 X109.561 Y99.783 E.01717
G1 X111.366 Y101.588 E.09244
G1 X112.042 Y102.759 E.04895
G1 X111.889 Y102.759 E.00554
G1 X109.324 Y100.194 E.13135
G1 X109.087 Y100.605 E.01717
G1 X111.241 Y102.759 E.11032
G1 X110.593 Y102.759 E.02346
G1 X108.849 Y101.015 E.08928
G1 X108.612 Y101.426 E.01717
G1 X109.945 Y102.759 E.06825
G1 X109.297 Y102.759 E.02346
G1 X108.375 Y101.837 E.04722
G1 X108.138 Y102.247 E.01717
G1 X108.649 Y102.759 E.02618
G1 X108.001 Y102.759 E.02346
G1 X107.75 Y102.508 E.01286
G1 E-.728 F1800
;WIPE_START
G1 F30000
G1 X108.001 Y102.759 E-.02131
G1 X108.649 Y102.759 E-.03887
G1 X108.51 Y102.619 E-.01182
;WIPE_END
G1 X111.956 Y95.809 Z.6
G1 X111.993 Y95.737 Z.6
G1 Z.2
G1 E.8 F1800
G1 F6300
G1 X111.498 Y95.241 E.02537
G1 X110.85 Y95.241 E.02346
G1 X111.606 Y95.997 E.03869
G1 X111.368 Y96.408 E.01717
G1 X110.202 Y95.241 E.05972
G1 X109.554 Y95.241 E.02346
G1 X111.131 Y96.818 E.08076
G1 X110.894 Y97.229 E.01717
G1 X108.906 Y95.241 E.10179
G1 X108.258 Y95.241 E.02346
G1 X110.657 Y97.64 E.12283
G1 X110.42 Y98.051 E.01717
G1 X108.16 Y95.791 E.11573
G1 X109.045 Y97.324 E.06409
G1 X110.183 Y98.461 E.05826
G1 X109.946 Y98.872 E.01717
G1 X109.368 Y98.295 E.02957
G1 E-.728 F1800
;WIPE_START
G1 F30000
G1 X109.946 Y98.872 E-.049
G1 X110.137 Y98.54 E-.023
;WIPE_END
G1 X115.309 Y92.927 Z.6
G1 X117.964 Y90.046 Z.6
G1 Z.2
G1 E.8 F1800
G1 F6300
G1 X117.16 Y89.241 E.04121
G1 X116.512 Y89.241 E.02346
G1 X117.759 Y90.488 E.06385
G1 X117.759 Y91.136 E.02346
G1 X115.864 Y89.241 E.09703
G1 X115.216 Y89.241 E.02346
G1 X117.759 Y91.784 E.13021
G1 X117.759 Y92.432 E.02346
G1 X114.568 Y89.241 E.16339
G1 X113.92 Y89.241 E.02346
G1 X117.759 Y93.08 E.19657
G1 X117.759 Y93.728 E.02346
G1 X113.272 Y89.241 E.22974
G1 X112.625 Y89.241 E.02346
G1 X117.759 Y94.375 E.26292
G1 X117.759 Y94.896 E.01884
G1 X117.564 Y94.559 E.01409
G1 X117.294 Y94.559 E.00978
G1 X112.241 Y89.506 E.25875
G1 X112.241 Y90.154 E.02346
G1 X116.646 Y94.559 E.22557
G1 X115.998 Y94.559 E.02346
G1 X112.241 Y90.802 E.1924
G1 X112.241 Y91.45 E.02346
G1 X115.35 Y94.559 E.15922
G1 X114.703 Y94.559 E.02346
G1 X112.241 Y92.097 E.12604
G1 X112.241 Y92.745 E.02346
G1 X114.055 Y94.559 E.09286
G1 X113.407 Y94.559 E.02346
G1 X112.241 Y93.393 E.05969
G1 X112.241 Y94.041 E.02346
G1 X112.759 Y94.559 E.02651
G1 X112.436 Y94.559 E.0117
G1 X112.317 Y94.765 E.00861
G1 X112.036 Y94.483 E.01441
G1 E-.728 F1800
;WIPE_START
G1 F30000
G1 X112.317 Y94.765 E-.02387
G1 X112.436 Y94.559 E-.01427
G1 X112.759 Y94.559 E-.01939
G1 X112.588 Y94.388 E-.01448
;WIPE_END
G1 X107.964 Y89.764 Z.6
G1 Z.2
G1 E.8 F1800
G1 F6300
G1 X107.442 Y89.241 E.02678
G1 X106.794 Y89.241 E.02346
G1 X107.759 Y90.206 E.04942
G1 X107.759 Y90.854 E.02346
G1 X106.146 Y89.241 E.0826
G1 X105.498 Y89.241 E.02346
G1 X107.759 Y91.502 E.11578
G1 X107.759 Y92.15 E.02346
G1 X104.85 Y89.241 E.14896
G1 X104.202 Y89.241 E.02346
G1 X107.759 Y92.798 E.18213
G1 X107.759 Y93.446 E.02346
G1 X103.554 Y89.241 E.21531
G1 X102.906 Y89.241 E.02346
G1 X107.759 Y94.094 E.24849
G1 X107.759 Y94.742 E.02346
G1 X102.258 Y89.241 E.28167
G1 X102.241 Y89.241 E.00062
G1 X102.241 Y89.872 E.02284
G1 X107.028 Y94.659 E.24513
G1 X106.38 Y94.659 E.02346
G1 X102.241 Y90.52 E.21195
G1 X102.241 Y91.168 E.02346
G1 X105.732 Y94.659 E.17877
G1 X105.084 Y94.659 E.02346
G1 X102.241 Y91.816 E.14559
G1 X102.241 Y92.464 E.02346
G1 X104.437 Y94.659 E.11242
G1 X103.789 Y94.659 E.02346
G1 X102.241 Y93.111 E.07924
G1 X102.241 Y93.759 E.02346
G1 X103.141 Y94.659 E.04606
G1 X102.493 Y94.659 E.02344
G1 X102.241 Y94.407 E.01291
G1 X102.241 Y95.055 E.02346
G1 X102.407 Y95.22 E.00847
G1 E-.728 F1800
;WIPE_START
G1 F30000
G1 X102.241 Y95.055 E-.01404
G1 X102.241 Y94.407 E-.03887
G1 X102.466 Y94.632 E-.01909
;WIPE_END
G1 X101.574 Y95.036 Z.6
G1 Z.2
G1 E.8 F1800
G1 F6300
G1 X102.019 Y95.481 E.02279
G1 X101.782 Y95.891 E.01717
G1 X101.132 Y95.241 E.03329
G1 X100.484 Y95.241 E.02346
G1 X101.545 Y96.302 E.05432
G1 X101.308 Y96.713 E.01717
G1 X99.836 Y95.241 E.07536
G1 X99.188 Y95.241 E.02346
G1 X101.07 Y97.124 E.09639
G1 X100.833 Y97.534 E.01717
G1 X98.54 Y95.241 E.11743
G1 X97.892 Y95.241 E.02346
G1 X100.596 Y97.945 E.13846
G1 X100.359 Y98.356 E.01717
G1 X98.523 Y96.52 E.094
G1 X99.408 Y98.053 E.06409
G1 X100.122 Y98.767 E.03654
G1 X99.987 Y99 E.00976
G1 X100.369 Y99.662 E.02766
G1 X99.865 Y99.157 E.02584
G1 X99.627 Y99.568 E.01717
G1 X101.254 Y101.194 E.0833
G1 X102.139 Y102.727 E.06409
G1 X99.39 Y99.978 E.14077
G1 X99.153 Y100.389 E.01717
G1 X101.523 Y102.759 E.12134
G1 X100.875 Y102.759 E.02346
G1 X98.916 Y100.8 E.10031
G1 X98.679 Y101.211 E.01717
G1 X100.227 Y102.759 E.07927
G1 X99.579 Y102.759 E.02346
G1 X98.442 Y101.621 E.05824
G1 X98.205 Y102.032 E.01717
G1 X98.931 Y102.759 E.03721
G1 X98.283 Y102.759 E.02346
G1 X97.817 Y102.292 E.02388
G1 E-.728 F1800
;WIPE_START
G1 F30000
G1 X98.283 Y102.759 E-.03957
G1 X98.824 Y102.759 E-.03243
;WIPE_END
G1 X93.73 Y97.075 Z.6
G1 X92.309 Y95.489 Z.6
G1 Z.2
G1 E.8 F1800
G1 F6300
G1 X92.062 Y95.241 E.01269
G1 X91.414 Y95.241 E.02346
G1 X91.922 Y95.749 E.02601
G1 X91.685 Y96.16 E.01717
G1 X90.766 Y95.241 E.04705
G1 X90.118 Y95.241 E.02346
G1 X91.447 Y96.571 E.06808
G1 X91.21 Y96.982 E.01717
G1 X89.47 Y95.241 E.08912
G1 X88.822 Y95.241 E.02346
G1 X91.124 Y97.543 E.11786
G1 E-.728 F1800
;WIPE_START
G1 F30000
G1 X90.275 Y96.694 E-.072
;WIPE_END
G1 X87.964 Y89.848 Z.6
G1 Z.2
G1 E.8 F1800
G1 F6300
G1 X87.357 Y89.241 E.03109
G1 X86.709 Y89.241 E.02346
G1 X87.759 Y90.291 E.05373
G1 X87.759 Y90.938 E.02346
G1 X86.062 Y89.241 E.08691
G1 X85.414 Y89.241 E.02346
G1 X87.759 Y91.586 E.12009
G1 X87.759 Y92.234 E.02346
G1 X84.766 Y89.241 E.15327
G1 X84.118 Y89.241 E.02346
G1 X87.759 Y92.882 E.18645
G1 X87.759 Y93.53 E.02346
M73 P15 R23
G1 X83.47 Y89.241 E.21962
G1 X82.822 Y89.241 E.02346
G1 X87.964 Y94.384 E.26334
G1 E-.728 F1800
;WIPE_START
G1 F30000
G1 X87.116 Y93.535 E-.072
;WIPE_END
G1 X90.887 Y97.954 Z.6
G1 Z.2
G1 E.8 F1800
G1 F6300
G1 X88.174 Y95.241 E.13889
G1 X87.759 Y95.241 E.01505
G1 X87.759 Y94.826 E.01505
G1 X82.241 Y89.308 E.28255
G1 X82.241 Y89.956 E.02346
M73 P15 R22
G1 X87.044 Y94.759 E.24594
G1 X87.449 Y94.759 E.01466
G1 X88.002 Y95.717 E.04006
G1 X90.499 Y98.214 E.12787
G1 X90.262 Y98.624 E.01717
G1 X88.887 Y97.25 E.0704
G1 X89.772 Y98.783 E.0641
G1 X90.121 Y99.131 E.01786
G1 X91.006 Y100.664 E.06409
G1 X89.694 Y99.352 E.06718
G1 X89.457 Y99.763 E.01717
G1 X91.891 Y102.197 E.12464
G1 X92.215 Y102.759 E.02348
G1 X91.804 Y102.759 E.01487
G1 X89.22 Y100.174 E.13237
G1 X88.983 Y100.585 E.01717
G1 X91.157 Y102.759 E.11133
G1 X90.509 Y102.759 E.02346
G1 X88.745 Y100.995 E.0903
G1 X88.508 Y101.406 E.01717
G1 X89.861 Y102.759 E.06926
G1 X89.213 Y102.759 E.02346
G1 X88.271 Y101.817 E.04823
G1 X88.034 Y102.228 E.01717
G1 X88.565 Y102.759 E.0272
G1 X87.917 Y102.759 E.02346
G1 X87.646 Y102.488 E.01387
G1 E-.728 F1800
;WIPE_START
G1 F30000
G1 X87.917 Y102.759 E-.02299
G1 X88.565 Y102.759 E-.03887
G1 X88.446 Y102.639 E-.01014
;WIPE_END
G1 X86.663 Y95.218 Z.6
G1 X86.602 Y94.964 Z.6
G1 Z.2
G1 E.8 F1800
G1 F6300
G1 X82.241 Y90.604 E.22329
G1 X82.241 Y91.252 E.02346
G1 X85.748 Y94.759 E.17958
G1 X85.1 Y94.759 E.02346
G1 X82.241 Y91.9 E.1464
G1 X82.241 Y92.548 E.02346
G1 X84.452 Y94.759 E.11322
G1 X83.804 Y94.759 E.02346
G1 X82.241 Y93.196 E.08005
G1 X82.241 Y93.843 E.02346
G1 X83.157 Y94.759 E.04687
G1 X82.551 Y94.759 E.02192
G1 X82.536 Y94.786 E.00113
G1 X82.241 Y94.491 E.01508
G1 X82.241 Y95.139 E.02346
G1 X82.299 Y95.196 E.00293
G1 X82.061 Y95.607 E.01717
G1 X81.695 Y95.241 E.01874
G1 X81.241 Y95.241 E.01645
G1 X81.241 Y95.435 E.00701
G1 X81.824 Y96.018 E.02985
G1 X81.587 Y96.429 E.01717
G1 X81.241 Y96.083 E.01771
G1 X81.241 Y96.731 E.02346
G1 X81.501 Y96.99 E.01328
G1 E-.728 F1800
;WIPE_START
G1 F30000
G1 X81.241 Y96.731 E-.022
G1 X81.241 Y96.083 E-.03887
G1 X81.372 Y96.214 E-.01113
;WIPE_END
G1 X88.347 Y93.113 Z.6
G1 X97.518 Y89.036 Z.6
G1 Z.2
G1 E.8 F1800
G1 F6300
G1 X97.759 Y89.277 E.01234
G1 X97.759 Y89.925 E.02346
G1 X97.075 Y89.241 E.03499
G1 X96.428 Y89.241 E.02346
G1 X97.759 Y90.572 E.06817
G1 X97.759 Y91.22 E.02346
G1 X95.78 Y89.241 E.10135
G1 X95.132 Y89.241 E.02346
G1 X97.759 Y91.868 E.13452
G1 X97.759 Y92.516 E.02346
G1 X94.484 Y89.241 E.1677
G1 X93.836 Y89.241 E.02346
G1 X97.759 Y93.164 E.20088
G1 X97.759 Y93.812 E.02346
G1 X93.188 Y89.241 E.23406
G1 X92.54 Y89.241 E.02346
G1 X97.759 Y94.46 E.26723
G1 X97.759 Y95.108 E.02346
G1 X92.241 Y89.59 E.28255
G1 X92.241 Y90.238 E.02346
G1 X96.712 Y94.709 E.22894
G1 X96.064 Y94.709 E.02346
G1 X92.241 Y90.886 E.19577
G1 X92.241 Y91.534 E.02346
G1 X95.416 Y94.709 E.16259
G1 X94.768 Y94.709 E.02346
G1 X92.241 Y92.182 E.12941
G1 X92.241 Y92.83 E.02346
G1 X94.12 Y94.709 E.09623
G1 X93.473 Y94.709 E.02346
G1 X92.241 Y93.477 E.06305
G1 X92.241 Y94.125 E.02346
G1 X92.825 Y94.709 E.02988
G1 X92.522 Y94.709 E.01095
G1 X92.396 Y94.928 E.00916
G1 X92.036 Y94.567 E.01845
G1 E-.728 F1800
;WIPE_START
G1 F30000
G1 X92.396 Y94.928 E-.03057
G1 X92.522 Y94.709 E-.01518
G1 X92.825 Y94.709 E-.01814
G1 X92.729 Y94.613 E-.00811
;WIPE_END
G1 X88.757 Y97.061 Z.6
G1 Z.2
G1 E.8 F1800
;TYPE:Gap infill
;WIDTH:0.351494
G1 F6300
G1 X88.63 Y96.895 E.0051
;WIDTH:0.305362
G1 X88.502 Y96.729 E.00433
;WIDTH:0.259231
G1 X88.375 Y96.564 E.00357
;WIDTH:0.213099
G1 X88.248 Y96.398 E.00281
;WIDTH:0.166968
G1 X88.121 Y96.232 E.00205
;WIDTH:0.143902
G1 X87.994 Y96.066 E.00167
G1 E-.78746 F1800
;WIPE_START
G1 F30000
G1 X88.121 Y96.232 E-.01254
;WIPE_END
G1 X91.899 Y101.848 Z.6
G1 Z.2
G1 E.8 F1800
;WIDTH:0.120836
G1 F6300
G1 X91.772 Y101.682 E.00129
;WIDTH:0.166967
G1 X91.645 Y101.516 E.00205
;WIDTH:0.213099
G1 X91.517 Y101.35 E.00281
;WIDTH:0.25923
G1 X91.39 Y101.185 E.00357
;WIDTH:0.305361
G1 X91.263 Y101.019 E.00433
;WIDTH:0.328427
G1 X91.136 Y100.853 E.00471
G1 E-.78746 F1800
;WIPE_START
G1 F30000
G1 X91.263 Y101.019 E-.01254
;WIPE_END
G1 X97.641 Y96.826 Z.6
G1 X98.393 Y96.331 Z.6
G1 Z.2
G1 E.8 F1800
;WIDTH:0.35269
G1 F6300
G1 X98.275 Y96.176 E.00478
;WIDTH:0.308956
G1 X98.156 Y96.022 E.0041
;WIDTH:0.265223
G1 X98.037 Y95.867 E.00343
;WIDTH:0.221489
G1 X97.918 Y95.712 E.00275
;WIDTH:0.177755
G1 X97.799 Y95.557 E.00208
;WIDTH:0.134021
G1 X97.68 Y95.402 E.00141
;WIDTH:0.112156
G1 X97.63 Y95.337 E.00045
G1 E-.79505 F1800
;WIPE_START
G1 F30000
G1 X97.68 Y95.402 E-.00495
;WIPE_END
G1 X101.262 Y100.845 Z.6
G1 Z.2
G1 E.8 F1800
;WIDTH:0.116668
G1 F6300
G1 X101.169 Y100.723 E.0009
;WIDTH:0.154464
G1 X101.075 Y100.601 E.00136
;WIDTH:0.19226
G1 X100.981 Y100.479 E.00182
;WIDTH:0.231582
G1 X100.861 Y100.322 E.00295
;WIDTH:0.272432
G1 X100.74 Y100.165 E.00359
;WIDTH:0.313283
G1 X100.62 Y100.007 E.00423
;WIDTH:0.333708
G1 X100.499 Y99.85 E.00455
G1 E-.78812 F1800
;WIPE_START
G1 F30000
G1 X100.62 Y100.007 E-.01188
;WIPE_END
G1 X108.115 Y98.57 Z.6
G1 X118.688 Y96.542 Z.6
G1 Z.2
G1 E.8 F1800
;WIDTH:0.351494
G1 F6300
G1 X118.561 Y96.376 E.0051
;WIDTH:0.305362
G1 X118.434 Y96.21 E.00433
;WIDTH:0.259231
G1 X118.307 Y96.045 E.00357
;WIDTH:0.213099
G1 X118.179 Y95.879 E.00281
;WIDTH:0.166968
G1 X118.052 Y95.713 E.00205
;WIDTH:0.143902
G1 X117.925 Y95.547 E.00167
G1 E-.78746 F1800
;WIPE_START
G1 F30000
G1 X118.052 Y95.713 E-.01254
;WIPE_END
G1 X125.487 Y97.438 Z.6
G1 X130.155 Y98.52 Z.6
G1 Z.2
G1 E.8 F1800
;WIDTH:0.253711
G1 F6300
G1 X130.049 Y98.574 E.00198
;WIDTH:0.288775
G1 X129.942 Y98.627 E.00231
G1 X129.902 Y98.586 E.00111
;WIDTH:0.254393
G1 X129.794 Y98.445 E.00298
;WIDTH:0.209644
G1 X129.685 Y98.303 E.00235
;WIDTH:0.164894
G1 X129.577 Y98.162 E.00172
;WIDTH:0.14252
G1 X129.468 Y98.02 E.0014
G1 E-.7893 F1800
;WIPE_START
G1 F30000
G1 X129.577 Y98.162 E-.0107
;WIPE_END
G1 X122.116 Y99.772 Z.6
G1 X120.601 Y100.099 Z.6
G1 Z.2
G1 E.8 F1800
;WIDTH:0.120707
G1 F6300
G1 X120.473 Y99.933 E.00129
;WIDTH:0.166579
G1 X120.345 Y99.766 E.00205
;WIDTH:0.212452
G1 X120.217 Y99.599 E.00281
;WIDTH:0.258325
G1 X120.089 Y99.433 E.00358
;WIDTH:0.304197
G1 X119.961 Y99.266 E.00434
;WIDTH:0.327133
G1 X119.834 Y99.099 E.00472
G1 E-.7874 F1800
;WIPE_START
G1 F30000
G1 X119.961 Y99.266 E-.0126
;WIPE_END
G1 X112.363 Y99.988 Z.6
G1 X82.547 Y102.822 Z.6
G1 Z.2
G1 E.8 F1800
;TYPE:Bottom surface
;WIDTH:0.523581
G1 F6300
G1 X81.241 Y101.516 E.07013
G1 X81.241 Y102.196 E.02583
G1 X82.009 Y102.964 E.04127
G1 E-.728 F1800
;WIPE_START
G1 F30000
G1 X81.241 Y102.196 E-.06518
G1 X81.241 Y102.083 E-.00682
;WIPE_END
G1 X81.971 Y101.873 Z.6
G1 Z.2
G1 E.8 F1800
;TYPE:Gap infill
;WIDTH:0.121499
G1 F6300
G1 X81.857 Y101.724 E.00116
;WIDTH:0.168955
G1 X81.743 Y101.575 E.00187
;WIDTH:0.216411
G1 X81.629 Y101.427 E.00257
;WIDTH:0.263868
G1 X81.515 Y101.278 E.00327
;WIDTH:0.311324
G1 X81.401 Y101.13 E.00397
;WIDTH:0.359108
G1 X81.352 Y101.093 E.00153
;WIDTH:0.407217
G1 X81.303 Y101.056 E.00177
;WIDTH:0.472481
G1 X81.254 Y101.019 E.00208
G1 X81.036 Y101.313 E.01244
G1 E-.77435 F1800
;WIPE_START
G1 F30000
G1 X81.254 Y101.019 E-.02197
G1 X81.303 Y101.056 E-.00368
;WIPE_END
G1 X80.734 Y99.541 Z.6
G1 Z.2
G1 E.8 F1800
;WIDTH:0.353008
G1 F6300
G1 X80.734 Y98.459 E.02654
G1 E-.73503 F1800
;WIPE_START
G1 F30000
G1 X80.734 Y99.541 E-.06497
;WIPE_END
G1 X82.301 Y107.011 Z.6
G1 X89.576 Y141.68 Z.6
G1 Z.2
G1 E.8 F1800
;TYPE:Bottom surface
;WIDTH:0.521094
G1 F6300
G1 X90.279 Y142.383 E.03758
G1 X90.259 Y143.04 E.02483
G1 X89.725 Y142.506 E.02853
G1 X89.741 Y143.198 E.02616
G1 X90.259 Y143.716 E.02769
G1 X90.259 Y144.392 E.02556
G1 X89.741 Y143.874 E.02769
G1 X89.741 Y144.55 E.02556
G1 X90.259 Y145.069 E.02769
G1 X90.259 Y145.745 E.02556
G1 X89.741 Y145.227 E.02769
G1 X89.741 Y145.903 E.02556
G1 X90.259 Y146.421 E.02769
G1 X90.259 Y147.097 E.02556
G1 X89.741 Y146.579 E.02769
G1 X89.741 Y147.255 E.02556
M73 P16 R22
G1 X90.259 Y147.773 E.02769
G1 X90.259 Y148.45 E.02556
G1 X89.741 Y147.932 E.02769
G1 X89.741 Y148.608 E.02556
G1 X90.259 Y149.126 E.02769
G1 X90.259 Y149.802 E.02556
G1 X89.741 Y149.284 E.02769
G1 X89.741 Y149.96 E.02556
G1 X90.275 Y150.494 E.02853
G1 X90.296 Y151.106 E.02315
G1 X90.209 Y151.104 E.00329
G1 X89.522 Y150.418 E.03671
G1 E-.728 F1800
;WIPE_START
G1 F30000
G1 X90.209 Y151.104 E-.05827
G1 X90.296 Y151.106 E-.00523
G1 X90.291 Y150.965 E-.0085
;WIPE_END
G1 X97.096 Y147.509 Z.6
G1 X108.576 Y141.68 Z.6
G1 Z.2
G1 E.8 F1800
G1 F6300
G1 X109.279 Y142.383 E.03758
G1 X109.259 Y143.04 E.02483
G1 X108.725 Y142.506 E.02853
G1 X108.741 Y143.198 E.02616
G1 X109.259 Y143.716 E.02769
G1 X109.259 Y144.392 E.02556
G1 X108.741 Y143.874 E.02769
G1 X108.741 Y144.55 E.02556
G1 X109.259 Y145.069 E.02769
G1 X109.259 Y145.745 E.02556
G1 X108.741 Y145.227 E.02769
G1 X108.741 Y145.903 E.02556
G1 X109.259 Y146.421 E.02769
G1 X109.259 Y147.097 E.02556
G1 X108.741 Y146.579 E.02769
G1 X108.741 Y147.255 E.02556
G1 X109.259 Y147.773 E.02769
G1 X109.259 Y148.45 E.02556
G1 X108.741 Y147.932 E.02769
G1 X108.741 Y148.608 E.02556
G1 X109.259 Y149.126 E.02769
G1 X109.259 Y149.802 E.02556
G1 X108.741 Y149.284 E.02769
G1 X108.741 Y149.96 E.02556
G1 X109.275 Y150.494 E.02853
G1 X109.296 Y151.106 E.02315
G1 X109.209 Y151.104 E.00329
G1 X108.522 Y150.418 E.03671
G1 E-.728 F1800
;WIPE_START
G1 F30000
G1 X109.209 Y151.104 E-.05827
G1 X109.296 Y151.106 E-.00523
G1 X109.291 Y150.965 E-.0085
;WIPE_END
G1 X116.285 Y147.909 Z.6
G1 X128.478 Y142.582 Z.6
G1 Z.2
G1 E.8 F1800
G1 F6300
G1 X127.791 Y141.896 E.03672
G1 X127.704 Y141.894 E.00329
G1 X127.725 Y142.506 E.02316
G1 X128.259 Y143.04 E.02853
G1 X128.259 Y143.716 E.02556
G1 X127.741 Y143.198 E.02769
G1 X127.741 Y143.874 E.02556
G1 X128.259 Y144.392 E.02769
G1 X128.259 Y145.069 E.02556
G1 X127.741 Y144.55 E.02769
G1 X127.741 Y145.227 E.02556
G1 X128.259 Y145.745 E.02769
G1 X128.259 Y146.421 E.02556
G1 X127.741 Y145.903 E.02769
G1 X127.741 Y146.579 E.02556
G1 X128.259 Y147.097 E.02769
G1 X128.259 Y147.773 E.02556
G1 X127.741 Y147.255 E.02769
G1 X127.741 Y147.932 E.02556
G1 X128.259 Y148.45 E.02769
G1 X128.259 Y149.126 E.02556
G1 X127.741 Y148.608 E.02769
G1 X127.741 Y149.284 E.02556
G1 X128.259 Y149.802 E.02769
G1 X128.275 Y150.494 E.02616
G1 X127.741 Y149.96 E.02853
G1 X127.721 Y150.617 E.02483
G1 X128.424 Y151.32 E.03757
G1 E-.728 F1800
;WIPE_START
G1 F30000
G1 X127.721 Y150.617 E-.05965
G1 X127.727 Y150.411 E-.01235
;WIPE_END
G1 X134.823 Y147.599 Z.6
G1 X147.478 Y142.582 Z.6
G1 Z.2
G1 E.8 F1800
G1 F6300
G1 X146.791 Y141.896 E.03672
G1 X146.704 Y141.894 E.00329
G1 X146.725 Y142.506 E.02316
G1 X147.259 Y143.04 E.02853
G1 X147.259 Y143.716 E.02556
G1 X146.741 Y143.198 E.02769
G1 X146.741 Y143.874 E.02556
G1 X147.259 Y144.392 E.02769
G1 X147.259 Y145.069 E.02556
G1 X146.741 Y144.55 E.02769
G1 X146.741 Y145.227 E.02556
G1 X147.259 Y145.745 E.02769
G1 X147.259 Y146.421 E.02556
G1 X146.741 Y145.903 E.02769
G1 X146.741 Y146.579 E.02556
G1 X147.259 Y147.097 E.02769
G1 X147.259 Y147.773 E.02556
G1 X146.741 Y147.255 E.02769
G1 X146.741 Y147.932 E.02556
G1 X147.259 Y148.45 E.02769
G1 X147.259 Y149.126 E.02556
G1 X146.741 Y148.608 E.02769
G1 X146.741 Y149.284 E.02556
G1 X147.259 Y149.802 E.02769
G1 X147.275 Y150.494 E.02616
G1 X146.741 Y149.96 E.02853
G1 X146.721 Y150.617 E.02483
G1 X147.424 Y151.32 E.03757
G1 E-.728 F1800
;WIPE_START
G1 F30000
G1 X146.721 Y150.617 E-.05965
G1 X146.727 Y150.411 E-.01235
;WIPE_END
G1 X153.823 Y147.599 Z.6
G1 X166.478 Y142.582 Z.6
G1 Z.2
G1 E.8 F1800
G1 F6300
G1 X165.791 Y141.896 E.03672
G1 X165.704 Y141.894 E.00329
G1 X165.725 Y142.506 E.02316
G1 X166.259 Y143.04 E.02853
G1 X166.259 Y143.716 E.02556
G1 X165.741 Y143.198 E.02769
G1 X165.741 Y143.874 E.02556
G1 X166.259 Y144.392 E.02769
G1 X166.259 Y145.069 E.02556
G1 X165.741 Y144.55 E.02769
G1 X165.741 Y145.227 E.02556
G1 X166.259 Y145.745 E.02769
G1 X166.259 Y146.421 E.02556
G1 X165.741 Y145.903 E.02769
G1 X165.741 Y146.579 E.02556
G1 X166.259 Y147.097 E.02769
G1 X166.259 Y147.773 E.02556
G1 X165.741 Y147.255 E.02769
G1 X165.741 Y147.932 E.02556
G1 X166.259 Y148.45 E.02769
G1 X166.259 Y149.126 E.02556
G1 X165.741 Y148.608 E.02769
G1 X165.741 Y149.284 E.02556
G1 X166.259 Y149.802 E.02769
G1 X166.275 Y150.494 E.02616
G1 X165.741 Y149.96 E.02853
G1 X165.721 Y150.617 E.02483
G1 X166.424 Y151.32 E.03757
G1 E-.728 F1800
;WIPE_START
G1 F30000
G1 X165.721 Y150.617 E-.05965
G1 X165.727 Y150.411 E-.01235
;WIPE_END
G1 X166.752 Y142.848 Z.6
G1 X174.038 Y89.036 Z.6
G1 Z.2
G1 E.8 F1800
;WIDTH:0.501062
G1 F6300
G1 X174.759 Y89.756 E.0369
G1 X174.759 Y90.404 E.02346
G1 X173.596 Y89.241 E.05955
G1 X172.948 Y89.241 E.02346
G1 X174.759 Y91.052 E.09273
G1 X174.759 Y91.7 E.02346
G1 X172.3 Y89.241 E.12591
G1 X171.652 Y89.241 E.02346
G1 X174.759 Y92.348 E.15909
G1 X174.759 Y92.759 E.01488
G1 X174.522 Y92.759 E.00858
G1 X171.004 Y89.241 E.18014
G1 X170.356 Y89.241 E.02346
G1 X173.874 Y92.759 E.18014
G1 X173.226 Y92.759 E.02346
G1 X169.708 Y89.241 E.18014
G1 X169.061 Y89.241 E.02346
G1 X172.759 Y92.939 E.18939
G1 X172.759 Y93.587 E.02346
G1 X168.413 Y89.241 E.22257
G1 X167.765 Y89.241 E.02346
G1 X172.759 Y94.235 E.25575
G1 X172.759 Y94.883 E.02346
G1 X171.241 Y93.366 E.07771
G1 X171.241 Y92.759 E.02198
G1 X170.634 Y92.759 E.02198
G1 X167.117 Y89.241 E.18014
G1 X166.469 Y89.241 E.02346
G1 X169.986 Y92.759 E.18014
G1 X169.338 Y92.759 E.02346
G1 X165.821 Y89.241 E.18014
G1 X165.173 Y89.241 E.02346
G1 X168.691 Y92.759 E.18014
G1 X168.043 Y92.759 E.02346
G1 X164.525 Y89.241 E.18014
G1 X163.877 Y89.241 E.02346
G1 X167.395 Y92.759 E.18014
G1 X166.747 Y92.759 E.02346
G1 X163.229 Y89.241 E.18014
G1 X162.581 Y89.241 E.02346
G1 X166.099 Y92.759 E.18014
G1 X165.451 Y92.759 E.02346
G1 X161.934 Y89.241 E.18014
G1 X161.286 Y89.241 E.02346
G1 X164.803 Y92.759 E.18014
G1 X164.155 Y92.759 E.02346
G1 X160.638 Y89.241 E.18014
G1 X159.99 Y89.241 E.02346
G1 X163.507 Y92.759 E.18014
G1 X162.859 Y92.759 E.02346
G1 X159.342 Y89.241 E.18014
G1 X158.694 Y89.241 E.02346
G1 X162.211 Y92.759 E.18014
G1 X161.563 Y92.759 E.02346
G1 X158.046 Y89.241 E.18014
G1 X157.398 Y89.241 E.02346
G1 X160.916 Y92.759 E.18014
G1 X160.268 Y92.759 E.02346
G1 X156.75 Y89.241 E.18014
G1 X156.102 Y89.241 E.02346
G1 X159.62 Y92.759 E.18014
G1 X158.972 Y92.759 E.02346
G1 X155.454 Y89.241 E.18014
G1 X154.807 Y89.241 E.02346
G1 X158.324 Y92.759 E.18014
G1 X157.676 Y92.759 E.02346
G1 X154.159 Y89.241 E.18014
G1 X153.511 Y89.241 E.02346
M73 P17 R22
G1 X157.028 Y92.759 E.18014
G1 X156.38 Y92.759 E.02346
G1 X152.863 Y89.241 E.18014
G1 X152.215 Y89.241 E.02346
G1 X155.732 Y92.759 E.18014
G1 X155.084 Y92.759 E.02346
G1 X151.567 Y89.241 E.18014
G1 X150.919 Y89.241 E.02346
G1 X154.436 Y92.759 E.18014
G1 X153.789 Y92.759 E.02346
G1 X150.271 Y89.241 E.18014
G1 X149.623 Y89.241 E.02346
G1 X153.141 Y92.759 E.18014
G1 X152.493 Y92.759 E.02346
G1 X148.975 Y89.241 E.18014
G1 X148.327 Y89.241 E.02346
G1 X151.845 Y92.759 E.18014
G1 X151.197 Y92.759 E.02346
G1 X147.68 Y89.241 E.18014
G1 X147.032 Y89.241 E.02346
G1 X150.549 Y92.759 E.18014
G1 X149.901 Y92.759 E.02346
G1 X146.384 Y89.241 E.18014
G1 X145.736 Y89.241 E.02346
G1 X149.253 Y92.759 E.18014
G1 X148.605 Y92.759 E.02346
G1 X145.088 Y89.241 E.18014
G1 X144.44 Y89.241 E.02346
G1 X147.957 Y92.759 E.18014
G1 X147.309 Y92.759 E.02346
G1 X143.792 Y89.241 E.18014
G1 X143.241 Y89.241 E.01994
G1 X143.241 Y89.338 E.00352
G1 X146.662 Y92.759 E.17516
G1 X146.014 Y92.759 E.02346
G1 X143.241 Y89.986 E.14198
G1 X143.241 Y90.241 E.00923
G1 X142.848 Y90.241 E.01423
G1 X145.366 Y92.759 E.12892
G1 X144.718 Y92.759 E.02346
G1 X142.2 Y90.241 E.12892
G1 X141.552 Y90.241 E.02346
G1 X144.07 Y92.759 E.12892
G1 X143.422 Y92.759 E.02346
G1 X143.036 Y92.372 E.01979
G1 X142.628 Y91.964 F30000
G1 F6300
G1 X140.905 Y90.241 E.08824
G1 X140.741 Y90.241 E.00591
G1 X140.741 Y90.726 E.01755
G1 X141.774 Y91.759 E.05289
G1 X141.126 Y91.759 E.02346
G1 X140.536 Y91.168 E.03024
G1 E-.728 F1800
;WIPE_START
G1 F30000
G1 X141.126 Y91.759 E-.05011
G1 X141.491 Y91.759 E-.02189
;WIPE_END
G1 X149.105 Y92.287 Z.6
G1 X171.036 Y93.808 Z.6
G1 Z.2
G1 E.8 F1800
G1 F6300
G1 X172.759 Y95.531 E.08824
G1 X172.759 Y96.179 E.02346
G1 X171.241 Y94.662 E.07771
G1 X171.241 Y95.309 E.02346
G1 X172.759 Y96.827 E.07771
G1 X172.759 Y97.475 E.02346
G1 X171.241 Y95.957 E.07771
G1 X171.241 Y96.605 E.02346
G1 X172.759 Y98.123 E.07771
G1 X172.759 Y98.771 E.02346
G1 X171.241 Y97.253 E.07771
G1 X171.241 Y97.901 E.02346
G1 X172.759 Y99.419 E.07771
G1 X172.759 Y100.066 E.02346
G1 X171.241 Y98.549 E.07771
G1 X171.241 Y99.197 E.02346
G1 X172.759 Y100.714 E.07771
G1 X172.759 Y101.362 E.02346
G1 X171.241 Y99.845 E.07771
G1 X171.241 Y100.493 E.02346
G1 X172.759 Y102.01 E.07771
G1 X172.759 Y102.658 E.02346
G1 X171.241 Y101.141 E.07771
G1 X171.241 Y101.789 E.02346
G1 X172.759 Y103.306 E.07771
G1 X172.759 Y103.954 E.02346
G1 X171.241 Y102.437 E.07771
G1 X171.241 Y103.084 E.02346
G1 X172.759 Y104.602 E.07771
G1 X172.759 Y105.25 E.02346
G1 X171.241 Y103.732 E.07771
G1 X171.241 Y104.38 E.02346
G1 X172.759 Y105.898 E.07771
G1 X172.759 Y106.546 E.02346
G1 X171.241 Y105.028 E.07771
G1 X171.241 Y105.676 E.02346
G1 X172.759 Y107.193 E.07771
G1 X172.759 Y107.841 E.02346
G1 X171.241 Y106.324 E.07771
G1 X171.241 Y106.972 E.02346
G1 X172.964 Y108.695 E.08824
G1 E-.728 F1800
;WIPE_START
G1 F30000
G1 X172.116 Y107.846 E-.072
;WIPE_END
G1 X173.953 Y109.036 Z.6
G1 Z.2
G1 E.8 F1800
G1 F6300
G1 X174.759 Y109.841 E.04127
G1 X174.759 Y110.489 E.02346
G1 X173.305 Y109.036 E.07445
G1 E-.728 F1800
;WIPE_START
G1 F30000
G1 X174.154 Y109.884 E-.072
;WIPE_END
G1 X174.964 Y111.343 Z.6
G1 Z.2
G1 E.8 F1800
G1 F6300
G1 X171.241 Y107.62 E.19067
G1 X171.241 Y108.268 E.02346
G1 X174.759 Y111.785 E.18014
G1 X174.759 Y112.433 E.02346
G1 X171.241 Y108.916 E.18014
G1 X171.241 Y109.241 E.01179
G1 X170.919 Y109.241 E.01167
G1 X174.436 Y112.759 E.18014
G1 X173.789 Y112.759 E.02346
G1 X170.271 Y109.241 E.18014
G1 X169.623 Y109.241 E.02346
G1 X173.141 Y112.759 E.18014
G1 X172.759 Y112.759 E.01383
G1 X172.759 Y113.025 E.00963
G1 X168.975 Y109.241 E.19376
G1 X168.327 Y109.241 E.02346
G1 X172.759 Y113.673 E.22694
G1 X172.759 Y114.32 E.02346
G1 X167.68 Y109.241 E.26012
G1 X167.032 Y109.241 E.02346
G1 X172.759 Y114.968 E.2933
G1 X172.759 Y115.616 E.02346
G1 X166.178 Y109.036 E.33701
G1 E-.728 F1800
;WIPE_START
G1 F30000
G1 X167.027 Y109.884 E-.072
;WIPE_END
G1 X172.668 Y115.025 Z.6
G1 X174.326 Y116.536 Z.6
G1 Z.2
G1 E.8 F1800
G1 F6300
G1 X174.759 Y116.968 E.02216
G1 X174.759 Y117.616 E.02346
G1 X173.678 Y116.536 E.05535
G1 E-.728 F1800
;WIPE_START
G1 F30000
G1 X174.527 Y117.384 E-.072
;WIPE_END
G1 X174.964 Y118.47 Z.6
G1 Z.2
G1 E.8 F1800
G1 F6300
G1 X173.236 Y116.741 E.08853
G1 X172.759 Y116.741 E.01728
G1 X172.759 Y116.264 E.01728
G1 X165.736 Y109.241 E.35966
G1 X165.088 Y109.241 E.02346
G1 X168.605 Y112.759 E.18014
G1 X169.241 Y112.759 E.02303
G1 X169.241 Y113.395 E.02303
G1 X174.759 Y118.912 E.28256
G1 X174.759 Y119.56 E.02346
G1 X169.241 Y114.043 E.28256
G1 X169.241 Y114.691 E.02346
G1 X174.759 Y120.208 E.28256
G1 X174.759 Y120.856 E.02346
G1 X169.241 Y115.338 E.28256
G1 X169.241 Y115.986 E.02346
G1 X174.759 Y121.504 E.28256
G1 X174.759 Y122.152 E.02346
G1 X169.241 Y116.634 E.28256
G1 X169.241 Y116.741 E.00388
G1 X168.7 Y116.741 E.01959
G1 X174.759 Y122.8 E.31026
G1 X174.759 Y123.448 E.02346
G1 X168.052 Y116.741 E.34344
G1 X167.405 Y116.741 E.02346
G1 X174.759 Y124.095 E.37662
G1 X174.759 Y124.743 E.02346
M73 P18 R22
G1 X166.757 Y116.741 E.4098
G1 X166.109 Y116.741 E.02346
G1 X174.759 Y125.391 E.44299
G1 X174.759 Y126.039 E.02346
G1 X165.461 Y116.741 E.47617
G1 X165.241 Y116.741 E.00795
G1 X165.241 Y117.17 E.01551
G1 X174.33 Y126.259 E.46547
G1 X173.682 Y126.259 E.02346
G1 X165.241 Y117.818 E.43229
G1 X165.241 Y118.465 E.02346
G1 X173.035 Y126.259 E.39911
G1 X172.759 Y126.259 E.00999
G1 X172.759 Y126.631 E.01347
G1 X165.241 Y119.113 E.38499
G1 X165.241 Y119.761 E.02346
G1 X172.759 Y127.279 E.38499
G1 X172.759 Y127.927 E.02346
G1 X165.241 Y120.409 E.38499
G1 X165.241 Y121.057 E.02346
G1 X170.443 Y126.259 E.26639
G1 X169.795 Y126.259 E.02346
G1 X165.241 Y121.705 E.23321
G1 X165.241 Y122.353 E.02346
G1 X169.147 Y126.259 E.20002
G1 X168.499 Y126.259 E.02346
G1 X165.241 Y123.001 E.16684
G1 X165.241 Y123.649 E.02346
G1 X167.851 Y126.259 E.13366
G1 X167.203 Y126.259 E.02346
G1 X165.241 Y124.297 E.10048
G1 X165.241 Y124.945 E.02346
G1 X166.555 Y126.259 E.0673
G1 X165.908 Y126.259 E.02346
G1 X165.241 Y125.592 E.03412
G1 X165.241 Y126.24 E.02346
G1 X165.465 Y126.464 E.01147
G1 E-.728 F1800
;WIPE_START
G1 F30000
G1 X165.241 Y126.24 E-.01901
G1 X165.241 Y125.592 E-.03887
G1 X165.408 Y125.759 E-.01412
;WIPE_END
G1 X171.036 Y126.851 Z.6
G1 Z.2
G1 E.8 F1800
G1 F6300
G1 X172.759 Y128.575 E.08824
G1 X172.759 Y129.222 E.02346
G1 X171.241 Y127.705 E.07771
G1 X171.241 Y128.353 E.02346
G1 X172.759 Y129.87 E.07771
G1 X172.759 Y130.518 E.02346
G1 X171.036 Y128.795 E.08824
G1 E-.728 F1800
;WIPE_START
G1 F30000
G1 X171.884 Y129.644 E-.072
;WIPE_END
G1 X173.924 Y131.036 Z.6
G1 Z.2
G1 E.8 F1800
G1 F6300
G1 X174.759 Y131.87 E.04275
G1 X174.759 Y132.518 E.02346
G1 X173.276 Y131.036 E.07593
G1 E-.728 F1800
;WIPE_START
G1 F30000
G1 X174.125 Y131.884 E-.072
;WIPE_END
G1 X174.964 Y133.372 Z.6
G1 Z.2
G1 E.8 F1800
G1 F6300
G1 X171.241 Y129.649 E.19067
G1 X171.241 Y130.297 E.02346
G1 X174.759 Y133.814 E.18014
G1 X174.759 Y134.462 E.02346
G1 X171.241 Y130.945 E.18014
G1 X171.241 Y131.241 E.01075
G1 X170.89 Y131.241 E.01272
G1 X174.408 Y134.759 E.18014
G1 X173.76 Y134.759 E.02346
G1 X170.242 Y131.241 E.18014
G1 X169.594 Y131.241 E.02346
G1 X173.112 Y134.759 E.18014
G1 X172.464 Y134.759 E.02346
G1 X168.946 Y131.241 E.18014
G1 X168.298 Y131.241 E.02346
G1 X171.816 Y134.759 E.18014
G1 X171.168 Y134.759 E.02346
G1 X167.651 Y131.241 E.18014
G1 X167.003 Y131.241 E.02346
G1 X170.52 Y134.759 E.18014
G1 X169.872 Y134.759 E.02346
G1 X166.355 Y131.241 E.18014
G1 X165.707 Y131.241 E.02346
G1 X169.224 Y134.759 E.18014
G1 X168.576 Y134.759 E.02346
G1 X165.059 Y131.241 E.18014
G1 X164.411 Y131.241 E.02346
G1 X167.928 Y134.759 E.18014
G1 X167.281 Y134.759 E.02346
G1 X163.763 Y131.241 E.18014
G1 X163.115 Y131.241 E.02346
G1 X166.754 Y134.88 E.18634
G1 X166.757 Y135.531 E.02358
G1 X162.467 Y131.241 E.21968
G1 X161.819 Y131.241 E.02346
G1 X166.76 Y136.182 E.25303
G1 X166.763 Y136.833 E.02358
G1 X165.244 Y135.314 E.0778
G1 X165.247 Y134.759 E.02011
G1 X164.689 Y134.759 E.02021
G1 X161.171 Y131.241 E.18014
G1 X160.524 Y131.241 E.02346
G1 X164.041 Y134.759 E.18014
G1 X163.393 Y134.759 E.02346
G1 X159.876 Y131.241 E.18014
G1 X159.228 Y131.241 E.02346
G1 X162.745 Y134.759 E.18014
G1 X162.097 Y134.759 E.02346
G1 X158.58 Y131.241 E.18014
G1 X157.932 Y131.241 E.02346
G1 X161.449 Y134.759 E.18014
G1 X160.801 Y134.759 E.02346
G1 X157.284 Y131.241 E.18014
G1 X156.636 Y131.241 E.02346
G1 X160.153 Y134.759 E.18014
G1 X159.506 Y134.759 E.02346
G1 X155.988 Y131.241 E.18014
G1 X155.34 Y131.241 E.02346
G1 X158.858 Y134.759 E.18014
G1 X158.21 Y134.759 E.02346
G1 X154.692 Y131.241 E.18014
M73 P18 R21
G1 X154.044 Y131.241 E.02346
G1 X157.562 Y134.759 E.18014
G1 X156.914 Y134.759 E.02346
G1 X153.397 Y131.241 E.18014
G1 X152.749 Y131.241 E.02346
G1 X156.266 Y134.759 E.18014
G1 X155.618 Y134.759 E.02346
G1 X152.101 Y131.241 E.18014
G1 X151.453 Y131.241 E.02346
G1 X154.97 Y134.759 E.18014
G1 X154.322 Y134.759 E.02346
G1 X150.805 Y131.241 E.18014
G1 X150.157 Y131.241 E.02346
G1 X153.674 Y134.759 E.18014
G1 X153.026 Y134.759 E.02346
G1 X149.509 Y131.241 E.18014
G1 X148.861 Y131.241 E.02346
G1 X152.379 Y134.759 E.18014
G1 X151.731 Y134.759 E.02346
G1 X148.213 Y131.241 E.18014
G1 X147.565 Y131.241 E.02346
G1 X151.083 Y134.759 E.18014
G1 X150.435 Y134.759 E.02346
G1 X146.917 Y131.241 E.18014
G1 X146.27 Y131.241 E.02346
G1 X149.787 Y134.759 E.18014
G1 X149.139 Y134.759 E.02346
G1 X145.622 Y131.241 E.18014
G1 X144.974 Y131.241 E.02346
G1 X148.491 Y134.759 E.18014
G1 X147.843 Y134.759 E.02346
G1 X144.326 Y131.241 E.18014
G1 X143.678 Y131.241 E.02346
G1 X147.756 Y135.319 E.20884
G1 X147.759 Y135.97 E.02358
M73 P19 R21
G1 X143.03 Y131.241 E.24219
G1 X142.382 Y131.241 E.02346
G1 X147.762 Y136.621 E.27553
G1 X147.77 Y137.134 E.01857
G1 X147.618 Y137.125 E.0055
G1 X146.242 Y135.749 E.07047
G1 X146.239 Y136.394 E.02335
G1 X146.949 Y137.104 E.03639
G1 X146.326 Y137.129 E.0226
G1 X146.031 Y136.834 E.01509
G1 E-.728 F1800
;WIPE_START
G1 F30000
G1 X146.326 Y137.129 E-.025
G1 X146.949 Y137.104 E-.03745
G1 X146.837 Y136.992 E-.00955
;WIPE_END
G1 X145.457 Y134.964 Z.6
G1 Z.2
G1 E.8 F1800
G1 F6300
G1 X141.734 Y131.241 E.19067
G1 X141.086 Y131.241 E.02346
G1 X144.604 Y134.759 E.18014
G1 X143.956 Y134.759 E.02346
G1 X140.438 Y131.241 E.18014
G1 X139.79 Y131.241 E.02346
G1 X143.308 Y134.759 E.18014
G1 X142.66 Y134.759 E.02346
G1 X139.142 Y131.241 E.18014
G1 X138.495 Y131.241 E.02346
G1 X142.012 Y134.759 E.18014
G1 X141.364 Y134.759 E.02346
G1 X137.847 Y131.241 E.18014
G1 X137.199 Y131.241 E.02346
G1 X140.716 Y134.759 E.18014
G1 X140.068 Y134.759 E.02346
G1 X136.551 Y131.241 E.18014
G1 X135.903 Y131.241 E.02346
G1 X139.42 Y134.759 E.18014
G1 X138.772 Y134.759 E.02346
G1 X135.255 Y131.241 E.18014
G1 X134.607 Y131.241 E.02346
G1 X138.125 Y134.759 E.18014
G1 X137.477 Y134.759 E.02346
G1 X133.959 Y131.241 E.18014
G1 X133.311 Y131.241 E.02346
G1 X136.829 Y134.759 E.18014
G1 X136.181 Y134.759 E.02346
G1 X132.663 Y131.241 E.18014
G1 X132.015 Y131.241 E.02346
G1 X135.533 Y134.759 E.18014
G1 X134.885 Y134.759 E.02346
G1 X131.368 Y131.241 E.18014
G1 X130.72 Y131.241 E.02346
G1 X134.237 Y134.759 E.18014
G1 X133.589 Y134.759 E.02346
G1 X130.072 Y131.241 E.18014
G1 X129.424 Y131.241 E.02346
G1 X132.941 Y134.759 E.18014
G1 X132.293 Y134.759 E.02346
G1 X128.776 Y131.241 E.18014
G1 X128.128 Y131.241 E.02346
G1 X131.645 Y134.759 E.18014
G1 X130.998 Y134.759 E.02346
G1 X127.48 Y131.241 E.18014
G1 X126.832 Y131.241 E.02346
G1 X130.35 Y134.759 E.18014
G1 X129.702 Y134.759 E.02346
G1 X126.184 Y131.241 E.18014
G1 X125.536 Y131.241 E.02346
G1 X129.054 Y134.759 E.18014
G1 X128.753 Y134.759 E.01089
G1 X128.755 Y135.108 E.01264
G1 X124.888 Y131.241 E.19801
G1 X124.241 Y131.241 E.02346
G1 X128.758 Y135.759 E.23135
G1 X128.761 Y136.41 E.02358
G1 X123.593 Y131.241 E.2647
G1 X122.945 Y131.241 E.02346
G1 X126.462 Y134.759 E.18014
G1 X125.814 Y134.759 E.02346
G1 X122.297 Y131.241 E.18014
G1 X121.649 Y131.241 E.02346
G1 X125.166 Y134.759 E.18014
G1 X124.518 Y134.759 E.02346
G1 X121.001 Y131.241 E.18014
G1 X120.353 Y131.241 E.02346
G1 X123.87 Y134.759 E.18014
G1 X123.223 Y134.759 E.02346
G1 X119.705 Y131.241 E.18014
G1 X119.057 Y131.241 E.02346
G1 X122.575 Y134.759 E.18014
G1 X121.927 Y134.759 E.02346
G1 X118.409 Y131.241 E.18014
G1 X117.761 Y131.241 E.02346
G1 X121.279 Y134.759 E.18014
G1 X120.631 Y134.759 E.02346
G1 X117.114 Y131.241 E.18014
G1 X116.466 Y131.241 E.02346
G1 X119.983 Y134.759 E.18014
G1 X119.335 Y134.759 E.02346
G1 X115.818 Y131.241 E.18014
G1 X115.17 Y131.241 E.02346
G1 X118.687 Y134.759 E.18014
G1 X118.039 Y134.759 E.02346
G1 X114.522 Y131.241 E.18014
G1 X113.874 Y131.241 E.02346
G1 X117.391 Y134.759 E.18014
G1 X116.743 Y134.759 E.02346
G1 X113.226 Y131.241 E.18014
G1 X112.578 Y131.241 E.02346
G1 X116.096 Y134.759 E.18014
G1 X115.448 Y134.759 E.02346
G1 X111.93 Y131.241 E.18014
G1 X111.282 Y131.241 E.02346
G1 X114.8 Y134.759 E.18014
G1 X114.152 Y134.759 E.02346
G1 X110.634 Y131.241 E.18014
G1 X109.987 Y131.241 E.02346
G1 X113.504 Y134.759 E.18014
G1 X112.856 Y134.759 E.02346
G1 X109.339 Y131.241 E.18014
G1 X108.691 Y131.241 E.02346
G1 X112.208 Y134.759 E.18014
G1 X111.56 Y134.759 E.02346
G1 X108.043 Y131.241 E.18014
G1 X107.395 Y131.241 E.02346
G1 X110.912 Y134.759 E.18014
G1 X110.264 Y134.759 E.02346
G1 X106.747 Y131.241 E.18014
G1 X106.099 Y131.241 E.02346
G1 X109.754 Y134.896 E.18717
G1 X109.757 Y135.547 E.02358
G1 X105.451 Y131.241 E.22051
G1 X104.803 Y131.241 E.02346
G1 X109.76 Y136.198 E.25386
G1 X109.763 Y136.849 E.02358
G1 X108.244 Y135.33 E.0778
G1 X108.247 Y134.759 E.02069
G1 X107.673 Y134.759 E.02079
G1 X104.155 Y131.241 E.18014
G1 X103.507 Y131.241 E.02346
G1 X107.025 Y134.759 E.18014
G1 X106.377 Y134.759 E.02346
G1 X102.859 Y131.241 E.18014
G1 X102.212 Y131.241 E.02346
G1 X105.729 Y134.759 E.18014
G1 X105.081 Y134.759 E.02346
G1 X101.564 Y131.241 E.18014
G1 X100.916 Y131.241 E.02346
G1 X104.433 Y134.759 E.18014
G1 X103.785 Y134.759 E.02346
G1 X100.268 Y131.241 E.18014
G1 X99.62 Y131.241 E.02346
G1 X103.137 Y134.759 E.18014
G1 X102.489 Y134.759 E.02346
G1 X98.972 Y131.241 E.18014
G1 X98.324 Y131.241 E.02346
G1 X101.842 Y134.759 E.18014
G1 X101.194 Y134.759 E.02346
G1 X97.676 Y131.241 E.18014
G1 X97.028 Y131.241 E.02346
M73 P20 R21
G1 X100.546 Y134.759 E.18014
G1 X99.898 Y134.759 E.02346
G1 X96.38 Y131.241 E.18014
G1 X95.732 Y131.241 E.02346
G1 X99.25 Y134.759 E.18014
G1 X98.602 Y134.759 E.02346
G1 X95.085 Y131.241 E.18014
G1 X94.437 Y131.241 E.02346
G1 X97.954 Y134.759 E.18014
G1 X97.306 Y134.759 E.02346
G1 X93.789 Y131.241 E.18014
G1 X93.141 Y131.241 E.02346
G1 X96.658 Y134.759 E.18014
G1 X96.01 Y134.759 E.02346
G1 X92.493 Y131.241 E.18014
G1 X91.845 Y131.241 E.02346
G1 X95.362 Y134.759 E.18014
G1 X94.715 Y134.759 E.02346
G1 X91.197 Y131.241 E.18014
G1 X90.549 Y131.241 E.02346
G1 X94.067 Y134.759 E.18014
G1 X93.419 Y134.759 E.02346
G1 X89.901 Y131.241 E.18014
G1 X89.253 Y131.241 E.02346
G1 X92.771 Y134.759 E.18014
G1 X92.123 Y134.759 E.02346
G1 X88.605 Y131.241 E.18014
G1 X87.958 Y131.241 E.02346
G1 X91.475 Y134.759 E.18014
G1 X90.827 Y134.759 E.02346
G1 X87.31 Y131.241 E.18014
G1 X86.662 Y131.241 E.02346
G1 X90.756 Y135.335 E.20967
G1 X90.759 Y135.987 E.02358
G1 X85.808 Y131.036 E.25355
G1 E-.728 F1800
;WIPE_START
G1 F30000
G1 X86.657 Y131.884 E-.072
;WIPE_END
G1 X88.833 Y124.568 Z.6
G1 X90.964 Y117.402 Z.6
G1 Z.2
G1 E.8 F1800
G1 F6300
G1 X90.303 Y116.741 E.03386
G1 X89.655 Y116.741 E.02346
G1 X90.759 Y117.845 E.05651
G1 X90.759 Y118.493 E.02346
G1 X89.007 Y116.741 E.08969
G1 X88.359 Y116.741 E.02346
G1 X90.759 Y119.141 E.12287
G1 X90.759 Y119.788 E.02346
G1 X87.506 Y116.536 E.16659
G1 E-.728 F1800
;WIPE_START
G1 F30000
G1 X88.354 Y117.384 E-.072
;WIPE_END
G1 X86.528 Y109.973 Z.6
G1 X84.964 Y103.628 Z.6
G1 Z.2
G1 E.8 F1800
G1 F6300
G1 X84.578 Y103.241 E.01978
G1 X83.93 Y103.241 E.02346
G1 X84.759 Y104.07 E.04243
G1 X84.759 Y104.718 E.02346
G1 X83.282 Y103.241 E.07561
G1 X83.241 Y103.241 E.00149
G1 X83.241 Y103.848 E.02198
G1 X84.759 Y105.366 E.07771
G1 X84.759 Y106.013 E.02346
G1 X83.241 Y104.496 E.07771
G1 X83.241 Y105.144 E.02346
G1 X84.759 Y106.661 E.07771
G1 X84.759 Y107.309 E.02346
G1 X83.241 Y105.792 E.07771
G1 X83.241 Y106.44 E.02346
G1 X84.964 Y108.163 E.08824
G1 E-.728 F1800
;WIPE_START
G1 F30000
G1 X84.116 Y107.314 E-.072
;WIPE_END
G1 X91.061 Y110.479 Z.6
G1 X104.352 Y116.536 Z.6
G1 Z.2
G1 E.8 F1800
G1 F6300
G1 X104.759 Y116.943 E.02085
G1 X104.759 Y117.591 E.02346
G1 X103.909 Y116.741 E.0435
G1 X103.261 Y116.741 E.02346
G1 X104.759 Y118.239 E.07668
G1 X104.759 Y118.886 E.02346
G1 X102.614 Y116.741 E.10986
G1 X101.966 Y116.741 E.02346
G1 X104.964 Y119.74 E.15358
G1 E-.728 F1800
;WIPE_START
G1 F30000
G1 X104.116 Y118.892 E-.072
;WIPE_END
G1 X111.64 Y117.611 Z.6
G1 X117.958 Y116.536 Z.6
G1 Z.2
G1 E.8 F1800
G1 F6300
G1 X118.759 Y117.337 E.04102
G1 X118.759 Y117.985 E.02346
G1 X117.515 Y116.741 E.06367
G1 X116.868 Y116.741 E.02346
G1 X118.759 Y118.632 E.09685
G1 X118.759 Y119.28 E.02346
G1 X116.22 Y116.741 E.13003
G1 X115.572 Y116.741 E.02346
G1 X118.964 Y120.134 E.17375
G1 E-.728 F1800
;WIPE_START
G1 F30000
G1 X118.116 Y119.285 E-.072
;WIPE_END
G1 X125.607 Y117.824 Z.6
G1 X132.212 Y116.536 Z.6
G1 Z.2
G1 E.8 F1800
G1 F6300
G1 X132.759 Y117.083 E.02801
G1 X132.759 Y117.731 E.02346
G1 X131.77 Y116.741 E.05066
G1 X131.122 Y116.741 E.02346
G1 X132.759 Y118.378 E.08384
G1 X132.759 Y119.026 E.02346
G1 X130.474 Y116.741 E.11702
G1 X129.826 Y116.741 E.02346
G1 X132.964 Y119.88 E.16074
G1 E-.728 F1800
;WIPE_START
G1 F30000
G1 X132.116 Y119.031 E-.072
;WIPE_END
G1 X139.635 Y117.724 Z.6
G1 X146.466 Y116.536 Z.6
G1 Z.2
G1 E.8 F1800
G1 F6300
G1 X146.759 Y116.829 E.015
G1 X146.759 Y117.476 E.02346
G1 X146.024 Y116.741 E.03765
G1 X145.376 Y116.741 E.02346
G1 X146.759 Y118.124 E.07083
G1 X146.759 Y118.772 E.02346
G1 X144.728 Y116.741 E.10401
G1 X144.08 Y116.741 E.02346
G1 X146.759 Y119.42 E.13719
G1 X146.759 Y120.068 E.02346
G1 X143.226 Y116.536 E.18091
G1 E-.728 F1800
;WIPE_START
G1 F30000
G1 X144.075 Y117.384 E-.072
;WIPE_END
G1 X151.696 Y116.98 Z.6
G1 X160.072 Y116.536 Z.6
G1 Z.2
G1 E.8 F1800
G1 F6300
G1 X160.759 Y117.222 E.03517
G1 X160.759 Y117.87 E.02346
G1 X159.63 Y116.741 E.05782
G1 X158.982 Y116.741 E.02346
G1 X160.759 Y118.518 E.091
G1 X160.759 Y119.166 E.02346
G1 X158.334 Y116.741 E.12418
G1 X157.686 Y116.741 E.02346
G1 X160.964 Y120.02 E.1679
G1 E-.728 F1800
;WIPE_START
G1 F30000
G1 X160.116 Y119.171 E-.072
;WIPE_END
G1 X166.159 Y114.51 Z.6
G1 X168.163 Y112.964 Z.6
G1 Z.2
G1 E.8 F1800
G1 F6300
G1 X164.44 Y109.241 E.19067
G1 X163.792 Y109.241 E.02346
G1 X167.309 Y112.759 E.18014
G1 X166.662 Y112.759 E.02346
G1 X163.144 Y109.241 E.18014
G1 X162.496 Y109.241 E.02346
G1 X166.014 Y112.759 E.18014
G1 X165.366 Y112.759 E.02346
G1 X161.848 Y109.241 E.18014
G1 X161.2 Y109.241 E.02346
G1 X164.718 Y112.759 E.18014
G1 X164.07 Y112.759 E.02346
G1 X160.552 Y109.241 E.18014
G1 X159.905 Y109.241 E.02346
G1 X163.422 Y112.759 E.18014
G1 X162.774 Y112.759 E.02346
G1 X159.257 Y109.241 E.18014
G1 X158.609 Y109.241 E.02346
G1 X162.126 Y112.759 E.18014
G1 X161.478 Y112.759 E.02346
M73 P21 R21
G1 X157.961 Y109.241 E.18014
G1 X157.313 Y109.241 E.02346
G1 X160.83 Y112.759 E.18014
G1 X160.182 Y112.759 E.02346
G1 X156.665 Y109.241 E.18014
G1 X156.017 Y109.241 E.02346
G1 X159.535 Y112.759 E.18014
G1 X158.887 Y112.759 E.02346
G1 X155.369 Y109.241 E.18014
G1 X154.721 Y109.241 E.02346
G1 X158.239 Y112.759 E.18014
G1 X157.591 Y112.759 E.02346
G1 X154.073 Y109.241 E.18014
G1 X153.425 Y109.241 E.02346
G1 X156.943 Y112.759 E.18014
G1 X156.759 Y112.759 E.00667
G1 X156.759 Y113.222 E.01679
G1 X152.778 Y109.241 E.20388
G1 X152.13 Y109.241 E.02346
G1 X156.759 Y113.87 E.23707
G1 X156.759 Y114.518 E.02346
G1 X151.482 Y109.241 E.27025
G1 X150.834 Y109.241 E.02346
G1 X154.351 Y112.759 E.18014
G1 X153.703 Y112.759 E.02346
G1 X150.186 Y109.241 E.18014
G1 X149.538 Y109.241 E.02346
G1 X153.055 Y112.759 E.18014
G1 X152.408 Y112.759 E.02346
G1 X148.89 Y109.241 E.18014
G1 X148.242 Y109.241 E.02346
G1 X151.76 Y112.759 E.18014
G1 X151.112 Y112.759 E.02346
G1 X147.594 Y109.241 E.18014
G1 X146.946 Y109.241 E.02346
G1 X150.464 Y112.759 E.18014
G1 X149.816 Y112.759 E.02346
G1 X146.298 Y109.241 E.18014
G1 X145.651 Y109.241 E.02346
G1 X149.168 Y112.759 E.18014
G1 X148.52 Y112.759 E.02346
G1 X145.003 Y109.241 E.18014
G1 X144.355 Y109.241 E.02346
G1 X147.872 Y112.759 E.18014
G1 X147.224 Y112.759 E.02346
G1 X143.707 Y109.241 E.18014
G1 X143.059 Y109.241 E.02346
G1 X146.576 Y112.759 E.18014
G1 X145.928 Y112.759 E.02346
G1 X142.411 Y109.241 E.18014
G1 X141.763 Y109.241 E.02346
G1 X145.281 Y112.759 E.18014
G1 X144.633 Y112.759 E.02346
G1 X141.115 Y109.241 E.18014
G1 X140.467 Y109.241 E.02346
G1 X143.985 Y112.759 E.18014
G1 X143.337 Y112.759 E.02346
G1 X139.819 Y109.241 E.18014
G1 X139.171 Y109.241 E.02346
G1 X142.759 Y112.829 E.18371
G1 X142.759 Y113.476 E.02346
G1 X138.524 Y109.241 E.21689
G1 X137.876 Y109.241 E.02346
G1 X142.759 Y114.124 E.25008
G1 X142.759 Y114.772 E.02346
G1 X141.241 Y113.255 E.07771
G1 X141.241 Y112.759 E.01797
G1 X140.745 Y112.759 E.01797
G1 X137.228 Y109.241 E.18014
G1 X136.58 Y109.241 E.02346
G1 X140.097 Y112.759 E.18014
G1 X139.449 Y112.759 E.02346
G1 X135.932 Y109.241 E.18014
G1 X135.284 Y109.241 E.02346
G1 X138.801 Y112.759 E.18014
G1 X138.153 Y112.759 E.02346
G1 X134.636 Y109.241 E.18014
G1 X133.988 Y109.241 E.02346
G1 X137.506 Y112.759 E.18014
G1 X136.858 Y112.759 E.02346
G1 X133.34 Y109.241 E.18014
G1 X132.692 Y109.241 E.02346
G1 X136.21 Y112.759 E.18014
G1 X135.562 Y112.759 E.02346
G1 X132.044 Y109.241 E.18014
G1 X131.397 Y109.241 E.02346
G1 X134.914 Y112.759 E.18014
G1 X134.266 Y112.759 E.02346
G1 X130.749 Y109.241 E.18014
G1 X130.101 Y109.241 E.02346
G1 X133.618 Y112.759 E.18014
G1 X132.97 Y112.759 E.02346
G1 X129.453 Y109.241 E.18014
G1 X128.805 Y109.241 E.02346
G1 X132.322 Y112.759 E.18014
G1 X131.674 Y112.759 E.02346
G1 X128.157 Y109.241 E.18014
G1 X127.509 Y109.241 E.02346
G1 X131.026 Y112.759 E.18014
G1 X130.379 Y112.759 E.02346
G1 X126.861 Y109.241 E.18014
G1 X126.213 Y109.241 E.02346
G1 X129.731 Y112.759 E.18014
G1 X129.083 Y112.759 E.02346
G1 X125.565 Y109.241 E.18014
G1 X124.917 Y109.241 E.02346
G1 X128.759 Y113.083 E.19672
G1 X128.759 Y113.731 E.02346
G1 X124.27 Y109.241 E.2299
G1 X123.622 Y109.241 E.02346
G1 X128.759 Y114.378 E.26309
G1 X128.759 Y115.026 E.02346
G1 X127.241 Y113.509 E.07771
G1 X127.241 Y114.157 E.02346
G1 X128.964 Y115.88 E.08824
G1 E-.728 F1800
;WIPE_START
G1 F30000
G1 X128.116 Y115.031 E-.072
;WIPE_END
G1 X127.036 Y114.599 Z.6
G1 Z.2
G1 E.8 F1800
G1 F6300
G1 X128.759 Y116.322 E.08824
G1 X128.759 Y116.741 E.01518
G1 X129.178 Y116.741 E.01518
G1 X132.759 Y120.322 E.18338
G1 X132.759 Y120.97 E.02346
G1 X127.241 Y115.453 E.28256
G1 X127.241 Y116.101 E.02346
G1 X132.759 Y121.618 E.28256
G1 X132.759 Y122.266 E.02346
G1 X127.234 Y116.741 E.28293
G1 X126.586 Y116.741 E.02346
G1 X132.759 Y122.914 E.31611
G1 X132.759 Y123.562 E.02346
G1 X125.938 Y116.741 E.34929
G1 X125.29 Y116.741 E.02346
G1 X132.759 Y124.21 E.38247
G1 X132.759 Y124.858 E.02346
G1 X124.642 Y116.741 E.41565
G1 X123.995 Y116.741 E.02346
G1 X132.759 Y125.505 E.44883
G1 X132.759 Y126.153 E.02346
G1 X123.347 Y116.741 E.48202
G1 X123.241 Y116.741 E.00382
G1 X123.241 Y117.284 E.01965
G1 X132.216 Y126.259 E.45963
G1 X131.568 Y126.259 E.02346
G1 X123.241 Y117.932 E.42645
G1 X123.241 Y118.58 E.02346
G1 X130.92 Y126.259 E.39326
G1 X130.272 Y126.259 E.02346
M73 P22 R21
G1 X123.241 Y119.228 E.36008
G1 X123.241 Y119.875 E.02346
G1 X129.625 Y126.259 E.3269
G1 X128.977 Y126.259 E.02346
G1 X123.241 Y120.523 E.29372
G1 X123.241 Y121.171 E.02346
G1 X128.329 Y126.259 E.26054
G1 X127.681 Y126.259 E.02346
G1 X123.241 Y121.819 E.22736
G1 X123.241 Y122.467 E.02346
G1 X127.033 Y126.259 E.19418
G1 X126.385 Y126.259 E.02346
G1 X123.241 Y123.115 E.161
G1 X123.241 Y123.763 E.02346
G1 X125.737 Y126.259 E.12781
G1 X125.089 Y126.259 E.02346
G1 X123.241 Y124.411 E.09463
G1 X123.241 Y125.059 E.02346
G1 X124.441 Y126.259 E.06145
G1 X123.793 Y126.259 E.02346
G1 X123.036 Y125.501 E.0388
G1 E-.728 F1800
;WIPE_START
G1 F30000
G1 X123.793 Y126.259 E-.06429
G1 X123.922 Y126.259 E-.00771
;WIPE_END
G1 X125.481 Y118.787 Z.6
G1 X126.697 Y112.964 Z.6
G1 Z.2
G1 E.8 F1800
G1 F6300
G1 X122.974 Y109.241 E.19067
G1 X122.326 Y109.241 E.02346
G1 X125.843 Y112.759 E.18014
G1 X125.195 Y112.759 E.02346
G1 X121.678 Y109.241 E.18014
G1 X121.03 Y109.241 E.02346
G1 X124.547 Y112.759 E.18014
G1 X123.899 Y112.759 E.02346
G1 X120.382 Y109.241 E.18014
G1 X119.734 Y109.241 E.02346
G1 X123.252 Y112.759 E.18014
G1 X122.604 Y112.759 E.02346
G1 X119.086 Y109.241 E.18014
G1 X118.438 Y109.241 E.02346
G1 X121.956 Y112.759 E.18014
G1 X121.308 Y112.759 E.02346
G1 X117.79 Y109.241 E.18014
G1 X117.142 Y109.241 E.02346
G1 X120.66 Y112.759 E.18014
G1 X120.012 Y112.759 E.02346
G1 X116.495 Y109.241 E.18014
G1 X115.847 Y109.241 E.02346
G1 X119.364 Y112.759 E.18014
G1 X118.716 Y112.759 E.02346
G1 X115.199 Y109.241 E.18014
G1 X114.551 Y109.241 E.02346
G1 X118.068 Y112.759 E.18014
G1 X117.42 Y112.759 E.02346
G1 X113.903 Y109.241 E.18014
G1 X113.255 Y109.241 E.02346
G1 X116.772 Y112.759 E.18014
G1 X116.125 Y112.759 E.02346
G1 X112.607 Y109.241 E.18014
G1 X111.959 Y109.241 E.02346
G1 X115.477 Y112.759 E.18014
G1 X114.829 Y112.759 E.02346
G1 X111.311 Y109.241 E.18014
G1 X110.663 Y109.241 E.02346
G1 X114.759 Y113.337 E.20973
G1 X114.759 Y113.985 E.02346
G1 X110.015 Y109.241 E.24291
G1 X109.368 Y109.241 E.02346
M73 P22 R20
G1 X114.759 Y114.632 E.27609
G1 X114.759 Y115.28 E.02346
G1 X113.241 Y113.763 E.07771
G1 X113.241 Y114.411 E.02346
G1 X114.964 Y116.134 E.08824
G1 E-.728 F1800
;WIPE_START
G1 F30000
G1 X114.116 Y115.285 E-.072
;WIPE_END
G1 X113.036 Y114.853 Z.6
G1 Z.2
G1 E.8 F1800
G1 F6300
G1 X118.759 Y120.576 E.29309
G1 X118.759 Y121.224 E.02346
G1 X113.241 Y115.707 E.28256
G1 X113.241 Y116.355 E.02346
G1 X118.759 Y121.872 E.28256
G1 X118.759 Y122.52 E.02346
G1 X112.98 Y116.741 E.29594
G1 X112.332 Y116.741 E.02346
G1 X118.759 Y123.168 E.32912
G1 X118.759 Y123.816 E.02346
G1 X111.684 Y116.741 E.3623
G1 X111.036 Y116.741 E.02346
G1 X118.759 Y124.464 E.39548
G1 X118.759 Y125.112 E.02346
G1 X110.388 Y116.741 E.42866
G1 X109.741 Y116.741 E.02346
G1 X118.759 Y125.759 E.46184
G1 X118.759 Y126.259 E.01808
G1 X118.61 Y126.259 E.00538
G1 X109.241 Y116.89 E.4798
G1 X109.241 Y117.538 E.02346
G1 X117.962 Y126.259 E.44662
G1 X117.314 Y126.259 E.02346
G1 X109.241 Y118.186 E.41344
G1 X109.241 Y118.834 E.02346
G1 X116.666 Y126.259 E.38025
G1 X116.018 Y126.259 E.02346
G1 X109.241 Y119.482 E.34707
G1 X109.241 Y120.13 E.02346
G1 X115.37 Y126.259 E.31389
G1 X114.723 Y126.259 E.02346
G1 X109.241 Y120.777 E.28071
G1 X109.241 Y121.425 E.02346
G1 X114.075 Y126.259 E.24753
G1 X113.427 Y126.259 E.02346
G1 X109.241 Y122.073 E.21435
G1 X109.241 Y122.721 E.02346
G1 X112.779 Y126.259 E.18117
G1 X112.131 Y126.259 E.02346
G1 X109.241 Y123.369 E.14799
G1 X109.241 Y124.017 E.02346
G1 X111.483 Y126.259 E.1148
G1 X110.835 Y126.259 E.02346
G1 X109.241 Y124.665 E.08162
G1 X109.241 Y125.313 E.02346
G1 X110.187 Y126.259 E.04844
G1 X109.539 Y126.259 E.02346
G1 X109.036 Y125.755 E.02579
G1 E-.728 F1800
;WIPE_START
G1 F30000
G1 X109.539 Y126.259 E-.04274
G1 X110.027 Y126.259 E-.02926
;WIPE_END
G1 X111.392 Y118.749 Z.6
G1 X112.443 Y112.964 Z.6
G1 Z.2
G1 E.8 F1800
G1 F6300
G1 X108.72 Y109.241 E.19067
G1 X108.072 Y109.241 E.02346
G1 X111.589 Y112.759 E.18014
G1 X110.941 Y112.759 E.02346
G1 X107.424 Y109.241 E.18014
G1 X106.776 Y109.241 E.02346
G1 X110.293 Y112.759 E.18014
G1 X109.645 Y112.759 E.02346
G1 X106.128 Y109.241 E.18014
G1 X105.48 Y109.241 E.02346
G1 X108.998 Y112.759 E.18014
G1 X108.35 Y112.759 E.02346
M73 P23 R20
G1 X104.832 Y109.241 E.18014
G1 X104.184 Y109.241 E.02346
G1 X107.702 Y112.759 E.18014
G1 X107.054 Y112.759 E.02346
G1 X103.536 Y109.241 E.18014
G1 X102.888 Y109.241 E.02346
G1 X106.406 Y112.759 E.18014
G1 X105.758 Y112.759 E.02346
G1 X102.241 Y109.241 E.18014
G1 X101.593 Y109.241 E.02346
G1 X105.11 Y112.759 E.18014
G1 X104.462 Y112.759 E.02346
G1 X100.945 Y109.241 E.18014
G1 X100.297 Y109.241 E.02346
G1 X103.814 Y112.759 E.18014
G1 X103.166 Y112.759 E.02346
G1 X99.649 Y109.241 E.18014
G1 X99.001 Y109.241 E.02346
G1 X102.518 Y112.759 E.18014
G1 X101.87 Y112.759 E.02346
G1 X98.353 Y109.241 E.18014
G1 X97.705 Y109.241 E.02346
G1 X101.223 Y112.759 E.18014
G1 X100.759 Y112.759 E.0168
G1 X100.759 Y112.943 E.00666
G1 X97.057 Y109.241 E.18956
G1 X96.409 Y109.241 E.02346
G1 X100.759 Y113.591 E.22274
G1 X100.759 Y114.239 E.02346
G1 X95.761 Y109.241 E.25592
G1 X95.114 Y109.241 E.02346
G1 X98.631 Y112.759 E.18014
G1 X99.241 Y112.759 E.0221
G1 X99.241 Y113.369 E.0221
G1 X100.759 Y114.886 E.07771
G1 X100.759 Y115.534 E.02346
G1 X99.241 Y114.017 E.07771
G1 X99.241 Y114.665 E.02346
G1 X100.759 Y116.182 E.07771
G1 X100.759 Y116.741 E.02024
G1 X101.318 Y116.741 E.02024
G1 X104.759 Y120.182 E.17622
G1 X104.759 Y120.83 E.02346
G1 X99.241 Y115.313 E.28256
G1 X99.241 Y115.961 E.02346
G1 X104.759 Y121.478 E.28256
G1 X104.759 Y122.126 E.02346
G1 X99.241 Y116.609 E.28256
G1 X99.241 Y116.741 E.0048
G1 X98.726 Y116.741 E.01866
G1 X104.759 Y122.774 E.30895
G1 X104.759 Y123.422 E.02346
G1 X98.078 Y116.741 E.34213
G1 X97.43 Y116.741 E.02346
G1 X104.759 Y124.07 E.37531
G1 X104.759 Y124.718 E.02346
G1 X96.782 Y116.741 E.40849
G1 X96.134 Y116.741 E.02346
G1 X104.759 Y125.366 E.44167
G1 X104.759 Y126.013 E.02346
G1 X95.487 Y116.741 E.47485
G1 X95.241 Y116.741 E.00888
G1 X95.241 Y117.144 E.01458
G1 X104.356 Y126.259 E.46679
G1 X103.708 Y126.259 E.02346
G1 X95.241 Y117.792 E.43361
G1 X95.241 Y118.44 E.02346
G1 X103.06 Y126.259 E.40043
G1 X102.412 Y126.259 E.02346
G1 X95.241 Y119.088 E.36724
G1 X95.241 Y119.736 E.02346
G1 X101.764 Y126.259 E.33406
G1 X101.116 Y126.259 E.02346
G1 X95.241 Y120.384 E.30088
G1 X95.241 Y121.031 E.02346
G1 X100.469 Y126.259 E.2677
G1 X99.821 Y126.259 E.02346
G1 X95.241 Y121.679 E.23452
G1 X95.241 Y122.327 E.02346
G1 X99.173 Y126.259 E.20134
G1 X98.525 Y126.259 E.02346
G1 X95.241 Y122.975 E.16816
G1 X95.241 Y123.623 E.02346
G1 X97.877 Y126.259 E.13498
G1 X97.229 Y126.259 E.02346
G1 X95.241 Y124.271 E.1018
G1 X95.241 Y124.919 E.02346
G1 X96.581 Y126.259 E.06861
G1 X95.933 Y126.259 E.02346
G1 X95.241 Y125.567 E.03543
G1 X95.241 Y126.215 E.02346
G1 X95.491 Y126.464 E.01279
G1 E-.728 F1800
;WIPE_START
G1 F30000
G1 X95.241 Y126.215 E-.02118
G1 X95.241 Y125.567 E-.03887
G1 X95.382 Y125.708 E-.01194
;WIPE_END
G1 X97.024 Y118.254 Z.6
G1 X98.189 Y112.964 Z.6
G1 Z.2
G1 E.8 F1800
G1 F6300
G1 X94.466 Y109.241 E.19067
G1 X93.818 Y109.241 E.02346
G1 X97.335 Y112.759 E.18014
G1 X96.687 Y112.759 E.02346
G1 X93.17 Y109.241 E.18014
G1 X92.522 Y109.241 E.02346
G1 X96.039 Y112.759 E.18014
G1 X95.391 Y112.759 E.02346
G1 X91.874 Y109.241 E.18014
G1 X91.226 Y109.241 E.02346
G1 X94.743 Y112.759 E.18014
G1 X94.096 Y112.759 E.02346
G1 X90.578 Y109.241 E.18014
G1 X89.93 Y109.241 E.02346
G1 X93.448 Y112.759 E.18014
G1 X92.8 Y112.759 E.02346
G1 X89.282 Y109.241 E.18014
G1 X88.634 Y109.241 E.02346
G1 X92.152 Y112.759 E.18014
G1 X91.504 Y112.759 E.02346
G1 X87.987 Y109.241 E.18014
G1 X87.339 Y109.241 E.02346
G1 X90.856 Y112.759 E.18014
G1 X90.208 Y112.759 E.02346
G1 X86.691 Y109.241 E.18014
G1 X86.043 Y109.241 E.02346
G1 X89.56 Y112.759 E.18014
G1 X88.912 Y112.759 E.02346
G1 X85.395 Y109.241 E.18014
G1 X84.759 Y109.241 E.02304
G1 X84.759 Y108.605 E.02304
G1 X83.241 Y107.088 E.07771
G1 X83.241 Y107.736 E.02346
G1 X88.264 Y112.759 E.25724
G1 X87.616 Y112.759 E.02346
G1 X83.241 Y108.384 E.22406
G1 X83.241 Y109.031 E.02346
G1 X86.969 Y112.759 E.19088
G1 X86.759 Y112.759 E.0076
G1 X86.759 Y113.197 E.01586
G1 X82.803 Y109.241 E.20257
G1 X82.155 Y109.241 E.02346
G1 X86.759 Y113.845 E.23575
G1 X86.759 Y114.493 E.02346
G1 X81.507 Y109.241 E.26893
G1 X81.241 Y109.241 E.00964
G1 X81.241 Y109.623 E.01383
G1 X86.759 Y115.141 E.28256
G1 X86.759 Y115.788 E.02346
G1 X81.241 Y110.271 E.28256
G1 X81.241 Y110.919 E.02346
M73 P24 R20
G1 X90.759 Y120.436 E.48741
G1 X90.759 Y121.084 E.02346
G1 X83.241 Y113.567 E.38499
G1 X83.241 Y114.215 E.02346
G1 X90.759 Y121.732 E.38499
G1 X90.759 Y122.38 E.02346
G1 X83.241 Y114.863 E.38499
G1 X83.241 Y115.511 E.02346
G1 X90.759 Y123.028 E.38499
G1 X90.759 Y123.676 E.02346
G1 X83.241 Y116.158 E.38499
G1 X83.241 Y116.741 E.02111
G1 X83.176 Y116.741 E.00236
G1 X90.759 Y124.324 E.38832
G1 X90.759 Y124.972 E.02346
G1 X82.528 Y116.741 E.4215
G1 X81.88 Y116.741 E.02346
G1 X90.759 Y125.62 E.45468
G1 X90.759 Y126.259 E.02314
G1 X81.241 Y116.75 E.48719
G1 X81.241 Y117.398 E.02346
G1 X90.102 Y126.259 E.45378
G1 X89.454 Y126.259 E.02346
G1 X81.241 Y118.046 E.4206
G1 X81.241 Y118.694 E.02346
G1 X88.806 Y126.259 E.38742
G1 X88.158 Y126.259 E.02346
G1 X81.241 Y119.342 E.35423
G1 X81.241 Y119.99 E.02346
G1 X87.51 Y126.259 E.32105
G1 X86.862 Y126.259 E.02346
G1 X81.241 Y120.638 E.28787
G1 X81.241 Y121.285 E.02346
G1 X86.215 Y126.259 E.25469
G1 X85.567 Y126.259 E.02346
G1 X81.241 Y121.933 E.22151
G1 X81.241 Y122.581 E.02346
G1 X84.919 Y126.259 E.18833
G1 X84.759 Y126.259 E.00579
G1 X84.759 Y126.747 E.01767
G1 X81.241 Y123.229 E.18014
G1 X81.241 Y123.877 E.02346
G1 X84.759 Y127.395 E.18014
G1 X84.759 Y128.042 E.02346
G1 X81.241 Y124.525 E.18014
G1 X81.241 Y125.173 E.02346
G1 X82.327 Y126.259 E.0556
G1 X81.679 Y126.259 E.02346
G1 X81.036 Y125.615 E.03296
G1 E-.728 F1800
;WIPE_START
G1 F30000
G1 X81.679 Y126.259 E-.0546
G1 X81.969 Y126.259 E-.0174
;WIPE_END
G1 X83.036 Y126.967 Z.6
G1 Z.2
G1 E.8 F1800
G1 F6300
G1 X84.759 Y128.69 E.08824
G1 X84.759 Y129.338 E.02346
G1 X83.241 Y127.821 E.07771
G1 X83.241 Y128.469 E.02346
G1 X84.964 Y130.192 E.08824
G1 E-.728 F1800
;WIPE_START
G1 F30000
G1 X84.116 Y129.343 E-.072
;WIPE_END
G1 X83.036 Y128.911 Z.6
G1 Z.2
G1 E.8 F1800
G1 F6300
G1 X84.759 Y130.634 E.08824
G1 X84.759 Y131.241 E.02199
G1 X85.366 Y131.241 E.02199
G1 X90.762 Y136.638 E.27636
G1 X90.77 Y137.134 E.01798
G1 X90.601 Y137.124 E.00612
G1 X89.242 Y135.765 E.0696
G1 X89.239 Y136.41 E.02335
G1 X89.933 Y137.104 E.03556
G1 X89.31 Y137.13 E.02257
G1 X89.031 Y136.85 E.01431
G1 E-.728 F1800
;WIPE_START
G1 F30000
G1 X89.31 Y137.13 E-.02371
G1 X89.933 Y137.104 E-.0374
G1 X89.805 Y136.976 E-.01089
;WIPE_END
G1 X88.441 Y134.964 Z.6
G1 Z.2
G1 E.8 F1800
G1 F6300
G1 X83.241 Y129.765 E.2663
G1 X83.241 Y130.413 E.02346
G1 X87.587 Y134.759 E.22258
G1 X86.94 Y134.759 E.02346
G1 X83.241 Y131.06 E.1894
G1 X83.241 Y131.241 E.00655
G1 X82.774 Y131.241 E.01691
G1 X86.292 Y134.759 E.18014
G1 X85.644 Y134.759 E.02346
G1 X82.126 Y131.241 E.18014
G1 X81.478 Y131.241 E.02346
G1 X84.996 Y134.759 E.18014
G1 X84.348 Y134.759 E.02346
G1 X81.241 Y131.652 E.1591
G1 X81.241 Y132.3 E.02346
G1 X83.7 Y134.759 E.12592
G1 X83.052 Y134.759 E.02346
G1 X81.241 Y132.948 E.09274
G1 X81.241 Y133.596 E.02346
G1 X82.404 Y134.759 E.05956
G1 X81.756 Y134.759 E.02346
G1 X81.036 Y134.038 E.03691
G1 E-.728 F1800
;WIPE_START
G1 F30000
G1 X81.756 Y134.759 E-.06115
G1 X81.937 Y134.759 E-.01085
;WIPE_END
G1 X82.183 Y127.13 Z.6
G1 X82.639 Y112.964 Z.6
G1 Z.2
G1 E.8 F1800
G1 F6300
G1 X81.241 Y111.567 E.07157
G1 X81.241 Y112.215 E.02346
G1 X81.991 Y112.964 E.03839
G1 E-.728 F1800
;WIPE_START
G1 F30000
G1 X81.241 Y112.215 E-.06361
G1 X81.241 Y112.075 E-.00839
;WIPE_END
G1 X86.959 Y117.131 Z.6
G1 X108.036 Y135.77 Z.6
G1 Z.2
G1 E.8 F1800
G1 F6300
G1 X109.377 Y137.111 E.06867
G1 X108.723 Y137.105 E.02368
G1 X108.033 Y136.415 E.03535
G1 E-.728 F1800
;WIPE_START
G1 F30000
G1 X108.723 Y137.105 E-.05856
G1 X108.947 Y137.107 E-.01344
;WIPE_END
G1 X116.543 Y136.363 Z.6
G1 X127.038 Y135.335 Z.6
G1 Z.2
G1 E.8 F1800
G1 F6300
G1 X128.766 Y137.062 E.08847
G1 X128.77 Y137.134 E.00261
G1 X128.16 Y137.104 E.02211
G1 X127.24 Y136.184 E.04712
G1 X127.237 Y136.829 E.02335
G1 X127.719 Y137.311 E.0247
G1 E-.728 F1800
;WIPE_START
G1 F30000
G1 X127.237 Y136.829 E-.04092
G1 X127.239 Y136.311 E-.03108
;WIPE_END
G1 X131.858 Y130.235 Z.6
G1 X142.964 Y115.626 Z.6
G1 Z.2
G1 E.8 F1800
G1 F6300
G1 X141.241 Y113.903 E.08824
G1 X141.241 Y114.551 E.02346
G1 X142.964 Y116.274 E.08824
G1 E-.728 F1800
;WIPE_START
G1 F30000
G1 X142.116 Y115.425 E-.072
;WIPE_END
G1 X141.036 Y114.993 Z.6
G1 Z.2
G1 E.8 F1800
G1 F6300
G1 X146.759 Y120.716 E.29309
G1 X146.759 Y121.364 E.02346
G1 X141.241 Y115.847 E.28256
G1 X141.241 Y116.494 E.02346
G1 X146.759 Y122.012 E.28256
G1 X146.759 Y122.66 E.02346
G1 X140.84 Y116.741 E.3031
G1 X140.192 Y116.741 E.02346
G1 X146.759 Y123.308 E.33628
G1 X146.759 Y123.956 E.02346
G1 X139.544 Y116.741 E.36946
M73 P25 R20
G1 X138.897 Y116.741 E.02346
G1 X146.759 Y124.603 E.40264
G1 X146.759 Y125.251 E.02346
G1 X138.249 Y116.741 E.43582
G1 X137.601 Y116.741 E.02346
G1 X146.759 Y125.899 E.46901
G1 X146.759 Y126.259 E.01301
G1 X146.47 Y126.259 E.01045
G1 X137.241 Y117.03 E.47264
G1 X137.241 Y117.678 E.02346
G1 X145.822 Y126.259 E.43945
G1 X145.174 Y126.259 E.02346
G1 X137.241 Y118.326 E.40627
G1 X137.241 Y118.974 E.02346
G1 X144.526 Y126.259 E.37309
G1 X143.879 Y126.259 E.02346
G1 X137.241 Y119.621 E.33991
G1 X137.241 Y120.269 E.02346
G1 X143.231 Y126.259 E.30673
G1 X142.583 Y126.259 E.02346
G1 X137.241 Y120.917 E.27355
G1 X137.241 Y121.565 E.02346
G1 X141.935 Y126.259 E.24037
G1 X141.287 Y126.259 E.02346
G1 X137.241 Y122.213 E.20719
G1 X137.241 Y122.861 E.02346
G1 X140.639 Y126.259 E.17401
G1 X139.991 Y126.259 E.02346
G1 X137.241 Y123.509 E.14082
G1 X137.241 Y124.157 E.02346
G1 X139.343 Y126.259 E.10764
G1 X138.695 Y126.259 E.02346
G1 X137.241 Y124.805 E.07446
G1 X137.241 Y125.453 E.02346
G1 X138.047 Y126.259 E.04128
G1 X137.399 Y126.259 E.02346
G1 X137.036 Y125.895 E.01863
G1 E-.728 F1800
;WIPE_START
G1 F30000
G1 X137.399 Y126.259 E-.03087
G1 X138.047 Y126.259 E-.03887
G1 X138.021 Y126.232 E-.00225
;WIPE_END
G1 X144.122 Y121.646 Z.6
G1 X155.036 Y113.443 Z.6
G1 Z.2
G1 E.8 F1800
G1 F6300
G1 X156.759 Y115.166 E.08824
G1 X156.759 Y115.814 E.02346
G1 X155.241 Y114.297 E.07771
G1 X155.241 Y114.945 E.02346
G1 X160.759 Y120.462 E.28256
G1 X160.759 Y121.11 E.02346
G1 X155.241 Y115.592 E.28256
G1 X155.241 Y116.24 E.02346
G1 X160.759 Y121.758 E.28256
G1 X160.759 Y122.406 E.02346
G1 X155.094 Y116.741 E.29009
G1 X154.446 Y116.741 E.02346
G1 X160.759 Y123.054 E.32327
G1 X160.759 Y123.702 E.02346
G1 X153.798 Y116.741 E.35645
G1 X153.151 Y116.741 E.02346
G1 X160.759 Y124.349 E.38963
G1 X160.759 Y124.997 E.02346
G1 X152.503 Y116.741 E.42281
G1 X151.855 Y116.741 E.02346
G1 X160.759 Y125.645 E.456
G1 X160.759 Y126.259 E.02221
G1 X160.724 Y126.259 E.00125
G1 X151.241 Y116.776 E.48565
G1 X151.241 Y117.424 E.02346
G1 X160.076 Y126.259 E.45246
G1 X159.428 Y126.259 E.02346
G1 X151.241 Y118.072 E.41928
G1 X151.241 Y118.72 E.02346
G1 X158.781 Y126.259 E.3861
G1 X158.133 Y126.259 E.02346
G1 X151.241 Y119.367 E.35292
G1 X151.241 Y120.015 E.02346
G1 X157.485 Y126.259 E.31974
G1 X156.837 Y126.259 E.02346
G1 X151.241 Y120.663 E.28656
G1 X151.241 Y121.311 E.02346
G1 X156.189 Y126.259 E.25338
G1 X155.541 Y126.259 E.02346
G1 X151.241 Y121.959 E.2202
G1 X151.241 Y122.607 E.02346
G1 X154.893 Y126.259 E.18702
G1 X154.245 Y126.259 E.02346
G1 X151.241 Y123.255 E.15383
G1 X151.241 Y123.903 E.02346
G1 X153.597 Y126.259 E.12065
G1 X152.949 Y126.259 E.02346
G1 X151.241 Y124.551 E.08747
G1 X151.241 Y125.199 E.02346
G1 X152.301 Y126.259 E.05429
G1 X151.653 Y126.259 E.02346
G1 X151.036 Y125.641 E.03164
G1 E-.728 F1800
;WIPE_START
G1 F30000
G1 X151.653 Y126.259 E-.05243
G1 X151.98 Y126.259 E-.01957
;WIPE_END
G1 X158.152 Y130.748 Z.6
G1 X165.036 Y135.754 Z.6
G1 Z.2
G1 E.8 F1800
G1 F6300
G1 X166.394 Y137.112 E.06954
G1 X165.739 Y137.104 E.02374
G1 X165.033 Y136.399 E.03614
M106 S153
;LAYER_CHANGE
;Z:0.4
;HEIGHT:0.2
;BEFORE_LAYER_CHANGE
;0.4
G92 E0

G1 E-.728 F1800
;WIPE_START
G1 F30000
G1 X165.739 Y137.104 E-.05987
G1 X165.941 Y137.107 E-.01213
;WIPE_END
M73 L2
;LAYER:2
SET_PRINT_STATS_INFO TOTAL_LAYER=35 CURRENT_LAYER=2
;_SET_FAN_SPEED_CHANGING_LAYER
SET_VELOCITY_LIMIT ACCEL=3000
M140 S60 ; set bed temperature

G1 X164.892 Y136.987 Z0.457143
G1 X164.331 Y136.092 Z0.514286
G1 X164.681 Y135.096 Z0.571429
G1 X165.678 Y134.748 Z0.628571
G1 X166.572 Y135.311 Z0.685714
G1 X166.689 Y136.361 Z0.742857
G1 X165.941 Y137.107 Z0.8
G1 X101.384 Y159.602 Z.8
G1 Z.4
G1 E.8 F1800
;TYPE:Inner wall
;WIDTH:0.45
G1 F12000
G1 X102.769 Y162 E.08909
G1 X101.384 Y164.398 E.08909
G1 X98.616 Y164.398 E.08909
G1 X97.231 Y162 E.08909
G1 X98.616 Y159.602 E.08909
G1 X101.344 Y159.602 E.08781
SET_VELOCITY_LIMIT ACCEL=2000
G1 X101.611 Y159.21 F30000
;TYPE:Outer wall
;WIDTH:0.42
G1 F7200
G1 X101.624 Y159.234 E.00081
G1 X103.222 Y162 E.09521
G1 X101.611 Y164.79 E.09602
G1 X98.389 Y164.79 E.09602
G1 X96.778 Y162 E.09602
G1 X98.389 Y159.21 E.09602
G1 X101.571 Y159.21 E.09483
G1 E-.728 F1800
;WIPE_START
G1 F30000
G1 X101.624 Y159.234 E-.00351
G1 X102.195 Y160.222 E-.06849
;WIPE_END
G1 X102.097 Y162.282 Z.8
G1 Z.4
G1 E.8 F1800
SET_VELOCITY_LIMIT ACCEL=3000
;TYPE:Internal solid infill
;WIDTH:0.516271
G1 F14001.013
G1 X100.422 Y163.958 E.08864
G1 X101.13 Y163.958 E.02649
G1 X102.077 Y162.317 E.07088
G1 E-.728 F1800
;WIPE_START
G1 F30000
G1 X101.477 Y163.356 E-.072
;WIPE_END
G1 X99.811 Y164.234 Z.8
G1 Z.4
G1 E.8 F1800
;WIDTH:0.419999
G1 F15000
G1 X102.26 Y161.785 E.10324
G1 X102.065 Y161.447 E.01164
G1 X99.447 Y164.065 E.11033
G1 X98.914 Y164.065 E.01589
G1 X101.87 Y161.109 E.12458
G1 X101.674 Y160.771 E.01164
G1 X98.652 Y163.794 E.12742
G1 X98.456 Y163.456 E.01164
G1 X101.479 Y160.433 E.12742
G1 X101.284 Y160.095 E.01164
G1 X98.261 Y163.118 E.12742
G1 X98.066 Y162.78 E.01164
G1 X100.91 Y159.935 E.11989
G1 X100.377 Y159.935 E.01589
G1 X97.871 Y162.441 E.10564
G1 X97.676 Y162.103 E.01164
G1 X99.844 Y159.935 E.09139
G1 X99.31 Y159.935 E.01589
G1 X97.658 Y161.588 E.06965
G1 E-.728 F1800
;WIPE_START
G1 F30000
G1 X98.507 Y160.739 E-.072
;WIPE_END
G1 X98.931 Y159.806 Z.8
G1 Z.4
G1 E.8 F1800
;TYPE:Gap infill
;WIDTH:0.312441
G1 F15000
G1 X98.789 Y159.99 E.00495
;WIDTH:0.262602
G1 X98.648 Y160.175 E.00404
;WIDTH:0.212764
G1 X98.506 Y160.359 E.00312
;WIDTH:0.162926
G1 X98.365 Y160.544 E.00221
;WIDTH:0.138007
G1 X98.223 Y160.728 E.00175
G1 E-.78605 F1800
;WIPE_START
G1 F30000
G1 X98.365 Y160.544 E-.01395
;WIPE_END
G1 X103.09 Y154.55 Z.8
G1 X133.398 Y116.102 Z.8
G1 Z.4
G1 E.8 F1800
;TYPE:Inner wall
;WIDTH:0.45
G1 F12000
G1 X133.398 Y126.898 E.34737
G1 X122.602 Y126.898 E.34737
M73 P26 R20
G1 X122.602 Y116.102 E.34737
G1 X126.602 Y116.102 E.12871
G1 X126.602 Y116.082 E.00066
G1 X129.398 Y116.082 E.08996
G1 X129.398 Y116.102 E.00066
G1 X133.358 Y116.102 E.12742
G1 E-.728 F1800
;WIPE_START
G1 F30000
G1 X133.362 Y117.302 E-.072
;WIPE_END
G1 X136.602 Y116.102 Z.8
G1 Z.4
G1 E.8 F1800
G1 F12000
G1 X140.602 Y116.102 E.12871
G1 X140.602 Y116.082 E.00066
G1 X143.398 Y116.082 E.08996
G1 X143.398 Y116.102 E.00066
G1 X147.398 Y116.102 E.12871
G1 X147.398 Y126.898 E.34737
G1 X136.602 Y126.898 E.34737
G1 X136.602 Y116.142 E.34609
G1 E-.728 F1800
;WIPE_START
G1 F30000
G1 X137.802 Y116.13 E-.072
;WIPE_END
G1 X145.434 Y116.113 Z.8
G1 X150.602 Y116.102 Z.8
G1 Z.4
G1 E.8 F1800
G1 F12000
G1 X154.602 Y116.102 E.12871
G1 X154.602 Y116.082 E.00066
G1 X157.398 Y116.082 E.08996
G1 X157.398 Y116.102 E.00066
G1 X161.398 Y116.102 E.12871
G1 X161.398 Y126.898 E.34737
G1 X150.602 Y126.898 E.34737
G1 X150.602 Y116.142 E.34609
G1 E-.728 F1800
;WIPE_START
G1 F30000
G1 X151.802 Y116.13 E-.072
;WIPE_END
G1 X158.422 Y119.929 Z.8
G1 X170.602 Y126.918 Z.8
G1 Z.4
G1 E.8 F1800
G1 F12000
G1 X170.602 Y126.898 E.00066
G1 X164.602 Y126.898 E.19306
G1 X164.602 Y116.102 E.34737
G1 X168.602 Y116.102 E.12871
M73 P26 R19
G1 X168.602 Y116.082 E.00066
G1 X173.398 Y116.082 E.15431
G1 X173.398 Y116.102 E.00066
G1 X175.398 Y116.102 E.06435
G1 X175.398 Y126.898 E.34737
G1 X173.398 Y126.898 E.06435
G1 X173.398 Y126.918 E.00066
G1 X170.642 Y126.918 E.08867
G1 E-.728 F1800
;WIPE_START
G1 F30000
G1 X170.602 Y126.898 E-.0027
G1 X169.447 Y126.898 E-.0693
;WIPE_END
G1 X168.016 Y134.395 Z.8
G1 X164.63 Y152.13 Z.8
G1 Z.4
G1 E.8 F1800
SET_VELOCITY_LIMIT ACCEL=2000
;TYPE:Outer wall
;WIDTH:0.42
G1 F7200
G1 X164.63 Y154.87 E.08167
G1 X167.37 Y154.87 E.08167
G1 X167.37 Y152.13 E.08167
G1 X164.67 Y152.13 E.08047
G1 E-.728 F1800
;WIPE_START
G1 F30000
G1 X164.652 Y153.33 E-.072
;WIPE_END
G1 X164.641 Y145.697 Z.8
G1 X164.63 Y138.13 Z.8
G1 Z.4
G1 E.8 F1800
G1 F7200
G1 X164.63 Y140.87 E.08167
G1 X167.37 Y140.87 E.08167
G1 X167.37 Y138.13 E.08167
G1 X164.67 Y138.13 E.08047
G1 E-.728 F1800
;WIPE_START
G1 F30000
G1 X164.652 Y139.33 E-.072
;WIPE_END
G1 X157.035 Y138.849 Z.8
G1 X145.63 Y138.13 Z.8
G1 Z.4
G1 E.8 F1800
G1 F7200
G1 X145.63 Y140.87 E.08167
G1 X148.37 Y140.87 E.08167
G1 X148.37 Y138.13 E.08167
G1 X145.67 Y138.13 E.08047
G1 E-.728 F1800
;WIPE_START
G1 F30000
G1 X145.652 Y139.33 E-.072
;WIPE_END
G1 X145.639 Y146.962 Z.8
G1 X145.63 Y152.13 Z.8
G1 Z.4
G1 E.8 F1800
G1 F7200
G1 X145.63 Y154.87 E.08167
G1 X148.37 Y154.87 E.08167
G1 X148.37 Y152.13 E.08167
G1 X145.67 Y152.13 E.08047
G1 E-.728 F1800
;WIPE_START
G1 F30000
G1 X145.652 Y153.33 E-.072
;WIPE_END
G1 X140.073 Y148.122 Z.8
G1 X129.37 Y138.13 Z.8
G1 Z.4
G1 E.8 F1800
G1 F7200
G1 X126.63 Y138.13 E.08167
G1 X126.63 Y140.87 E.08167
G1 X129.37 Y140.87 E.08167
G1 X129.37 Y138.17 E.08047
G1 E-.728 F1800
;WIPE_START
G1 F30000
G1 X128.17 Y138.152 E-.072
;WIPE_END
G1 X127.334 Y145.739 Z.8
G1 X126.63 Y152.13 Z.8
G1 Z.4
G1 E.8 F1800
G1 F7200
G1 X126.63 Y154.87 E.08167
G1 X129.37 Y154.87 E.08167
G1 X129.37 Y152.13 E.08167
G1 X126.67 Y152.13 E.08047
G1 E-.728 F1800
;WIPE_START
G1 F30000
G1 X126.652 Y153.33 E-.072
;WIPE_END
G1 X119.035 Y152.849 Z.8
G1 X107.63 Y152.13 Z.8
G1 Z.4
G1 E.8 F1800
G1 F7200
G1 X107.63 Y154.87 E.08167
G1 X110.37 Y154.87 E.08167
G1 X110.37 Y152.13 E.08167
G1 X107.67 Y152.13 E.08047
G1 E-.728 F1800
;WIPE_START
G1 F30000
G1 X107.652 Y153.33 E-.072
;WIPE_END
G1 X107.641 Y145.697 Z.8
G1 X107.63 Y138.13 Z.8
G1 Z.4
G1 E.8 F1800
G1 F7200
G1 X107.63 Y140.87 E.08167
G1 X110.37 Y140.87 E.08167
G1 X110.37 Y138.13 E.08167
G1 X107.67 Y138.13 E.08047
G1 E-.728 F1800
;WIPE_START
G1 F30000
G1 X107.652 Y139.33 E-.072
;WIPE_END
G1 X100.041 Y138.769 Z.8
G1 X91.37 Y138.13 Z.8
G1 Z.4
G1 E.8 F1800
G1 F7200
G1 X88.63 Y138.13 E.08167
G1 X88.63 Y140.87 E.08167
G1 X91.37 Y140.87 E.08167
G1 X91.37 Y138.17 E.08047
G1 E-.728 F1800
;WIPE_START
G1 F30000
G1 X90.17 Y138.152 E-.072
;WIPE_END
G1 X89.334 Y145.739 Z.8
G1 X88.63 Y152.13 Z.8
G1 Z.4
G1 E.8 F1800
G1 F7200
G1 X88.63 Y154.87 E.08167
G1 X91.37 Y154.87 E.08167
G1 X91.37 Y152.13 E.08167
G1 X88.67 Y152.13 E.08047
G1 E-.728 F1800
;WIPE_START
G1 F30000
G1 X88.652 Y153.33 E-.072
;WIPE_END
G1 X92.509 Y146.743 Z.8
G1 X122.554 Y95.433 Z.8
G1 Z.4
G1 E.8 F1800
SET_VELOCITY_LIMIT ACCEL=3000
;TYPE:Inner wall
;WIDTH:0.45
G1 F12000
G1 X120.494 Y99 E.13255
G1 X122.747 Y102.902 E.14498
G1 X127.253 Y102.902 E.14498
G1 X129.506 Y99 E.14498
G1 X127.253 Y95.098 E.14498
G1 X122.747 Y95.098 E.14498
G1 X122.574 Y95.398 E.01115
SET_VELOCITY_LIMIT ACCEL=2000
G1 X122.973 Y95.49 F30000
;TYPE:Outer wall
;WIDTH:0.42
G1 F7200
G1 X120.947 Y99 E.1208
G1 X122.973 Y102.51 E.1208
G1 X127.027 Y102.51 E.1208
G1 X129.053 Y99 E.1208
G1 X127.027 Y95.49 E.1208
G1 X123.013 Y95.49 E.11961
G1 E-.728 F1800
;WIPE_START
G1 F30000
G1 X122.405 Y96.524 E-.072
;WIPE_END
G1 X117.494 Y102.367 Z.8
G1 X117.129 Y102.802 Z.8
G1 Z.4
G1 E.8 F1800
SET_VELOCITY_LIMIT ACCEL=3000
;TYPE:Inner wall
;WIDTH:0.45
G1 F12000
G1 X117.195 Y102.802 E.00213
G1 X119.39 Y99 E.14126
G1 X117.195 Y95.198 E.14126
G1 X112.805 Y95.198 E.14126
G1 X110.61 Y99 E.14126
G1 X112.805 Y102.802 E.14126
G1 X117.089 Y102.802 E.13784
SET_VELOCITY_LIMIT ACCEL=2000
G1 X116.969 Y102.41 F30000
;TYPE:Outer wall
;WIDTH:0.42
G1 F7200
G1 X118.938 Y99 E.11736
G1 X116.969 Y95.59 E.11736
G1 X113.031 Y95.59 E.11736
G1 X111.062 Y99 E.11736
G1 X113.031 Y102.41 E.11736
G1 X116.929 Y102.41 E.11617
G1 E-.728 F1800
;WIPE_START
G1 F30000
G1 X117.538 Y101.376 E-.072
;WIPE_END
G1 X109.934 Y102.032 Z.8
G1 X102.829 Y102.645 Z.8
G1 Z.4
G1 E.8 F1800
SET_VELOCITY_LIMIT ACCEL=3000
;TYPE:Inner wall
;WIDTH:0.45
G1 F12000
G1 X102.863 Y102.702 E.00213
G1 X107.137 Y102.702 E.13755
G1 X109.275 Y99 E.13755
G1 X107.137 Y95.298 E.13755
G1 X102.863 Y95.298 E.13755
G1 X100.725 Y99 E.13755
G1 X102.809 Y102.61 E.13413
SET_VELOCITY_LIMIT ACCEL=2000
G1 X103.089 Y102.31 F30000
;TYPE:Outer wall
;WIDTH:0.42
G1 F7200
G1 X106.911 Y102.31 E.11392
G1 X108.822 Y99 E.11392
G1 X106.911 Y95.69 E.11392
G1 X103.089 Y95.69 E.11392
G1 X101.178 Y99 E.11392
G1 X103.069 Y102.275 E.11273
G1 E-.728 F1800
;WIPE_START
G1 F30000
G1 X104.269 Y102.286 E-.072
;WIPE_END
G1 X97.042 Y102.652 Z.8
G1 Z.4
G1 E.8 F1800
SET_VELOCITY_LIMIT ACCEL=3000
;TYPE:Inner wall
;WIDTH:0.45
G1 F12000
G1 X97.109 Y102.652 E.00213
G1 X99.217 Y99 E.13569
G1 X97.109 Y95.348 E.13569
G1 X92.891 Y95.348 E.13569
G1 X90.783 Y99 E.13569
G1 X92.891 Y102.652 E.13569
G1 X97.002 Y102.652 E.13227
SET_VELOCITY_LIMIT ACCEL=2000
G1 X96.882 Y102.26 F30000
;TYPE:Outer wall
;WIDTH:0.42
G1 F7200
G1 X98.764 Y99 E.1122
G1 X96.882 Y95.74 E.1122
G1 X93.118 Y95.74 E.1122
G1 X91.236 Y99 E.1122
G1 X93.118 Y102.26 E.1122
G1 X96.842 Y102.26 E.111
G1 E-.728 F1800
;WIPE_START
G1 F30000
G1 X97.452 Y101.226 E-.072
;WIPE_END
G1 X89.88 Y102.192 Z.8
G1 X87.113 Y102.545 Z.8
G1 Z.4
G1 E.8 F1800
SET_VELOCITY_LIMIT ACCEL=3000
;TYPE:Inner wall
;WIDTH:0.45
G1 F12000
G1 X89.159 Y99 E.1317
G1 X87.08 Y95.398 E.13383
G1 X82.92 Y95.398 E.13383
G1 X80.841 Y99 E.13383
G1 X82.92 Y102.602 E.13383
G1 X87.08 Y102.602 E.13383
G1 X87.093 Y102.579 E.00085
SET_VELOCITY_LIMIT ACCEL=2000
G1 X86.853 Y102.21 F30000
;TYPE:Outer wall
;WIDTH:0.42
G1 F7200
G1 X88.707 Y99 E.11048
G1 X86.853 Y95.79 E.11048
G1 X83.147 Y95.79 E.11048
G1 X81.293 Y99 E.11048
G1 X83.147 Y102.21 E.11048
G1 X86.813 Y102.21 E.10928
G1 E-.728 F1800
;WIPE_START
G1 F30000
G1 X87.423 Y101.176 E-.072
;WIPE_END
G1 X95.048 Y101.518 Z.8
G1 X137.022 Y103.398 Z.8
G1 Z.4
M73 P27 R19
G1 E.8 F1800
SET_VELOCITY_LIMIT ACCEL=3000
;TYPE:Inner wall
;WIDTH:0.45
G1 F12000
G1 X85.398 Y103.398 E1.66108
G1 X85.398 Y103.418 E.00066
G1 X80.602 Y103.398 E.15432
G1 X80.602 Y94.602 E.28302
G1 X81.602 Y94.602 E.03218
G1 X81.602 Y94.582 E.00066
G1 X88.398 Y94.582 E.21867
G1 X88.398 Y94.602 E.00066
G1 X91.602 Y94.602 E.1031
G1 X91.602 Y94.582 E.00066
G1 X98.398 Y94.582 E.21867
G1 X98.398 Y94.602 E.00066
G1 X101.602 Y94.602 E.1031
G1 X101.602 Y94.582 E.00066
G1 X108.398 Y94.582 E.21867
G1 X108.398 Y94.602 E.00066
G1 X111.602 Y94.602 E.1031
G1 X111.602 Y94.582 E.00066
G1 X118.398 Y94.582 E.21867
G1 X118.398 Y94.602 E.00066
G1 X121.602 Y94.602 E.1031
G1 X121.602 Y94.582 E.00066
G1 X128.398 Y94.582 E.21867
G1 X128.398 Y94.602 E.00066
G1 X131.602 Y94.602 E.1031
G1 X131.602 Y94.582 E.00066
G1 X138.398 Y94.582 E.21867
G1 X138.398 Y94.602 E.00066
G1 X139.398 Y94.602 E.03218
G1 X139.398 Y98.251 E.11742
G1 X139.217 Y98.3 E.00603
G1 X137.311 Y94.998 E.12268
G1 X132.689 Y94.998 E.1487
G1 X130.379 Y99 E.14869
G1 X132.689 Y103.002 E.14869
G1 X137.311 Y103.002 E.1487
G1 X139.217 Y99.7 E.12268
G1 X139.398 Y99.749 E.00603
G1 X139.398 Y103.398 E.11742
G1 X137.062 Y103.398 E.07517
G1 E-.728 F1800
;WIPE_START
G1 F30000
G1 X135.862 Y103.398 E-.072
;WIPE_END
G1 X128.523 Y105.495 Z.8
G1 X91.398 Y116.102 Z.8
G1 Z.4
G1 E.8 F1800
G1 F12000
G1 X91.398 Y126.898 E.34737
G1 X85.398 Y126.898 E.19306
G1 X85.398 Y126.918 E.00066
G1 X80.602 Y126.898 E.15432
G1 X80.602 Y116.102 E.34737
G1 X82.602 Y116.102 E.06435
G1 X82.602 Y116.082 E.00066
G1 X87.398 Y116.082 E.15431
G1 X87.398 Y116.102 E.00066
G1 X91.358 Y116.102 E.12742
G1 E-.728 F1800
;WIPE_START
G1 F30000
G1 X91.362 Y117.302 E-.072
;WIPE_END
G1 X98.99 Y117.031 Z.8
G1 X136.21 Y115.71 Z.8
G1 Z.4
G1 E.8 F1800
SET_VELOCITY_LIMIT ACCEL=2000
;TYPE:Outer wall
;WIDTH:0.42
G1 F7200
G1 X140.21 Y115.71 E.11922
G1 X140.21 Y113.79 E.05723
G1 X129.79 Y113.79 E.31057
G1 X129.79 Y115.71 E.05723
G1 X133.79 Y115.71 E.11922
G1 X133.79 Y127.29 E.34515
G1 X122.21 Y127.29 E.34515
G1 X122.21 Y115.71 E.34515
G1 X126.21 Y115.71 E.11922
G1 X126.21 Y113.79 E.05723
G1 X115.79 Y113.79 E.31057
G1 X115.79 Y115.71 E.05723
G1 X119.79 Y115.71 E.11922
G1 X119.79 Y127.29 E.34515
G1 X108.21 Y127.29 E.34515
G1 X108.21 Y115.71 E.34515
G1 X112.21 Y115.71 E.11922
G1 X112.21 Y113.79 E.05723
G1 X101.79 Y113.79 E.31057
G1 X101.79 Y115.71 E.05723
G1 X105.79 Y115.71 E.11922
G1 X105.79 Y127.29 E.34515
G1 X94.21 Y127.29 E.34515
G1 X94.21 Y115.71 E.34515
G1 X98.21 Y115.71 E.11922
G1 X98.21 Y113.79 E.05723
G1 X87.79 Y113.79 E.31057
G1 X87.79 Y115.71 E.05723
G1 X91.79 Y115.71 E.11922
G1 X91.79 Y127.29 E.34515
G1 X85.79 Y127.29 E.17883
G1 X85.79 Y130.21 E.08703
G1 X170.21 Y130.21 E2.51617
G1 X170.21 Y127.29 E.08703
G1 X164.21 Y127.29 E.17883
G1 X164.21 Y115.71 E.34515
G1 X168.21 Y115.71 E.11922
G1 X168.21 Y113.79 E.05723
G1 X157.79 Y113.79 E.31057
G1 X157.79 Y115.71 E.05723
G1 X161.79 Y115.71 E.11922
G1 X161.79 Y127.29 E.34515
G1 X150.21 Y127.29 E.34515
G1 X150.21 Y115.71 E.34515
G1 X154.21 Y115.71 E.11922
G1 X154.21 Y113.79 E.05723
G1 X143.79 Y113.79 E.31057
G1 X143.79 Y115.71 E.05723
G1 X147.79 Y115.71 E.11922
G1 X147.79 Y127.29 E.34515
G1 X136.21 Y127.29 E.34515
G1 X136.21 Y115.75 E.34395
G1 E-.728 F1800
;WIPE_START
G1 F30000
G1 X137.41 Y115.738 E-.072
;WIPE_END
G1 X129.778 Y115.825 Z.8
G1 X105.398 Y116.102 Z.8
G1 Z.4
G1 E.8 F1800
SET_VELOCITY_LIMIT ACCEL=3000
;TYPE:Inner wall
;WIDTH:0.45
G1 F12000
G1 X105.398 Y126.898 E.34737
G1 X94.602 Y126.898 E.34737
G1 X94.602 Y116.102 E.34737
G1 X98.602 Y116.102 E.12871
G1 X98.602 Y116.082 E.00066
G1 X101.398 Y116.082 E.08996
G1 X101.398 Y116.102 E.00066
G1 X105.358 Y116.102 E.12742
G1 E-.728 F1800
;WIPE_START
G1 F30000
G1 X105.362 Y117.302 E-.072
;WIPE_END
G1 X112.967 Y116.652 Z.8
G1 X119.398 Y116.102 Z.8
G1 Z.4
G1 E.8 F1800
G1 F12000
G1 X119.398 Y126.898 E.34737
G1 X108.602 Y126.898 E.34737
G1 X108.602 Y116.102 E.34737
G1 X112.602 Y116.102 E.12871
G1 X112.602 Y116.082 E.00066
G1 X115.398 Y116.082 E.08996
G1 X115.398 Y116.102 E.00066
G1 X119.358 Y116.102 E.12742
G1 E-.728 F1800
;WIPE_START
G1 F30000
G1 X119.362 Y117.302 E-.072
;WIPE_END
G1 X125.238 Y112.431 Z.8
G1 X137.084 Y102.61 Z.8
G1 Z.4
G1 E.8 F1800
SET_VELOCITY_LIMIT ACCEL=2000
;TYPE:Outer wall
;WIDTH:0.42
G1 F7200
G1 X139.168 Y99 E.12424
G1 X137.084 Y95.39 E.12424
G1 X132.916 Y95.39 E.12424
G1 X130.832 Y99 E.12424
G1 X132.916 Y102.61 E.12424
G1 X137.044 Y102.61 E.12305
G1 E-.728 F1800
;WIPE_START
G1 F30000
G1 X137.653 Y101.576 E-.072
;WIPE_END
G1 X132.321 Y107.037 Z.8
G1 X88.71 Y151.71 Z.8
G1 Z.4
G1 E.8 F1800
G1 F7200
G1 X88.71 Y141.29 E.31057
G1 X88.21 Y141.29 E.0149
G1 X88.21 Y135.79 E.16393
G1 X80.21 Y135.79 E.23844
G1 X80.21 Y130.21 E.16631
G1 X82.21 Y130.21 E.05961
G1 X82.21 Y127.29 E.08703
G1 X80.21 Y127.29 E.05961
G1 X80.21 Y115.71 E.34515
G1 X82.21 Y115.71 E.05961
G1 X82.21 Y113.79 E.05723
G1 X80.21 Y113.79 E.05961
G1 X80.21 Y108.21 E.16631
G1 X82.21 Y108.21 E.05961
G1 X82.21 Y103.79 E.13174
G1 X80.21 Y103.79 E.05961
G1 X80.21 Y94.21 E.28554
G1 X81.21 Y94.21 E.02981
G1 X81.21 Y88.21 E.17883
G1 X88.79 Y88.21 E.22592
G1 X88.79 Y94.21 E.17883
G1 X91.21 Y94.21 E.07213
G1 X91.21 Y88.21 E.17883
G1 X98.79 Y88.21 E.22592
G1 X98.79 Y94.21 E.17883
G1 X101.21 Y94.21 E.07213
G1 X101.21 Y88.21 E.17883
G1 X108.79 Y88.21 E.22592
G1 X108.79 Y94.21 E.17883
G1 X111.21 Y94.21 E.07213
G1 X111.21 Y88.21 E.17883
G1 X118.79 Y88.21 E.22592
G1 X118.79 Y94.21 E.17883
G1 X121.21 Y94.21 E.07213
G1 X121.21 Y88.21 E.17883
G1 X128.79 Y88.21 E.22592
M73 P28 R19
G1 X128.79 Y94.21 E.17883
G1 X131.21 Y94.21 E.07213
G1 X131.21 Y88.21 E.17883
G1 X138.79 Y88.21 E.22592
G1 X138.79 Y94.21 E.17883
G1 X139.79 Y94.21 E.02981
G1 X139.79 Y103.79 E.28554
G1 X85.79 Y103.79 E1.60949
G1 X85.79 Y108.21 E.13174
G1 X170.21 Y108.21 E2.51617
G1 X170.21 Y93.79 E.42979
G1 X142.21 Y93.79 E.83455
G1 X142.21 Y92.79 E.02981
G1 X139.71 Y92.79 E.07451
G1 X139.71 Y89.21 E.1067
G1 X142.21 Y89.21 E.07451
G1 X142.21 Y88.21 E.02981
G1 X175.79 Y88.21 E1.00087
G1 X175.79 Y93.79 E.16631
G1 X173.79 Y93.79 E.05961
G1 X173.79 Y108.21 E.42979
G1 X175.79 Y108.21 E.05961
G1 X175.79 Y113.79 E.16631
G1 X173.79 Y113.79 E.05961
G1 X173.79 Y115.71 E.05723
G1 X175.79 Y115.71 E.05961
G1 X175.79 Y127.29 E.34515
G1 X173.79 Y127.29 E.05961
G1 X173.79 Y130.21 E.08703
G1 X175.79 Y130.21 E.05961
G1 X175.79 Y135.79 E.16631
G1 X167.79 Y135.79 E.23844
G1 X167.79 Y141.29 E.16393
G1 X167.29 Y141.29 E.0149
G1 X167.29 Y151.71 E.31057
G1 X167.79 Y151.71 E.0149
G1 X167.79 Y155.29 E.1067
G1 X164.21 Y155.29 E.1067
G1 X164.21 Y151.71 E.1067
G1 X164.71 Y151.71 E.0149
G1 X164.71 Y141.29 E.31057
G1 X164.21 Y141.29 E.0149
G1 X164.21 Y135.79 E.16393
G1 X148.79 Y135.79 E.4596
G1 X148.79 Y141.29 E.16393
G1 X148.29 Y141.29 E.0149
G1 X148.29 Y151.71 E.31057
G1 X148.79 Y151.71 E.0149
G1 X148.79 Y155.29 E.1067
G1 X145.21 Y155.29 E.1067
G1 X145.21 Y151.71 E.1067
G1 X145.71 Y151.71 E.0149
G1 X145.71 Y141.29 E.31057
G1 X145.21 Y141.29 E.0149
G1 X145.21 Y135.79 E.16393
G1 X129.79 Y135.79 E.4596
G1 X129.79 Y141.29 E.16393
G1 X129.29 Y141.29 E.0149
G1 X129.29 Y151.71 E.31057
G1 X129.79 Y151.71 E.0149
G1 X129.79 Y155.29 E.1067
G1 X126.21 Y155.29 E.1067
G1 X126.21 Y151.71 E.1067
G1 X126.71 Y151.71 E.0149
G1 X126.71 Y141.29 E.31057
G1 X126.21 Y141.29 E.0149
G1 X126.21 Y135.79 E.16393
G1 X110.79 Y135.79 E.4596
G1 X110.79 Y141.29 E.16393
G1 X110.29 Y141.29 E.0149
G1 X110.29 Y151.71 E.31057
G1 X110.79 Y151.71 E.0149
G1 X110.79 Y155.29 E.1067
G1 X107.21 Y155.29 E.1067
G1 X107.21 Y151.71 E.1067
G1 X107.71 Y151.71 E.0149
G1 X107.71 Y141.29 E.31057
G1 X107.21 Y141.29 E.0149
G1 X107.21 Y135.79 E.16393
G1 X91.79 Y135.79 E.4596
G1 X91.79 Y141.29 E.16393
G1 X91.29 Y141.29 E.0149
G1 X91.29 Y151.71 E.31057
G1 X91.79 Y151.71 E.0149
G1 X91.79 Y155.29 E.1067
G1 X88.21 Y155.29 E.1067
G1 X88.21 Y151.71 E.1067
G1 X88.67 Y151.71 E.01371
G1 E-.728 F1800
;WIPE_START
G1 F30000
G1 X88.675 Y150.51 E-.072
;WIPE_END
G1 X90.325 Y151.879 Z.8
G1 Z.4
G1 E.8 F1800
SET_VELOCITY_LIMIT ACCEL=1500
;TYPE:Top surface
;WIDTH:0.427036
G1 F12000
G1 X90.933 Y151.271 E.02843
G1 X90.933 Y150.728 E.01798
G1 X89.951 Y151.709 E.04592
G1 X89.408 Y151.709 E.01798
G1 X90.933 Y150.185 E.07134
G1 X90.933 Y149.642 E.01798
G1 X89.067 Y151.507 E.08729
G1 X89.067 Y150.963 E.01798
G1 X90.933 Y149.098 E.08729
G1 X90.933 Y148.555 E.01798
G1 X89.067 Y150.42 E.08729
G1 X89.067 Y149.877 E.01798
G1 X90.933 Y148.012 E.08729
G1 X90.933 Y147.469 E.01798
G1 X89.067 Y149.334 E.08729
G1 X89.067 Y148.791 E.01798
G1 X90.933 Y146.925 E.08729
G1 X90.933 Y146.382 E.01798
G1 X89.067 Y148.247 E.08729
G1 X89.067 Y147.704 E.01798
G1 X90.933 Y145.839 E.08729
G1 X90.933 Y145.296 E.01798
G1 X89.067 Y147.161 E.08729
G1 X89.067 Y146.618 E.01798
G1 X90.933 Y144.753 E.08729
G1 X90.933 Y144.209 E.01798
G1 X89.067 Y146.074 E.08729
G1 X89.067 Y145.531 E.01798
G1 X90.933 Y143.666 E.08729
G1 X90.933 Y143.123 E.01798
G1 X89.067 Y144.988 E.08729
G1 X89.067 Y144.445 E.01798
G1 X90.933 Y142.58 E.08729
G1 X90.933 Y142.036 E.01798
G1 X89.067 Y143.902 E.08729
G1 X89.067 Y143.358 E.01798
G1 X90.933 Y141.493 E.08729
G1 X90.933 Y141.291 E.0067
G1 X90.592 Y141.291 E.01128
G1 X89.067 Y142.815 E.07133
G1 X89.067 Y142.272 E.01798
G1 X90.048 Y141.291 E.04591
G1 X89.505 Y141.291 E.01798
G1 X88.898 Y141.898 E.02843
G1 E-.728 F1800
;WIPE_START
G1 F30000
G1 X89.505 Y141.291 E-.05154
G1 X89.846 Y141.291 E-.02046
;WIPE_END
G1 X93 Y135.115 Z.8
G1 Z.4
G1 E.8 F1800
SET_VELOCITY_LIMIT ACCEL=3000
;TYPE:Gap infill
;WIDTH:0.273179
G1 F15000
G1 X93 Y133.115 E.0364
G1 X93.02 Y133.02 E.00176
G1 X93.115 Y133 E.00176
G1 X94.928 Y133 E.03301
;WIDTH:0.31486
G1 X94.971 Y133 E.00092
G1 X94.986 Y133.057 F30000
;WIDTH:0.286235
G1 F15000
G1 X95 Y133.115 E.00113
;WIDTH:0.271922
G1 X95 Y135.115 E.0362
G1 E-.728 F1800
;WIPE_START
G1 F30000
G1 X95 Y133.915 E-.072
;WIPE_END
G1 X94.986 Y133.057 Z.8
G1 Z.4
G1 E.8 F1800
;WIDTH:0.305318
G1 F15000
G1 X94.971 Y133 E.00122
G1 X95 Y132.886 E.00245
;WIDTH:0.271922
G1 X95 Y130.886 E.0362
G1 E-.728 F1800
;WIPE_START
G1 F30000
G1 X95 Y132.086 E-.072
;WIPE_END
G1 X91.006 Y126.506 Z.8
G1 Z.4
G1 E.8 F1800
;TYPE:Internal solid infill
;WIDTH:0.419999
G1 F15000
G1 X91.006 Y125.185 E.03935
G1 X89.685 Y126.506 E.05565
G1 X90.966 Y126.506 E.03816
G1 X90.644 Y126.076 F30000
;WIDTH:0.439292
G1 F15000
G1 X90.57 Y126.119 E.00269
G1 X90.649 Y126.154 E.00271
G1 E-.78967 F1800
;WIPE_START
G1 F30000
G1 X90.57 Y126.119 E-.00518
G1 X90.644 Y126.076 E-.00515
;WIPE_END
G1 X89.19 Y126.734 Z.8
G1 Z.4
G1 E.8 F1800
;WIDTH:0.419999
G1 F15000
G1 X91.065 Y124.86 E.07901
G1 X91.065 Y124.327 E.01589
G1 X88.827 Y126.565 E.09433
G1 X88.293 Y126.565 E.01589
G1 X91.065 Y123.793 E.11681
G1 X91.065 Y123.26 E.01589
G1 X87.76 Y126.565 E.13929
G1 X87.227 Y126.565 E.01589
G1 X91.065 Y122.727 E.16177
G1 X91.065 Y122.194 E.01589
G1 X86.694 Y126.565 E.18424
G1 X86.16 Y126.565 E.01589
G1 X91.065 Y121.66 E.20672
G1 X91.065 Y121.127 E.01589
G1 X85.627 Y126.565 E.2292
G1 X85.094 Y126.565 E.01589
G1 X91.065 Y120.594 E.25168
G1 X91.065 Y120.061 E.01589
G1 X84.544 Y126.582 E.27487
G1 X84.013 Y126.579 E.01583
G1 X91.065 Y119.527 E.29725
G1 X91.065 Y118.994 E.01589
G1 X83.482 Y126.577 E.31963
G1 X82.951 Y126.575 E.01583
G1 X91.065 Y118.461 E.34201
G1 X91.065 Y117.927 E.01589
G1 X82.42 Y126.572 E.3644
G1 X81.889 Y126.57 E.01583
G1 X91.065 Y117.394 E.38678
G1 X91.065 Y116.861 E.01589
G1 X81.358 Y126.568 E.40916
G1 X80.935 Y126.566 E.01259
G1 X80.935 Y126.457 E.00325
G1 X90.957 Y116.435 E.42242
G1 X90.424 Y116.435 E.01589
G1 X80.935 Y125.924 E.39995
G1 X80.935 Y125.39 E.01589
G1 X89.89 Y116.435 E.37747
G1 X89.357 Y116.435 E.01589
G1 X80.935 Y124.857 E.35499
G1 X80.935 Y124.324 E.01589
G1 X88.824 Y116.435 E.33251
G1 X88.291 Y116.435 E.01589
G1 X80.935 Y123.791 E.31003
G1 X80.935 Y123.257 E.01589
G1 X87.757 Y116.435 E.28756
G1 X87.224 Y116.435 E.01589
G1 X80.935 Y122.724 E.26508
G1 X80.935 Y122.191 E.01589
G1 X86.711 Y116.415 E.24347
G1 X86.178 Y116.415 E.01589
G1 X80.935 Y121.658 E.22099
G1 X80.935 Y121.124 E.01589
G1 X85.645 Y116.415 E.19851
G1 X85.112 Y116.415 E.01589
G1 X80.935 Y120.591 E.17603
G1 X80.935 Y120.058 E.01589
G1 X84.578 Y116.415 E.15355
G1 X84.045 Y116.415 E.01589
G1 X80.935 Y119.524 E.13108
G1 X80.935 Y118.991 E.01589
G1 X83.512 Y116.415 E.1086
G1 X82.978 Y116.415 E.01589
G1 X80.935 Y118.458 E.08612
G1 X80.935 Y117.925 E.01589
G1 X82.425 Y116.435 E.06278
G1 X81.891 Y116.435 E.01589
G1 X80.766 Y117.561 E.04745
G1 E-.728 F1800
M73 P29 R19
;WIPE_START
G1 F30000
G1 X81.614 Y116.713 E-.072
;WIPE_END
G1 X81.03 Y116.462 Z.8
G1 Z.4
G1 E.8 F1800
;WIDTH:0.442582
G1 F15000
G1 X80.955 Y116.505 E.00273
G1 X81.035 Y116.54 E.00275
G1 E-.78958 F1800
;WIPE_START
G1 F30000
G1 X80.955 Y116.505 E-.00523
G1 X81.03 Y116.462 E-.00519
;WIPE_END
G1 X83.02 Y112.98 Z.8
G1 Z.4
G1 E.8 F1800
;TYPE:Gap infill
;WIDTH:0.273564
G1 F15000
G1 X83.115 Y113 E.00177
G1 X84.886 Y113 E.03229
G1 X84.98 Y112.98 E.00177
G1 X85 Y112.886 E.00177
G1 X85 Y111.115 E.03229
;WIDTH:0.286235
G1 X84.986 Y111.057 E.00113
;WIDTH:0.306377
G1 X84.971 Y111 E.00123
G1 X84.886 Y111 E.00179
;WIDTH:0.271922
G1 X83.115 Y111 E.03206
G1 X83.02 Y111.02 E.00175
;WIDTH:0.273564
G1 X83 Y111.115 E.00177
G1 X83 Y112.886 E.03229
G1 X83.012 Y112.941 E.00104
G1 E-.728 F1800
;WIPE_START
G1 F30000
G1 X83.115 Y113 E-.00711
G1 X84.196 Y113 E-.06489
;WIPE_END
G1 X84.971 Y111 Z.8
G1 Z.4
G1 E.8 F1800
;WIDTH:0.31486
G1 F15000
G1 X84.986 Y110.943 E.00127
;WIDTH:0.273288
G1 X85 Y110.886 E.00107
G1 X85 Y109.115 E.03225
G1 X84.98 Y109.02 E.00176
G1 X84.886 Y109 E.00176
G1 X82.886 Y109 E.03642
G1 E-.728 F1800
;WIPE_START
G1 F30000
G1 X84.086 Y109 E-.072
;WIPE_END
G1 X86.886 Y109 Z.8
G1 Z.4
G1 E.8 F1800
;WIDTH:0.273432
G1 F15000
G1 X88.886 Y109 E.03644
G1 X88.98 Y109.02 E.00176
G1 X89 Y109.115 E.00176
G1 X89 Y110.886 E.03227
G1 X88.98 Y110.98 E.00176
G1 X88.886 Y111 E.00176
G1 X87.115 Y111 E.03227
G1 X87.02 Y111.02 E.00176
G1 X87 Y111.115 E.00176
G1 X87 Y112.886 E.03227
G1 X87.02 Y112.98 E.00176
G1 X87.115 Y113 E.00176
G1 X89.115 Y113 E.03644
G1 E-.728 F1800
;WIPE_START
G1 F30000
G1 X87.915 Y113 E-.072
;WIPE_END
G1 X94.778 Y116.339 Z.8
G1 X95.03 Y116.462 Z.8
G1 Z.4
G1 E.8 F1800
;TYPE:Internal solid infill
;WIDTH:0.442582
G1 F15000
G1 X94.955 Y116.505 E.00273
G1 X95.035 Y116.54 E.00275
G1 E-.78958 F1800
;WIPE_START
G1 F30000
G1 X94.955 Y116.505 E-.00523
G1 X95.03 Y116.462 E-.00519
;WIPE_END
G1 X97.02 Y112.98 Z.8
G1 Z.4
G1 E.8 F1800
;TYPE:Gap infill
;WIDTH:0.273564
G1 F15000
G1 X97.115 Y113 E.00177
G1 X98.886 Y113 E.03229
G1 X98.98 Y112.98 E.00177
G1 X99 Y112.886 E.00177
G1 X99 Y111.115 E.03229
;WIDTH:0.286235
G1 X98.986 Y111.057 E.00113
;WIDTH:0.306377
G1 X98.971 Y111 E.00123
G1 X98.886 Y111 E.00179
;WIDTH:0.271922
G1 X97.115 Y111 E.03206
G1 X97.02 Y111.02 E.00175
;WIDTH:0.273564
G1 X97 Y111.115 E.00177
G1 X97 Y112.886 E.03229
G1 X97.012 Y112.941 E.00104
G1 E-.728 F1800
;WIPE_START
G1 F30000
G1 X97.115 Y113 E-.00711
G1 X98.196 Y113 E-.06489
;WIPE_END
G1 X98.971 Y111 Z.8
G1 Z.4
G1 E.8 F1800
;WIDTH:0.31486
G1 F15000
G1 X98.986 Y110.943 E.00127
;WIDTH:0.273288
G1 X99 Y110.886 E.00107
G1 X99 Y109.115 E.03225
G1 X98.98 Y109.02 E.00176
G1 X98.886 Y109 E.00176
G1 X96.886 Y109 E.03642
G1 E-.728 F1800
;WIPE_START
G1 F30000
G1 X98.086 Y109 E-.072
;WIPE_END
G1 X101 Y110.886 Z.8
G1 Z.4
G1 E.8 F1800
;WIDTH:0.273412
G1 F15000
G1 X101 Y109.115 E.03227
G1 X101.02 Y109.02 E.00176
G1 X101.115 Y109 E.00176
G1 X102.886 Y109 E.03227
G1 X102.98 Y109.02 E.00176
G1 X103 Y109.115 E.00176
G1 X103 Y110.886 E.03227
G1 X102.98 Y110.98 E.00176
G1 X102.886 Y111 E.00176
G1 X101.115 Y111 E.03227
;WIDTH:0.306377
G1 X101.029 Y111 E.00179
G1 X101.014 Y111.057 E.00123
;WIDTH:0.286235
G1 X101 Y111.115 E.00113
;WIDTH:0.272882
G1 X101 Y112.886 E.03219
G1 X101.02 Y112.98 E.00176
G1 X101.115 Y113 E.00176
G1 X103.115 Y113 E.03635
G1 E-.728 F1800
;WIPE_START
G1 F30000
G1 X101.915 Y113 E-.072
;WIPE_END
G1 X101.029 Y111 Z.8
G1 Z.4
G1 E.8 F1800
;WIDTH:0.300547
G1 F15000
G1 X101.014 Y110.943 E.0012
;WIDTH:0.286235
G1 X101 Y110.886 E.00113
G1 E-.79646 F1800
;WIPE_START
G1 F30000
G1 X101.014 Y110.943 E-.00354
;WIPE_END
G1 X99.227 Y103.523 Z.8
G1 X99.158 Y103.234 Z.8
G1 Z.4
G1 E.8 F1800
;TYPE:Internal solid infill
;WIDTH:0.42
G1 F15000
G1 X101.457 Y100.935 E.09694
G1 X101.262 Y100.597 E.01164
G1 X98.794 Y103.065 E.10403
G1 X98.261 Y103.065 E.01589
G1 X101.067 Y100.258 E.11828
G1 X100.872 Y99.92 E.01164
G1 X97.728 Y103.065 E.13253
G1 X97.461 Y103.065 E.00793
G1 X97.461 Y102.797 E.00797
G1 X100.677 Y99.582 E.13552
G1 X100.481 Y99.244 E.01164
G1 X98.067 Y101.659 E.10178
G1 X98.795 Y100.397 E.04342
G1 X100.543 Y98.65 E.07365
G1 X101.271 Y97.388 E.04342
G1 X99.524 Y99.135 E.07365
G1 X99.602 Y99 E.00466
G1 X99.428 Y98.698 E.01039
G1 X102 Y96.126 E.10841
G1 X102.501 Y95.257 E.0299
G1 X102.501 Y95.091 E.00495
G1 X99.232 Y98.36 E.13778
G1 X99.037 Y98.022 E.01164
G1 X102.314 Y94.745 E.13813
G1 X101.72 Y94.806 F30000
;TYPE:Gap infill
;WIDTH:0.419957
G1 F15000
G1 X98.747 Y97.779 E.12531
G1 X98.788 Y97.472 F30000
;TYPE:Internal solid infill
;WIDTH:0.419999
G1 F15000
G1 X101.265 Y94.994 E.10444
G1 X98.194 Y94.994 E.09153
G1 X97.514 Y94.974 E.02028
G1 X97.514 Y95.267 E.00874
G1 X98.768 Y97.437 E.0747
G1 X98.868 Y96.858 F30000
G1 F15000
G1 X100.355 Y95.371 E.06266
G1 X98.194 Y95.371 E.0644
G1 X97.998 Y95.351 E.00588
G1 X98.848 Y96.823 E.05068
G1 X98.949 Y96.244 F30000
;WIDTH:0.419903
G1 F15000
G1 X99.445 Y95.748 E.02088
G1 X98.663 Y95.748 E.02329
G1 X98.929 Y96.209 E.01586
G1 E-.728 F1800
;WIPE_START
G1 F30000
G1 X98.663 Y95.748 E-.03193
G1 X99.331 Y95.748 E-.04007
;WIPE_END
G1 X97.122 Y94.965 Z.8
G1 Z.4
G1 E.8 F1800
;TYPE:Gap infill
;WIDTH:0.40222
G1 F15000
G1 X92.878 Y94.965 E.12055
G1 E-.728 F1800
;WIPE_START
G1 F30000
G1 X94.078 Y94.965 E-.072
;WIPE_END
G1 X89.397 Y95.75 Z.8
G1 Z.4
G1 E.8 F1800
;TYPE:Internal solid infill
;WIDTH:0.423384
G1 F15000
G1 X88.608 Y95.75 E.02372
G1 X88.897 Y96.25 E.01736
G1 X89.369 Y95.778 E.02006
G1 E-.728 F1800
;WIPE_START
G1 F30000
G1 X88.897 Y96.25 E-.04003
G1 X88.631 Y95.789 E-.03197
;WIPE_END
G1 X90.312 Y95.371 Z.8
G1 Z.4
G1 E.8 F1800
;WIDTH:0.419999
G1 F15000
G1 X88.194 Y95.371 E.06311
G1 X87.941 Y95.351 E.00759
G1 X88.816 Y96.867 E.05218
G1 X90.283 Y95.4 E.06185
G1 E-.728 F1800
;WIPE_START
G1 F30000
G1 X89.435 Y96.248 E-.072
;WIPE_END
G1 X91.222 Y94.994 Z.8
G1 Z.4
G1 E.8 F1800
G1 F15000
G1 X88.194 Y94.994 E.09024
G1 X87.471 Y94.974 E.02157
G1 X87.471 Y95.292 E.00948
G1 X88.735 Y97.481 E.07535
G1 X91.194 Y95.022 E.10363
G1 E-.728 F1800
;WIPE_START
G1 F30000
G1 X90.345 Y95.871 E-.072
;WIPE_END
G1 X87.811 Y94.379 Z.8
G1 Z.4
G1 E.8 F1800
SET_VELOCITY_LIMIT ACCEL=1500
;TYPE:Top surface
;WIDTH:0.43362
G1 F12000
G1 X88.433 Y93.757 E.02959
G1 X88.433 Y93.205 E.0186
G1 X87.428 Y94.209 E.04781
G1 X86.876 Y94.209 E.0186
G1 X88.433 Y92.652 E.07411
G1 X88.433 Y92.1 E.0186
G1 X86.323 Y94.209 E.10042
G1 X85.771 Y94.209 E.0186
G1 X88.433 Y91.547 E.12672
G1 X88.433 Y90.995 E.0186
G1 X85.218 Y94.209 E.15302
G1 X84.666 Y94.209 E.0186
G1 X88.433 Y90.442 E.17933
G1 X88.433 Y89.89 E.0186
G1 X84.113 Y94.209 E.20563
G1 X83.56 Y94.209 E.0186
G1 X88.433 Y89.337 E.23193
G1 X88.433 Y88.784 E.0186
G1 X83.008 Y94.209 E.25823
G1 X82.455 Y94.209 E.0186
G1 X88.097 Y88.567 E.26856
G1 X87.544 Y88.567 E.0186
G1 X81.903 Y94.209 E.26856
G1 X81.567 Y94.209 E.01129
G1 X81.567 Y93.992 E.00731
G1 X86.992 Y88.567 E.25823
G1 X86.439 Y88.567 E.0186
G1 X81.567 Y93.439 E.23193
G1 X81.567 Y92.887 E.0186
G1 X85.887 Y88.567 E.20562
G1 X85.334 Y88.567 E.0186
G1 X81.567 Y92.334 E.17932
G1 X81.567 Y91.782 E.0186
G1 X84.782 Y88.567 E.15302
G1 X84.229 Y88.567 E.0186
G1 X81.567 Y91.229 E.12671
G1 X81.567 Y90.677 E.0186
G1 X83.677 Y88.567 E.10041
G1 X83.124 Y88.567 E.0186
G1 X81.567 Y90.124 E.07411
G1 X81.567 Y89.572 E.0186
G1 X82.572 Y88.567 E.0478
G1 X82.019 Y88.567 E.0186
G1 X81.398 Y89.189 E.02958
G1 E-.728 F1800
;WIPE_START
G1 F30000
G1 X82.019 Y88.567 E-.05272
G1 X82.34 Y88.567 E-.01928
;WIPE_END
G1 X84 Y89.189 Z.8
G1 Z.4
G1 E.8 F1800
SET_VELOCITY_LIMIT ACCEL=3000
;TYPE:Gap infill
;WIDTH:0.273206
G1 F15000
G1 X84 Y92.886 E.06729
G1 X84.02 Y92.98 E.00176
G1 X84.115 Y93 E.00176
G1 X85.886 Y93 E.03224
G1 X85.98 Y92.98 E.00176
G1 X86 Y92.886 E.00176
G1 X86 Y89.115 E.06864
G1 X85.98 Y89.02 E.00176
G1 X85.886 Y89 E.00176
G1 X84.115 Y89 E.03224
G1 X84.02 Y89.02 E.00176
G1 X84 Y89.115 E.00176
G1 X84 Y89.149 E.00062
G1 E-.728 F1800
;WIPE_START
G1 F30000
G1 X84 Y90.349 E-.072
;WIPE_END
G1 X82.921 Y94.99 Z.8
G1 Z.4
G1 E.8 F1800
;WIDTH:0.452224
G1 F15000
G1 X87.079 Y94.99 E.13452
G1 E-.728 F1800
;WIPE_START
G1 F30000
G1 X85.879 Y94.99 E-.072
;WIPE_END
G1 X80.994 Y97.95 Z.8
G1 Z.4
G1 E.8 F1800
;TYPE:Internal solid infill
;WIDTH:0.419999
G1 F15000
G1 X82.529 Y95.292 E.09149
G1 X82.529 Y94.978 E.00935
G1 X80.994 Y94.994 E.04575
G1 X80.994 Y97.91 E.08691
G1 E-.728 F1800
;WIPE_START
G1 F30000
G1 X80.994 Y96.71 E-.072
;WIPE_END
G1 X81.401 Y96.433 Z.8
G1 Z.4
G1 E.8 F1800
;WIDTH:0.479025
G1 F15000
G1 X81.999 Y95.397 E.04124
G1 X81.401 Y95.401 E.02062
G1 X81.401 Y96.393 E.03419
G1 E-.728 F1800
;WIPE_START
G1 F30000
G1 X81.401 Y95.401 E-.05951
G1 X81.609 Y95.399 E-.01249
;WIPE_END
G1 X82.525 Y102.977 Z.8
G1 X82.529 Y103.014 Z.8
G1 Z.4
G1 E.8 F1800
;WIDTH:0.419999
G1 F15000
G1 X82.496 Y102.652 E.01085
G1 X80.994 Y100.05 E.08954
G1 X80.994 Y103.008 E.08815
G1 X82.489 Y103.014 E.04456
G1 X81.999 Y102.605 F30000
;WIDTH:0.479944
G1 F15000
G1 X81.401 Y101.569 E.04131
G1 X81.401 Y102.602 E.03569
G1 X81.959 Y102.605 E.01927
G1 E-.728 F1800
;WIPE_START
G1 F30000
G1 X81.401 Y102.602 E-.03348
G1 X81.401 Y101.96 E-.03852
;WIPE_END
G1 X82.921 Y103.011 Z.8
G1 Z.4
G1 E.8 F1800
;TYPE:Gap infill
;WIDTH:0.43227
G1 F15000
G1 X87.085 Y103 E.12815
G1 E-.728 F1800
;WIPE_START
G1 F30000
G1 X85.885 Y103.003 E-.072
;WIPE_END
G1 X89.114 Y103.234 Z.8
G1 Z.4
G1 E.8 F1800
;TYPE:Internal solid infill
;WIDTH:0.42
G1 F15000
G1 X91.478 Y100.871 E.09964
G1 X91.283 Y100.533 E.01164
G1 X88.751 Y103.065 E.10673
G1 X88.217 Y103.065 E.01589
G1 X91.088 Y100.194 E.12098
G1 X90.893 Y99.856 E.01164
G1 X87.684 Y103.065 E.13523
G1 X87.419 Y103.065 E.00792
G1 X87.418 Y102.798 E.00795
G1 X90.697 Y99.518 E.13824
G1 X90.502 Y99.18 E.01164
G1 X87.989 Y101.693 E.10592
G1 X88.718 Y100.431 E.04342
G1 X90.738 Y98.411 E.08517
G1 X91.467 Y97.149 E.04342
G1 X89.446 Y99.17 E.08517
G1 X89.544 Y99 E.00584
G1 X89.375 Y98.707 E.01007
G1 X92.195 Y95.887 E.11887
G1 X92.544 Y95.282 E.02081
G1 X92.544 Y95.005 E.00828
G1 X89.18 Y98.369 E.14182
G1 X88.985 Y98.031 E.01164
G1 X92.271 Y94.745 E.13851
G1 X91.677 Y94.806 F30000
;TYPE:Gap infill
;WIDTH:0.419959
G1 F15000
G1 X88.695 Y97.788 E.1257
G1 E-.728 F1800
;WIPE_START
G1 F30000
G1 X89.543 Y96.94 E-.072
;WIPE_END
G1 X91.397 Y102.238 Z.8
G1 Z.4
G1 E.8 F1800
;TYPE:Internal solid infill
;WIDTH:0.374902
G1 F15000
G1 X91.334 Y102.274 E.00189
G1 X91.397 Y102.309 E.00189
G1 X91.99 Y102.629 F30000
;WIDTH:0.419999
G1 F15000
G1 X91.452 Y101.697 E.03207
G1 X90.52 Y102.629 E.03928
G1 X91.95 Y102.629 E.04262
G1 X92.48 Y103.006 F30000
G1 F15000
G1 X92.45 Y102.671 E.01001
G1 X91.533 Y101.083 E.05467
G1 X89.61 Y103.006 E.08106
G1 X92.44 Y103.006 E.08435
G1 X92.872 Y103.025 F30000
;TYPE:Gap infill
;WIDTH:0.38168
G1 F15000
G1 X97.128 Y103.025 E.11397
G1 E-.728 F1800
;WIPE_START
G1 F30000
G1 X95.928 Y103.025 E-.072
;WIPE_END
G1 X102.436 Y103.006 Z.8
G1 Z.4
G1 E.8 F1800
;TYPE:Internal solid infill
;WIDTH:0.419999
G1 F15000
G1 X102.409 Y102.701 E.00913
G1 X101.512 Y101.147 E.05348
G1 X99.653 Y103.006 E.07836
G1 X102.396 Y103.006 E.08177
G1 X101.809 Y102.558 F30000
;WIDTH:0.56162
G1 F12776.929
G1 X101.416 Y101.876 E.03227
G1 X100.734 Y102.558 E.03953
G1 X101.769 Y102.558 E.04245
G1 E-.728 F1800
;WIPE_START
G1 F30000
G1 X100.734 Y102.558 E-.06212
G1 X100.851 Y102.442 E-.00988
M73 P29 R18
;WIPE_END
G1 X102.828 Y103.05 Z.8
G1 Z.4
G1 E.8 F1800
;TYPE:Gap infill
;WIDTH:0.331686
G1 F15000
G1 X107.172 Y103.05 E.09913
G1 E-.728 F1800
;WIPE_START
G1 F30000
G1 X105.972 Y103.05 E-.072
;WIPE_END
G1 X107.941 Y102.095 Z.8
G1 Z.4
G1 E.8 F1800
;TYPE:Internal solid infill
;WIDTH:0.420203
G1 F15000
G1 X110.479 Y99.557 E.10704
G1 X110.2 Y99.101 E.01594
G1 X110.162 Y98.991 E.00346
G1 X111.871 Y96.032 E.10191
G1 X109.426 Y98.477 E.10312
G1 X109.732 Y98.992 E.01787
G1 X107.961 Y102.06 E.10567
G1 E-.728 F1800
;WIPE_START
G1 F30000
G1 X108.561 Y101.021 E-.072
;WIPE_END
G1 X109.972 Y99.434 Z.8
G1 Z.4
G1 E.8 F1800
;WIDTH:0.524202
G1 F13770.291
G1 X109.912 Y99.434 E.00229
G1 X109.882 Y99.486 E.00229
G1 X109.912 Y99.539 E.00229
G1 X109.972 Y99.539 E.00229
G1 X109.982 Y99.521 E.00077
G1 E-.78435 F1800
;WIPE_START
G1 F30000
G1 X109.972 Y99.539 E-.00121
G1 X109.912 Y99.539 E-.00361
G1 X109.882 Y99.486 E-.00361
G1 X109.912 Y99.434 E-.00361
G1 X109.972 Y99.434 E-.00361
;WIPE_END
G1 X109.97 Y98.496 Z.8
G1 Z.4
G1 E.8 F1800
;WIDTH:0.49276
G1 F14732.778
G1 X109.914 Y98.496 E.002
G1 X109.886 Y98.545 E.002
G1 X109.914 Y98.594 E.002
G1 X109.978 Y98.58 E.00234
G1 E-.78593 F1800
;WIPE_START
G1 F30000
G1 X109.914 Y98.594 E-.00395
G1 X109.886 Y98.545 E-.00337
G1 X109.914 Y98.496 E-.00337
G1 X109.97 Y98.496 E-.00337
;WIPE_END
G1 X108.84 Y97.463 Z.8
G1 Z.4
G1 E.8 F1800
;WIDTH:0.419999
G1 F15000
G1 X111.309 Y94.994 E.10405
G1 X108.194 Y94.994 E.09282
G1 X107.558 Y94.974 E.01899
G1 X107.586 Y95.291 E.00949
G1 X108.82 Y97.428 E.07356
G1 X108.921 Y96.849 F30000
G1 F15000
G1 X110.398 Y95.371 E.06227
G1 X108.194 Y95.371 E.06569
G1 X108.057 Y95.352 E.00413
G1 X108.901 Y96.814 E.0503
G1 X109.001 Y96.237 F30000
;WIDTH:0.416421
G1 F15000
G1 X109.492 Y95.747 E.0205
G1 X108.718 Y95.747 E.02286
G1 X108.981 Y96.203 E.01555
G1 E-.728 F1800
;WIPE_START
G1 F30000
G1 X108.718 Y95.747 E-.03161
G1 X109.391 Y95.747 E-.04039
;WIPE_END
G1 X107.811 Y94.379 Z.8
G1 Z.4
G1 E.8 F1800
SET_VELOCITY_LIMIT ACCEL=1500
;TYPE:Top surface
;WIDTH:0.43362
G1 F12000
G1 X108.433 Y93.757 E.02959
G1 X108.433 Y93.205 E.0186
G1 X107.428 Y94.209 E.04781
G1 X106.876 Y94.209 E.0186
G1 X108.433 Y92.652 E.07411
G1 X108.433 Y92.1 E.0186
G1 X106.323 Y94.209 E.10042
G1 X105.771 Y94.209 E.0186
M73 P30 R18
G1 X108.433 Y91.547 E.12672
G1 X108.433 Y90.995 E.0186
G1 X105.218 Y94.209 E.15302
G1 X104.666 Y94.209 E.0186
G1 X108.433 Y90.442 E.17933
G1 X108.433 Y89.89 E.0186
G1 X104.113 Y94.209 E.20563
G1 X103.56 Y94.209 E.0186
G1 X108.433 Y89.337 E.23193
G1 X108.433 Y88.784 E.0186
G1 X103.008 Y94.209 E.25823
G1 X102.455 Y94.209 E.0186
G1 X108.097 Y88.567 E.26856
G1 X107.544 Y88.567 E.0186
G1 X101.903 Y94.209 E.26856
G1 X101.567 Y94.209 E.01129
G1 X101.567 Y93.992 E.00731
G1 X106.992 Y88.567 E.25823
G1 X106.439 Y88.567 E.0186
G1 X101.567 Y93.439 E.23193
G1 X101.567 Y92.887 E.0186
G1 X105.887 Y88.567 E.20562
G1 X105.334 Y88.567 E.0186
G1 X101.567 Y92.334 E.17932
G1 X101.567 Y91.782 E.0186
G1 X104.782 Y88.567 E.15302
G1 X104.229 Y88.567 E.0186
G1 X101.567 Y91.229 E.12671
G1 X101.567 Y90.677 E.0186
G1 X103.677 Y88.567 E.10041
G1 X103.124 Y88.567 E.0186
G1 X101.567 Y90.124 E.07411
G1 X101.567 Y89.572 E.0186
G1 X102.572 Y88.567 E.0478
G1 X102.019 Y88.567 E.0186
G1 X101.398 Y89.189 E.02958
G1 X101.886 Y89 F30000
SET_VELOCITY_LIMIT ACCEL=3000
;TYPE:Gap infill
;WIDTH:0.273517
G1 F15000
G1 X102.886 Y89 E.01823
G1 X102.943 Y89.014 E.00108
;WIDTH:0.31486
G1 X103 Y89.029 E.00127
G1 X103.057 Y89.014 F30000
;WIDTH:0.286235
G1 F15000
G1 X103.115 Y89 E.00113
;WIDTH:0.271922
G1 X104.115 Y89 E.0181
G1 E-.74 F1800
;WIPE_START
G1 F30000
G1 X103.115 Y89 E-.06
;WIPE_END
G1 X103.057 Y89.014 Z.8
G1 Z.4
G1 E.8 F1800
;WIDTH:0.306377
G1 F15000
G1 X103 Y89.029 E.00123
G1 X103 Y89.115 E.00179
;WIDTH:0.271922
G1 X103 Y91.886 E.05016
;WIDTH:0.286235
G1 X102.986 Y91.943 E.00113
;WIDTH:0.305318
G1 X102.971 Y92 E.00122
G1 X103 Y92.115 E.00245
;WIDTH:0.271922
G1 X103 Y93.115 E.0181
G1 E-.74 F1800
;WIPE_START
G1 F30000
G1 X103 Y92.115 E-.06
;WIPE_END
G1 X102.971 Y92 Z.8
G1 Z.4
G1 E.8 F1800
;WIDTH:0.31486
G1 F15000
G1 X102.928 Y92 E.00092
;WIDTH:0.273101
G1 X101.886 Y92 E.01898
G1 E-.73742 F1800
;WIPE_START
G1 F30000
G1 X102.928 Y92 E-.06258
;WIPE_END
G1 X102.834 Y94.94 Z.8
G1 Z.4
G1 E.8 F1800
;WIDTH:0.352226
G1 F15000
G1 X107.166 Y94.94 E.10589
G1 E-.728 F1800
;WIPE_START
G1 F30000
G1 X105.966 Y94.94 E-.072
;WIPE_END
G1 X111.886 Y93 Z.8
G1 Z.4
G1 E.8 F1800
;WIDTH:0.273432
G1 F15000
G1 X113.886 Y93 E.03644
G1 X113.98 Y92.98 E.00176
G1 X114 Y92.886 E.00176
G1 X114 Y91.115 E.03227
G1 X113.98 Y91.02 E.00176
G1 X113.886 Y91 E.00176
G1 X112.115 Y91 E.03227
G1 X112.02 Y90.98 E.00176
G1 X112 Y90.886 E.00176
G1 X112 Y89.115 E.03227
G1 X112.02 Y89.02 E.00176
G1 X112.115 Y89 E.00176
G1 X114.115 Y89 E.03644
G1 E-.728 F1800
;WIPE_START
G1 F30000
G1 X112.915 Y89 E-.072
;WIPE_END
G1 X116 Y89.115 Z.8
G1 Z.4
G1 E.8 F1800
;WIDTH:0.273206
G1 F15000
G1 X116 Y92.886 E.06864
G1 X116.02 Y92.98 E.00176
G1 X116.115 Y93 E.00176
G1 X117.886 Y93 E.03224
G1 X117.98 Y92.98 E.00176
G1 X118 Y92.886 E.00176
G1 X118 Y89.115 E.06864
G1 X117.98 Y89.02 E.00176
G1 X117.886 Y89 E.00176
G1 X116.115 Y89 E.03224
G1 X116.02 Y89.02 E.00176
G1 X116.008 Y89.075 E.00104
G1 E-.728 F1800
;WIPE_START
G1 F30000
G1 X116.006 Y90.275 E-.072
;WIPE_END
G1 X118.602 Y93.588 Z.8
G1 Z.4
G1 E.8 F1800
SET_VELOCITY_LIMIT ACCEL=1500
;TYPE:Top surface
;WIDTH:0.43362
G1 F12000
G1 X117.981 Y94.209 E.02959
G1 X117.428 Y94.209 E.0186
G1 X118.433 Y93.205 E.04781
G1 X118.433 Y92.652 E.0186
G1 X116.876 Y94.209 E.07411
G1 X116.323 Y94.209 E.0186
G1 X118.433 Y92.1 E.10042
G1 X118.433 Y91.547 E.0186
G1 X115.771 Y94.209 E.12672
G1 X115.218 Y94.209 E.0186
G1 X118.433 Y90.995 E.15302
G1 X118.433 Y90.442 E.0186
G1 X114.666 Y94.209 E.17933
G1 X114.113 Y94.209 E.0186
G1 X118.433 Y89.89 E.20563
G1 X118.433 Y89.337 E.0186
G1 X113.56 Y94.209 E.23193
G1 X113.008 Y94.209 E.0186
G1 X118.433 Y88.784 E.25823
G1 X118.433 Y88.567 E.0073
G1 X118.097 Y88.567 E.01129
G1 X112.455 Y94.209 E.26856
G1 X111.903 Y94.209 E.0186
G1 X117.544 Y88.567 E.26856
G1 X116.992 Y88.567 E.0186
G1 X111.567 Y93.992 E.25823
G1 X111.567 Y93.439 E.0186
G1 X116.439 Y88.567 E.23193
G1 X115.887 Y88.567 E.0186
G1 X111.567 Y92.887 E.20562
G1 X111.567 Y92.334 E.0186
G1 X115.334 Y88.567 E.17932
G1 X114.782 Y88.567 E.0186
G1 X111.567 Y91.782 E.15302
G1 X111.567 Y91.229 E.0186
G1 X114.229 Y88.567 E.12671
G1 X113.677 Y88.567 E.0186
G1 X111.567 Y90.677 E.10041
G1 X111.567 Y90.124 E.0186
G1 X113.124 Y88.567 E.07411
G1 X112.572 Y88.567 E.0186
G1 X111.567 Y89.572 E.0478
G1 X111.567 Y89.019 E.0186
G1 X112.189 Y88.398 E.02958
G1 E-.728 F1800
;WIPE_START
G1 F30000
G1 X111.567 Y89.019 E-.05272
G1 X111.567 Y89.34 E-.01928
;WIPE_END
G1 X108 Y89.115 Z.8
G1 Z.4
G1 E.8 F1800
SET_VELOCITY_LIMIT ACCEL=3000
;TYPE:Gap infill
;WIDTH:0.273206
G1 F15000
G1 X107.98 Y89.02 E.00176
G1 X107.886 Y89 E.00176
G1 X106.115 Y89 E.03224
G1 X106.02 Y89.02 E.00176
G1 X106 Y89.115 E.00176
G1 X106 Y92.886 E.06864
G1 X106.02 Y92.98 E.00176
G1 X106.115 Y93 E.00176
G1 X107.886 Y93 E.03224
G1 X107.98 Y92.98 E.00176
G1 X108 Y92.886 E.00176
G1 X108 Y89.155 E.06791
G1 E-.728 F1800
;WIPE_START
G1 F30000
G1 X107.98 Y89.02 E-.00818
G1 X107.886 Y89 E-.00581
G1 X106.919 Y89 E-.05801
;WIPE_END
G1 X100.236 Y92.687 Z.8
G1 X98.602 Y93.588 Z.8
G1 Z.4
G1 E.8 F1800
SET_VELOCITY_LIMIT ACCEL=1500
;TYPE:Top surface
;WIDTH:0.43362
G1 F12000
G1 X97.981 Y94.209 E.02959
G1 X97.428 Y94.209 E.0186
G1 X98.433 Y93.205 E.04781
G1 X98.433 Y92.652 E.0186
G1 X96.876 Y94.209 E.07411
G1 X96.323 Y94.209 E.0186
G1 X98.433 Y92.1 E.10042
G1 X98.433 Y91.547 E.0186
G1 X95.771 Y94.209 E.12672
G1 X95.218 Y94.209 E.0186
G1 X98.433 Y90.995 E.15302
G1 X98.433 Y90.442 E.0186
G1 X94.666 Y94.209 E.17933
G1 X94.113 Y94.209 E.0186
G1 X98.433 Y89.89 E.20563
G1 X98.433 Y89.337 E.0186
G1 X93.56 Y94.209 E.23193
G1 X93.008 Y94.209 E.0186
G1 X98.433 Y88.784 E.25823
G1 X98.433 Y88.567 E.0073
G1 X98.097 Y88.567 E.01129
G1 X92.455 Y94.209 E.26856
G1 X91.903 Y94.209 E.0186
G1 X97.544 Y88.567 E.26856
G1 X96.992 Y88.567 E.0186
G1 X91.567 Y93.992 E.25823
G1 X91.567 Y93.439 E.0186
G1 X96.439 Y88.567 E.23193
G1 X95.887 Y88.567 E.0186
G1 X91.567 Y92.887 E.20562
G1 X91.567 Y92.334 E.0186
G1 X95.334 Y88.567 E.17932
G1 X94.782 Y88.567 E.0186
G1 X91.567 Y91.782 E.15302
G1 X91.567 Y91.229 E.0186
G1 X94.229 Y88.567 E.12671
G1 X93.677 Y88.567 E.0186
G1 X91.567 Y90.677 E.10041
G1 X91.567 Y90.124 E.0186
G1 X93.124 Y88.567 E.07411
G1 X92.572 Y88.567 E.0186
G1 X91.567 Y89.572 E.0478
G1 X91.567 Y89.019 E.0186
G1 X92.189 Y88.398 E.02958
G1 E-.728 F1800
;WIPE_START
G1 F30000
G1 X91.567 Y89.019 E-.05272
G1 X91.567 Y89.34 E-.01928
;WIPE_END
G1 X93.886 Y89 Z.8
G1 Z.4
G1 E.8 F1800
SET_VELOCITY_LIMIT ACCEL=3000
;TYPE:Gap infill
;WIDTH:0.273432
G1 F15000
G1 X95.886 Y89 E.03644
G1 X95.98 Y89.02 E.00176
G1 X96 Y89.115 E.00176
G1 X96 Y90.886 E.03227
G1 X95.98 Y90.98 E.00176
G1 X95.886 Y91 E.00176
G1 X94.115 Y91 E.03227
G1 X94.02 Y91.02 E.00176
G1 X94 Y91.115 E.00176
G1 X94 Y92.886 E.03227
G1 X94.02 Y92.98 E.00176
G1 X94.115 Y93 E.00176
G1 X96.115 Y93 E.03644
G1 E-.728 F1800
;WIPE_START
G1 F30000
G1 X94.915 Y93 E-.072
;WIPE_END
G1 X102.496 Y93.88 Z.8
G1 X112.584 Y95.052 Z.8
G1 Z.4
G1 E.8 F1800
;TYPE:Internal solid infill
;WIDTH:0.420005
G1 F15000
G1 X109.285 Y98.351 E.13907
G1 X109.09 Y98.013 E.01164
G1 X112.357 Y94.745 E.13774
G1 X111.764 Y94.806 F30000
;TYPE:Gap infill
;WIDTH:0.419957
G1 F15000
G1 X108.8 Y97.77 E.12493
G1 E-.728 F1800
;WIPE_START
G1 F30000
G1 X109.648 Y96.921 E-.072
;WIPE_END
G1 X112.748 Y94.89 Z.8
G1 Z.4
G1 E.8 F1800
;WIDTH:0.252228
G1 F15000
G1 X117.252 Y94.89 E.07452
G1 E-.728 F1800
;WIPE_START
G1 F30000
G1 X116.052 Y94.89 E-.072
;WIPE_END
G1 X118.945 Y97.444 Z.8
G1 Z.4
G1 E.8 F1800
;TYPE:Internal solid infill
;WIDTH:0.419999
G1 F15000
G1 X121.395 Y94.994 E.10328
G1 X118.194 Y94.994 E.0954
G1 X117.644 Y94.974 E.01641
G1 X117.667 Y95.232 E.00772
G1 X118.925 Y97.41 E.07496
G1 X119.026 Y96.83 F30000
G1 F15000
G1 X120.485 Y95.371 E.0615
G1 X118.182 Y95.369 E.06863
G1 X119.006 Y96.796 E.04908
G1 X119.105 Y96.225 F30000
;WIDTH:0.409459
G1 F15000
G1 X119.587 Y95.743 E.01974
G1 X118.827 Y95.743 E.02202
G1 X119.085 Y96.19 E.01496
G1 E-.728 F1800
;WIPE_START
G1 F30000
G1 X118.827 Y95.743 E-.03098
G1 X119.511 Y95.743 E-.04102
;WIPE_END
G1 X122.468 Y95.255 Z.8
G1 Z.4
G1 E.8 F1800
;WIDTH:0.420005
G1 F15000
G1 X119.39 Y98.333 E.12974
G1 X119.195 Y97.995 E.01164
G1 X122.444 Y94.745 E.13697
G1 X121.871 Y94.785 F30000
;TYPE:Gap infill
;WIDTH:0.419958
G1 F15000
G1 X118.904 Y97.751 E.12502
G1 E-.728 F1800
;WIPE_START
G1 F30000
G1 X119.753 Y96.903 E-.072
;WIPE_END
G1 X121.288 Y100.701 Z.8
G1 Z.4
G1 E.8 F1800
;TYPE:Internal solid infill
;WIDTH:0.420003
G1 F15000
G1 X118.924 Y103.065 E.09963
G1 X118.391 Y103.065 E.01589
G1 X120.968 Y100.487 E.10864
G1 X120.773 Y100.149 E.01164
G1 X117.688 Y103.234 E.13005
G1 E-.728 F1800
;WIPE_START
G1 F30000
G1 X118.536 Y102.386 E-.072
;WIPE_END
G1 X120.673 Y99.716 Z.8
G1 Z.4
G1 E.8 F1800
;TYPE:Gap infill
;WIDTH:0.419957
G1 F15000
G1 X117.731 Y102.658 E.12397
G1 X117.462 Y103.009 E.0132
G1 X117.258 Y103.1 F30000
;WIDTH:0.231688
G1 F15000
G1 X112.742 Y103.1 E.06739
G1 X112.35 Y103.006 F30000
;TYPE:Internal solid infill
;WIDTH:0.419999
G1 F15000
G1 X112.35 Y102.842 E.00489
G1 X111.455 Y101.247 E.0545
G1 X109.696 Y103.006 E.07412
G1 X112.31 Y103.006 E.0779
G1 X111.727 Y102.577 F30000
;WIDTH:0.523328
G1 F13795.343
G1 X111.363 Y101.946 E.02769
G1 X110.731 Y102.577 E.03391
G1 X111.687 Y102.577 E.0363
G1 E-.728 F1800
;WIPE_START
G1 F30000
G1 X110.731 Y102.577 E-.05736
G1 X110.904 Y102.405 E-.01464
;WIPE_END
G1 X109.201 Y103.234 Z.8
G1 Z.4
G1 E.8 F1800
;WIDTH:0.420002
G1 F15000
G1 X111.4 Y101.035 E.09269
G1 X111.205 Y100.697 E.01164
G1 X108.837 Y103.065 E.09979
G1 X108.304 Y103.065 E.01589
G1 X111.01 Y100.359 E.11404
G1 X110.814 Y100.021 E.01164
G1 X107.601 Y103.234 E.13545
G1 E-.728 F1800
;WIPE_START
G1 F30000
G1 X108.45 Y102.386 E-.072
;WIPE_END
G1 X110.714 Y99.588 Z.8
G1 Z.4
G1 E.8 F1800
;TYPE:Gap infill
;WIDTH:0.419957
G1 F15000
G1 X107.576 Y102.726 E.13225
G1 X107.375 Y102.988 E.00986
G1 E-.728 F1800
;WIPE_START
G1 F30000
G1 X107.576 Y102.726 E-.01984
G1 X108.191 Y102.111 E-.05216
;WIPE_END
G1 X110.886 Y109 Z.8
G1 Z.4
G1 E.8 F1800
;WIDTH:0.273288
G1 F15000
G1 X112.886 Y109 E.03642
G1 X112.98 Y109.02 E.00176
G1 X113 Y109.115 E.00176
G1 X113 Y110.886 E.03225
G1 X112.986 Y110.943 E.00107
;WIDTH:0.31486
G1 X112.971 Y111 E.00127
;WIDTH:0.306377
G1 X112.886 Y111 E.00179
;WIDTH:0.271922
G1 X111.115 Y111 E.03206
G1 X111.02 Y111.02 E.00175
;WIDTH:0.273564
G1 X111 Y111.115 E.00177
G1 X111 Y112.886 E.03229
G1 X111.02 Y112.98 E.00177
G1 X111.115 Y113 E.00177
G1 X112.886 Y113 E.03229
G1 X112.98 Y112.98 E.00177
G1 X113 Y112.886 E.00177
G1 X113 Y111.115 E.03229
;WIDTH:0.286235
G1 X112.986 Y111.057 E.00113
;WIDTH:0.306377
G1 X112.981 Y111.039 E.0004
G1 E-.728 F1800
;WIPE_START
G1 F30000
G1 X112.886 Y111 E-.00619
G1 X111.789 Y111 E-.06581
;WIPE_END
G1 X114.886 Y113 Z.8
G1 Z.4
G1 E.8 F1800
;WIDTH:0.273114
G1 F15000
G1 X116.886 Y113 E.03639
G1 X116.98 Y112.98 E.00176
G1 X117 Y112.886 E.00176
G1 X117 Y111.886 E.0182
G1 E-.728 F1800
;WIPE_START
G1 F30000
G1 X117 Y112.886 E-.06
G1 X116.98 Y112.98 E-.00581
G1 X116.886 Y113 E-.00581
G1 X116.879 Y113 E-.00038
;WIPE_END
G1 X116 Y111.115 Z.8
G1 Z.4
G1 E.8 F1800
;WIDTH:0.271922
G1 F15000
G1 X116 Y108.886 E.04035
G1 E-.728 F1800
;WIPE_START
G1 F30000
G1 X116 Y110.086 E-.072
;WIPE_END
G1 X117.921 Y102.699 Z.8
M73 P31 R18
G1 X118.096 Y102.027 Z.8
G1 Z.4
G1 E.8 F1800
;TYPE:Internal solid infill
;WIDTH:0.419999
G1 F15000
G1 X120.437 Y99.685 E.0987
G1 X120.096 Y99.094 E.02034
;WIDTH:0.443496
G1 X120.064 Y99.07 E.00125
;WIDTH:0.490489
G1 F14807.534
G1 X120.033 Y99.046 E.0014
;WIDTH:0.560801
G1 F12797.151
G1 X120.001 Y99.023 E.00162
G1 X120.035 Y98.87 E.00638
G1 X121.15 Y96.938 E.09132
G1 X119.619 Y98.47 E.08868
G1 X119.85 Y98.87 E.01892
G1 X119.883 Y99.023 E.00638
;WIDTH:0.537483
G1 F13400.522
G1 X119.852 Y99.046 E.00155
;WIDTH:0.490489
G1 F14807.534
G1 X119.82 Y99.07 E.0014
;WIDTH:0.420549
G1 F15000
G1 X119.789 Y99.094 E.00118
G1 X118.116 Y101.992 E.09988
G1 E-.728 F1800
;WIPE_START
G1 F30000
G1 X118.716 Y100.953 E-.072
;WIPE_END
G1 X119.968 Y99.575 Z.8
G1 Z.4
G1 E.8 F1800
;WIDTH:0.457772
G1 F15000
G1 X119.916 Y99.575 E.0017
G1 X119.89 Y99.62 E.0017
G1 X119.916 Y99.665 E.0017
G1 X119.974 Y99.655 E.00192
G1 E-.78714 F1800
;WIPE_START
G1 F30000
G1 X119.916 Y99.665 E-.00352
G1 X119.89 Y99.62 E-.00311
G1 X119.916 Y99.575 E-.00311
G1 X119.968 Y99.575 E-.00311
;WIPE_END
G1 X121.08 Y102.217 Z.8
G1 Z.4
G1 E.8 F1800
;WIDTH:0.409336
G1 F15000
G1 X121.012 Y102.257 E.0023
G1 X121.083 Y102.292 E.0023
G1 X121.701 Y102.629 F30000
;WIDTH:0.419999
G1 F15000
G1 X121.137 Y101.652 E.03363
G1 X120.16 Y102.629 E.04119
G1 X121.661 Y102.629 E.04475
G1 X122.263 Y103.006 F30000
G1 F15000
G1 X122.275 Y102.869 E.0041
G1 X121.218 Y101.037 E.06302
G1 X119.249 Y103.006 E.08297
G1 X122.223 Y103.006 E.08863
G1 X122.655 Y103.15 F30000
;TYPE:Gap infill
;WIDTH:0.13168
G1 F15000
G1 X127.345 Y103.15 E.0329
G1 X127.774 Y103.234 F30000
;TYPE:Internal solid infill
;WIDTH:0.420002
G1 F15000
G1 X130.731 Y100.277 E.12465
G1 X130.536 Y99.939 E.01164
G1 X127.726 Y102.75 E.11847
G1 X128.454 Y101.488 E.04342
G1 X130.341 Y99.601 E.07954
G1 X130.146 Y99.263 E.01164
G1 X128.719 Y100.69 E.06015
G1 E-.728 F1800
;WIPE_START
G1 F30000
G1 X129.567 Y99.841 E-.072
;WIPE_END
G1 X129.923 Y98.952 Z.8
G1 Z.4
G1 E.8 F1800
;TYPE:Gap infill
;WIDTH:0.397898
G1 F15000
G1 X129.894 Y99.012 E.00186
;WIDTH:0.353776
G1 X129.866 Y99.072 E.00163
;WIDTH:0.307362
G1 X129.749 Y99.224 E.00399
;WIDTH:0.258653
G1 X129.633 Y99.375 E.00326
;WIDTH:0.209943
G1 X129.517 Y99.527 E.00252
;WIDTH:0.161233
G1 X129.4 Y99.679 E.00179
;WIDTH:0.136879
G1 X129.284 Y99.83 E.00142
G1 E-.78853 F1800
;WIPE_START
G1 F30000
G1 X129.4 Y99.679 E-.01147
;WIPE_END
G1 X129.175 Y98.101 Z.8
G1 Z.4
G1 E.8 F1800
;TYPE:Internal solid infill
;WIDTH:0.420008
G1 F15000
G1 X132.481 Y94.795 E.13934
G1 X131.957 Y94.785 F30000
;TYPE:Gap infill
;WIDTH:0.419959
G1 F15000
G1 X129.009 Y97.733 E.12425
G1 X129.05 Y97.426 F30000
;TYPE:Internal solid infill
;WIDTH:0.419999
G1 F15000
G1 X131.482 Y94.994 E.10251
G1 X128.194 Y94.994 E.09798
G1 X127.731 Y94.974 E.01383
G1 X127.749 Y95.173 E.00595
G1 X129.03 Y97.392 E.07637
G1 X129.131 Y96.812 F30000
G1 F15000
G1 X130.571 Y95.371 E.06073
G1 X128.299 Y95.371 E.06774
G1 X129.111 Y96.777 E.04839
G1 X129.21 Y96.212 F30000
;WIDTH:0.402496
G1 F15000
G1 X129.682 Y95.74 E.019
G1 X128.937 Y95.74 E.02119
G1 X129.19 Y96.178 E.01437
G1 E-.728 F1800
;WIPE_START
G1 F30000
G1 X128.937 Y95.74 E-.03034
G1 X129.631 Y95.74 E-.04166
;WIPE_END
G1 X127.811 Y94.379 Z.8
G1 Z.4
G1 E.8 F1800
SET_VELOCITY_LIMIT ACCEL=1500
;TYPE:Top surface
;WIDTH:0.43362
G1 F12000
G1 X128.433 Y93.757 E.02959
G1 X128.433 Y93.205 E.0186
G1 X127.428 Y94.209 E.04781
G1 X126.876 Y94.209 E.0186
G1 X128.433 Y92.652 E.07411
G1 X128.433 Y92.1 E.0186
G1 X126.323 Y94.209 E.10042
G1 X125.771 Y94.209 E.0186
G1 X128.433 Y91.547 E.12672
G1 X128.433 Y90.995 E.0186
G1 X125.218 Y94.209 E.15302
G1 X124.666 Y94.209 E.0186
G1 X128.433 Y90.442 E.17933
G1 X128.433 Y89.89 E.0186
G1 X124.113 Y94.209 E.20563
G1 X123.56 Y94.209 E.0186
G1 X128.433 Y89.337 E.23193
G1 X128.433 Y88.784 E.0186
G1 X123.008 Y94.209 E.25823
G1 X122.455 Y94.209 E.0186
G1 X128.097 Y88.567 E.26856
G1 X127.544 Y88.567 E.0186
G1 X121.903 Y94.209 E.26856
G1 X121.567 Y94.209 E.01129
G1 X121.567 Y93.992 E.00731
G1 X126.992 Y88.567 E.25823
G1 X126.439 Y88.567 E.0186
G1 X121.567 Y93.439 E.23193
G1 X121.567 Y92.887 E.0186
G1 X125.887 Y88.567 E.20562
G1 X125.334 Y88.567 E.0186
G1 X121.567 Y92.334 E.17932
G1 X121.567 Y91.782 E.0186
G1 X124.782 Y88.567 E.15302
G1 X124.229 Y88.567 E.0186
G1 X121.567 Y91.229 E.12671
G1 X121.567 Y90.677 E.0186
G1 X123.677 Y88.567 E.10041
G1 X123.124 Y88.567 E.0186
G1 X121.567 Y90.124 E.07411
G1 X121.567 Y89.572 E.0186
G1 X122.572 Y88.567 E.0478
G1 X122.019 Y88.567 E.0186
G1 X121.398 Y89.189 E.02958
G1 X121.886 Y89 F30000
SET_VELOCITY_LIMIT ACCEL=3000
;TYPE:Gap infill
;WIDTH:0.273288
G1 F15000
G1 X123.886 Y89 E.03642
G1 X123.98 Y89.02 E.00176
G1 X124 Y89.115 E.00176
G1 X124 Y90.886 E.03225
G1 X123.986 Y90.943 E.00107
;WIDTH:0.31486
G1 X123.971 Y91 E.00127
G1 X123.928 Y91 F30000
;WIDTH:0.304366
G1 F15000
G1 X123.971 Y91 E.00089
G1 X124 Y91.115 E.00244
;WIDTH:0.272882
G1 X124 Y92.886 E.03219
G1 X123.98 Y92.98 E.00176
G1 X123.886 Y93 E.00176
G1 X121.886 Y93 E.03635
G1 E-.728 F1800
;WIPE_START
G1 F30000
G1 X123.086 Y93 E-.072
;WIPE_END
G1 X122.661 Y94.84 Z.8
G1 Z.4
G1 E.8 F1800
;WIDTH:0.15222
G1 F15000
G1 X127.339 Y94.84 E.04041
G1 E-.728 F1800
;WIPE_START
G1 F30000
G1 X126.139 Y94.84 E-.072
;WIPE_END
G1 X132 Y93.115 Z.8
G1 Z.4
G1 E.8 F1800
;WIDTH:0.273179
G1 F15000
G1 X132 Y91.115 E.0364
G1 X132.02 Y91.02 E.00176
G1 X132.115 Y91 E.00176
G1 X133.928 Y91 E.03301
;WIDTH:0.31486
G1 X133.971 Y91 E.00092
G1 X133.986 Y91.057 F30000
;WIDTH:0.286235
G1 F15000
G1 X134 Y91.115 E.00113
;WIDTH:0.271922
G1 X134 Y93.115 E.0362
G1 E-.728 F1800
;WIPE_START
G1 F30000
G1 X134 Y91.915 E-.072
;WIPE_END
G1 X133.986 Y91.057 Z.8
G1 Z.4
G1 E.8 F1800
;WIDTH:0.305318
G1 F15000
G1 X133.971 Y91 E.00122
G1 X134 Y90.886 E.00245
;WIDTH:0.271922
G1 X134 Y88.886 E.0362
G1 E-.728 F1800
;WIPE_START
G1 F30000
G1 X134 Y90.086 E-.072
;WIPE_END
G1 X136 Y89.115 Z.8
G1 Z.4
G1 E.8 F1800
;WIDTH:0.273206
G1 F15000
G1 X136 Y92.886 E.06864
G1 X136.02 Y92.98 E.00176
G1 X136.115 Y93 E.00176
G1 X137.886 Y93 E.03224
G1 X137.98 Y92.98 E.00176
G1 X138 Y92.886 E.00176
G1 X138 Y89.115 E.06864
G1 X137.98 Y89.02 E.00176
G1 X137.886 Y89 E.00176
G1 X136.115 Y89 E.03224
G1 X136.02 Y89.02 E.00176
G1 X136.008 Y89.075 E.00104
G1 E-.728 F1800
;WIPE_START
G1 F30000
G1 X136.006 Y90.275 E-.072
;WIPE_END
G1 X137.811 Y94.379 Z.8
G1 Z.4
G1 E.8 F1800
SET_VELOCITY_LIMIT ACCEL=1500
;TYPE:Top surface
;WIDTH:0.43362
G1 F12000
G1 X138.433 Y93.757 E.02959
G1 X138.433 Y93.205 E.0186
G1 X137.428 Y94.209 E.04781
G1 X136.876 Y94.209 E.0186
G1 X138.433 Y92.652 E.07411
G1 X138.433 Y92.1 E.0186
G1 X136.323 Y94.209 E.10042
G1 X135.771 Y94.209 E.0186
G1 X138.433 Y91.547 E.12672
G1 X138.433 Y90.995 E.0186
G1 X135.218 Y94.209 E.15302
G1 X134.666 Y94.209 E.0186
G1 X138.433 Y90.442 E.17933
G1 X138.433 Y89.89 E.0186
G1 X134.113 Y94.209 E.20563
G1 X133.56 Y94.209 E.0186
G1 X138.433 Y89.337 E.23193
G1 X138.433 Y88.784 E.0186
G1 X133.008 Y94.209 E.25823
G1 X132.455 Y94.209 E.0186
G1 X138.097 Y88.567 E.26856
G1 X137.544 Y88.567 E.0186
G1 X131.903 Y94.209 E.26856
G1 X131.567 Y94.209 E.01129
G1 X131.567 Y93.992 E.00731
G1 X136.992 Y88.567 E.25823
G1 X136.439 Y88.567 E.0186
G1 X131.567 Y93.439 E.23193
G1 X131.567 Y92.887 E.0186
G1 X135.887 Y88.567 E.20562
G1 X135.334 Y88.567 E.0186
G1 X131.567 Y92.334 E.17932
G1 X131.567 Y91.782 E.0186
G1 X134.782 Y88.567 E.15302
G1 X134.229 Y88.567 E.0186
G1 X131.567 Y91.229 E.12671
G1 X131.567 Y90.677 E.0186
G1 X133.677 Y88.567 E.10041
G1 X133.124 Y88.567 E.0186
G1 X131.567 Y90.124 E.07411
G1 X131.567 Y89.572 E.0186
G1 X132.572 Y88.567 E.0478
G1 X132.019 Y88.567 E.0186
G1 X131.398 Y89.189 E.02958
G1 E-.728 F1800
;WIPE_START
G1 F30000
G1 X132.019 Y88.567 E-.05272
G1 X132.34 Y88.567 E-.01928
;WIPE_END
G1 X128 Y89.189 Z.8
G1 Z.4
G1 E.8 F1800
SET_VELOCITY_LIMIT ACCEL=3000
;TYPE:Gap infill
;WIDTH:0.273206
G1 F15000
G1 X128 Y89.115 E.00135
G1 X127.98 Y89.02 E.00176
G1 X127.886 Y89 E.00176
G1 X126.115 Y89 E.03224
G1 X126.02 Y89.02 E.00176
G1 X126 Y89.115 E.00176
G1 X126 Y92.886 E.06864
G1 X126.02 Y92.98 E.00176
G1 X126.115 Y93 E.00176
G1 X127.886 Y93 E.03224
G1 X127.98 Y92.98 E.00176
G1 X128 Y92.886 E.00176
G1 X128 Y89.229 E.06656
G1 E-.728 F1800
;WIPE_START
G1 F30000
G1 X128 Y89.115 E-.00686
G1 X127.98 Y89.02 E-.00581
G1 X127.886 Y89 E-.00581
G1 X126.994 Y89 E-.05352
;WIPE_END
G1 X123.928 Y91 Z.8
G1 Z.4
G1 E.8 F1800
;WIDTH:0.286235
G1 F15000
G1 X123.886 Y91 E.00083
;WIDTH:0.271922
G1 X121.886 Y91 E.0362
G1 E-.728 F1800
;WIPE_START
G1 F30000
G1 X123.086 Y91 E-.072
;WIPE_END
G1 X130.115 Y93.973 Z.8
G1 X132.414 Y94.945 Z.8
G1 Z.4
G1 E.8 F1800
;TYPE:Internal solid infill
;WIDTH:0.38292
G1 F15000
G1 X132.432 Y94.869 E.0021
G1 X132.423 Y94.906 E.00103
G1 E-.79301 F1800
;WIPE_START
G1 F30000
G1 X132.432 Y94.869 E-.0023
G1 X132.414 Y94.945 E-.0047
;WIPE_END
G1 X129.969 Y98.122 Z.8
G1 Z.4
G1 E.8 F1800
;WIDTH:0.469368
G1 F15000
G1 X129.916 Y98.122 E.0018
G1 X129.889 Y98.168 E.0018
G1 X129.916 Y98.215 E.0018
G1 X129.976 Y98.203 E.00206
G1 X129.831 Y98.778 F30000
;WIDTH:0.404741
G1 F15000
G1 X130.009 Y98.643 E.00641
G1 X130.103 Y98.671 E.00281
G1 X132.405 Y94.959 E.12492
G1 X129.44 Y98.102 E.12358
G1 X129.811 Y98.744 E.02119
G1 E-.728 F1800
;WIPE_START
G1 F30000
G1 X129.44 Y98.102 E-.04445
G1 X129.755 Y97.768 E-.02755
;WIPE_END
G1 X130.108 Y102.244 Z.8
G1 Z.4
G1 E.8 F1800
;WIDTH:0.434617
G1 F15000
G1 X130.92 Y102.244 E.02514
G1 X130.623 Y101.73 E.0184
G1 X130.136 Y102.216 E.0213
G1 E-.728 F1800
;WIPE_START
G1 F30000
G1 X130.623 Y101.73 E-.04128
G1 X130.879 Y102.173 E-.03072
;WIPE_END
G1 X129.18 Y102.629 Z.8
G1 Z.4
G1 E.8 F1800
;WIDTH:0.419999
G1 F15000
G1 X131.586 Y102.629 E.07171
G1 X130.705 Y101.104 E.05249
G1 X129.208 Y102.6 E.0631
G1 E-.728 F1800
;WIPE_START
G1 F30000
G1 X130.057 Y101.752 E-.072
;WIPE_END
G1 X128.27 Y103.006 Z.8
G1 Z.4
G1 E.8 F1800
G1 F15000
G1 X132.239 Y103.006 E.11831
G1 X130.786 Y100.489 E.08661
G1 X128.298 Y102.978 E.10488
G1 E-.728 F1800
;WIPE_START
G1 F30000
G1 X129.146 Y102.129 E-.072
;WIPE_END
G1 X125.124 Y108.616 Z.8
G1 X124.886 Y109 Z.8
G1 Z.4
G1 E.8 F1800
;TYPE:Gap infill
;WIDTH:0.273288
G1 F15000
G1 X126.886 Y109 E.03642
G1 X126.98 Y109.02 E.00176
G1 X127 Y109.115 E.00176
G1 X127 Y110.886 E.03225
G1 X126.986 Y110.943 E.00107
;WIDTH:0.31486
G1 X126.971 Y111 E.00127
;WIDTH:0.306377
G1 X126.886 Y111 E.00179
;WIDTH:0.271922
G1 X125.115 Y111 E.03206
G1 X125.02 Y111.02 E.00175
;WIDTH:0.273564
G1 X125 Y111.115 E.00177
G1 X125 Y112.886 E.03229
G1 X125.02 Y112.98 E.00177
G1 X125.115 Y113 E.00177
G1 X126.886 Y113 E.03229
G1 X126.98 Y112.98 E.00177
G1 X127 Y112.886 E.00177
G1 X127 Y111.115 E.03229
;WIDTH:0.286235
G1 X126.986 Y111.057 E.00113
;WIDTH:0.306377
G1 X126.981 Y111.039 E.0004
G1 E-.728 F1800
;WIPE_START
G1 F30000
G1 X126.886 Y111 E-.00619
G1 X125.789 Y111 E-.06581
;WIPE_END
G1 X129 Y110.886 Z.8
G1 Z.4
G1 E.8 F1800
;WIDTH:0.273391
G1 F15000
G1 X129 Y109.115 E.03226
G1 X129.02 Y109.02 E.00176
G1 X129.115 Y109 E.00176
G1 X130.886 Y109 E.03226
G1 X130.98 Y109.02 E.00176
G1 X131 Y109.115 E.00176
G1 X131 Y110.886 E.03226
G1 X130.986 Y110.943 E.00108
;WIDTH:0.31486
G1 X130.971 Y111 E.00127
;WIDTH:0.306377
G1 X130.886 Y111 E.00179
;WIDTH:0.271922
G1 X129.115 Y111 E.03206
;WIDTH:0.286235
G1 X129.072 Y111 E.00083
;WIDTH:0.300548
G1 X129.029 Y111 E.00087
;WIDTH:0.31486
G1 X129.014 Y111.057 E.00127
;WIDTH:0.273391
G1 X129 Y111.115 E.00108
G1 X129 Y112.886 E.03226
G1 X129.02 Y112.98 E.00176
G1 X129.115 Y113 E.00176
G1 X130.886 Y113 E.03226
G1 X130.98 Y112.98 E.00176
G1 X131 Y112.886 E.00176
G1 X131 Y111.115 E.03226
;WIDTH:0.286235
G1 X130.986 Y111.057 E.00113
;WIDTH:0.306377
G1 X130.981 Y111.039 E.0004
G1 E-.728 F1800
;WIPE_START
G1 F30000
G1 X130.886 Y111 E-.00619
G1 X129.789 Y111 E-.06581
;WIPE_END
G1 X129.029 Y111 Z.8
G1 Z.4
G1 E.8 F1800
;WIDTH:0.300547
G1 F15000
G1 X129.014 Y110.943 E.0012
;WIDTH:0.286235
G1 X129 Y110.886 E.00113
G1 E-.79646 F1800
;WIPE_START
G1 F30000
G1 X129.014 Y110.943 E-.00354
;WIPE_END
G1 X123.404 Y116.118 Z.8
G1 X123.03 Y116.462 Z.8
G1 Z.4
G1 E.8 F1800
;TYPE:Internal solid infill
;WIDTH:0.442582
G1 F15000
G1 X122.955 Y116.505 E.00273
G1 X123.035 Y116.54 E.00275
G1 E-.78958 F1800
;WIPE_START
G1 F30000
G1 X122.955 Y116.505 E-.00523
G1 X123.03 Y116.462 E-.00519
;WIPE_END
G1 X120.191 Y123.547 Z.8
G1 X119.006 Y126.506 Z.8
G1 Z.4
G1 E.8 F1800
;WIDTH:0.419999
G1 F15000
G1 X119.006 Y125.185 E.03935
G1 X117.685 Y126.506 E.05565
G1 X118.966 Y126.506 E.03816
G1 X118.644 Y126.076 F30000
;WIDTH:0.439292
G1 F15000
G1 X118.57 Y126.119 E.00269
G1 X118.649 Y126.154 E.00271
G1 E-.78967 F1800
;WIPE_START
G1 F30000
G1 X118.57 Y126.119 E-.00518
G1 X118.644 Y126.076 E-.00515
;WIPE_END
G1 X117.19 Y126.734 Z.8
G1 Z.4
G1 E.8 F1800
;WIDTH:0.419999
G1 F15000
G1 X119.065 Y124.86 E.07901
G1 X119.065 Y124.327 E.01589
G1 X116.827 Y126.565 E.09433
G1 X116.293 Y126.565 E.01589
G1 X119.065 Y123.793 E.11681
G1 X119.065 Y123.26 E.01589
G1 X115.76 Y126.565 E.13929
G1 X115.227 Y126.565 E.01589
G1 X119.065 Y122.727 E.16177
G1 X119.065 Y122.194 E.01589
G1 X114.694 Y126.565 E.18424
G1 X114.16 Y126.565 E.01589
G1 X119.065 Y121.66 E.20672
G1 X119.065 Y121.127 E.01589
G1 X113.627 Y126.565 E.2292
G1 X113.094 Y126.565 E.01589
G1 X119.065 Y120.594 E.25168
G1 X119.065 Y120.061 E.01589
G1 X112.561 Y126.565 E.27416
G1 X112.027 Y126.565 E.01589
G1 X119.065 Y119.527 E.29663
G1 X119.065 Y118.994 E.01589
G1 X111.494 Y126.565 E.31911
G1 X110.961 Y126.565 E.01589
M73 P32 R18
G1 X119.065 Y118.461 E.34159
G1 X119.065 Y117.927 E.01589
G1 X110.427 Y126.565 E.36407
G1 X109.894 Y126.565 E.01589
G1 X119.065 Y117.394 E.38655
G1 X119.065 Y116.861 E.01589
G1 X109.361 Y126.565 E.40902
G1 X108.935 Y126.565 E.01268
G1 X108.935 Y126.457 E.00321
G1 X118.957 Y116.435 E.42242
G1 X118.424 Y116.435 E.01589
G1 X108.935 Y125.924 E.39995
G1 X108.935 Y125.39 E.01589
G1 X117.89 Y116.435 E.37747
G1 X117.357 Y116.435 E.01589
G1 X108.935 Y124.857 E.35499
G1 X108.935 Y124.324 E.01589
G1 X116.824 Y116.435 E.33251
G1 X116.291 Y116.435 E.01589
G1 X108.935 Y123.791 E.31003
G1 X108.935 Y123.257 E.01589
G1 X115.757 Y116.435 E.28756
G1 X115.224 Y116.435 E.01589
G1 X108.935 Y122.724 E.26508
G1 X108.935 Y122.191 E.01589
G1 X114.711 Y116.415 E.24347
G1 X114.178 Y116.415 E.01589
G1 X108.935 Y121.658 E.22099
G1 X108.935 Y121.124 E.01589
G1 X113.645 Y116.415 E.19851
G1 X113.112 Y116.415 E.01589
G1 X108.935 Y120.591 E.17603
G1 X108.935 Y120.058 E.01589
G1 X112.558 Y116.435 E.15269
G1 X112.024 Y116.435 E.01589
G1 X108.935 Y119.524 E.13021
G1 X108.935 Y118.991 E.01589
G1 X111.491 Y116.435 E.10773
G1 X110.958 Y116.435 E.01589
G1 X108.935 Y118.458 E.08525
G1 X108.935 Y117.925 E.01589
G1 X110.425 Y116.435 E.06278
G1 X109.891 Y116.435 E.01589
G1 X108.766 Y117.561 E.04745
G1 E-.728 F1800
;WIPE_START
G1 F30000
G1 X109.614 Y116.713 E-.072
;WIPE_END
G1 X109.03 Y116.462 Z.8
G1 Z.4
G1 E.8 F1800
;WIDTH:0.442582
G1 F15000
G1 X108.955 Y116.505 E.00273
G1 X109.035 Y116.54 E.00275
G1 E-.78958 F1800
;WIPE_START
G1 F30000
G1 X108.955 Y116.505 E-.00523
G1 X109.03 Y116.462 E-.00519
;WIPE_END
G1 X106.191 Y123.547 Z.8
G1 X105.006 Y126.506 Z.8
G1 Z.4
G1 E.8 F1800
;WIDTH:0.419999
G1 F15000
G1 X105.006 Y125.185 E.03935
G1 X103.685 Y126.506 E.05565
G1 X104.966 Y126.506 E.03816
G1 X104.644 Y126.076 F30000
;WIDTH:0.439292
G1 F15000
G1 X104.57 Y126.119 E.00269
G1 X104.649 Y126.154 E.00271
G1 E-.78967 F1800
;WIPE_START
G1 F30000
G1 X104.57 Y126.119 E-.00518
G1 X104.644 Y126.076 E-.00515
;WIPE_END
G1 X103.19 Y126.734 Z.8
G1 Z.4
G1 E.8 F1800
;WIDTH:0.419999
G1 F15000
G1 X105.065 Y124.86 E.07901
G1 X105.065 Y124.327 E.01589
G1 X102.827 Y126.565 E.09433
G1 X102.293 Y126.565 E.01589
G1 X105.065 Y123.793 E.11681
G1 X105.065 Y123.26 E.01589
G1 X101.76 Y126.565 E.13929
G1 X101.227 Y126.565 E.01589
G1 X105.065 Y122.727 E.16177
G1 X105.065 Y122.194 E.01589
G1 X100.694 Y126.565 E.18424
G1 X100.16 Y126.565 E.01589
G1 X105.065 Y121.66 E.20672
G1 X105.065 Y121.127 E.01589
G1 X99.627 Y126.565 E.2292
G1 X99.094 Y126.565 E.01589
G1 X105.065 Y120.594 E.25168
G1 X105.065 Y120.061 E.01589
G1 X98.561 Y126.565 E.27416
G1 X98.027 Y126.565 E.01589
G1 X105.065 Y119.527 E.29663
G1 X105.065 Y118.994 E.01589
G1 X97.494 Y126.565 E.31911
G1 X96.961 Y126.565 E.01589
G1 X105.065 Y118.461 E.34159
G1 X105.065 Y117.927 E.01589
G1 X96.427 Y126.565 E.36407
G1 X95.894 Y126.565 E.01589
G1 X105.065 Y117.394 E.38655
G1 X105.065 Y116.861 E.01589
G1 X95.361 Y126.565 E.40902
G1 X94.935 Y126.565 E.01268
G1 X94.935 Y126.457 E.00321
G1 X104.957 Y116.435 E.42242
G1 X104.424 Y116.435 E.01589
G1 X94.935 Y125.924 E.39995
G1 X94.935 Y125.39 E.01589
G1 X103.89 Y116.435 E.37747
G1 X103.357 Y116.435 E.01589
G1 X94.935 Y124.857 E.35499
G1 X94.935 Y124.324 E.01589
G1 X102.824 Y116.435 E.33251
G1 X102.291 Y116.435 E.01589
G1 X94.935 Y123.791 E.31003
G1 X94.935 Y123.257 E.01589
G1 X101.757 Y116.435 E.28756
G1 X101.224 Y116.435 E.01589
G1 X94.935 Y122.724 E.26508
G1 X94.935 Y122.191 E.01589
G1 X100.711 Y116.415 E.24347
G1 X100.178 Y116.415 E.01589
G1 X94.935 Y121.658 E.22099
G1 X94.935 Y121.124 E.01589
G1 X99.645 Y116.415 E.19851
G1 X99.112 Y116.415 E.01589
G1 X94.935 Y120.591 E.17603
G1 X94.935 Y120.058 E.01589
G1 X98.558 Y116.435 E.15269
G1 X98.024 Y116.435 E.01589
G1 X94.935 Y119.524 E.13021
G1 X94.935 Y118.991 E.01589
G1 X97.491 Y116.435 E.10773
G1 X96.958 Y116.435 E.01589
G1 X94.935 Y118.458 E.08525
G1 X94.935 Y117.925 E.01589
G1 X96.425 Y116.435 E.06278
G1 X95.891 Y116.435 E.01589
G1 X94.766 Y117.561 E.04745
G1 E-.728 F1800
;WIPE_START
G1 F30000
G1 X95.614 Y116.713 E-.072
;WIPE_END
G1 X99.48 Y123.293 Z.8
G1 X104.02 Y131.02 Z.8
G1 Z.4
G1 E.8 F1800
;TYPE:Gap infill
;WIDTH:0.273206
G1 F15000
G1 X104 Y131.115 E.00176
G1 X104 Y134.886 E.06864
G1 X104.02 Y134.98 E.00176
G1 X104.115 Y135 E.00176
G1 X105.886 Y135 E.03224
G1 X105.98 Y134.98 E.00176
G1 X106 Y134.886 E.00176
G1 X106 Y131.115 E.06864
G1 X105.98 Y131.02 E.00176
G1 X105.886 Y131 E.00176
G1 X104.115 Y131 E.03224
G1 X104.059 Y131.012 E.00104
G1 E-.728 F1800
;WIPE_START
G1 F30000
G1 X104 Y131.115 E-.00711
G1 X104 Y132.196 E-.06489
;WIPE_END
G1 X111.604 Y132.851 Z.8
G1 X112 Y132.886 Z.8
G1 Z.4
G1 E.8 F1800
;WIDTH:0.273412
G1 F15000
G1 X112 Y131.115 E.03227
G1 X112.02 Y131.02 E.00176
G1 X112.115 Y131 E.00176
G1 X113.886 Y131 E.03227
G1 X113.98 Y131.02 E.00176
G1 X114 Y131.115 E.00176
G1 X114 Y132.886 E.03227
G1 X113.98 Y132.98 E.00176
G1 X113.886 Y133 E.00176
G1 X112.115 Y133 E.03227
;WIDTH:0.306377
G1 X112.029 Y133 E.00179
G1 X112.014 Y133.057 E.00123
;WIDTH:0.286235
G1 X112 Y133.115 E.00113
;WIDTH:0.272882
G1 X112 Y134.886 E.03219
G1 X112.02 Y134.98 E.00176
G1 X112.115 Y135 E.00176
G1 X114.115 Y135 E.03635
G1 E-.728 F1800
;WIPE_START
G1 F30000
G1 X112.915 Y135 E-.072
;WIPE_END
G1 X112.029 Y133 Z.8
G1 Z.4
G1 E.8 F1800
;WIDTH:0.300547
G1 F15000
G1 X112.014 Y132.943 E.0012
;WIDTH:0.286235
G1 X112 Y132.886 E.00113
G1 E-.79646 F1800
;WIPE_START
G1 F30000
G1 X112.014 Y132.943 E-.00354
;WIPE_END
G1 X119.647 Y132.903 Z.8
G1 X123 Y132.886 Z.8
G1 Z.4
G1 E.8 F1800
;WIDTH:0.273206
G1 F15000
G1 X123 Y134.886 E.0364
G1 X123.02 Y134.98 E.00176
G1 X123.115 Y135 E.00176
G1 X124.886 Y135 E.03224
G1 X124.98 Y134.98 E.00176
G1 X125 Y134.886 E.00176
G1 X125 Y131.115 E.06864
G1 X124.98 Y131.02 E.00176
G1 X124.886 Y131 E.00176
G1 X123.115 Y131 E.03224
G1 X123.02 Y131.02 E.00176
G1 X123 Y131.115 E.00176
G1 X123 Y132.846 E.03151
G1 E-.728 F1800
;WIPE_START
G1 F30000
G1 X123 Y134.046 E-.072
;WIPE_END
G1 X130.553 Y132.95 Z.8
G1 X131 Y132.886 Z.8
G1 Z.4
G1 E.8 F1800
;WIDTH:0.286235
G1 F15000
G1 X131.014 Y132.943 E.00113
;WIDTH:0.300547
G1 X131.029 Y133 E.0012
;WIDTH:0.31486
G1 X131.014 Y133.057 E.00127
;WIDTH:0.273391
G1 X131 Y133.115 E.00108
G1 X131 Y134.886 E.03226
G1 X131.02 Y134.98 E.00176
G1 X131.115 Y135 E.00176
G1 X132.886 Y135 E.03226
G1 X132.98 Y134.98 E.00176
G1 X133 Y134.886 E.00176
G1 X133 Y133.115 E.03226
;WIDTH:0.286235
G1 X132.986 Y133.057 E.00113
;WIDTH:0.306377
G1 X132.971 Y133 E.00123
G1 X132.886 Y133 E.00179
;WIDTH:0.271922
G1 X131.115 Y133 E.03206
;WIDTH:0.286235
G1 X131.072 Y133 E.00083
;WIDTH:0.300548
G1 X131.069 Y133 E.00006
G1 X131 Y132.886 F30000
;WIDTH:0.273391
G1 F15000
G1 X131 Y131.115 E.03226
G1 X131.02 Y131.02 E.00176
G1 X131.115 Y131 E.00176
G1 X132.886 Y131 E.03226
G1 X132.98 Y131.02 E.00176
G1 X133 Y131.115 E.00176
G1 X133 Y132.886 E.03226
G1 X132.986 Y132.943 E.00108
;WIDTH:0.31486
G1 X132.971 Y133 E.00127
G1 E-.79646 F1800
;WIPE_START
G1 F30000
G1 X132.986 Y132.943 E-.00354
;WIPE_END
G1 X131.19 Y126.734 Z.8
G1 Z.4
G1 E.8 F1800
;TYPE:Internal solid infill
;WIDTH:0.419999
G1 F15000
G1 X133.065 Y124.86 E.07901
G1 X133.065 Y124.327 E.01589
G1 X130.827 Y126.565 E.09433
G1 X130.293 Y126.565 E.01589
G1 X133.065 Y123.793 E.11681
G1 X133.065 Y123.26 E.01589
G1 X129.76 Y126.565 E.13929
G1 X129.227 Y126.565 E.01589
G1 X133.065 Y122.727 E.16177
G1 X133.065 Y122.194 E.01589
G1 X128.694 Y126.565 E.18424
G1 X128.16 Y126.565 E.01589
G1 X133.065 Y121.66 E.20672
G1 X133.065 Y121.127 E.01589
G1 X127.627 Y126.565 E.2292
G1 X127.094 Y126.565 E.01589
G1 X133.065 Y120.594 E.25168
G1 X133.065 Y120.061 E.01589
G1 X126.561 Y126.565 E.27416
G1 X126.027 Y126.565 E.01589
G1 X133.065 Y119.527 E.29663
G1 X133.065 Y118.994 E.01589
G1 X125.494 Y126.565 E.31911
G1 X124.961 Y126.565 E.01589
G1 X133.065 Y118.461 E.34159
G1 X133.065 Y117.927 E.01589
G1 X124.427 Y126.565 E.36407
G1 X123.894 Y126.565 E.01589
G1 X133.065 Y117.394 E.38655
G1 X133.065 Y116.861 E.01589
G1 X123.361 Y126.565 E.40902
G1 X122.935 Y126.565 E.01268
G1 X122.935 Y126.457 E.00321
G1 X132.957 Y116.435 E.42242
G1 X132.424 Y116.435 E.01589
G1 X122.935 Y125.924 E.39995
G1 X122.935 Y125.39 E.01589
G1 X131.89 Y116.435 E.37747
G1 X131.357 Y116.435 E.01589
G1 X122.935 Y124.857 E.35499
G1 X122.935 Y124.324 E.01589
G1 X130.824 Y116.435 E.33251
G1 X130.291 Y116.435 E.01589
G1 X122.935 Y123.791 E.31003
G1 X122.935 Y123.257 E.01589
G1 X129.757 Y116.435 E.28756
G1 X129.224 Y116.435 E.01589
G1 X122.935 Y122.724 E.26508
G1 X122.935 Y122.191 E.01589
G1 X128.711 Y116.415 E.24347
G1 X128.178 Y116.415 E.01589
G1 X122.935 Y121.658 E.22099
G1 X122.935 Y121.124 E.01589
G1 X127.645 Y116.415 E.19851
G1 X127.112 Y116.415 E.01589
G1 X122.935 Y120.591 E.17603
G1 X122.935 Y120.058 E.01589
G1 X126.558 Y116.435 E.15269
G1 X126.024 Y116.435 E.01589
G1 X122.935 Y119.524 E.13021
G1 X122.935 Y118.991 E.01589
G1 X125.491 Y116.435 E.10773
G1 X124.958 Y116.435 E.01589
G1 X122.935 Y118.458 E.08525
G1 X122.935 Y117.925 E.01589
G1 X124.425 Y116.435 E.06278
G1 X123.891 Y116.435 E.01589
G1 X122.766 Y117.561 E.04745
G1 E-.728 F1800
;WIPE_START
G1 F30000
G1 X123.614 Y116.713 E-.072
;WIPE_END
G1 X128.468 Y122.602 Z.8
G1 X131.685 Y126.506 Z.8
G1 Z.4
G1 E.8 F1800
;WIDTH:0.419999
G1 F15000
G1 X133.006 Y126.506 E.03935
G1 X133.006 Y125.185 E.03935
G1 X131.714 Y126.478 E.05446
G1 E-.728 F1800
;WIPE_START
G1 F30000
G1 X132.562 Y125.629 E-.072
;WIPE_END
G1 X132.644 Y126.076 Z.8
G1 Z.4
G1 E.8 F1800
;WIDTH:0.439292
G1 F15000
G1 X132.57 Y126.119 E.00269
G1 X132.649 Y126.154 E.00271
G1 E-.78967 F1800
;WIPE_START
G1 F30000
G1 X132.57 Y126.119 E-.00518
G1 X132.644 Y126.076 E-.00515
;WIPE_END
G1 X139.38 Y129.665 Z.8
G1 X141.886 Y131 Z.8
G1 Z.4
G1 E.8 F1800
;TYPE:Gap infill
;WIDTH:0.273517
G1 F15000
G1 X142.886 Y131 E.01823
G1 X142.943 Y131.014 E.00108
;WIDTH:0.31486
G1 X143 Y131.029 E.00127
G1 X143.057 Y131.014 F30000
;WIDTH:0.306377
G1 F15000
G1 X143 Y131.029 E.00123
G1 X143 Y131.115 E.00179
;WIDTH:0.271922
G1 X143 Y133.886 E.05016
;WIDTH:0.286235
G1 X142.986 Y133.943 E.00113
;WIDTH:0.305318
G1 X142.971 Y134 E.00122
G1 X143 Y134.115 E.00245
;WIDTH:0.271922
G1 X143 Y135.115 E.0181
G1 E-.74 F1800
;WIPE_START
G1 F30000
G1 X143 Y134.115 E-.06
;WIPE_END
G1 X142.971 Y134 Z.8
G1 Z.4
G1 E.8 F1800
;WIDTH:0.31486
G1 F15000
G1 X142.928 Y134 E.00092
;WIDTH:0.273101
G1 X141.886 Y134 E.01898
G1 E-.73742 F1800
;WIPE_START
G1 F30000
G1 X142.928 Y134 E-.06258
;WIPE_END
G1 X143.057 Y131.014 Z.8
G1 Z.4
G1 E.8 F1800
;WIDTH:0.286235
G1 F15000
G1 X143.115 Y131 E.00113
;WIDTH:0.271922
G1 X144.115 Y131 E.0181
G1 E-.74 F1800
;WIPE_START
G1 F30000
G1 X143.115 Y131 E-.06
;WIPE_END
G1 X145.19 Y126.734 Z.8
G1 Z.4
G1 E.8 F1800
;TYPE:Internal solid infill
;WIDTH:0.419999
G1 F15000
G1 X147.065 Y124.86 E.07901
G1 X147.065 Y124.327 E.01589
G1 X144.827 Y126.565 E.09433
G1 X144.293 Y126.565 E.01589
G1 X147.065 Y123.793 E.11681
G1 X147.065 Y123.26 E.01589
G1 X143.76 Y126.565 E.13929
G1 X143.227 Y126.565 E.01589
G1 X147.065 Y122.727 E.16177
G1 X147.065 Y122.194 E.01589
G1 X142.694 Y126.565 E.18424
M73 P33 R18
G1 X142.16 Y126.565 E.01589
G1 X147.065 Y121.66 E.20672
G1 X147.065 Y121.127 E.01589
G1 X141.627 Y126.565 E.2292
G1 X141.094 Y126.565 E.01589
G1 X147.065 Y120.594 E.25168
G1 X147.065 Y120.061 E.01589
G1 X140.561 Y126.565 E.27416
G1 X140.027 Y126.565 E.01589
G1 X147.065 Y119.527 E.29663
G1 X147.065 Y118.994 E.01589
G1 X139.494 Y126.565 E.31911
G1 X138.961 Y126.565 E.01589
G1 X147.065 Y118.461 E.34159
G1 X147.065 Y117.927 E.01589
G1 X138.427 Y126.565 E.36407
G1 X137.894 Y126.565 E.01589
G1 X147.065 Y117.394 E.38655
G1 X147.065 Y116.861 E.01589
G1 X137.361 Y126.565 E.40902
G1 X136.935 Y126.565 E.01268
G1 X136.935 Y126.457 E.00321
G1 X146.957 Y116.435 E.42242
G1 X146.424 Y116.435 E.01589
G1 X136.935 Y125.924 E.39995
G1 X136.935 Y125.39 E.01589
G1 X145.89 Y116.435 E.37747
G1 X145.357 Y116.435 E.01589
G1 X136.935 Y124.857 E.35499
G1 X136.935 Y124.324 E.01589
G1 X144.824 Y116.435 E.33251
G1 X144.291 Y116.435 E.01589
G1 X136.935 Y123.791 E.31003
G1 X136.935 Y123.257 E.01589
G1 X143.757 Y116.435 E.28756
G1 X143.224 Y116.435 E.01589
G1 X136.935 Y122.724 E.26508
G1 X136.935 Y122.191 E.01589
G1 X142.711 Y116.415 E.24347
G1 X142.178 Y116.415 E.01589
G1 X136.935 Y121.658 E.22099
G1 X136.935 Y121.124 E.01589
G1 X141.645 Y116.415 E.19851
G1 X141.112 Y116.415 E.01589
G1 X136.935 Y120.591 E.17603
G1 X136.935 Y120.058 E.01589
G1 X140.558 Y116.435 E.15269
G1 X140.024 Y116.435 E.01589
G1 X136.935 Y119.524 E.13021
G1 X136.935 Y118.991 E.01589
G1 X139.491 Y116.435 E.10773
G1 X138.958 Y116.435 E.01589
G1 X136.935 Y118.458 E.08525
G1 X136.935 Y117.925 E.01589
G1 X138.425 Y116.435 E.06278
G1 X137.891 Y116.435 E.01589
G1 X136.766 Y117.561 E.04745
G1 E-.728 F1800
;WIPE_START
G1 F30000
G1 X137.614 Y116.713 E-.072
;WIPE_END
G1 X137.03 Y116.462 Z.8
G1 Z.4
G1 E.8 F1800
;WIDTH:0.44258
G1 F15000
G1 X136.955 Y116.505 E.00273
G1 X137.035 Y116.54 E.00275
G1 E-.78958 F1800
;WIPE_START
G1 F30000
G1 X136.955 Y116.505 E-.00523
G1 X137.03 Y116.462 E-.00519
;WIPE_END
G1 X139.02 Y112.98 Z.8
G1 Z.4
G1 E.8 F1800
;TYPE:Gap infill
;WIDTH:0.273564
G1 F15000
G1 X139.115 Y113 E.00177
G1 X140.886 Y113 E.03229
G1 X140.98 Y112.98 E.00177
G1 X141 Y112.886 E.00177
G1 X141 Y111.115 E.03229
;WIDTH:0.286235
G1 X140.986 Y111.057 E.00113
;WIDTH:0.306377
G1 X140.971 Y111 E.00123
G1 X140.886 Y111 E.00179
;WIDTH:0.271922
G1 X139.115 Y111 E.03206
G1 X139.02 Y111.02 E.00175
;WIDTH:0.273564
G1 X139 Y111.115 E.00177
G1 X139 Y112.886 E.03229
G1 X139.012 Y112.941 E.00104
G1 E-.728 F1800
;WIPE_START
G1 F30000
G1 X139.115 Y113 E-.00711
G1 X140.196 Y113 E-.06489
;WIPE_END
G1 X140.971 Y111 Z.8
G1 Z.4
G1 E.8 F1800
;WIDTH:0.31486
G1 F15000
G1 X140.986 Y110.943 E.00127
;WIDTH:0.273288
G1 X141 Y110.886 E.00107
G1 X141 Y109.115 E.03225
G1 X140.98 Y109.02 E.00176
G1 X140.886 Y109 E.00176
G1 X138.886 Y109 E.03642
G1 E-.728 F1800
;WIPE_START
G1 F30000
G1 X140.086 Y109 E-.072
;WIPE_END
G1 X142.886 Y109 Z.8
G1 Z.4
G1 E.8 F1800
G1 F15000
G1 X144.886 Y109 E.03642
G1 X144.98 Y109.02 E.00176
G1 X145 Y109.115 E.00176
G1 X145 Y110.886 E.03225
G1 X144.986 Y110.943 E.00107
;WIDTH:0.31486
G1 X144.971 Y111 E.00127
;WIDTH:0.306377
G1 X144.886 Y111 E.00179
;WIDTH:0.271922
G1 X143.115 Y111 E.03206
G1 X143.02 Y111.02 E.00175
;WIDTH:0.273564
G1 X143 Y111.115 E.00177
G1 X143 Y112.886 E.03229
G1 X143.02 Y112.98 E.00177
G1 X143.115 Y113 E.00177
G1 X144.886 Y113 E.03229
G1 X144.98 Y112.98 E.00177
G1 X145 Y112.886 E.00177
G1 X145 Y111.115 E.03229
;WIDTH:0.286235
G1 X144.986 Y111.057 E.00113
;WIDTH:0.306377
G1 X144.981 Y111.039 E.0004
G1 E-.728 F1800
;WIPE_START
G1 F30000
G1 X144.886 Y111 E-.00619
G1 X143.789 Y111 E-.06581
;WIPE_END
G1 X150.886 Y112 Z.8
G1 Z.4
G1 E.8 F1800
;WIDTH:0.273101
G1 F15000
G1 X151.928 Y112 E.01898
;WIDTH:0.31486
G1 X151.971 Y112 E.00092
G1 X151.986 Y111.943 F30000
;WIDTH:0.305318
G1 F15000
G1 X151.971 Y112 E.00122
G1 X152 Y112.115 E.00245
;WIDTH:0.271922
G1 X152 Y113.115 E.0181
G1 E-.74 F1800
;WIPE_START
G1 F30000
G1 X152 Y112.115 E-.06
;WIPE_END
G1 X151.986 Y111.943 Z.8
G1 Z.4
G1 E.8 F1800
;WIDTH:0.286235
G1 F15000
G1 X152 Y111.886 E.00113
;WIDTH:0.271922
G1 X152 Y109.115 E.05016
;WIDTH:0.306377
G1 X152 Y109.029 E.00179
G1 X152.057 Y109.014 E.00123
;WIDTH:0.286235
G1 X152.115 Y109 E.00113
;WIDTH:0.271922
G1 X153.115 Y109 E.0181
G1 E-.74 F1800
;WIPE_START
G1 F30000
G1 X152.115 Y109 E-.06
;WIPE_END
G1 X152 Y109.029 Z.8
G1 Z.4
G1 E.8 F1800
;WIDTH:0.31486
G1 F15000
G1 X151.943 Y109.014 E.00127
;WIDTH:0.273517
G1 X151.886 Y109 E.00108
G1 X150.886 Y109 E.01823
G1 E-.73646 F1800
;WIPE_START
G1 F30000
G1 X151.886 Y109 E-.06
G1 X151.943 Y109.014 E-.00354
;WIPE_END
G1 X155 Y109.115 Z.8
G1 Z.4
G1 E.8 F1800
;WIDTH:0.273206
G1 F15000
G1 X155 Y112.886 E.06864
G1 X155.02 Y112.98 E.00176
G1 X155.115 Y113 E.00176
G1 X156.886 Y113 E.03224
G1 X156.98 Y112.98 E.00176
G1 X157 Y112.886 E.00176
G1 X157 Y109.115 E.06864
G1 X156.98 Y109.02 E.00176
G1 X156.886 Y109 E.00176
G1 X155.115 Y109 E.03224
G1 X155.02 Y109.02 E.00176
G1 X155.008 Y109.075 E.00104
G1 E-.728 F1800
;WIPE_START
G1 F30000
G1 X155.006 Y110.275 E-.072
;WIPE_END
G1 X159 Y109.115 Z.8
G1 Z.4
G1 E.8 F1800
G1 F15000
G1 X159 Y112.886 E.06864
G1 X159.02 Y112.98 E.00176
G1 X159.115 Y113 E.00176
G1 X160.886 Y113 E.03224
G1 X160.98 Y112.98 E.00176
G1 X161 Y112.886 E.00176
G1 X161 Y109.115 E.06864
G1 X160.98 Y109.02 E.00176
G1 X160.886 Y109 E.00176
G1 X159.115 Y109 E.03224
G1 X159.02 Y109.02 E.00176
G1 X159.008 Y109.075 E.00104
G1 E-.728 F1800
;WIPE_START
G1 F30000
G1 X159.006 Y110.275 E-.072
;WIPE_END
G1 X164.886 Y109 Z.8
G1 Z.4
G1 E.8 F1800
;WIDTH:0.273517
G1 F15000
G1 X165.886 Y109 E.01823
G1 X165.943 Y109.014 E.00108
;WIDTH:0.31486
G1 X166 Y109.029 E.00127
G1 X166.057 Y109.014 F30000
;WIDTH:0.306377
G1 F15000
G1 X166 Y109.029 E.00123
G1 X166 Y109.115 E.00179
;WIDTH:0.271922
G1 X166 Y111.886 E.05016
;WIDTH:0.286235
G1 X165.986 Y111.943 E.00113
;WIDTH:0.305318
G1 X165.971 Y112 E.00122
G1 X166 Y112.115 E.00245
;WIDTH:0.271922
G1 X166 Y113.115 E.0181
G1 E-.74 F1800
;WIPE_START
G1 F30000
G1 X166 Y112.115 E-.06
;WIPE_END
G1 X165.971 Y112 Z.8
G1 Z.4
G1 E.8 F1800
;WIDTH:0.31486
G1 F15000
G1 X165.928 Y112 E.00092
;WIDTH:0.273101
G1 X164.886 Y112 E.01898
G1 E-.73742 F1800
;WIPE_START
G1 F30000
G1 X165.928 Y112 E-.06258
;WIPE_END
G1 X166.057 Y109.014 Z.8
G1 Z.4
G1 E.8 F1800
;WIDTH:0.286235
G1 F15000
G1 X166.115 Y109 E.00113
;WIDTH:0.271922
G1 X167.115 Y109 E.0181
G1 E-.74 F1800
;WIPE_START
G1 F30000
G1 X166.115 Y109 E-.06
;WIPE_END
G1 X169 Y109.115 Z.8
G1 Z.4
G1 E.8 F1800
;WIDTH:0.273206
G1 F15000
G1 X169 Y112.886 E.06864
G1 X169.02 Y112.98 E.00176
G1 X169.115 Y113 E.00176
G1 X170.886 Y113 E.03224
G1 X170.98 Y112.98 E.00176
G1 X171 Y112.886 E.00176
G1 X171 Y109.115 E.06864
G1 X170.98 Y109.02 E.00176
G1 X170.886 Y109 E.00176
G1 X169.115 Y109 E.03224
G1 X169.02 Y109.02 E.00176
G1 X169.008 Y109.075 E.00104
G1 E-.728 F1800
;WIPE_START
G1 F30000
G1 X169.006 Y110.275 E-.072
;WIPE_END
G1 X172.886 Y109 Z.8
G1 Z.4
G1 E.8 F1800
;WIDTH:0.273517
G1 F15000
G1 X173.886 Y109 E.01823
G1 X173.943 Y109.014 E.00108
;WIDTH:0.31486
G1 X174 Y109.029 E.00127
G1 X174.057 Y109.014 F30000
;WIDTH:0.306377
G1 F15000
G1 X174 Y109.029 E.00123
G1 X174 Y109.115 E.00179
;WIDTH:0.271922
G1 X174 Y111.886 E.05016
;WIDTH:0.286235
G1 X173.986 Y111.943 E.00113
;WIDTH:0.305318
G1 X173.971 Y112 E.00122
G1 X174 Y112.115 E.00245
;WIDTH:0.271922
G1 X174 Y113.115 E.0181
G1 E-.74 F1800
;WIPE_START
G1 F30000
G1 X174 Y112.115 E-.06
;WIPE_END
G1 X173.971 Y112 Z.8
G1 Z.4
G1 E.8 F1800
;WIDTH:0.31486
G1 F15000
G1 X173.928 Y112 E.00092
;WIDTH:0.273101
G1 X172.886 Y112 E.01898
G1 E-.73742 F1800
;WIPE_START
G1 F30000
G1 X173.928 Y112 E-.06258
;WIPE_END
G1 X174.057 Y109.014 Z.8
G1 Z.4
G1 E.8 F1800
;WIDTH:0.286235
G1 F15000
G1 X174.115 Y109 E.00113
;WIDTH:0.271922
G1 X175.115 Y109 E.0181
G1 E-.74 F1800
;WIPE_START
G1 F30000
G1 X174.115 Y109 E-.06
;WIPE_END
G1 X172.839 Y115.879 Z.8
M73 P33 R17
G1 Z.4
G1 E.8 F1800
SET_VELOCITY_LIMIT ACCEL=1500
;TYPE:Top surface
;WIDTH:0.420301
G1 F12000
G1 X173.433 Y115.286 E.02728
G1 X173.433 Y114.752 E.01735
G1 X172.475 Y115.709 E.04402
G1 X171.942 Y115.709 E.01735
G1 X173.602 Y114.048 E.07636
G1 E-.728 F1800
;WIPE_START
G1 F30000
G1 X172.754 Y114.897 E-.072
;WIPE_END
G1 X175.116 Y113.602 Z.8
G1 Z.4
G1 E.8 F1800
G1 F12000
G1 X175.433 Y113.286 E.01456
G1 X175.433 Y112.752 E.01735
G1 X174.752 Y113.433 E.0313
G1 X174.218 Y113.433 E.01735
G1 X175.433 Y112.218 E.05584
G1 X175.433 Y111.684 E.01735
G1 X171.408 Y115.709 E.18506
G1 X170.874 Y115.709 E.01735
G1 X175.433 Y111.151 E.2096
G1 X175.433 Y110.617 E.01735
G1 X170.341 Y115.709 E.23414
G1 X169.807 Y115.709 E.01735
G1 X175.433 Y110.083 E.25868
G1 X175.433 Y109.55 E.01735
G1 X169.273 Y115.709 E.28322
G1 X168.739 Y115.709 E.01735
G1 X175.433 Y109.016 E.30776
G1 X175.433 Y108.567 E.01458
G1 X175.347 Y108.567 E.00277
G1 X168.567 Y115.347 E.31175
G1 X168.567 Y114.814 E.01735
G1 X174.814 Y108.567 E.28721
G1 X174.28 Y108.567 E.01735
G1 X168.567 Y114.28 E.26267
G1 X168.567 Y113.746 E.01735
G1 X173.746 Y108.567 E.23813
G1 X173.433 Y108.567 E.0102
G1 X173.433 Y108.347 E.00715
G1 X168.347 Y113.433 E.23382
G1 X167.814 Y113.433 E.01735
G1 X173.433 Y107.814 E.25836
G1 X173.433 Y107.28 E.01735
G1 X167.28 Y113.433 E.2829
G1 X166.746 Y113.433 E.01735
G1 X173.433 Y106.746 E.30744
G1 X173.433 Y106.213 E.01735
G1 X166.213 Y113.433 E.33198
G1 X165.679 Y113.433 E.01735
G1 X173.433 Y105.679 E.35652
G1 X173.433 Y105.145 E.01735
G1 X170.567 Y108.01 E.13174
G1 X170.567 Y107.477 E.01735
G1 X173.433 Y104.612 E.13174
G1 X173.433 Y104.078 E.01735
G1 X170.567 Y106.943 E.13174
G1 X170.567 Y106.409 E.01735
G1 X173.433 Y103.544 E.13174
G1 X173.433 Y103.01 E.01735
G1 X170.567 Y105.876 E.13174
G1 X170.567 Y105.342 E.01735
G1 X173.433 Y102.477 E.13174
G1 X173.433 Y101.943 E.01735
G1 X170.567 Y104.808 E.13174
G1 X170.567 Y104.274 E.01735
G1 X173.433 Y101.409 E.13174
G1 X173.433 Y100.876 E.01735
G1 X170.567 Y103.741 E.13174
G1 X170.567 Y103.207 E.01735
G1 X173.433 Y100.342 E.13174
G1 X173.433 Y99.808 E.01735
G1 X170.567 Y102.673 E.13174
G1 X170.567 Y102.14 E.01735
G1 X173.433 Y99.275 E.13174
G1 X173.433 Y98.741 E.01735
G1 X170.567 Y101.606 E.13174
G1 X170.567 Y101.072 E.01735
G1 X173.433 Y98.207 E.13174
G1 X173.433 Y97.674 E.01735
G1 X170.567 Y100.539 E.13174
G1 X170.567 Y100.005 E.01735
G1 X173.433 Y97.14 E.13174
G1 X173.433 Y96.606 E.01735
G1 X170.567 Y99.471 E.13174
G1 X170.567 Y98.937 E.01735
G1 X173.433 Y96.072 E.13174
G1 X173.433 Y95.539 E.01735
G1 X170.567 Y98.404 E.13174
G1 X170.567 Y97.87 E.01735
G1 X173.433 Y95.005 E.13174
G1 X173.433 Y94.471 E.01735
G1 X170.398 Y97.506 E.13954
G1 E-.728 F1800
;WIPE_START
G1 F30000
G1 X171.246 Y96.658 E-.072
;WIPE_END
G1 X174.835 Y93.602 Z.8
G1 Z.4
G1 E.8 F1800
G1 F12000
G1 X175.433 Y93.005 E.02746
G1 X175.433 Y92.471 E.01735
G1 X174.302 Y93.602 E.052
G1 E-.728 F1800
;WIPE_START
G1 F30000
G1 X175.15 Y92.754 E-.072
;WIPE_END
G1 X175.602 Y91.768 Z.8
G1 Z.4
G1 E.8 F1800
G1 F12000
G1 X173.938 Y93.433 E.07654
G1 X173.433 Y93.433 E.01642
G1 X173.433 Y93.938 E.01642
G1 X170.567 Y96.803 E.13174
G1 X170.567 Y96.269 E.01735
G1 X175.433 Y91.404 E.2237
G1 X175.433 Y90.87 E.01735
G1 X170.567 Y95.735 E.2237
G1 X170.567 Y95.202 E.01735
G1 X175.433 Y90.337 E.2237
G1 X175.433 Y89.803 E.01735
G1 X170.567 Y94.668 E.2237
G1 X170.567 Y94.134 E.01735
M73 P34 R17
G1 X175.433 Y89.269 E.2237
G1 X175.433 Y88.735 E.01735
G1 X170.567 Y93.601 E.2237
G1 X170.567 Y93.433 E.00546
G1 X170.202 Y93.433 E.01189
G1 X175.067 Y88.567 E.2237
G1 X174.533 Y88.567 E.01735
G1 X169.668 Y93.433 E.2237
G1 X169.134 Y93.433 E.01735
G1 X173.999 Y88.567 E.2237
G1 X173.466 Y88.567 E.01735
G1 X168.601 Y93.433 E.2237
G1 X168.067 Y93.433 E.01735
G1 X172.932 Y88.567 E.2237
G1 X172.398 Y88.567 E.01735
G1 X167.533 Y93.433 E.2237
G1 X167 Y93.433 E.01735
G1 X171.865 Y88.567 E.2237
G1 X171.331 Y88.567 E.01735
G1 X166.466 Y93.433 E.2237
G1 X165.932 Y93.433 E.01735
G1 X170.797 Y88.567 E.2237
G1 X170.264 Y88.567 E.01735
G1 X165.398 Y93.433 E.2237
G1 X164.865 Y93.433 E.01735
G1 X169.73 Y88.567 E.2237
G1 X169.196 Y88.567 E.01735
G1 X164.331 Y93.433 E.2237
G1 X163.797 Y93.433 E.01735
G1 X168.662 Y88.567 E.2237
G1 X168.129 Y88.567 E.01735
G1 X163.264 Y93.433 E.2237
G1 X162.73 Y93.433 E.01735
G1 X167.595 Y88.567 E.2237
G1 X167.061 Y88.567 E.01735
G1 X162.196 Y93.433 E.2237
G1 X161.663 Y93.433 E.01735
G1 X166.528 Y88.567 E.2237
G1 X165.994 Y88.567 E.01735
G1 X161.129 Y93.433 E.2237
G1 X160.595 Y93.433 E.01735
G1 X165.46 Y88.567 E.2237
G1 X164.927 Y88.567 E.01735
G1 X160.062 Y93.433 E.2237
G1 X159.528 Y93.433 E.01735
G1 X164.393 Y88.567 E.2237
G1 X163.859 Y88.567 E.01735
G1 X158.994 Y93.433 E.2237
G1 X158.46 Y93.433 E.01735
G1 X163.325 Y88.567 E.2237
G1 X162.792 Y88.567 E.01735
G1 X157.927 Y93.433 E.2237
G1 X157.393 Y93.433 E.01735
G1 X162.258 Y88.567 E.2237
G1 X161.724 Y88.567 E.01735
G1 X156.859 Y93.433 E.2237
G1 X156.326 Y93.433 E.01735
G1 X161.191 Y88.567 E.2237
G1 X160.657 Y88.567 E.01735
G1 X155.792 Y93.433 E.2237
G1 X155.258 Y93.433 E.01735
G1 X160.123 Y88.567 E.2237
G1 X159.59 Y88.567 E.01735
G1 X154.725 Y93.433 E.2237
G1 X154.191 Y93.433 E.01735
G1 X159.056 Y88.567 E.2237
G1 X158.522 Y88.567 E.01735
G1 X153.657 Y93.433 E.2237
G1 X153.123 Y93.433 E.01735
G1 X157.989 Y88.567 E.2237
G1 X157.455 Y88.567 E.01735
G1 X152.59 Y93.433 E.2237
G1 X152.056 Y93.433 E.01735
G1 X156.921 Y88.567 E.2237
G1 X156.387 Y88.567 E.01735
G1 X151.522 Y93.433 E.2237
G1 X150.989 Y93.433 E.01735
G1 X155.854 Y88.567 E.2237
G1 X155.32 Y88.567 E.01735
G1 X150.455 Y93.433 E.2237
G1 X149.921 Y93.433 E.01735
G1 X154.786 Y88.567 E.2237
G1 X154.253 Y88.567 E.01735
G1 X149.388 Y93.433 E.2237
G1 X148.854 Y93.433 E.01735
G1 X153.719 Y88.567 E.2237
G1 X153.185 Y88.567 E.01735
G1 X148.32 Y93.433 E.2237
G1 X147.786 Y93.433 E.01735
G1 X152.652 Y88.567 E.2237
G1 X152.118 Y88.567 E.01735
G1 X147.253 Y93.433 E.2237
G1 X146.719 Y93.433 E.01735
G1 X151.584 Y88.567 E.2237
G1 X151.05 Y88.567 E.01735
G1 X146.185 Y93.433 E.2237
G1 X145.652 Y93.433 E.01735
G1 X150.517 Y88.567 E.2237
G1 X149.983 Y88.567 E.01735
G1 X145.118 Y93.433 E.2237
G1 X144.584 Y93.433 E.01735
G1 X149.449 Y88.567 E.2237
G1 X148.916 Y88.567 E.01735
G1 X144.051 Y93.433 E.2237
G1 X143.517 Y93.433 E.01735
G1 X148.382 Y88.567 E.2237
G1 X147.848 Y88.567 E.01735
G1 X142.983 Y93.433 E.2237
G1 X142.567 Y93.433 E.01352
G1 X142.567 Y93.315 E.00384
G1 X147.315 Y88.567 E.21828
G1 X146.781 Y88.567 E.01735
G1 X142.567 Y92.781 E.19374
G1 X142.567 Y92.433 E.01133
G1 X142.382 Y92.433 E.00603
G1 X146.247 Y88.567 E.17772
G1 X145.713 Y88.567 E.01735
G1 X141.848 Y92.433 E.17772
G1 X141.315 Y92.433 E.01735
G1 X145.18 Y88.567 E.17772
G1 X144.646 Y88.567 E.01735
G1 X140.781 Y92.433 E.17772
G1 X140.247 Y92.433 E.01735
G1 X144.112 Y88.567 E.17772
G1 X143.579 Y88.567 E.01735
G1 X140.067 Y92.079 E.16145
G1 X140.067 Y91.545 E.01735
G1 X142.045 Y89.567 E.09093
G1 X142.567 Y89.567 E.01699
G1 X142.567 Y89.045 E.01699
G1 X143.215 Y88.398 E.02976
G1 E-.728 F1800
;WIPE_START
G1 F30000
G1 X142.567 Y89.045 E-.05492
G1 X142.567 Y89.33 E-.01708
;WIPE_END
G1 X141.681 Y89.398 Z.8
G1 Z.4
G1 E.8 F1800
G1 F12000
G1 X140.067 Y91.011 E.07419
G1 X140.067 Y90.478 E.01735
G1 X140.978 Y89.567 E.04185
G1 X140.444 Y89.567 E.01735
G1 X139.898 Y90.114 E.02511
G1 E-.728 F1800
;WIPE_START
G1 F30000
G1 X140.444 Y89.567 E-.04634
G1 X140.872 Y89.567 E-.02566
;WIPE_END
G1 X146.276 Y94.957 Z.8
G1 X164.976 Y113.602 Z.8
G1 Z.4
G1 E.8 F1800
G1 F12000
G1 X170.01 Y108.567 E.23151
G1 X169.477 Y108.567 E.01735
G1 X164.612 Y113.433 E.2237
G1 X164.078 Y113.433 E.01735
G1 X168.943 Y108.567 E.2237
G1 X168.409 Y108.567 E.01735
G1 X163.544 Y113.433 E.2237
G1 X163.01 Y113.433 E.01735
G1 X167.876 Y108.567 E.2237
G1 X167.342 Y108.567 E.01735
G1 X162.477 Y113.433 E.2237
G1 X161.943 Y113.433 E.01735
G1 X166.808 Y108.567 E.2237
G1 X166.274 Y108.567 E.01735
G1 X161.409 Y113.433 E.2237
G1 X160.876 Y113.433 E.01735
G1 X165.741 Y108.567 E.2237
G1 X165.207 Y108.567 E.01735
G1 X160.342 Y113.433 E.2237
G1 X159.808 Y113.433 E.01735
G1 X164.673 Y108.567 E.2237
G1 X164.14 Y108.567 E.01735
G1 X159.275 Y113.433 E.2237
G1 X158.741 Y113.433 E.01735
G1 X163.606 Y108.567 E.2237
G1 X163.072 Y108.567 E.01735
G1 X158.038 Y113.602 E.23151
G1 E-.728 F1800
;WIPE_START
G1 F30000
G1 X158.886 Y112.754 E-.072
;WIPE_END
G1 X157.602 Y115.105 Z.8
G1 Z.4
G1 E.8 F1800
G1 F12000
G1 X156.998 Y115.709 E.02778
G1 X156.464 Y115.709 E.01735
G1 X157.433 Y114.741 E.04452
G1 X157.433 Y114.207 E.01735
G1 X155.931 Y115.709 E.06906
G1 X155.397 Y115.709 E.01735
G1 X162.539 Y108.567 E.32838
G1 X162.005 Y108.567 E.01735
G1 X154.863 Y115.709 E.32838
G1 X154.567 Y115.709 E.00962
G1 X154.567 Y115.471 E.00773
G1 X161.471 Y108.567 E.31744
G1 X160.937 Y108.567 E.01735
G1 X154.567 Y114.937 E.2929
G1 X154.567 Y114.404 E.01735
G1 X160.404 Y108.567 E.26836
G1 X159.87 Y108.567 E.01735
G1 X154.567 Y113.87 E.24382
G1 X154.567 Y113.433 E.01423
G1 X154.471 Y113.433 E.00313
G1 X159.336 Y108.567 E.2237
G1 X158.803 Y108.567 E.01735
G1 X153.938 Y113.433 E.2237
G1 X153.404 Y113.433 E.01735
G1 X158.269 Y108.567 E.2237
G1 X157.735 Y108.567 E.01735
G1 X152.87 Y113.433 E.2237
G1 X152.337 Y113.433 E.01735
G1 X157.202 Y108.567 E.2237
G1 X156.668 Y108.567 E.01735
G1 X151.803 Y113.433 E.2237
G1 X151.269 Y113.433 E.01735
G1 X156.134 Y108.567 E.2237
G1 X155.601 Y108.567 E.01735
G1 X150.735 Y113.433 E.2237
G1 X150.202 Y113.433 E.01735
G1 X155.067 Y108.567 E.2237
G1 X154.533 Y108.567 E.01735
G1 X149.668 Y113.433 E.2237
G1 X149.134 Y113.433 E.01735
G1 X153.999 Y108.567 E.2237
G1 X153.466 Y108.567 E.01735
G1 X148.601 Y113.433 E.2237
G1 X148.067 Y113.433 E.01735
G1 X152.932 Y108.567 E.2237
G1 X152.398 Y108.567 E.01735
G1 X147.533 Y113.433 E.2237
G1 X147 Y113.433 E.01735
M73 P35 R17
G1 X151.865 Y108.567 E.2237
G1 X151.331 Y108.567 E.01735
G1 X146.466 Y113.433 E.2237
G1 X145.932 Y113.433 E.01735
G1 X150.797 Y108.567 E.2237
G1 X150.264 Y108.567 E.01735
G1 X145.398 Y113.433 E.2237
G1 X144.865 Y113.433 E.01735
G1 X149.73 Y108.567 E.2237
G1 X149.196 Y108.567 E.01735
G1 X144.161 Y113.602 E.23151
G1 E-.728 F1800
;WIPE_START
G1 F30000
G1 X145.01 Y112.754 E-.072
;WIPE_END
G1 X143.602 Y115.229 Z.8
G1 Z.4
G1 E.8 F1800
G1 F12000
G1 X143.122 Y115.709 E.02208
G1 X142.588 Y115.709 E.01735
G1 X143.433 Y114.865 E.03882
G1 X143.433 Y114.331 E.01735
G1 X142.055 Y115.709 E.06336
G1 X141.521 Y115.709 E.01735
G1 X143.433 Y113.797 E.0879
G1 X143.433 Y113.433 E.01186
G1 X143.797 Y113.433 E.01186
G1 X148.662 Y108.567 E.2237
G1 X148.129 Y108.567 E.01735
G1 X140.987 Y115.709 E.32838
G1 X140.567 Y115.709 E.01365
G1 X140.567 Y115.595 E.00371
G1 X147.595 Y108.567 E.32314
G1 X147.061 Y108.567 E.01735
G1 X140.567 Y115.061 E.2986
G1 X140.567 Y114.528 E.01735
G1 X146.528 Y108.567 E.27406
G1 X145.994 Y108.567 E.01735
G1 X140.567 Y113.994 E.24952
G1 X140.567 Y113.46 E.01735
G1 X145.46 Y108.567 E.22498
G1 X144.927 Y108.567 E.01735
G1 X140.061 Y113.433 E.2237
G1 X139.528 Y113.433 E.01735
G1 X144.393 Y108.567 E.2237
G1 X143.859 Y108.567 E.01735
G1 X138.994 Y113.433 E.2237
G1 X138.46 Y113.433 E.01735
G1 X143.325 Y108.567 E.2237
G1 X142.792 Y108.567 E.01735
G1 X137.927 Y113.433 E.2237
G1 X137.393 Y113.433 E.01735
G1 X142.258 Y108.567 E.2237
G1 X141.724 Y108.567 E.01735
G1 X136.859 Y113.433 E.2237
G1 X136.326 Y113.433 E.01735
G1 X141.191 Y108.567 E.2237
G1 X140.657 Y108.567 E.01735
G1 X135.792 Y113.433 E.2237
G1 X135.258 Y113.433 E.01735
G1 X140.123 Y108.567 E.2237
G1 X139.59 Y108.567 E.01735
G1 X134.725 Y113.433 E.2237
G1 X134.191 Y113.433 E.01735
G1 X139.056 Y108.567 E.2237
G1 X138.522 Y108.567 E.01735
G1 X133.657 Y113.433 E.2237
G1 X133.123 Y113.433 E.01735
G1 X137.988 Y108.567 E.2237
G1 X137.455 Y108.567 E.01735
G1 X132.59 Y113.433 E.2237
G1 X132.056 Y113.433 E.01735
G1 X136.921 Y108.567 E.2237
G1 X136.387 Y108.567 E.01735
G1 X131.522 Y113.433 E.2237
G1 X130.989 Y113.433 E.01735
G1 X135.854 Y108.567 E.2237
G1 X135.32 Y108.567 E.01735
G1 X130.285 Y113.602 E.23151
G1 E-.728 F1800
;WIPE_START
G1 F30000
G1 X131.134 Y112.754 E-.072
;WIPE_END
G1 X129.602 Y115.353 Z.8
G1 Z.4
G1 E.8 F1800
G1 F12000
G1 X129.246 Y115.709 E.01639
G1 X128.712 Y115.709 E.01735
G1 X129.433 Y114.989 E.03313
G1 X129.433 Y114.455 E.01735
G1 X128.178 Y115.709 E.05767
G1 X127.645 Y115.709 E.01735
G1 X129.433 Y113.921 E.08221
G1 X129.433 Y113.433 E.01589
G1 X129.921 Y113.433 E.01589
G1 X134.786 Y108.567 E.2237
G1 X134.253 Y108.567 E.01735
G1 X127.111 Y115.709 E.32838
G1 X126.577 Y115.709 E.01735
G1 X133.719 Y108.567 E.32838
G1 X133.185 Y108.567 E.01735
G1 X126.567 Y115.185 E.30429
G1 X126.567 Y114.652 E.01735
G1 X132.652 Y108.567 E.27975
G1 X132.118 Y108.567 E.01735
G1 X126.567 Y114.118 E.25521
G1 X126.567 Y113.584 E.01735
G1 X131.584 Y108.567 E.23067
G1 X131.05 Y108.567 E.01735
G1 X126.185 Y113.433 E.2237
G1 X125.652 Y113.433 E.01735
G1 X130.517 Y108.567 E.2237
G1 X129.983 Y108.567 E.01735
G1 X125.118 Y113.433 E.2237
G1 X124.584 Y113.433 E.01735
G1 X129.449 Y108.567 E.2237
G1 X128.916 Y108.567 E.01735
G1 X124.051 Y113.433 E.2237
G1 X123.517 Y113.433 E.01735
G1 X128.382 Y108.567 E.2237
G1 X127.848 Y108.567 E.01735
G1 X122.983 Y113.433 E.2237
G1 X122.449 Y113.433 E.01735
G1 X127.315 Y108.567 E.2237
G1 X126.781 Y108.567 E.01735
G1 X121.916 Y113.433 E.2237
G1 X121.382 Y113.433 E.01735
G1 X126.247 Y108.567 E.2237
G1 X125.713 Y108.567 E.01735
G1 X120.848 Y113.433 E.2237
G1 X120.315 Y113.433 E.01735
G1 X125.18 Y108.567 E.2237
G1 X124.646 Y108.567 E.01735
G1 X119.781 Y113.433 E.2237
G1 X119.247 Y113.433 E.01735
G1 X124.112 Y108.567 E.2237
G1 X123.579 Y108.567 E.01735
G1 X118.714 Y113.433 E.2237
G1 X118.18 Y113.433 E.01735
G1 X123.045 Y108.567 E.2237
G1 X122.511 Y108.567 E.01735
G1 X117.646 Y113.433 E.2237
G1 X117.113 Y113.433 E.01735
G1 X121.978 Y108.567 E.2237
G1 X121.444 Y108.567 E.01735
G1 X116.579 Y113.433 E.2237
G1 X116.045 Y113.433 E.01735
G1 X121.08 Y108.398 E.23151
G1 E-.728 F1800
;WIPE_START
G1 F30000
G1 X120.231 Y109.246 E-.072
;WIPE_END
G1 X115.679 Y115.373 Z.8
G1 X115.602 Y115.477 Z.8
G1 Z.4
G1 E.8 F1800
G1 F12000
G1 X115.37 Y115.709 E.01069
G1 X114.836 Y115.709 E.01735
G1 X115.433 Y115.113 E.02743
G1 X115.433 Y114.579 E.01735
G1 X114.302 Y115.709 E.05197
G1 X113.769 Y115.709 E.01735
G1 X115.602 Y113.875 E.08431
G1 E-.728 F1800
;WIPE_START
G1 F30000
G1 X114.754 Y114.724 E-.072
;WIPE_END
G1 X113.065 Y115.879 Z.8
G1 Z.4
G1 E.8 F1800
G1 F12000
G1 X120.376 Y108.567 E.33618
G1 X119.843 Y108.567 E.01735
G1 X112.701 Y115.709 E.32838
G1 X112.567 Y115.709 E.00435
G1 X112.567 Y115.309 E.013
G1 X119.309 Y108.567 E.30999
G1 X118.775 Y108.567 E.01735
G1 X112.567 Y114.775 E.28545
G1 X112.567 Y114.242 E.01735
G1 X118.242 Y108.567 E.26091
G1 X117.708 Y108.567 E.01735
G1 X112.567 Y113.708 E.23637
G1 X112.567 Y113.433 E.00896
G1 X112.309 Y113.433 E.0084
G1 X117.174 Y108.567 E.2237
G1 X116.641 Y108.567 E.01735
G1 X111.776 Y113.433 E.2237
G1 X111.242 Y113.433 E.01735
G1 X116.107 Y108.567 E.2237
G1 X115.573 Y108.567 E.01735
G1 X110.708 Y113.433 E.2237
G1 X110.174 Y113.433 E.01735
G1 X115.04 Y108.567 E.2237
G1 X114.506 Y108.567 E.01735
G1 X109.641 Y113.433 E.2237
G1 X109.107 Y113.433 E.01735
G1 X113.972 Y108.567 E.2237
G1 X113.438 Y108.567 E.01735
G1 X108.573 Y113.433 E.2237
G1 X108.04 Y113.433 E.01735
G1 X112.905 Y108.567 E.2237
G1 X112.371 Y108.567 E.01735
G1 X107.506 Y113.433 E.2237
G1 X106.972 Y113.433 E.01735
G1 X111.837 Y108.567 E.2237
G1 X111.304 Y108.567 E.01735
G1 X106.439 Y113.433 E.2237
G1 X105.905 Y113.433 E.01735
G1 X110.77 Y108.567 E.2237
G1 X110.236 Y108.567 E.01735
G1 X105.371 Y113.433 E.2237
G1 X104.837 Y113.433 E.01735
G1 X109.703 Y108.567 E.2237
G1 X109.169 Y108.567 E.01735
G1 X104.304 Y113.433 E.2237
G1 X103.77 Y113.433 E.01735
G1 X108.635 Y108.567 E.2237
G1 X108.101 Y108.567 E.01735
G1 X103.236 Y113.433 E.2237
G1 X102.703 Y113.433 E.01735
G1 X107.568 Y108.567 E.2237
G1 X107.034 Y108.567 E.01735
G1 X101.999 Y113.602 E.23151
G1 E-.728 F1800
;WIPE_START
G1 F30000
G1 X102.848 Y112.754 E-.072
;WIPE_END
G1 X101.602 Y115.067 Z.8
G1 Z.4
G1 E.8 F1800
G1 F12000
G1 X100.96 Y115.709 E.02954
G1 X100.426 Y115.709 E.01735
G1 X101.433 Y114.703 E.04628
G1 X101.433 Y114.169 E.01735
G1 X99.892 Y115.709 E.07082
G1 X99.359 Y115.709 E.01735
G1 X106.5 Y108.567 E.32838
G1 X105.967 Y108.567 E.01735
G1 X98.825 Y115.709 E.32838
G1 X98.567 Y115.709 E.00838
G1 X98.567 Y115.433 E.00898
G1 X105.433 Y108.567 E.31569
G1 X104.899 Y108.567 E.01735
M73 P36 R17
G1 X98.567 Y114.899 E.29115
G1 X98.567 Y114.366 E.01735
G1 X104.366 Y108.567 E.26661
G1 X103.832 Y108.567 E.01735
G1 X98.567 Y113.832 E.24207
G1 X98.567 Y113.433 E.01298
G1 X98.433 Y113.433 E.00437
G1 X103.298 Y108.567 E.2237
G1 X102.764 Y108.567 E.01735
G1 X97.899 Y113.433 E.2237
G1 X97.366 Y113.433 E.01735
G1 X102.231 Y108.567 E.2237
G1 X101.697 Y108.567 E.01735
G1 X96.832 Y113.433 E.2237
G1 X96.298 Y113.433 E.01735
G1 X101.163 Y108.567 E.2237
G1 X100.63 Y108.567 E.01735
G1 X95.765 Y113.433 E.2237
G1 X95.231 Y113.433 E.01735
G1 X100.096 Y108.567 E.2237
G1 X99.562 Y108.567 E.01735
G1 X94.697 Y113.433 E.2237
G1 X94.164 Y113.433 E.01735
G1 X99.029 Y108.567 E.2237
G1 X98.495 Y108.567 E.01735
G1 X93.63 Y113.433 E.2237
G1 X93.096 Y113.433 E.01735
G1 X97.961 Y108.567 E.2237
G1 X97.427 Y108.567 E.01735
G1 X92.562 Y113.433 E.2237
G1 X92.029 Y113.433 E.01735
G1 X96.894 Y108.567 E.2237
G1 X96.36 Y108.567 E.01735
G1 X91.495 Y113.433 E.2237
G1 X90.961 Y113.433 E.01735
G1 X95.826 Y108.567 E.2237
G1 X95.293 Y108.567 E.01735
G1 X90.428 Y113.433 E.2237
G1 X89.894 Y113.433 E.01735
G1 X94.759 Y108.567 E.2237
G1 X94.225 Y108.567 E.01735
G1 X89.36 Y113.433 E.2237
G1 X88.827 Y113.433 E.01735
G1 X93.692 Y108.567 E.2237
G1 X93.158 Y108.567 E.01735
G1 X88.123 Y113.602 E.23151
G1 E-.728 F1800
;WIPE_START
G1 F30000
G1 X88.972 Y112.754 E-.072
;WIPE_END
G1 X87.602 Y115.191 Z.8
G1 Z.4
G1 E.8 F1800
G1 F12000
G1 X87.084 Y115.709 E.02384
G1 X86.55 Y115.709 E.01735
G1 X87.433 Y114.827 E.04058
G1 X87.433 Y114.293 E.01735
G1 X86.016 Y115.709 E.06512
G1 X85.483 Y115.709 E.01735
G1 X92.624 Y108.567 E.32838
G1 X92.091 Y108.567 E.01735
G1 X84.949 Y115.709 E.32838
G1 X84.415 Y115.709 E.01735
G1 X91.557 Y108.567 E.32838
G1 X91.023 Y108.567 E.01735
G1 X83.882 Y115.709 E.32838
G1 X83.348 Y115.709 E.01735
G1 X90.489 Y108.567 E.32838
G1 X89.956 Y108.567 E.01735
G1 X82.814 Y115.709 E.32838
G1 X82.567 Y115.709 E.00802
G1 X82.567 Y115.422 E.00933
G1 X89.422 Y108.567 E.31518
G1 X88.888 Y108.567 E.01735
G1 X82.567 Y114.888 E.29064
G1 X82.567 Y114.355 E.01735
G1 X88.355 Y108.567 E.2661
G1 X87.821 Y108.567 E.01735
G1 X82.567 Y113.821 E.24156
G1 X82.567 Y113.433 E.01263
G1 X82.422 Y113.433 E.00472
G1 X87.287 Y108.567 E.2237
G1 X86.754 Y108.567 E.01735
G1 X81.888 Y113.433 E.2237
G1 X81.355 Y113.433 E.01735
G1 X86.22 Y108.567 E.2237
G1 X85.686 Y108.567 E.01735
G1 X80.821 Y113.433 E.2237
G1 X80.567 Y113.433 E.00825
G1 X80.567 Y113.152 E.00911
G1 X85.433 Y108.287 E.2237
G1 X85.433 Y107.754 E.01735
G1 X80.567 Y112.619 E.2237
G1 X80.567 Y112.085 E.01735
G1 X85.433 Y107.22 E.2237
G1 X85.433 Y106.686 E.01735
G1 X80.567 Y111.551 E.2237
G1 X80.567 Y111.018 E.01735
G1 X85.433 Y106.153 E.2237
G1 X85.433 Y105.619 E.01735
G1 X80.567 Y110.484 E.2237
G1 X80.567 Y109.95 E.01735
G1 X81.95 Y108.567 E.06358
G1 X81.417 Y108.567 E.01735
G1 X80.567 Y109.417 E.03904
G1 X80.567 Y108.883 E.01735
G1 X81.053 Y108.398 E.02231
G1 E-.728 F1800
;WIPE_START
G1 F30000
G1 X80.567 Y108.883 E-.04116
G1 X80.567 Y109.397 E-.03084
;WIPE_END
G1 X82.398 Y108.12 Z.8
G1 Z.4
G1 E.8 F1800
G1 F12000
G1 X85.433 Y105.085 E.13954
G1 X85.433 Y104.552 E.01735
G1 X82.567 Y107.417 E.13174
G1 X82.567 Y106.883 E.01735
G1 X85.433 Y104.018 E.13174
G1 X85.433 Y103.791 E.00738
G1 X85.126 Y103.791 E.00998
G1 X82.567 Y106.349 E.11763
G1 X82.567 Y105.815 E.01735
G1 X84.592 Y103.791 E.09309
G1 X84.058 Y103.791 E.01735
G1 X82.567 Y105.282 E.06855
G1 X82.567 Y104.748 E.01735
G1 X83.525 Y103.791 E.04401
G1 X82.991 Y103.791 E.01735
G1 X82.398 Y104.384 E.02727
G1 E-.728 F1800
;WIPE_START
G1 F30000
G1 X82.991 Y103.791 E-.05033
G1 X83.352 Y103.791 E-.02167
;WIPE_END
G1 X83.845 Y111.407 Z.8
G1 X85.115 Y131 Z.8
G1 Z.4
G1 E.8 F1800
SET_VELOCITY_LIMIT ACCEL=3000
;TYPE:Gap infill
;WIDTH:0.273206
G1 F15000
G1 X85.02 Y131.02 E.00176
G1 X85 Y131.115 E.00176
G1 X85 Y134.886 E.06864
G1 X85.02 Y134.98 E.00176
G1 X85.115 Y135 E.00176
G1 X86.886 Y135 E.03224
G1 X86.98 Y134.98 E.00176
G1 X87 Y134.886 E.00176
G1 X87 Y131.115 E.06864
G1 X86.98 Y131.02 E.00176
G1 X86.886 Y131 E.00176
G1 X85.155 Y131 E.03151
G1 E-.728 F1800
;WIPE_START
G1 F30000
G1 X85.02 Y131.02 E-.00818
G1 X85 Y131.115 E-.00581
G1 X85 Y132.081 E-.05801
;WIPE_END
G1 X91.083 Y136.691 Z.8
G1 X110.102 Y151.102 Z.8
G1 Z.4
G1 E.8 F1800
SET_VELOCITY_LIMIT ACCEL=1500
;TYPE:Top surface
;WIDTH:0.427036
G1 F12000
G1 X109.495 Y151.709 E.02843
G1 X108.951 Y151.709 E.01798
G1 X109.933 Y150.728 E.04592
G1 X109.933 Y150.185 E.01798
G1 X108.408 Y151.709 E.07134
G1 X108.067 Y151.709 E.01128
G1 X108.067 Y151.507 E.0067
G1 X109.933 Y149.642 E.08729
G1 X109.933 Y149.098 E.01798
G1 X108.067 Y150.963 E.08729
G1 X108.067 Y150.42 E.01798
G1 X109.933 Y148.555 E.08729
G1 X109.933 Y148.012 E.01798
G1 X108.067 Y149.877 E.08729
G1 X108.067 Y149.334 E.01798
G1 X109.933 Y147.469 E.08729
G1 X109.933 Y146.925 E.01798
G1 X108.067 Y148.791 E.08729
G1 X108.067 Y148.247 E.01798
G1 X109.933 Y146.382 E.08729
G1 X109.933 Y145.839 E.01798
G1 X108.067 Y147.704 E.08729
G1 X108.067 Y147.161 E.01798
G1 X109.933 Y145.296 E.08729
G1 X109.933 Y144.753 E.01798
G1 X108.067 Y146.618 E.08729
G1 X108.067 Y146.074 E.01798
G1 X109.933 Y144.209 E.08729
G1 X109.933 Y143.666 E.01798
G1 X108.067 Y145.531 E.08729
G1 X108.067 Y144.988 E.01798
G1 X109.933 Y143.123 E.08729
G1 X109.933 Y142.58 E.01798
G1 X108.067 Y144.445 E.08729
G1 X108.067 Y143.902 E.01798
G1 X109.933 Y142.036 E.08729
G1 X109.933 Y141.493 E.01798
G1 X108.067 Y143.358 E.08729
G1 X108.067 Y142.815 E.01798
G1 X109.592 Y141.291 E.07133
G1 X109.048 Y141.291 E.01798
G1 X108.067 Y142.272 E.04591
G1 X108.067 Y141.729 E.01798
G1 X108.675 Y141.121 E.02843
G1 E-.728 F1800
;WIPE_START
G1 F30000
G1 X108.067 Y141.729 E-.05154
G1 X108.067 Y142.07 E-.02046
;WIPE_END
G1 X114.937 Y145.396 Z.8
G1 X128.325 Y151.879 Z.8
G1 Z.4
G1 E.8 F1800
G1 F12000
G1 X128.933 Y151.271 E.02843
G1 X128.933 Y150.728 E.01798
G1 X127.951 Y151.709 E.04592
G1 X127.408 Y151.709 E.01798
G1 X128.933 Y150.185 E.07134
G1 X128.933 Y149.642 E.01798
G1 X127.067 Y151.507 E.08729
G1 X127.067 Y150.963 E.01798
G1 X128.933 Y149.098 E.08729
G1 X128.933 Y148.555 E.01798
G1 X127.067 Y150.42 E.08729
G1 X127.067 Y149.877 E.01798
G1 X128.933 Y148.012 E.08729
G1 X128.933 Y147.469 E.01798
G1 X127.067 Y149.334 E.08729
G1 X127.067 Y148.791 E.01798
G1 X128.933 Y146.925 E.08729
G1 X128.933 Y146.382 E.01798
G1 X127.067 Y148.247 E.08729
G1 X127.067 Y147.704 E.01798
G1 X128.933 Y145.839 E.08729
G1 X128.933 Y145.296 E.01798
G1 X127.067 Y147.161 E.08729
G1 X127.067 Y146.618 E.01798
G1 X128.933 Y144.753 E.08729
G1 X128.933 Y144.209 E.01798
G1 X127.067 Y146.074 E.08729
G1 X127.067 Y145.531 E.01798
G1 X128.933 Y143.666 E.08729
G1 X128.933 Y143.123 E.01798
G1 X127.067 Y144.988 E.08729
G1 X127.067 Y144.445 E.01798
G1 X128.933 Y142.58 E.08729
G1 X128.933 Y142.036 E.01798
G1 X127.067 Y143.902 E.08729
G1 X127.067 Y143.358 E.01798
G1 X128.933 Y141.493 E.08729
G1 X128.933 Y141.291 E.0067
G1 X128.592 Y141.291 E.01128
G1 X127.067 Y142.815 E.07133
G1 X127.067 Y142.272 E.01798
G1 X128.048 Y141.291 E.04591
G1 X127.505 Y141.291 E.01798
G1 X126.898 Y141.898 E.02843
G1 E-.728 F1800
;WIPE_START
G1 F30000
G1 X127.505 Y141.291 E-.05154
G1 X127.846 Y141.291 E-.02046
;WIPE_END
G1 X134.715 Y144.618 Z.8
G1 X148.102 Y151.102 Z.8
G1 Z.4
G1 E.8 F1800
G1 F12000
G1 X147.495 Y151.709 E.02843
G1 X146.951 Y151.709 E.01798
G1 X147.933 Y150.728 E.04592
G1 X147.933 Y150.185 E.01798
G1 X146.408 Y151.709 E.07134
G1 X146.067 Y151.709 E.01128
G1 X146.067 Y151.507 E.0067
G1 X147.933 Y149.642 E.08729
G1 X147.933 Y149.098 E.01798
G1 X146.067 Y150.963 E.08729
G1 X146.067 Y150.42 E.01798
G1 X147.933 Y148.555 E.08729
G1 X147.933 Y148.012 E.01798
G1 X146.067 Y149.877 E.08729
G1 X146.067 Y149.334 E.01798
G1 X147.933 Y147.469 E.08729
G1 X147.933 Y146.925 E.01798
G1 X146.067 Y148.791 E.08729
G1 X146.067 Y148.247 E.01798
G1 X147.933 Y146.382 E.08729
G1 X147.933 Y145.839 E.01798
G1 X146.067 Y147.704 E.08729
G1 X146.067 Y147.161 E.01798
G1 X147.933 Y145.296 E.08729
G1 X147.933 Y144.753 E.01798
G1 X146.067 Y146.618 E.08729
G1 X146.067 Y146.074 E.01798
G1 X147.933 Y144.209 E.08729
G1 X147.933 Y143.666 E.01798
G1 X146.067 Y145.531 E.08729
G1 X146.067 Y144.988 E.01798
M73 P37 R17
G1 X147.933 Y143.123 E.08729
G1 X147.933 Y142.58 E.01798
G1 X146.067 Y144.445 E.08729
G1 X146.067 Y143.902 E.01798
G1 X147.933 Y142.036 E.08729
G1 X147.933 Y141.493 E.01798
G1 X146.067 Y143.358 E.08729
G1 X146.067 Y142.815 E.01798
G1 X147.592 Y141.291 E.07133
G1 X147.048 Y141.291 E.01798
G1 X146.067 Y142.272 E.04591
G1 X146.067 Y141.729 E.01798
G1 X146.675 Y141.121 E.02843
G1 E-.728 F1800
;WIPE_START
G1 F30000
G1 X146.067 Y141.729 E-.05154
G1 X146.067 Y142.07 E-.02046
;WIPE_END
G1 X149.784 Y135.403 Z.8
G1 X150.02 Y134.98 Z.8
G1 Z.4
G1 E.8 F1800
SET_VELOCITY_LIMIT ACCEL=3000
;TYPE:Gap infill
;WIDTH:0.273206
G1 F15000
G1 X150.115 Y135 E.00176
G1 X151.886 Y135 E.03224
G1 X151.98 Y134.98 E.00176
G1 X152 Y134.886 E.00176
G1 X152 Y131.115 E.06864
G1 X151.98 Y131.02 E.00176
G1 X151.886 Y131 E.00176
G1 X150.115 Y131 E.03224
G1 X150.02 Y131.02 E.00176
G1 X150 Y131.115 E.00176
G1 X150 Y134.886 E.06864
G1 X150.012 Y134.941 E.00104
G1 E-.728 F1800
;WIPE_START
G1 F30000
G1 X150.115 Y135 E-.00711
G1 X151.196 Y135 E-.06489
;WIPE_END
G1 X147.042 Y128.597 Z.8
G1 X145.685 Y126.506 Z.8
G1 Z.4
G1 E.8 F1800
;TYPE:Internal solid infill
;WIDTH:0.419999
G1 F15000
G1 X147.006 Y126.506 E.03935
G1 X147.006 Y125.185 E.03935
G1 X145.714 Y126.478 E.05446
G1 E-.728 F1800
;WIPE_START
G1 F30000
G1 X146.562 Y125.629 E-.072
;WIPE_END
G1 X146.644 Y126.076 Z.8
G1 Z.4
G1 E.8 F1800
;WIDTH:0.439292
G1 F15000
G1 X146.57 Y126.119 E.00269
G1 X146.649 Y126.154 E.00271
G1 E-.78967 F1800
;WIPE_START
G1 F30000
G1 X146.57 Y126.119 E-.00518
G1 X146.644 Y126.076 E-.00515
;WIPE_END
G1 X149.812 Y119.132 Z.8
G1 X151.03 Y116.462 Z.8
G1 Z.4
G1 E.8 F1800
;WIDTH:0.44258
G1 F15000
G1 X150.955 Y116.505 E.00273
G1 X151.035 Y116.54 E.00275
G1 E-.78958 F1800
;WIPE_START
G1 F30000
G1 X150.955 Y116.505 E-.00523
G1 X151.03 Y116.462 E-.00519
;WIPE_END
G1 X155.778 Y122.439 Z.8
G1 X159.19 Y126.734 Z.8
G1 Z.4
G1 E.8 F1800
;WIDTH:0.419999
G1 F15000
G1 X161.065 Y124.86 E.07901
G1 X161.065 Y124.327 E.01589
G1 X158.827 Y126.565 E.09433
G1 X158.293 Y126.565 E.01589
G1 X161.065 Y123.793 E.11681
G1 X161.065 Y123.26 E.01589
G1 X157.76 Y126.565 E.13929
G1 X157.227 Y126.565 E.01589
G1 X161.065 Y122.727 E.16177
G1 X161.065 Y122.194 E.01589
G1 X156.694 Y126.565 E.18424
G1 X156.16 Y126.565 E.01589
G1 X161.065 Y121.66 E.20672
G1 X161.065 Y121.127 E.01589
G1 X155.627 Y126.565 E.2292
G1 X155.094 Y126.565 E.01589
G1 X161.065 Y120.594 E.25168
G1 X161.065 Y120.061 E.01589
G1 X154.561 Y126.565 E.27416
G1 X154.027 Y126.565 E.01589
G1 X161.065 Y119.527 E.29663
G1 X161.065 Y118.994 E.01589
G1 X153.494 Y126.565 E.31911
G1 X152.961 Y126.565 E.01589
G1 X161.065 Y118.461 E.34159
G1 X161.065 Y117.927 E.01589
G1 X152.427 Y126.565 E.36407
G1 X151.894 Y126.565 E.01589
M73 P37 R16
G1 X161.065 Y117.394 E.38655
G1 X161.065 Y116.861 E.01589
G1 X151.361 Y126.565 E.40902
G1 X150.935 Y126.565 E.01268
G1 X150.935 Y126.457 E.00321
G1 X160.957 Y116.435 E.42242
G1 X160.424 Y116.435 E.01589
G1 X150.935 Y125.924 E.39995
G1 X150.935 Y125.39 E.01589
G1 X159.89 Y116.435 E.37747
G1 X159.357 Y116.435 E.01589
G1 X150.935 Y124.857 E.35499
G1 X150.935 Y124.324 E.01589
G1 X158.824 Y116.435 E.33251
G1 X158.291 Y116.435 E.01589
G1 X150.935 Y123.791 E.31003
G1 X150.935 Y123.257 E.01589
G1 X157.757 Y116.435 E.28756
G1 X157.224 Y116.435 E.01589
G1 X150.935 Y122.724 E.26508
G1 X150.935 Y122.191 E.01589
G1 X156.711 Y116.415 E.24347
G1 X156.178 Y116.415 E.01589
G1 X150.935 Y121.658 E.22099
G1 X150.935 Y121.124 E.01589
G1 X155.645 Y116.415 E.19851
G1 X155.112 Y116.415 E.01589
G1 X150.935 Y120.591 E.17603
G1 X150.935 Y120.058 E.01589
G1 X154.558 Y116.435 E.15269
G1 X154.024 Y116.435 E.01589
G1 X150.935 Y119.524 E.13021
G1 X150.935 Y118.991 E.01589
G1 X153.491 Y116.435 E.10773
G1 X152.958 Y116.435 E.01589
G1 X150.935 Y118.458 E.08525
G1 X150.935 Y117.925 E.01589
G1 X152.425 Y116.435 E.06278
G1 X151.891 Y116.435 E.01589
G1 X150.766 Y117.561 E.04745
G1 E-.728 F1800
;WIPE_START
G1 F30000
G1 X151.614 Y116.713 E-.072
;WIPE_END
G1 X156.468 Y122.602 Z.8
G1 X159.685 Y126.506 Z.8
G1 Z.4
G1 E.8 F1800
;WIDTH:0.419999
G1 F15000
G1 X161.006 Y126.506 E.03935
G1 X161.006 Y125.185 E.03935
G1 X159.714 Y126.478 E.05446
G1 E-.728 F1800
;WIPE_START
G1 F30000
G1 X160.562 Y125.629 E-.072
;WIPE_END
G1 X160.644 Y126.076 Z.8
G1 Z.4
G1 E.8 F1800
;WIDTH:0.439292
G1 F15000
G1 X160.57 Y126.119 E.00269
G1 X160.649 Y126.154 E.00271
G1 E-.78967 F1800
;WIPE_START
G1 F30000
G1 X160.57 Y126.119 E-.00518
G1 X160.644 Y126.076 E-.00515
;WIPE_END
G1 X160.886 Y131 Z.8
G1 Z.4
G1 E.8 F1800
;TYPE:Gap infill
;WIDTH:0.273517
G1 F15000
G1 X161.886 Y131 E.01823
G1 X161.943 Y131.014 E.00108
;WIDTH:0.31486
G1 X162 Y131.029 E.00127
G1 X162.057 Y131.014 F30000
;WIDTH:0.306377
G1 F15000
G1 X162 Y131.029 E.00123
G1 X162 Y131.115 E.00179
;WIDTH:0.271922
G1 X162 Y133.886 E.05016
;WIDTH:0.286235
G1 X161.986 Y133.943 E.00113
;WIDTH:0.305318
G1 X161.971 Y134 E.00122
G1 X162 Y134.115 E.00245
;WIDTH:0.271922
G1 X162 Y135.115 E.0181
G1 E-.74 F1800
;WIPE_START
G1 F30000
G1 X162 Y134.115 E-.06
;WIPE_END
G1 X161.971 Y134 Z.8
G1 Z.4
G1 E.8 F1800
;WIDTH:0.31486
G1 F15000
G1 X161.928 Y134 E.00092
;WIDTH:0.273101
G1 X160.886 Y134 E.01898
G1 E-.73742 F1800
;WIPE_START
G1 F30000
G1 X161.928 Y134 E-.06258
;WIPE_END
G1 X162.057 Y131.014 Z.8
G1 Z.4
G1 E.8 F1800
;WIDTH:0.286235
G1 F15000
G1 X162.115 Y131 E.00113
;WIDTH:0.271922
G1 X163.115 Y131 E.0181
G1 E-.74 F1800
;WIPE_START
G1 F30000
G1 X162.115 Y131 E-.06
;WIPE_END
G1 X168.686 Y134.882 Z.8
G1 X168.886 Y135 Z.8
G1 Z.4
G1 E.8 F1800
;WIDTH:0.273432
G1 F15000
G1 X170.886 Y135 E.03644
G1 X170.98 Y134.98 E.00176
G1 X171 Y134.886 E.00176
G1 X171 Y133.115 E.03227
G1 X170.98 Y133.02 E.00176
G1 X170.886 Y133 E.00176
G1 X169.115 Y133 E.03227
G1 X169.02 Y132.98 E.00176
G1 X169 Y132.886 E.00176
G1 X169 Y131.115 E.03227
G1 X169.02 Y131.02 E.00176
G1 X169.115 Y131 E.00176
G1 X171.115 Y131 E.03644
G1 E-.728 F1800
;WIPE_START
G1 F30000
G1 X169.915 Y131 E-.072
;WIPE_END
G1 X173.17 Y126.755 Z.8
G1 Z.4
G1 E.8 F1800
;TYPE:Internal solid infill
;WIDTH:0.419999
G1 F15000
G1 X175.065 Y124.86 E.07987
G1 X175.065 Y124.327 E.01589
G1 X172.806 Y126.585 E.0952
G1 X172.273 Y126.585 E.01589
G1 X175.065 Y123.793 E.11768
G1 X175.065 Y123.26 E.01589
G1 X171.74 Y126.585 E.14015
G1 X171.206 Y126.585 E.01589
G1 X175.065 Y122.727 E.16263
G1 X175.065 Y122.194 E.01589
G1 X170.694 Y126.565 E.18424
G1 X170.16 Y126.565 E.01589
G1 X175.065 Y121.66 E.20672
G1 X175.065 Y121.127 E.01589
G1 X169.627 Y126.565 E.2292
G1 X169.094 Y126.565 E.01589
G1 X175.065 Y120.594 E.25168
G1 X175.065 Y120.061 E.01589
G1 X168.561 Y126.565 E.27416
G1 X168.027 Y126.565 E.01589
G1 X175.065 Y119.527 E.29663
G1 X175.065 Y118.994 E.01589
G1 X167.494 Y126.565 E.31911
G1 X166.961 Y126.565 E.01589
G1 X175.065 Y118.461 E.34159
G1 X175.065 Y117.927 E.01589
G1 X166.427 Y126.565 E.36407
G1 X165.894 Y126.565 E.01589
G1 X175.065 Y117.394 E.38655
G1 X175.065 Y116.861 E.01589
G1 X165.361 Y126.565 E.40902
G1 X164.935 Y126.565 E.01268
G1 X164.935 Y126.457 E.00321
G1 X174.957 Y116.435 E.42242
G1 X174.424 Y116.435 E.01589
G1 X164.935 Y125.924 E.39995
G1 X164.935 Y125.39 E.01589
G1 X173.89 Y116.435 E.37747
G1 X173.357 Y116.435 E.01589
G1 X164.935 Y124.857 E.35499
G1 X164.935 Y124.324 E.01589
G1 X172.844 Y116.415 E.33338
G1 X172.311 Y116.415 E.01589
G1 X164.935 Y123.791 E.3109
G1 X164.935 Y123.257 E.01589
G1 X171.778 Y116.415 E.28842
G1 X171.245 Y116.415 E.01589
G1 X164.935 Y122.724 E.26594
G1 X164.935 Y122.191 E.01589
G1 X170.711 Y116.415 E.24347
G1 X170.178 Y116.415 E.01589
G1 X164.935 Y121.658 E.22099
G1 X164.935 Y121.124 E.01589
G1 X169.645 Y116.415 E.19851
G1 X169.112 Y116.415 E.01589
G1 X164.935 Y120.591 E.17603
G1 X164.935 Y120.058 E.01589
G1 X168.558 Y116.435 E.15269
G1 X168.024 Y116.435 E.01589
G1 X164.935 Y119.524 E.13021
G1 X164.935 Y118.991 E.01589
G1 X167.491 Y116.435 E.10773
G1 X166.958 Y116.435 E.01589
G1 X164.935 Y118.458 E.08525
G1 X164.935 Y117.925 E.01589
G1 X166.425 Y116.435 E.06278
G1 X165.891 Y116.435 E.01589
G1 X164.766 Y117.561 E.04745
G1 E-.728 F1800
;WIPE_START
G1 F30000
G1 X165.614 Y116.713 E-.072
;WIPE_END
G1 X165.03 Y116.462 Z.8
G1 Z.4
G1 E.8 F1800
;WIDTH:0.44258
G1 F15000
G1 X164.955 Y116.505 E.00273
G1 X165.035 Y116.54 E.00275
G1 E-.78958 F1800
;WIPE_START
G1 F30000
G1 X164.955 Y116.505 E-.00523
G1 X165.03 Y116.462 E-.00519
;WIPE_END
G1 X170.013 Y122.244 Z.8
G1 X173.685 Y126.506 Z.8
G1 Z.4
G1 E.8 F1800
;WIDTH:0.419999
G1 F15000
G1 X175.006 Y126.506 E.03935
G1 X175.006 Y125.185 E.03935
G1 X173.714 Y126.478 E.05446
G1 E-.728 F1800
;WIPE_START
G1 F30000
G1 X174.562 Y125.629 E-.072
;WIPE_END
G1 X174.644 Y126.076 Z.8
G1 Z.4
G1 E.8 F1800
;WIDTH:0.439292
G1 F15000
G1 X174.57 Y126.119 E.00269
G1 X174.649 Y126.154 E.00271
G1 E-.78967 F1800
;WIPE_START
G1 F30000
G1 X174.57 Y126.119 E-.00518
G1 X174.644 Y126.076 E-.00515
;WIPE_END
G1 X174.798 Y133.707 Z.8
G1 X174.836 Y135.602 Z.8
G1 Z.4
G1 E.8 F1800
SET_VELOCITY_LIMIT ACCEL=1500
;TYPE:Top surface
;WIDTH:0.421634
G1 F12000
G1 X175.433 Y135.006 E.0275
G1 X175.433 Y134.471 E.01748
G1 X174.471 Y135.433 E.04439
G1 X173.935 Y135.433 E.01748
G1 X175.433 Y133.935 E.0691
G1 X175.433 Y133.399 E.01748
G1 X173.399 Y135.433 E.09382
G1 X172.864 Y135.433 E.01748
G1 X175.433 Y132.864 E.11853
G1 X175.433 Y132.328 E.01748
G1 X172.328 Y135.433 E.14324
G1 X171.793 Y135.433 E.01748
G1 X175.433 Y131.793 E.16796
G1 X175.433 Y131.257 E.01748
G1 X171.257 Y135.433 E.19267
G1 X170.722 Y135.433 E.01748
G1 X175.433 Y130.722 E.21739
G1 X175.433 Y130.567 E.00503
G1 X175.051 Y130.567 E.01245
G1 X170.186 Y135.433 E.22449
G1 X169.65 Y135.433 E.01748
G1 X174.515 Y130.567 E.22449
G1 X173.98 Y130.567 E.01748
G1 X169.115 Y135.433 E.22449
G1 X168.579 Y135.433 E.01748
G1 X173.444 Y130.567 E.22449
G1 X173.433 Y130.044 E.0171
G1 X167.874 Y135.602 E.2565
G1 E-.728 F1800
;WIPE_START
G1 F30000
G1 X168.722 Y134.754 E-.072
;WIPE_END
G1 X167.602 Y137.481 Z.8
G1 Z.4
G1 E.8 F1800
G1 F12000
G1 X167.374 Y137.709 E.01054
G1 X166.838 Y137.709 E.01748
G1 X167.433 Y137.115 E.02742
G1 X167.433 Y136.579 E.01748
G1 X166.303 Y137.709 E.05214
G1 X165.767 Y137.709 E.01748
G1 X167.602 Y135.874 E.08468
G1 E-.728 F1800
;WIPE_START
G1 F30000
G1 X166.754 Y136.722 E-.072
;WIPE_END
G1 X165.062 Y137.879 Z.8
G1 Z.4
G1 E.8 F1800
G1 F12000
G1 X173.433 Y129.508 E.38626
G1 X173.433 Y128.972 E.01748
G1 X164.696 Y137.709 E.40314
M73 P38 R16
G1 X164.567 Y137.709 E.00419
G1 X164.567 Y137.302 E.01328
G1 X173.433 Y128.437 E.40907
G1 X173.433 Y127.901 E.01748
G1 X164.567 Y136.766 E.40907
G1 X164.567 Y136.231 E.01748
G1 X173.433 Y127.366 E.40907
G1 X173.433 Y127.291 E.00244
G1 X172.972 Y127.291 E.01504
G1 X170.567 Y129.695 E.11094
G1 X170.567 Y129.16 E.01748
G1 X172.436 Y127.291 E.08623
G1 X171.901 Y127.291 E.01748
G1 X170.567 Y128.624 E.06151
G1 X170.567 Y128.088 E.01748
G1 X171.365 Y127.291 E.0368
G1 X170.829 Y127.291 E.01748
G1 X170.398 Y127.723 E.01992
G1 E-.728 F1800
;WIPE_START
G1 F30000
G1 X170.829 Y127.291 E-.03662
G1 X171.365 Y127.291 E-.03213
G1 X171.327 Y127.329 E-.00324
;WIPE_END
G1 X169.865 Y130.398 Z.8
G1 Z.4
G1 E.8 F1800
G1 F12000
G1 X164.567 Y135.695 E.24444
G1 X164.567 Y135.433 E.00857
G1 X164.295 Y135.433 E.00891
G1 X169.16 Y130.567 E.22449
G1 X168.624 Y130.567 E.01748
G1 X163.759 Y135.433 E.22449
G1 X163.223 Y135.433 E.01748
G1 X168.088 Y130.567 E.22449
G1 X167.553 Y130.567 E.01748
G1 X162.688 Y135.433 E.22449
G1 X162.152 Y135.433 E.01748
G1 X167.017 Y130.567 E.22449
G1 X166.482 Y130.567 E.01748
G1 X161.617 Y135.433 E.22449
G1 X161.081 Y135.433 E.01748
G1 X165.946 Y130.567 E.22449
G1 X165.411 Y130.567 E.01748
G1 X160.545 Y135.433 E.22449
G1 X160.01 Y135.433 E.01748
G1 X164.875 Y130.567 E.22449
G1 X164.339 Y130.567 E.01748
G1 X159.474 Y135.433 E.22449
G1 X158.939 Y135.433 E.01748
G1 X163.804 Y130.567 E.22449
G1 X163.268 Y130.567 E.01748
G1 X158.403 Y135.433 E.22449
G1 X157.868 Y135.433 E.01748
G1 X162.733 Y130.567 E.22449
G1 X162.197 Y130.567 E.01748
G1 X157.332 Y135.433 E.22449
G1 X156.796 Y135.433 E.01748
G1 X161.661 Y130.567 E.22449
G1 X161.126 Y130.567 E.01748
G1 X156.261 Y135.433 E.22449
G1 X155.725 Y135.433 E.01748
G1 X160.59 Y130.567 E.22449
G1 X160.055 Y130.567 E.01748
G1 X155.19 Y135.433 E.22449
G1 X154.654 Y135.433 E.01748
G1 X159.519 Y130.567 E.22449
G1 X158.984 Y130.567 E.01748
G1 X154.118 Y135.433 E.22449
G1 X153.583 Y135.433 E.01748
G1 X158.448 Y130.567 E.22449
G1 X157.912 Y130.567 E.01748
G1 X153.047 Y135.433 E.22449
G1 X152.512 Y135.433 E.01748
G1 X157.377 Y130.567 E.22449
G1 X156.841 Y130.567 E.01748
G1 X151.976 Y135.433 E.22449
G1 X151.441 Y135.433 E.01748
G1 X156.306 Y130.567 E.22449
G1 X155.77 Y130.567 E.01748
G1 X150.905 Y135.433 E.22449
G1 X150.369 Y135.433 E.01748
G1 X155.234 Y130.567 E.22449
G1 X154.699 Y130.567 E.01748
G1 X149.834 Y135.433 E.22449
G1 X149.298 Y135.433 E.01748
G1 X154.333 Y130.398 E.23232
G1 E-.728 F1800
;WIPE_START
G1 F30000
G1 X153.484 Y131.246 E-.072
;WIPE_END
G1 X148.645 Y137.148 Z.8
G1 X148.602 Y137.2 Z.8
G1 Z.4
G1 E.8 F1800
G1 F12000
G1 X148.093 Y137.709 E.0235
G1 X147.557 Y137.709 E.01748
G1 X148.433 Y136.834 E.04039
G1 X148.433 Y136.298 E.01748
G1 X147.022 Y137.709 E.0651
G1 X146.486 Y137.709 E.01748
G1 X153.628 Y130.567 E.32954
G1 X153.092 Y130.567 E.01748
G1 X145.951 Y137.709 E.32954
G1 X145.567 Y137.709 E.0125
G1 X145.567 Y137.557 E.00498
G1 X152.557 Y130.567 E.3225
G1 X152.021 Y130.567 E.01748
G1 X145.567 Y137.021 E.29779
G1 X145.567 Y136.485 E.01748
G1 X151.485 Y130.567 E.27308
G1 X150.95 Y130.567 E.01748
G1 X145.567 Y135.95 E.24836
G1 X145.567 Y135.433 E.01688
G1 X145.549 Y135.433 E.0006
G1 X150.414 Y130.567 E.22449
G1 X149.879 Y130.567 E.01748
G1 X145.014 Y135.433 E.22449
G1 X144.478 Y135.433 E.01748
G1 X149.343 Y130.567 E.22449
G1 X148.807 Y130.567 E.01748
G1 X143.942 Y135.433 E.22449
G1 X143.407 Y135.433 E.01748
G1 X148.272 Y130.567 E.22449
G1 X147.736 Y130.567 E.01748
G1 X142.871 Y135.433 E.22449
G1 X142.336 Y135.433 E.01748
G1 X147.201 Y130.567 E.22449
G1 X146.665 Y130.567 E.01748
G1 X141.8 Y135.433 E.22449
G1 X141.264 Y135.433 E.01748
G1 X146.13 Y130.567 E.22449
G1 X145.594 Y130.567 E.01748
G1 X140.729 Y135.433 E.22449
G1 X140.193 Y135.433 E.01748
G1 X145.058 Y130.567 E.22449
G1 X144.523 Y130.567 E.01748
G1 X139.658 Y135.433 E.22449
G1 X139.122 Y135.433 E.01748
G1 X143.987 Y130.567 E.22449
G1 X143.452 Y130.567 E.01748
G1 X138.587 Y135.433 E.22449
G1 X138.051 Y135.433 E.01748
G1 X142.916 Y130.567 E.22449
G1 X142.38 Y130.567 E.01748
G1 X137.515 Y135.433 E.22449
G1 X136.98 Y135.433 E.01748
G1 X141.845 Y130.567 E.22449
G1 X141.309 Y130.567 E.01748
G1 X136.444 Y135.433 E.22449
G1 X135.909 Y135.433 E.01748
G1 X140.774 Y130.567 E.22449
G1 X140.238 Y130.567 E.01748
G1 X135.373 Y135.433 E.22449
G1 X134.837 Y135.433 E.01748
G1 X139.703 Y130.567 E.22449
G1 X139.167 Y130.567 E.01748
G1 X134.302 Y135.433 E.22449
G1 X133.766 Y135.433 E.01748
G1 X138.631 Y130.567 E.22449
G1 X138.096 Y130.567 E.01748
G1 X133.231 Y135.433 E.22449
G1 X132.695 Y135.433 E.01748
G1 X137.56 Y130.567 E.22449
G1 X137.025 Y130.567 E.01748
G1 X132.16 Y135.433 E.22449
G1 X131.624 Y135.433 E.01748
G1 X136.489 Y130.567 E.22449
G1 X135.953 Y130.567 E.01748
G1 X131.088 Y135.433 E.22449
G1 X130.553 Y135.433 E.01748
G1 X135.418 Y130.567 E.22449
G1 X134.882 Y130.567 E.01748
G1 X129.848 Y135.602 E.23232
G1 E-.728 F1800
;WIPE_START
G1 F30000
G1 X130.696 Y134.754 E-.072
;WIPE_END
G1 X129.602 Y137.454 Z.8
G1 Z.4
G1 E.8 F1800
G1 F12000
G1 X129.347 Y137.709 E.01176
G1 X128.812 Y137.709 E.01748
G1 X129.433 Y137.088 E.02864
G1 X129.433 Y136.553 E.01748
G1 X128.276 Y137.709 E.05335
G1 X127.741 Y137.709 E.01748
G1 X129.602 Y135.848 E.0859
G1 E-.728 F1800
;WIPE_START
G1 F30000
G1 X128.754 Y136.696 E-.072
;WIPE_END
G1 X127.035 Y137.879 Z.8
G1 Z.4
G1 E.8 F1800
G1 F12000
G1 X134.347 Y130.567 E.33737
G1 X133.811 Y130.567 E.01748
G1 X126.67 Y137.709 E.32954
G1 X126.567 Y137.709 E.00333
G1 X126.567 Y137.276 E.01414
G1 X133.276 Y130.567 E.30954
G1 X132.74 Y130.567 E.01748
G1 X126.567 Y136.74 E.28482
G1 X126.567 Y136.204 E.01748
G1 X132.204 Y130.567 E.26011
G1 X131.669 Y130.567 E.01748
G1 X126.567 Y135.669 E.2354
G1 X126.567 Y135.433 E.00771
G1 X126.268 Y135.433 E.00977
G1 X131.133 Y130.567 E.22449
G1 X130.598 Y130.567 E.01748
G1 X125.733 Y135.433 E.22449
G1 X125.197 Y135.433 E.01748
G1 X130.062 Y130.567 E.22449
G1 X129.526 Y130.567 E.01748
G1 X124.661 Y135.433 E.22449
G1 X124.126 Y135.433 E.01748
G1 X128.991 Y130.567 E.22449
G1 X128.455 Y130.567 E.01748
G1 X123.59 Y135.433 E.22449
G1 X123.055 Y135.433 E.01748
G1 X127.92 Y130.567 E.22449
G1 X127.384 Y130.567 E.01748
G1 X122.519 Y135.433 E.22449
G1 X121.983 Y135.433 E.01748
G1 X126.849 Y130.567 E.22449
G1 X126.313 Y130.567 E.01748
G1 X121.448 Y135.433 E.22449
G1 X120.912 Y135.433 E.01748
G1 X125.777 Y130.567 E.22449
G1 X125.242 Y130.567 E.01748
G1 X120.377 Y135.433 E.22449
G1 X119.841 Y135.433 E.01748
G1 X124.706 Y130.567 E.22449
G1 X124.171 Y130.567 E.01748
G1 X119.306 Y135.433 E.22449
G1 X118.77 Y135.433 E.01748
G1 X123.635 Y130.567 E.22449
G1 X123.099 Y130.567 E.01748
G1 X118.234 Y135.433 E.22449
G1 X117.699 Y135.433 E.01748
M73 P39 R16
G1 X122.564 Y130.567 E.22449
G1 X122.028 Y130.567 E.01748
G1 X117.163 Y135.433 E.22449
G1 X116.628 Y135.433 E.01748
G1 X121.493 Y130.567 E.22449
G1 X120.957 Y130.567 E.01748
G1 X116.092 Y135.433 E.22449
G1 X115.557 Y135.433 E.01748
G1 X120.422 Y130.567 E.22449
G1 X119.886 Y130.567 E.01748
G1 X115.021 Y135.433 E.22449
G1 X114.485 Y135.433 E.01748
G1 X119.35 Y130.567 E.22449
G1 X118.815 Y130.567 E.01748
G1 X113.95 Y135.433 E.22449
G1 X113.414 Y135.433 E.01748
G1 X118.279 Y130.567 E.22449
G1 X117.744 Y130.567 E.01748
G1 X112.879 Y135.433 E.22449
G1 X112.343 Y135.433 E.01748
G1 X117.208 Y130.567 E.22449
G1 X116.672 Y130.567 E.01748
G1 X111.807 Y135.433 E.22449
G1 X111.272 Y135.433 E.01748
G1 X116.307 Y130.398 E.23232
G1 E-.728 F1800
;WIPE_START
G1 F30000
G1 X115.458 Y131.246 E-.072
;WIPE_END
G1 X110.621 Y137.15 Z.8
G1 X110.602 Y137.173 Z.8
G1 Z.4
G1 E.8 F1800
G1 F12000
G1 X110.066 Y137.709 E.02472
G1 X109.531 Y137.709 E.01748
G1 X110.433 Y136.807 E.04161
G1 X110.433 Y136.272 E.01748
G1 X108.995 Y137.709 E.06632
G1 X108.46 Y137.709 E.01748
G1 X115.601 Y130.567 E.32954
G1 X115.066 Y130.567 E.01748
G1 X107.924 Y137.709 E.32954
G1 X107.567 Y137.709 E.01164
G1 X107.567 Y137.53 E.00584
G1 X114.53 Y130.567 E.32129
G1 X113.995 Y130.567 E.01748
G1 X107.567 Y136.995 E.29657
G1 X107.567 Y136.459 E.01748
G1 X113.459 Y130.567 E.27186
G1 X112.923 Y130.567 E.01748
G1 X107.567 Y135.923 E.24714
G1 X107.567 Y135.433 E.01602
G1 X107.523 Y135.433 E.00146
G1 X112.388 Y130.567 E.22449
G1 X111.852 Y130.567 E.01748
G1 X106.987 Y135.433 E.22449
G1 X106.452 Y135.433 E.01748
G1 X111.317 Y130.567 E.22449
G1 X110.781 Y130.567 E.01748
G1 X105.916 Y135.433 E.22449
G1 X105.38 Y135.433 E.01748
G1 X110.246 Y130.567 E.22449
G1 X109.71 Y130.567 E.01748
G1 X104.845 Y135.433 E.22449
G1 X104.309 Y135.433 E.01748
G1 X109.174 Y130.567 E.22449
G1 X108.639 Y130.567 E.01748
G1 X103.774 Y135.433 E.22449
G1 X103.238 Y135.433 E.01748
G1 X108.103 Y130.567 E.22449
G1 X107.568 Y130.567 E.01748
G1 X102.703 Y135.433 E.22449
G1 X102.167 Y135.433 E.01748
G1 X107.032 Y130.567 E.22449
G1 X106.496 Y130.567 E.01748
G1 X101.631 Y135.433 E.22449
G1 X101.096 Y135.433 E.01748
G1 X105.961 Y130.567 E.22449
G1 X105.425 Y130.567 E.01748
G1 X100.56 Y135.433 E.22449
G1 X100.025 Y135.433 E.01748
G1 X104.89 Y130.567 E.22449
G1 X104.354 Y130.567 E.01748
G1 X99.489 Y135.433 E.22449
G1 X98.953 Y135.433 E.01748
G1 X103.819 Y130.567 E.22449
G1 X103.283 Y130.567 E.01748
G1 X98.418 Y135.433 E.22449
G1 X97.882 Y135.433 E.01748
G1 X102.747 Y130.567 E.22449
G1 X102.212 Y130.567 E.01748
G1 X97.347 Y135.433 E.22449
G1 X96.811 Y135.433 E.01748
G1 X101.676 Y130.567 E.22449
G1 X101.141 Y130.567 E.01748
G1 X96.276 Y135.433 E.22449
G1 X95.74 Y135.433 E.01748
G1 X100.605 Y130.567 E.22449
G1 X100.069 Y130.567 E.01748
G1 X95.204 Y135.433 E.22449
G1 X94.669 Y135.433 E.01748
G1 X99.534 Y130.567 E.22449
G1 X98.998 Y130.567 E.01748
G1 X94.133 Y135.433 E.22449
G1 X93.598 Y135.433 E.01748
G1 X98.463 Y130.567 E.22449
G1 X97.927 Y130.567 E.01748
G1 X93.062 Y135.433 E.22449
G1 X92.526 Y135.433 E.01748
G1 X97.392 Y130.567 E.22449
G1 X96.856 Y130.567 E.01748
G1 X91.821 Y135.602 E.23232
G1 E-.728 F1800
;WIPE_START
G1 F30000
G1 X92.67 Y134.754 E-.072
;WIPE_END
G1 X91.602 Y137.428 Z.8
G1 Z.4
G1 E.8 F1800
G1 F12000
G1 X91.321 Y137.709 E.01297
G1 X90.786 Y137.709 E.01748
G1 X91.433 Y137.062 E.02986
G1 X91.433 Y136.526 E.01748
G1 X90.25 Y137.709 E.05457
G1 X89.714 Y137.709 E.01748
G1 X91.602 Y135.821 E.08711
G1 E-.728 F1800
;WIPE_START
G1 F30000
G1 X90.754 Y136.67 E-.072
;WIPE_END
G1 X89.009 Y137.879 Z.8
G1 Z.4
G1 E.8 F1800
G1 F12000
G1 X96.32 Y130.567 E.33737
G1 X95.785 Y130.567 E.01748
G1 X88.643 Y137.709 E.32954
G1 X88.567 Y137.709 E.00247
G1 X88.567 Y137.249 E.01501
G1 X95.249 Y130.567 E.30832
G1 X94.714 Y130.567 E.01748
G1 X88.567 Y136.714 E.28361
G1 X88.567 Y136.178 E.01748
G1 X94.178 Y130.567 E.25889
G1 X93.642 Y130.567 E.01748
G1 X88.567 Y135.642 E.23418
G1 X88.567 Y135.433 E.00685
G1 X88.242 Y135.433 E.01063
G1 X93.107 Y130.567 E.22449
G1 X92.571 Y130.567 E.01748
G1 X87.706 Y135.433 E.22449
G1 X87.171 Y135.433 E.01748
G1 X92.036 Y130.567 E.22449
G1 X91.5 Y130.567 E.01748
G1 X86.635 Y135.433 E.22449
G1 X86.099 Y135.433 E.01748
G1 X90.965 Y130.567 E.22449
G1 X90.429 Y130.567 E.01748
G1 X85.564 Y135.433 E.22449
G1 X85.028 Y135.433 E.01748
G1 X89.893 Y130.567 E.22449
G1 X89.358 Y130.567 E.01748
G1 X84.493 Y135.433 E.22449
G1 X83.957 Y135.433 E.01748
G1 X88.822 Y130.567 E.22449
G1 X88.287 Y130.567 E.01748
G1 X83.422 Y135.433 E.22449
G1 X82.886 Y135.433 E.01748
G1 X87.751 Y130.567 E.22449
G1 X87.215 Y130.567 E.01748
G1 X82.35 Y135.433 E.22449
G1 X81.815 Y135.433 E.01748
G1 X86.68 Y130.567 E.22449
G1 X86.144 Y130.567 E.01748
G1 X81.279 Y135.433 E.22449
G1 X80.744 Y135.433 E.01748
G1 X85.609 Y130.567 E.22449
G1 X85.433 Y130.567 E.00575
G1 X85.433 Y130.208 E.01173
G1 X80.567 Y135.073 E.22449
G1 X80.567 Y134.538 E.01748
G1 X85.433 Y129.672 E.22449
G1 X85.433 Y129.137 E.01748
G1 X80.567 Y134.002 E.22449
G1 X80.567 Y133.466 E.01748
G1 X85.433 Y128.601 E.22449
G1 X85.433 Y128.066 E.01748
G1 X80.567 Y132.931 E.22449
G1 X80.567 Y132.395 E.01748
G1 X85.433 Y127.53 E.22449
G1 X85.433 Y127.291 E.0078
G1 X85.136 Y127.291 E.00967
G1 X82.567 Y129.86 E.11853
G1 X82.567 Y129.324 E.01748
G1 X84.601 Y127.291 E.09382
G1 X84.065 Y127.291 E.01748
G1 X82.567 Y128.788 E.0691
G1 X82.567 Y128.253 E.01748
G1 X83.529 Y127.291 E.04439
G1 X82.994 Y127.291 E.01748
G1 X82.398 Y127.887 E.0275
G1 E-.728 F1800
;WIPE_START
G1 F30000
G1 X82.994 Y127.291 E-.05058
G1 X83.351 Y127.291 E-.02142
;WIPE_END
G1 X82.029 Y130.398 Z.8
G1 Z.4
G1 E.8 F1800
G1 F12000
G1 X80.567 Y131.86 E.06746
G1 X80.567 Y131.324 E.01748
G1 X81.324 Y130.567 E.03491
G1 X80.788 Y130.567 E.01748
G1 X80.398 Y130.958 E.01803
G1 E-.728 F1800
;WIPE_START
G1 F30000
G1 X80.788 Y130.567 E-.03315
G1 X81.324 Y130.567 E-.03214
G1 X81.245 Y130.647 E-.00671
;WIPE_END
G1 X88.101 Y127.293 Z.8
G1 X137.761 Y103.006 Z.8
G1 Z.4
G1 E.8 F1800
SET_VELOCITY_LIMIT ACCEL=3000
;TYPE:Internal solid infill
;WIDTH:0.419999
G1 F15000
G1 X139.006 Y103.006 E.0371
G1 X139.006 Y100.85 E.06426
G1 X137.781 Y102.971 E.073
G1 E-.728 F1800
;WIPE_START
G1 F30000
G1 X138.381 Y101.932 E-.072
;WIPE_END
G1 X138.584 Y102.492 Z.8
G1 Z.4
G1 E.8 F1800
;WIDTH:0.57701
G1 F12408.758
G1 X138.517 Y102.492 E.00282
G1 X138.483 Y102.55 E.00282
G1 X138.517 Y102.608 E.00282
G1 X138.584 Y102.608 E.00282
G1 X138.597 Y102.585 E.00113
G1 E-.78237 F1800
;WIPE_START
G1 F30000
G1 X138.584 Y102.608 E-.00161
G1 X138.517 Y102.608 E-.00401
G1 X138.483 Y102.55 E-.00401
G1 X138.517 Y102.492 E-.00401
G1 X138.584 Y102.492 E-.00401
;WIPE_END
G1 X139.487 Y99.57 Z.8
G1 Z.4
G1 E.8 F1800
;TYPE:Gap infill
;WIDTH:0.256347
G1 F15000
G1 X139.487 Y98.43 E.01922
G1 E-.73163 F1800
;WIPE_START
G1 F30000
G1 X139.487 Y99.57 E-.06837
;WIPE_END
G1 X139.006 Y97.15 Z.8
G1 Z.4
G1 E.8 F1800
;TYPE:Internal solid infill
;WIDTH:0.419999
G1 F15000
G1 X139.006 Y94.99 E.06437
G1 X137.749 Y94.974 E.03745
G1 X138.986 Y97.115 E.07371
G1 E-.728 F1800
;WIPE_START
G1 F30000
G1 X138.386 Y96.076 E-.072
;WIPE_END
G1 X138.581 Y95.381 Z.8
G1 Z.4
G1 E.8 F1800
;WIDTH:0.582568
G1 F12280.956
G1 X138.514 Y95.381 E.00288
G1 X138.48 Y95.439 E.00288
G1 X138.514 Y95.498 E.00288
G1 X138.581 Y95.498 E.00288
G1 X138.595 Y95.474 E.00117
G1 E-.78216 F1800
;WIPE_START
G1 F30000
G1 X138.581 Y95.498 E-.00165
G1 X138.514 Y95.498 E-.00405
G1 X138.48 Y95.439 E-.00405
G1 X138.514 Y95.381 E-.00405
G1 X138.581 Y95.381 E-.00405
;WIPE_END
G1 X146.043 Y93.775 Z.8
G1 X149.415 Y93.05 Z.8
G1 Z.4
G1 E.8 F1800
;TYPE:Gap infill
;WIDTH:0.172256
G1 F15000
G1 X148.514 Y93.05 E.0092
G1 X148.45 Y93.034 E.00068
G1 X148.45 Y89.386 E.0373
G1 E-.728 F1800
M73 P40 R16
;WIPE_START
G1 F30000
G1 X148.45 Y90.586 E-.072
;WIPE_END
G1 X151.085 Y93.05 Z.8
G1 Z.4
G1 E.8 F1800
;WIDTH:0.172455
G1 F15000
G1 X152.939 Y93.039 E.01898
G1 X152.939 Y91.261 E.0182
G1 X151.161 Y91.239 E.0182
G1 X151.15 Y89.515 E.01766
G1 X151.161 Y89.461 E.00056
G1 X151.215 Y89.45 E.00056
G1 X153.014 Y89.45 E.01843
G1 E-.728 F1800
;WIPE_START
G1 F30000
G1 X151.814 Y89.45 E-.072
;WIPE_END
G1 X156.615 Y89.45 Z.8
G1 Z.4
G1 E.8 F1800
;WIDTH:0.172732
G1 F15000
G1 X155.715 Y89.45 E.00923
G1 X155.65 Y89.466 E.00068
G1 X155.65 Y92.085 E.02688
G1 X155.634 Y92.15 E.00068
G1 X155.65 Y92.215 E.00068
G1 X155.65 Y93.115 E.00923
G1 E-.728 F1800
;WIPE_START
G1 F30000
G1 X155.65 Y92.215 E-.054
G1 X155.634 Y92.15 E-.00399
G1 X155.65 Y92.085 E-.00399
G1 X155.65 Y91.918 E-.01002
;WIPE_END
G1 X158.361 Y93.039 Z.8
G1 Z.4
G1 E.8 F1800
;WIDTH:0.17238
G1 F15000
G1 X160.139 Y93.039 E.01819
G1 X160.139 Y89.461 E.03661
G1 X158.361 Y89.461 E.01819
G1 X158.361 Y92.999 E.0362
G1 E-.728 F1800
;WIPE_START
G1 F30000
G1 X159.561 Y93.026 E-.072
;WIPE_END
G1 X165.55 Y89.386 Z.8
G1 Z.4
G1 E.8 F1800
;WIDTH:0.173063
G1 F15000
G1 X165.55 Y91.186 E.01852
G1 X165.566 Y91.25 E.00068
G1 E-.728 F1800
;WIPE_START
G1 F30000
G1 X165.55 Y91.186 E-.00399
G1 X165.55 Y90.052 E-.06801
;WIPE_END
G1 X166.514 Y91.25 Z.8
G1 Z.4
G1 E.8 F1800
;WIDTH:0.172647
G1 F15000
G1 X165.566 Y91.25 E.00972
G1 X165.55 Y91.314 E.00068
G1 X165.561 Y93.039 E.01768
G1 X167.415 Y93.05 E.01901
G1 E-.728 F1800
;WIPE_START
G1 F30000
G1 X166.215 Y93.043 E-.072
;WIPE_END
G1 X169.161 Y93.039 Z.8
G1 Z.4
G1 E.8 F1800
;WIDTH:0.172649
G1 F15000
G1 X170.939 Y93.039 E.01823
G1 X170.95 Y91.314 E.01768
G1 X170.934 Y91.25 E.00068
G1 X169.161 Y91.261 E.01818
G1 X169.161 Y92.999 E.01782
G1 E-.728 F1800
;WIPE_START
G1 F30000
G1 X170.361 Y93.026 E-.072
;WIPE_END
G1 X170.934 Y91.25 Z.8
G1 Z.4
G1 E.8 F1800
;WIDTH:0.172837
G1 F15000
G1 X170.95 Y91.186 E.00068
G1 X170.939 Y89.461 E.01771
G1 X169.085 Y89.45 E.01903
G1 E-.728 F1800
;WIPE_START
G1 F30000
G1 X170.285 Y89.457 E-.072
;WIPE_END
G1 X172.766 Y91.25 Z.8
G1 Z.4
G1 E.8 F1800
;WIDTH:0.172774
G1 F15000
G1 X172.75 Y91.314 E.00068
G1 X172.761 Y93.039 E.0177
G1 X174.539 Y93.039 E.01825
G1 X174.55 Y91.314 E.0177
G1 X174.534 Y91.25 E.00068
G1 X172.806 Y91.25 E.01773
G1 X172.766 Y91.25 F30000
;WIDTH:0.172767
G1 F15000
G1 X172.75 Y91.186 E.00068
G1 X172.761 Y89.461 E.0177
G1 X174.486 Y89.45 E.0177
G1 X174.539 Y89.461 E.00056
G1 X174.55 Y89.515 E.00056
G1 X174.55 Y91.186 E.01715
G1 X174.534 Y91.25 E.00068
G1 E-.728 F1800
;WIPE_START
G1 F30000
G1 X174.55 Y91.186 E-.00399
G1 X174.55 Y90.052 E-.06801
;WIPE_END
G1 X173.626 Y97.628 Z.8
G1 X167.102 Y151.102 Z.8
G1 Z.4
G1 E.8 F1800
SET_VELOCITY_LIMIT ACCEL=1500
;TYPE:Top surface
;WIDTH:0.427036
G1 F12000
G1 X166.495 Y151.709 E.02843
G1 X165.951 Y151.709 E.01798
G1 X166.933 Y150.728 E.04592
G1 X166.933 Y150.185 E.01798
G1 X165.408 Y151.709 E.07134
G1 X165.067 Y151.709 E.01128
G1 X165.067 Y151.507 E.0067
G1 X166.933 Y149.642 E.08729
G1 X166.933 Y149.098 E.01798
G1 X165.067 Y150.963 E.08729
G1 X165.067 Y150.42 E.01798
G1 X166.933 Y148.555 E.08729
G1 X166.933 Y148.012 E.01798
G1 X165.067 Y149.877 E.08729
G1 X165.067 Y149.334 E.01798
G1 X166.933 Y147.469 E.08729
G1 X166.933 Y146.925 E.01798
G1 X165.067 Y148.791 E.08729
G1 X165.067 Y148.247 E.01798
G1 X166.933 Y146.382 E.08729
G1 X166.933 Y145.839 E.01798
G1 X165.067 Y147.704 E.08729
G1 X165.067 Y147.161 E.01798
G1 X166.933 Y145.296 E.08729
G1 X166.933 Y144.753 E.01798
G1 X165.067 Y146.618 E.08729
G1 X165.067 Y146.074 E.01798
G1 X166.933 Y144.209 E.08729
G1 X166.933 Y143.666 E.01798
G1 X165.067 Y145.531 E.08729
G1 X165.067 Y144.988 E.01798
G1 X166.933 Y143.123 E.08729
G1 X166.933 Y142.58 E.01798
G1 X165.067 Y144.445 E.08729
G1 X165.067 Y143.902 E.01798
G1 X166.933 Y142.036 E.08729
G1 X166.933 Y141.493 E.01798
G1 X165.067 Y143.358 E.08729
G1 X165.067 Y142.815 E.01798
G1 X166.592 Y141.291 E.07133
G1 X166.048 Y141.291 E.01798
G1 X165.067 Y142.272 E.04591
G1 X165.067 Y141.729 E.01798
G1 X165.675 Y141.121 E.02843
M106 S186
;LAYER_CHANGE
;Z:0.6
;HEIGHT:0.2
;BEFORE_LAYER_CHANGE
;0.6
G92 E0

G1 E-.728 F1800
;WIPE_START
G1 F30000
G1 X165.067 Y141.729 E-.05154
G1 X165.067 Y142.07 E-.02046
;WIPE_END
M73 L3
;LAYER:3
SET_PRINT_STATS_INFO TOTAL_LAYER=35 CURRENT_LAYER=3
;_SET_FAN_SPEED_CHANGING_LAYER

G1 X164.502 Y141.178 Z0.657143
G1 X164.846 Y140.18 Z0.714286
G1 X165.841 Y139.826 Z0.771429
G1 X166.738 Y140.384 Z0.828571
G1 X166.861 Y141.433 Z0.885714
G1 X166.117 Y142.183 Z0.942857
G1 X165.067 Y142.07 Z1
G1 X85.71 Y92.71 Z1
G1 Z.6
G1 E.8 F1800
SET_VELOCITY_LIMIT ACCEL=2000
;TYPE:Outer wall
;WIDTH:0.42
G1 F7200
G1 X84.29 Y92.71 E.04232
G1 X84.29 Y89.29 E.10193
G1 X85.71 Y89.29 E.04232
G1 X85.71 Y92.67 E.10074
G1 E-.728 F1800
;WIPE_START
G1 F30000
G1 X84.51 Y92.704 E-.072
;WIPE_END
G1 X86.29 Y93.29 Z1
G1 Z.6
G1 E.8 F1800
G1 F7200
G1 X83.71 Y93.29 E.0769
G1 X83.71 Y88.71 E.13651
G1 X86.29 Y88.71 E.0769
G1 X86.29 Y93.25 E.13532
G1 X85.984 Y92.984 F30000
SET_VELOCITY_LIMIT ACCEL=3000
;TYPE:Gap infill
;WIDTH:0.231705
G1 F15000
G1 X86 Y92.906 E.00119
G1 X86 Y89.094 E.05688
G1 X85.984 Y89.016 E.00119
G1 X85.906 Y89 E.00119
G1 X84.094 Y89 E.02704
G1 X84.016 Y89.016 E.00119
G1 X84 Y89.094 E.00119
G1 X84 Y92.906 E.05688
G1 X84.016 Y92.984 E.00119
G1 X84.094 Y93 E.00119
G1 X85.906 Y93 E.02704
G1 X85.945 Y92.992 E.00059
G1 E-.728 F1800
;WIPE_START
G1 F30000
G1 X86 Y92.906 E-.00613
G1 X86 Y91.808 E-.06587
;WIPE_END
G1 X93.588 Y92.634 Z1
G1 X94.29 Y92.71 Z1
G1 Z.6
G1 E.8 F1800
SET_VELOCITY_LIMIT ACCEL=2000
;TYPE:Outer wall
;WIDTH:0.42
G1 F7200
G1 X96.29 Y92.71 E.05961
G1 X96.29 Y93.29 E.01729
G1 X93.71 Y93.29 E.0769
G1 X93.71 Y90.71 E.0769
G1 X95.71 Y90.71 E.05961
G1 X95.71 Y89.29 E.04232
G1 X93.71 Y89.29 E.05961
G1 X93.71 Y88.71 E.01729
G1 X96.29 Y88.71 E.0769
G1 X96.29 Y91.29 E.0769
G1 X94.29 Y91.29 E.05961
G1 X94.29 Y92.67 E.04113
G1 E-.728 F1800
;WIPE_START
G1 F30000
G1 X95.49 Y92.694 E-.072
;WIPE_END
G1 X96.094 Y93 Z1
G1 Z.6
G1 E.8 F1800
SET_VELOCITY_LIMIT ACCEL=3000
;TYPE:Gap infill
;WIDTH:0.23186
G1 F15000
G1 X94.094 Y93 E.02987
G1 X94.016 Y92.984 E.00119
G1 X94 Y92.906 E.00119
G1 X94 Y91.094 E.02706
G1 X94.016 Y91.016 E.00119
G1 X94.094 Y91 E.00119
G1 X95.906 Y91 E.02706
G1 X95.984 Y90.984 E.00119
G1 X96 Y90.906 E.00119
G1 X96 Y89.094 E.02706
G1 X95.984 Y89.016 E.00119
G1 X95.906 Y89 E.00119
G1 X93.906 Y89 E.02987
G1 E-.728 F1800
;WIPE_START
G1 F30000
G1 X95.106 Y89 E-.072
;WIPE_END
G1 X102.296 Y91.562 Z1
G1 X102.71 Y91.71 Z1
G1 Z.6
G1 E.8 F1800
SET_VELOCITY_LIMIT ACCEL=2000
;TYPE:Outer wall
;WIDTH:0.42
G1 F7200
G1 X102.71 Y89.29 E.07213
G1 X101.71 Y89.29 E.02981
G1 X101.71 Y88.71 E.01729
G1 X104.29 Y88.71 E.0769
G1 X104.29 Y89.29 E.01729
G1 X103.29 Y89.29 E.02981
G1 X103.29 Y93.29 E.11922
G1 X102.71 Y93.29 E.01729
G1 X102.71 Y92.29 E.02981
G1 X101.71 Y92.29 E.02981
G1 X101.71 Y91.71 E.01729
G1 X102.67 Y91.71 E.02861
G1 X102.977 Y92 F30000
SET_VELOCITY_LIMIT ACCEL=3000
;TYPE:Gap infill
;WIDTH:0.233935
G1 F15000
G1 X101.906 Y92 E.01616
G1 E-.73577 F1800
;WIPE_START
G1 F30000
G1 X102.977 Y92 E-.06423
;WIPE_END
G1 X103 Y93.094 Z1
G1 Z.6
G1 E.8 F1800
;WIDTH:0.232362
G1 F15000
G1 X103 Y92.094 E.01497
G1 X102.977 Y92 E.00145
G1 X103 Y91.906 E.00145
G1 X103 Y89.023 E.04316
G1 X103.094 Y89 E.00145
G1 X104.094 Y89 E.01497
G1 E-.728 F1800
;WIPE_START
G1 F30000
G1 X103.094 Y89 E-.06
G1 X103 Y89.023 E-.00581
G1 X103 Y89.127 E-.00619
;WIPE_END
G1 X103 Y89.023 Z1
G1 Z.6
G1 E.8 F1800
;WIDTH:0.234991
G1 F15000
G1 X102.906 Y89 E.00147
G1 X101.906 Y89 E.01518
G1 E-.73419 F1800
;WIPE_START
G1 F30000
G1 X102.906 Y89 E-.06
G1 X103 Y89.023 E-.00581
;WIPE_END
G1 X106.29 Y92.71 Z1
G1 Z.6
G1 E.8 F1800
SET_VELOCITY_LIMIT ACCEL=2000
;TYPE:Outer wall
;WIDTH:0.42
G1 F7200
G1 X106.29 Y89.29 E.10193
G1 X107.71 Y89.29 E.04232
G1 X107.71 Y92.71 E.10193
G1 X106.33 Y92.71 E.04113
G1 E-.728 F1800
;WIPE_START
G1 F30000
G1 X106.316 Y91.51 E-.072
;WIPE_END
G1 X105.71 Y93.29 Z1
G1 Z.6
G1 E.8 F1800
G1 F7200
G1 X105.71 Y88.71 E.13651
G1 X108.29 Y88.71 E.0769
G1 X108.29 Y93.29 E.13651
G1 X105.75 Y93.29 E.07571
G1 X106.016 Y92.984 F30000
SET_VELOCITY_LIMIT ACCEL=3000
;TYPE:Gap infill
;WIDTH:0.231705
G1 F15000
G1 X106.094 Y93 E.00119
G1 X107.906 Y93 E.02704
G1 X107.984 Y92.984 E.00119
G1 X108 Y92.906 E.00119
G1 X108 Y89.094 E.05688
G1 X107.984 Y89.016 E.00119
G1 X107.906 Y89 E.00119
G1 X106.094 Y89 E.02704
G1 X106.016 Y89.016 E.00119
G1 X106 Y89.094 E.00119
G1 X106 Y92.906 E.05688
G1 X106.008 Y92.945 E.00059
G1 E-.728 F1800
;WIPE_START
G1 F30000
G1 X106.094 Y93 E-.00613
G1 X107.192 Y93 E-.06587
;WIPE_END
G1 X113.71 Y92.71 Z1
G1 Z.6
G1 E.8 F1800
SET_VELOCITY_LIMIT ACCEL=2000
;TYPE:Outer wall
;WIDTH:0.42
G1 F7200
G1 X113.71 Y91.29 E.04232
G1 X111.71 Y91.29 E.05961
G1 X111.71 Y88.71 E.0769
G1 X114.29 Y88.71 E.0769
G1 X114.29 Y89.29 E.01729
G1 X112.29 Y89.29 E.05961
G1 X112.29 Y90.71 E.04232
G1 X114.29 Y90.71 E.05961
G1 X114.29 Y93.29 E.0769
G1 X111.71 Y93.29 E.0769
G1 X111.71 Y92.71 E.01729
G1 X113.67 Y92.71 E.05842
G1 E-.728 F1800
;WIPE_START
G1 F30000
G1 X113.704 Y91.51 E-.072
;WIPE_END
G1 X111.906 Y93 Z1
G1 Z.6
G1 E.8 F1800
SET_VELOCITY_LIMIT ACCEL=3000
;TYPE:Gap infill
;WIDTH:0.23186
G1 F15000
G1 X113.906 Y93 E.02987
G1 X113.984 Y92.984 E.00119
G1 X114 Y92.906 E.00119
G1 X114 Y91.094 E.02706
G1 X113.984 Y91.016 E.00119
G1 X113.906 Y91 E.00119
G1 X112.094 Y91 E.02706
G1 X112.016 Y90.984 E.00119
G1 X112 Y90.906 E.00119
G1 X112 Y89.094 E.02706
G1 X112.016 Y89.016 E.00119
G1 X112.094 Y89 E.00119
G1 X114.094 Y89 E.02987
G1 E-.728 F1800
;WIPE_START
G1 F30000
G1 X112.894 Y89 E-.072
;WIPE_END
G1 X117.71 Y92.71 Z1
G1 Z.6
G1 E.8 F1800
SET_VELOCITY_LIMIT ACCEL=2000
;TYPE:Outer wall
;WIDTH:0.42
G1 F7200
G1 X116.29 Y92.71 E.04232
G1 X116.29 Y89.29 E.10193
G1 X117.71 Y89.29 E.04232
G1 X117.71 Y92.67 E.10074
G1 E-.728 F1800
;WIPE_START
G1 F30000
G1 X116.51 Y92.704 E-.072
;WIPE_END
G1 X115.71 Y93.29 Z1
G1 Z.6
G1 E.8 F1800
G1 F7200
G1 X115.71 Y88.71 E.13651
G1 X118.29 Y88.71 E.0769
G1 X118.29 Y93.29 E.13651
G1 X115.75 Y93.29 E.07571
G1 X116.016 Y92.984 F30000
SET_VELOCITY_LIMIT ACCEL=3000
;TYPE:Gap infill
;WIDTH:0.231705
G1 F15000
G1 X116.094 Y93 E.00119
G1 X117.906 Y93 E.02704
G1 X117.984 Y92.984 E.00119
G1 X118 Y92.906 E.00119
G1 X118 Y89.094 E.05688
G1 X117.984 Y89.016 E.00119
G1 X117.906 Y89 E.00119
G1 X116.094 Y89 E.02704
G1 X116.016 Y89.016 E.00119
G1 X116 Y89.094 E.00119
G1 X116 Y92.906 E.05688
G1 X116.008 Y92.945 E.00059
G1 E-.728 F1800
;WIPE_START
G1 F30000
G1 X116.094 Y93 E-.00613
G1 X117.192 Y93 E-.06587
;WIPE_END
G1 X123.71 Y92.71 Z1
G1 Z.6
G1 E.8 F1800
SET_VELOCITY_LIMIT ACCEL=2000
;TYPE:Outer wall
;WIDTH:0.42
G1 F7200
G1 X123.71 Y91.29 E.04232
G1 X121.71 Y91.29 E.05961
G1 X121.71 Y90.71 E.01729
G1 X123.71 Y90.71 E.05961
G1 X123.71 Y89.29 E.04232
G1 X121.71 Y89.29 E.05961
G1 X121.71 Y88.71 E.01729
G1 X124.29 Y88.71 E.0769
G1 X124.29 Y93.29 E.13651
G1 X121.71 Y93.29 E.0769
G1 X121.71 Y92.71 E.01729
G1 X123.67 Y92.71 E.05842
G1 E-.728 F1800
;WIPE_START
G1 F30000
G1 X123.704 Y91.51 E-.072
;WIPE_END
G1 X123.977 Y91 Z1
M73 P40 R15
G1 Z.6
G1 E.8 F1800
SET_VELOCITY_LIMIT ACCEL=3000
;TYPE:Gap infill
;WIDTH:0.232591
G1 F15000
G1 X124 Y90.906 E.00145
G1 X124 Y89.094 E.02717
G1 X123.984 Y89.016 E.00119
G1 X123.906 Y89 E.00119
G1 X121.906 Y89 E.02998
G1 E-.728 F1800
;WIPE_START
G1 F30000
G1 X123.106 Y89 E-.072
;WIPE_END
G1 X121.906 Y91 Z1
G1 Z.6
G1 E.8 F1800
;WIDTH:0.232001
G1 F15000
G1 X123.977 Y91 E.03094
G1 X124 Y91.094 E.00145
G1 X124 Y92.906 E.02708
G1 X123.984 Y92.984 E.00119
G1 X123.906 Y93 E.00119
G1 X121.906 Y93 E.02989
G1 E-.728 F1800
;WIPE_START
G1 F30000
G1 X123.106 Y93 E-.072
;WIPE_END
G1 X126.29 Y92.71 Z1
G1 Z.6
G1 E.8 F1800
SET_VELOCITY_LIMIT ACCEL=2000
;TYPE:Outer wall
;WIDTH:0.42
G1 F7200
G1 X126.29 Y89.29 E.10193
G1 X127.71 Y89.29 E.04232
G1 X127.71 Y92.71 E.10193
G1 X126.33 Y92.71 E.04113
G1 E-.728 F1800
;WIPE_START
G1 F30000
G1 X126.316 Y91.51 E-.072
;WIPE_END
G1 X125.71 Y93.29 Z1
M73 P41 R15
G1 Z.6
G1 E.8 F1800
G1 F7200
G1 X125.71 Y88.71 E.13651
G1 X128.29 Y88.71 E.0769
G1 X128.29 Y93.29 E.13651
G1 X125.75 Y93.29 E.07571
G1 X126.016 Y92.984 F30000
SET_VELOCITY_LIMIT ACCEL=3000
;TYPE:Gap infill
;WIDTH:0.231706
G1 F15000
G1 X126.094 Y93 E.00119
G1 X127.906 Y93 E.02704
G1 X127.984 Y92.984 E.00119
G1 X128 Y92.906 E.00119
G1 X128 Y89.094 E.05688
G1 X127.984 Y89.016 E.00119
G1 X127.906 Y89 E.00119
G1 X126.094 Y89 E.02704
G1 X126.016 Y89.016 E.00119
G1 X126 Y89.094 E.00119
G1 X126 Y92.906 E.05688
G1 X126.008 Y92.945 E.00059
G1 E-.728 F1800
;WIPE_START
G1 F30000
G1 X126.094 Y93 E-.00613
G1 X127.192 Y93 E-.06587
;WIPE_END
G1 X133.71 Y91.29 Z1
G1 Z.6
G1 E.8 F1800
SET_VELOCITY_LIMIT ACCEL=2000
;TYPE:Outer wall
;WIDTH:0.42
G1 F7200
G1 X132.29 Y91.29 E.04232
G1 X132.29 Y93.29 E.05961
G1 X131.71 Y93.29 E.01729
G1 X131.71 Y90.71 E.0769
G1 X133.71 Y90.71 E.05961
G1 X133.71 Y88.71 E.05961
G1 X134.29 Y88.71 E.01729
G1 X134.29 Y93.29 E.13651
G1 X133.71 Y93.29 E.01729
G1 X133.71 Y91.33 E.05842
G1 X133.977 Y91 F30000
SET_VELOCITY_LIMIT ACCEL=3000
;TYPE:Gap infill
;WIDTH:0.232296
G1 F15000
G1 X132.094 Y91 E.02818
G1 X132.016 Y91.016 E.00119
G1 X132 Y91.094 E.00119
G1 X132 Y93.094 E.02994
G1 E-.728 F1800
;WIPE_START
G1 F30000
G1 X132 Y91.894 E-.072
;WIPE_END
G1 X134 Y93.094 Z1
G1 Z.6
G1 E.8 F1800
;WIDTH:0.231927
G1 F15000
G1 X134 Y91.094 E.02988
G1 X133.977 Y91 E.00145
G1 X134 Y90.906 E.00145
G1 X134 Y88.906 E.02988
G1 E-.728 F1800
;WIPE_START
G1 F30000
G1 X134 Y90.106 E-.072
;WIPE_END
G1 X137.71 Y92.71 Z1
G1 Z.6
G1 E.8 F1800
SET_VELOCITY_LIMIT ACCEL=2000
;TYPE:Outer wall
;WIDTH:0.42
G1 F7200
G1 X136.29 Y92.71 E.04232
G1 X136.29 Y89.29 E.10193
G1 X137.71 Y89.29 E.04232
G1 X137.71 Y92.67 E.10074
G1 E-.728 F1800
;WIPE_START
G1 F30000
G1 X136.51 Y92.704 E-.072
;WIPE_END
G1 X135.71 Y93.29 Z1
G1 Z.6
G1 E.8 F1800
G1 F7200
G1 X135.71 Y88.71 E.13651
G1 X138.29 Y88.71 E.0769
G1 X138.29 Y93.29 E.13651
G1 X135.75 Y93.29 E.07571
G1 X136.016 Y92.984 F30000
SET_VELOCITY_LIMIT ACCEL=3000
;TYPE:Gap infill
;WIDTH:0.231705
G1 F15000
G1 X136.094 Y93 E.00119
G1 X137.906 Y93 E.02704
G1 X137.984 Y92.984 E.00119
G1 X138 Y92.906 E.00119
G1 X138 Y89.094 E.05688
G1 X137.984 Y89.016 E.00119
G1 X137.906 Y89 E.00119
G1 X136.094 Y89 E.02704
G1 X136.016 Y89.016 E.00119
G1 X136 Y89.094 E.00119
G1 X136 Y92.906 E.05688
G1 X136.008 Y92.945 E.00059
G1 E-.728 F1800
;WIPE_START
G1 F30000
G1 X136.094 Y93 E-.00613
G1 X137.192 Y93 E-.06587
;WIPE_END
G1 X144.823 Y92.874 Z1
G1 X148.69 Y92.81 Z1
G1 Z.6
G1 E.8 F1800
SET_VELOCITY_LIMIT ACCEL=2000
;TYPE:Outer wall
;WIDTH:0.42
G1 F7200
G1 X149.59 Y92.81 E.02683
G1 X149.59 Y93.29 E.01431
G1 X147.31 Y93.29 E.06796
G1 X147.31 Y92.81 E.01431
G1 X148.21 Y92.81 E.02682
G1 X148.21 Y89.21 E.1073
G1 X148.69 Y89.21 E.01431
G1 X148.69 Y92.77 E.10611
G1 X149.394 Y93.05 F30000
SET_VELOCITY_LIMIT ACCEL=3000
;TYPE:Gap infill
;WIDTH:0.130996
G1 F15000
G1 X148.45 Y93.039 E.00657
G1 X148.45 Y89.406 E.02529
G1 E-.728 F1800
;WIPE_START
G1 F30000
G1 X148.45 Y90.606 E-.072
;WIPE_END
G1 X152.71 Y92.81 Z1
G1 Z.6
G1 E.8 F1800
SET_VELOCITY_LIMIT ACCEL=2000
;TYPE:Outer wall
;WIDTH:0.42
G1 F7200
G1 X152.71 Y91.49 E.03934
G1 X150.91 Y91.49 E.05365
G1 X150.91 Y89.21 E.06796
G1 X153.19 Y89.21 E.06796
G1 X153.19 Y89.69 E.01431
G1 X151.39 Y89.69 E.05365
G1 X151.39 Y91.01 E.03934
G1 X153.19 Y91.01 E.05365
G1 X153.19 Y93.29 E.06796
G1 X150.91 Y93.29 E.06796
G1 X150.91 Y92.81 E.01431
G1 X152.67 Y92.81 E.05246
G1 E-.728 F1800
;WIPE_START
G1 F30000
G1 X152.706 Y91.611 E-.072
;WIPE_END
G1 X151.106 Y93.05 Z1
G1 Z.6
G1 E.8 F1800
SET_VELOCITY_LIMIT ACCEL=3000
;TYPE:Gap infill
;WIDTH:0.13109
G1 F15000
G1 X152.942 Y93.042 E.0128
G1 X152.942 Y91.258 E.01244
G1 X151.158 Y91.242 E.01244
G1 X151.15 Y89.494 E.01219
G1 X151.158 Y89.458 E.00026
G1 X151.194 Y89.45 E.00026
G1 X152.994 Y89.45 E.01254
G1 E-.728 F1800
;WIPE_START
G1 F30000
G1 X151.794 Y89.45 E-.072
;WIPE_END
G1 X155.41 Y91.91 Z1
G1 Z.6
G1 E.8 F1800
SET_VELOCITY_LIMIT ACCEL=2000
;TYPE:Outer wall
;WIDTH:0.42
G1 F7200
G1 X155.41 Y89.69 E.06617
G1 X154.51 Y89.69 E.02682
G1 X154.51 Y89.21 E.01431
G1 X156.79 Y89.21 E.06796
G1 X156.79 Y89.69 E.01431
G1 X155.89 Y89.69 E.02682
G1 X155.89 Y93.29 E.1073
G1 X155.41 Y93.29 E.01431
G1 X155.41 Y92.39 E.02682
G1 X154.51 Y92.39 E.02682
G1 X154.51 Y91.91 E.01431
G1 X155.37 Y91.91 E.02563
G1 E-.728 F1800
;WIPE_START
G1 F30000
G1 X155.392 Y90.71 E-.072
;WIPE_END
G1 X155.65 Y93.094 Z1
G1 Z.6
G1 E.8 F1800
SET_VELOCITY_LIMIT ACCEL=3000
;TYPE:Gap infill
;WIDTH:0.131226
G1 F15000
G1 X155.65 Y89.461 E.02536
G1 X156.594 Y89.45 E.00659
G1 E-.728 F1800
;WIPE_START
G1 F30000
G1 X155.65 Y89.461 E-.05664
G1 X155.65 Y89.717 E-.01536
;WIPE_END
G1 X158.59 Y92.81 Z1
G1 Z.6
G1 E.8 F1800
SET_VELOCITY_LIMIT ACCEL=2000
;TYPE:Outer wall
;WIDTH:0.42
G1 F7200
G1 X158.59 Y89.69 E.09299
G1 X159.91 Y89.69 E.03934
G1 X159.91 Y92.81 E.09299
G1 X158.63 Y92.81 E.03815
G1 E-.728 F1800
;WIPE_START
G1 F30000
G1 X158.615 Y91.61 E-.072
;WIPE_END
G1 X160.39 Y93.29 Z1
G1 Z.6
G1 E.8 F1800
G1 F7200
G1 X158.11 Y93.29 E.06796
G1 X158.11 Y89.21 E.12161
G1 X160.39 Y89.21 E.06796
G1 X160.39 Y93.25 E.12041
G1 X160.142 Y93.042 F30000
SET_VELOCITY_LIMIT ACCEL=3000
;TYPE:Gap infill
;WIDTH:0.131058
G1 F15000
G1 X160.142 Y89.458 E.02497
G1 X158.358 Y89.458 E.01243
G1 X158.358 Y93.042 E.02497
G1 X160.102 Y93.042 E.01216
G1 E-.728 F1800
;WIPE_START
G1 F30000
G1 X160.116 Y91.843 E-.072
;WIPE_END
G1 X165.79 Y91.49 Z1
G1 Z.6
G1 E.8 F1800
SET_VELOCITY_LIMIT ACCEL=2000
;TYPE:Outer wall
;WIDTH:0.42
G1 F7200
G1 X165.79 Y92.81 E.03934
G1 X167.59 Y92.81 E.05365
G1 X167.59 Y93.29 E.01431
G1 X165.31 Y93.29 E.06796
G1 X165.31 Y89.21 E.12161
G1 X165.79 Y89.21 E.01431
G1 X165.79 Y91.01 E.05365
G1 X166.69 Y91.01 E.02682
G1 X166.69 Y91.49 E.01431
G1 X165.83 Y91.49 E.02563
G1 X165.561 Y91.25 F30000
SET_VELOCITY_LIMIT ACCEL=3000
;TYPE:Gap infill
;WIDTH:0.131374
G1 F15000
G1 X165.55 Y89.406 E.01289
G1 E-.728 F1800
;WIPE_START
G1 F30000
G1 X165.557 Y90.606 E-.072
;WIPE_END
G1 X166.494 Y91.25 Z1
G1 Z.6
G1 E.8 F1800
;WIDTH:0.131179
G1 F15000
G1 X165.561 Y91.25 E.00651
G1 X165.558 Y93.042 E.0125
G1 X167.394 Y93.05 E.01281
G1 E-.728 F1800
;WIPE_START
G1 F30000
G1 X166.194 Y93.045 E-.072
;WIPE_END
G1 X169.39 Y92.81 Z1
G1 Z.6
G1 E.8 F1800
SET_VELOCITY_LIMIT ACCEL=2000
;TYPE:Outer wall
;WIDTH:0.42
G1 F7200
G1 X169.39 Y91.49 E.03934
G1 X170.71 Y91.49 E.03934
G1 X170.71 Y92.81 E.03934
G1 X169.43 Y92.81 E.03815
G1 E-.728 F1800
;WIPE_START
G1 F30000
G1 X169.394 Y91.611 E-.072
;WIPE_END
G1 X170.71 Y91.01 Z1
G1 Z.6
G1 E.8 F1800
G1 F7200
G1 X170.71 Y89.69 E.03934
G1 X168.91 Y89.69 E.05365
G1 X168.91 Y89.21 E.01431
G1 X171.19 Y89.21 E.06796
G1 X171.19 Y93.29 E.12161
G1 X168.91 Y93.29 E.06796
G1 X168.91 Y91.01 E.06796
G1 X170.67 Y91.01 E.05246
G1 X170.939 Y91.25 F30000
SET_VELOCITY_LIMIT ACCEL=3000
;TYPE:Gap infill
;WIDTH:0.131267
G1 F15000
G1 X170.942 Y89.458 E.01252
G1 X169.106 Y89.45 E.01282
G1 E-.728 F1800
;WIPE_START
G1 F30000
G1 X170.306 Y89.455 E-.072
;WIPE_END
G1 X169.158 Y91.258 Z1
G1 Z.6
G1 E.8 F1800
;WIDTH:0.131178
G1 F15000
G1 X169.158 Y93.042 E.01245
G1 X170.942 Y93.042 E.01245
G1 X170.939 Y91.25 E.0125
G1 X169.198 Y91.257 E.01215
G1 E-.728 F1800
;WIPE_START
G1 F30000
G1 X169.171 Y92.457 E-.072
;WIPE_END
G1 X172.99 Y91.49 Z1
G1 Z.6
G1 E.8 F1800
SET_VELOCITY_LIMIT ACCEL=2000
;TYPE:Outer wall
;WIDTH:0.42
G1 F7200
G1 X172.99 Y92.81 E.03934
G1 X174.31 Y92.81 E.03934
G1 X174.31 Y91.49 E.03934
G1 X173.03 Y91.49 E.03815
G1 X172.99 Y91.01 F30000
G1 F7200
G1 X174.31 Y91.01 E.03934
G1 X174.31 Y89.69 E.03934
G1 X172.99 Y89.69 E.03934
G1 X172.99 Y90.97 E.03815
G1 E-.728 F1800
;WIPE_START
G1 F30000
G1 X174.189 Y91.006 E-.072
;WIPE_END
G1 X174.79 Y93.29 Z1
G1 Z.6
G1 E.8 F1800
G1 F7200
G1 X172.51 Y93.29 E.06796
G1 X172.51 Y89.21 E.12161
G1 X174.79 Y89.21 E.06796
G1 X174.79 Y93.25 E.12041
G1 E-.728 F1800
;WIPE_START
G1 F30000
G1 X173.59 Y93.271 E-.072
;WIPE_END
G1 X174.539 Y91.25 Z1
G1 Z.6
G1 E.8 F1800
SET_VELOCITY_LIMIT ACCEL=3000
;TYPE:Gap infill
;WIDTH:0.131231
G1 F15000
G1 X174.55 Y89.494 E.01226
G1 X174.542 Y89.458 E.00026
G1 X174.506 Y89.45 E.00026
G1 X172.758 Y89.458 E.01221
G1 X172.761 Y91.25 E.01251
;WIDTH:0.131234
G1 X172.758 Y93.042 E.01251
G1 X174.542 Y93.042 E.01246
G1 X174.539 Y91.25 E.01251
G1 X172.801 Y91.25 E.01213
G1 E-.728 F1800
;WIPE_START
G1 F30000
G1 X172.772 Y92.45 E-.072
;WIPE_END
G1 X173.143 Y100.073 Z1
G1 X173.71 Y111.71 Z1
G1 Z.6
G1 E.8 F1800
SET_VELOCITY_LIMIT ACCEL=2000
;TYPE:Outer wall
;WIDTH:0.42
G1 F7200
G1 X173.71 Y109.29 E.07213
G1 X172.71 Y109.29 E.02981
G1 X172.71 Y108.71 E.01729
G1 X175.29 Y108.71 E.0769
G1 X175.29 Y109.29 E.01729
G1 X174.29 Y109.29 E.02981
G1 X174.29 Y113.29 E.11922
G1 X173.71 Y113.29 E.01729
G1 X173.71 Y112.29 E.02981
G1 X172.71 Y112.29 E.02981
G1 X172.71 Y111.71 E.01729
G1 X173.67 Y111.71 E.02861
G1 X173.977 Y112 F30000
SET_VELOCITY_LIMIT ACCEL=3000
;TYPE:Gap infill
;WIDTH:0.233935
G1 F15000
G1 X172.906 Y112 E.01616
G1 E-.73577 F1800
;WIPE_START
G1 F30000
G1 X173.977 Y112 E-.06423
;WIPE_END
G1 X174 Y113.094 Z1
G1 Z.6
G1 E.8 F1800
;WIDTH:0.232362
G1 F15000
G1 X174 Y112.094 E.01497
G1 X173.977 Y112 E.00145
G1 X174 Y111.906 E.00145
G1 X174 Y109.023 E.04316
G1 X174.094 Y109 E.00145
G1 X175.094 Y109 E.01497
G1 E-.728 F1800
;WIPE_START
G1 F30000
G1 X174.094 Y109 E-.06
G1 X174 Y109.023 E-.00581
G1 X174 Y109.127 E-.00619
;WIPE_END
G1 X174 Y109.023 Z1
G1 Z.6
G1 E.8 F1800
;WIDTH:0.234991
G1 F15000
G1 X173.906 Y109 E.00147
G1 X172.906 Y109 E.01518
G1 E-.73419 F1800
;WIPE_START
G1 F30000
G1 X173.906 Y109 E-.06
G1 X174 Y109.023 E-.00581
;WIPE_END
G1 X169.29 Y112.71 Z1
G1 Z.6
G1 E.8 F1800
SET_VELOCITY_LIMIT ACCEL=2000
;TYPE:Outer wall
;WIDTH:0.42
G1 F7200
G1 X169.29 Y109.29 E.10193
G1 X170.71 Y109.29 E.04232
G1 X170.71 Y112.71 E.10193
G1 X169.33 Y112.71 E.04113
G1 E-.728 F1800
;WIPE_START
G1 F30000
G1 X169.316 Y111.51 E-.072
;WIPE_END
G1 X168.71 Y113.29 Z1
G1 Z.6
G1 E.8 F1800
G1 F7200
G1 X168.71 Y108.71 E.13651
G1 X171.29 Y108.71 E.0769
G1 X171.29 Y113.29 E.13651
G1 X168.75 Y113.29 E.07571
G1 X169.016 Y112.984 F30000
SET_VELOCITY_LIMIT ACCEL=3000
;TYPE:Gap infill
;WIDTH:0.231705
G1 F15000
G1 X169.094 Y113 E.00119
G1 X170.906 Y113 E.02704
G1 X170.984 Y112.984 E.00119
G1 X171 Y112.906 E.00119
G1 X171 Y109.094 E.05688
G1 X170.984 Y109.016 E.00119
G1 X170.906 Y109 E.00119
G1 X169.094 Y109 E.02704
G1 X169.016 Y109.016 E.00119
G1 X169 Y109.094 E.00119
G1 X169 Y112.906 E.05688
G1 X169.008 Y112.945 E.00059
G1 E-.728 F1800
;WIPE_START
G1 F30000
G1 X169.094 Y113 E-.00613
G1 X170.192 Y113 E-.06587
;WIPE_END
G1 X165.71 Y109.29 Z1
G1 Z.6
G1 E.8 F1800
SET_VELOCITY_LIMIT ACCEL=2000
;TYPE:Outer wall
;WIDTH:0.42
G1 F7200
G1 X164.71 Y109.29 E.02981
G1 X164.71 Y108.71 E.01729
G1 X167.29 Y108.71 E.0769
G1 X167.29 Y109.29 E.01729
G1 X166.29 Y109.29 E.02981
G1 X166.29 Y113.29 E.11922
G1 X165.71 Y113.29 E.01729
G1 X165.71 Y112.29 E.02981
G1 X164.71 Y112.29 E.02981
G1 X164.71 Y111.71 E.01729
G1 X165.71 Y111.71 E.02981
G1 X165.71 Y109.33 E.07094
G1 X166 Y109.023 F30000
SET_VELOCITY_LIMIT ACCEL=3000
;TYPE:Gap infill
;WIDTH:0.234991
G1 F15000
G1 X165.906 Y109 E.00147
G1 X164.906 Y109 E.01518
G1 E-.73419 F1800
;WIPE_START
G1 F30000
G1 X165.906 Y109 E-.06
G1 X166 Y109.023 E-.00581
;WIPE_END
G1 X167.094 Y109 Z1
G1 Z.6
G1 E.8 F1800
;WIDTH:0.232362
G1 F15000
G1 X166.094 Y109 E.01497
G1 X166 Y109.023 E.00145
G1 X166 Y111.906 E.04316
G1 X165.977 Y112 E.00145
G1 X166 Y112.094 E.00145
G1 X166 Y113.094 E.01497
G1 E-.728 F1800
;WIPE_START
G1 F30000
G1 X166 Y112.094 E-.06
G1 X165.977 Y112 E-.00581
G1 X166 Y111.906 E-.00581
G1 X166 Y111.9 E-.00038
;WIPE_END
G1 X165.977 Y112 Z1
G1 Z.6
G1 E.8 F1800
;WIDTH:0.233935
G1 F15000
G1 X164.906 Y112 E.01616
G1 E-.73577 F1800
;WIPE_START
G1 F30000
G1 X165.977 Y112 E-.06423
;WIPE_END
G1 X159.29 Y112.71 Z1
G1 Z.6
G1 E.8 F1800
SET_VELOCITY_LIMIT ACCEL=2000
;TYPE:Outer wall
;WIDTH:0.42
G1 F7200
G1 X159.29 Y109.29 E.10193
G1 X160.71 Y109.29 E.04232
G1 X160.71 Y112.71 E.10193
G1 X159.33 Y112.71 E.04113
G1 E-.728 F1800
;WIPE_START
G1 F30000
G1 X159.316 Y111.51 E-.072
;WIPE_END
G1 X158.71 Y113.29 Z1
M73 P42 R15
G1 Z.6
G1 E.8 F1800
G1 F7200
G1 X158.71 Y108.71 E.13651
G1 X161.29 Y108.71 E.0769
G1 X161.29 Y113.29 E.13651
G1 X158.75 Y113.29 E.07571
G1 X159.016 Y112.984 F30000
SET_VELOCITY_LIMIT ACCEL=3000
;TYPE:Gap infill
;WIDTH:0.231705
G1 F15000
G1 X159.094 Y113 E.00119
G1 X160.906 Y113 E.02704
G1 X160.984 Y112.984 E.00119
G1 X161 Y112.906 E.00119
G1 X161 Y109.094 E.05688
G1 X160.984 Y109.016 E.00119
G1 X160.906 Y109 E.00119
G1 X159.094 Y109 E.02704
G1 X159.016 Y109.016 E.00119
G1 X159 Y109.094 E.00119
G1 X159 Y112.906 E.05688
G1 X159.008 Y112.945 E.00059
G1 E-.728 F1800
;WIPE_START
G1 F30000
G1 X159.094 Y113 E-.00613
G1 X160.192 Y113 E-.06587
;WIPE_END
G1 X156.71 Y112.71 Z1
G1 Z.6
G1 E.8 F1800
SET_VELOCITY_LIMIT ACCEL=2000
;TYPE:Outer wall
;WIDTH:0.42
G1 F7200
G1 X155.29 Y112.71 E.04232
G1 X155.29 Y109.29 E.10193
G1 X156.71 Y109.29 E.04232
G1 X156.71 Y112.67 E.10074
G1 E-.728 F1800
;WIPE_START
G1 F30000
G1 X155.51 Y112.704 E-.072
;WIPE_END
G1 X157.29 Y113.29 Z1
G1 Z.6
G1 E.8 F1800
G1 F7200
G1 X154.71 Y113.29 E.0769
G1 X154.71 Y108.71 E.13651
G1 X157.29 Y108.71 E.0769
G1 X157.29 Y113.25 E.13532
G1 X156.984 Y112.984 F30000
SET_VELOCITY_LIMIT ACCEL=3000
;TYPE:Gap infill
;WIDTH:0.231705
G1 F15000
G1 X157 Y112.906 E.00119
G1 X157 Y109.094 E.05688
G1 X156.984 Y109.016 E.00119
G1 X156.906 Y109 E.00119
G1 X155.094 Y109 E.02704
G1 X155.016 Y109.016 E.00119
G1 X155 Y109.094 E.00119
G1 X155 Y112.906 E.05688
G1 X155.016 Y112.984 E.00119
G1 X155.094 Y113 E.00119
G1 X156.906 Y113 E.02704
G1 X156.945 Y112.992 E.00059
G1 E-.728 F1800
;WIPE_START
G1 F30000
G1 X157 Y112.906 E-.00613
G1 X157 Y111.808 E-.06587
;WIPE_END
G1 X151.71 Y109.29 Z1
G1 Z.6
G1 E.8 F1800
SET_VELOCITY_LIMIT ACCEL=2000
;TYPE:Outer wall
;WIDTH:0.42
G1 F7200
G1 X150.71 Y109.29 E.02981
G1 X150.71 Y108.71 E.01729
G1 X153.29 Y108.71 E.0769
G1 X153.29 Y109.29 E.01729
G1 X152.29 Y109.29 E.02981
G1 X152.29 Y113.29 E.11922
G1 X151.71 Y113.29 E.01729
G1 X151.71 Y112.29 E.02981
G1 X150.71 Y112.29 E.02981
G1 X150.71 Y111.71 E.01729
G1 X151.71 Y111.71 E.02981
G1 X151.71 Y109.33 E.07094
G1 X152 Y109.023 F30000
SET_VELOCITY_LIMIT ACCEL=3000
;TYPE:Gap infill
;WIDTH:0.234991
G1 F15000
G1 X151.906 Y109 E.00147
G1 X150.906 Y109 E.01518
G1 E-.73419 F1800
;WIPE_START
G1 F30000
G1 X151.906 Y109 E-.06
G1 X152 Y109.023 E-.00581
;WIPE_END
G1 X153.094 Y109 Z1
G1 Z.6
G1 E.8 F1800
;WIDTH:0.232362
G1 F15000
G1 X152.094 Y109 E.01497
G1 X152 Y109.023 E.00145
G1 X152 Y111.906 E.04316
G1 X151.977 Y112 E.00145
G1 X152 Y112.094 E.00145
G1 X152 Y113.094 E.01497
G1 E-.728 F1800
;WIPE_START
G1 F30000
G1 X152 Y112.094 E-.06
G1 X151.977 Y112 E-.00581
G1 X152 Y111.906 E-.00581
G1 X152 Y111.9 E-.00038
;WIPE_END
G1 X151.977 Y112 Z1
G1 Z.6
G1 E.8 F1800
;WIDTH:0.233935
G1 F15000
G1 X150.906 Y112 E.01616
G1 E-.73577 F1800
;WIPE_START
G1 F30000
G1 X151.977 Y112 E-.06423
;WIPE_END
G1 X144.369 Y112.622 Z1
G1 X143.29 Y112.71 Z1
G1 Z.6
G1 E.8 F1800
SET_VELOCITY_LIMIT ACCEL=2000
;TYPE:Outer wall
;WIDTH:0.42
G1 F7200
G1 X143.29 Y111.29 E.04232
G1 X144.71 Y111.29 E.04232
G1 X144.71 Y112.71 E.04232
G1 X143.33 Y112.71 E.04113
G1 E-.728 F1800
;WIPE_START
G1 F30000
G1 X143.296 Y111.51 E-.072
;WIPE_END
G1 X144.71 Y110.71 Z1
G1 Z.6
G1 E.8 F1800
G1 F7200
G1 X144.71 Y109.29 E.04232
G1 X142.71 Y109.29 E.05961
G1 X142.71 Y108.71 E.01729
G1 X145.29 Y108.71 E.0769
G1 X145.29 Y113.29 E.13651
G1 X142.71 Y113.29 E.0769
G1 X142.71 Y110.71 E.0769
G1 X144.67 Y110.71 E.05842
G1 X144.977 Y111 F30000
SET_VELOCITY_LIMIT ACCEL=3000
;TYPE:Gap infill
;WIDTH:0.232591
G1 F15000
G1 X145 Y110.906 E.00145
G1 X145 Y109.094 E.02717
G1 X144.984 Y109.016 E.00119
G1 X144.906 Y109 E.00119
G1 X142.906 Y109 E.02998
G1 E-.728 F1800
;WIPE_START
G1 F30000
G1 X144.106 Y109 E-.072
;WIPE_END
G1 X143.094 Y111 Z1
G1 Z.6
G1 E.8 F1800
;WIDTH:0.232236
G1 F15000
G1 X143.016 Y111.016 E.00119
G1 X143 Y111.094 E.00119
G1 X143 Y112.906 E.02712
G1 X143.016 Y112.984 E.00119
G1 X143.094 Y113 E.00119
G1 X144.906 Y113 E.02712
G1 X144.984 Y112.984 E.00119
G1 X145 Y112.906 E.00119
G1 X145 Y111.094 E.02712
G1 X144.977 Y111 E.00145
G1 X143.134 Y111 E.02757
G1 E-.728 F1800
;WIPE_START
G1 F30000
G1 X143.016 Y111.016 E-.00714
G1 X143 Y111.094 E-.00477
G1 X143 Y112.096 E-.06009
;WIPE_END
G1 X139.29 Y112.71 Z1
G1 Z.6
G1 E.8 F1800
SET_VELOCITY_LIMIT ACCEL=2000
;TYPE:Outer wall
;WIDTH:0.42
G1 F7200
G1 X139.29 Y111.29 E.04232
G1 X140.71 Y111.29 E.04232
G1 X140.71 Y112.71 E.04232
G1 X139.33 Y112.71 E.04113
G1 E-.728 F1800
;WIPE_START
G1 F30000
G1 X139.296 Y111.51 E-.072
;WIPE_END
G1 X140.71 Y109.29 Z1
G1 Z.6
G1 E.8 F1800
G1 F7200
G1 X138.71 Y109.29 E.05961
G1 X138.71 Y108.71 E.01729
G1 X141.29 Y108.71 E.0769
G1 X141.29 Y113.29 E.13651
G1 X138.71 Y113.29 E.0769
G1 X138.71 Y110.71 E.0769
G1 X140.71 Y110.71 E.05961
G1 X140.71 Y109.33 E.04113
G1 E-.728 F1800
;WIPE_START
G1 F30000
G1 X139.51 Y109.306 E-.072
;WIPE_END
G1 X140.977 Y111 Z1
G1 Z.6
G1 E.8 F1800
SET_VELOCITY_LIMIT ACCEL=3000
;TYPE:Gap infill
;WIDTH:0.232591
G1 F15000
G1 X141 Y110.906 E.00145
G1 X141 Y109.094 E.02717
G1 X140.984 Y109.016 E.00119
G1 X140.906 Y109 E.00119
G1 X138.906 Y109 E.02998
G1 E-.728 F1800
;WIPE_START
G1 F30000
G1 X140.106 Y109 E-.072
;WIPE_END
G1 X139.094 Y111 Z1
G1 Z.6
G1 E.8 F1800
;WIDTH:0.232236
G1 F15000
G1 X139.016 Y111.016 E.00119
G1 X139 Y111.094 E.00119
G1 X139 Y112.906 E.02712
G1 X139.016 Y112.984 E.00119
G1 X139.094 Y113 E.00119
G1 X140.906 Y113 E.02712
G1 X140.984 Y112.984 E.00119
G1 X141 Y112.906 E.00119
G1 X141 Y111.094 E.02712
G1 X140.977 Y111 E.00145
G1 X139.134 Y111 E.02757
G1 E-.728 F1800
;WIPE_START
G1 F30000
G1 X139.016 Y111.016 E-.00714
G1 X139 Y111.094 E-.00477
G1 X139 Y112.096 E-.06009
;WIPE_END
G1 X133.792 Y106.516 Z1
G1 X123.134 Y95.098 Z1
G1 Z.6
G1 E.8 F1800
;TYPE:Inner wall
;WIDTH:0.45
G1 F12000
G1 X122.747 Y95.098 E.01243
G1 X120.494 Y99 E.14498
G1 X122.747 Y102.902 E.14498
G1 X127.253 Y102.902 E.14498
G1 X129.506 Y99 E.14498
G1 X128.935 Y98.011 E.03673
G1 X127.253 Y95.098 E.10825
G1 X123.174 Y95.098 E.13126
SET_VELOCITY_LIMIT ACCEL=2000
G1 X122.973 Y95.49 F30000
;TYPE:Outer wall
;WIDTH:0.42
G1 F7200
G1 X120.947 Y99 E.1208
G1 X122.973 Y102.51 E.1208
G1 X127.027 Y102.51 E.1208
G1 X129.053 Y99 E.1208
G1 X128.595 Y98.207 E.02727
G1 X127.027 Y95.49 E.09353
G1 X123.013 Y95.49 E.11961
G1 E-.728 F1800
;WIPE_START
G1 F30000
G1 X122.405 Y96.524 E-.072
;WIPE_END
G1 X117.494 Y102.367 Z1
G1 X117.129 Y102.802 Z1
G1 Z.6
G1 E.8 F1800
SET_VELOCITY_LIMIT ACCEL=3000
;TYPE:Inner wall
;WIDTH:0.45
G1 F12000
G1 X117.195 Y102.802 E.00213
G1 X119.39 Y99 E.14126
G1 X117.195 Y95.198 E.14126
G1 X112.805 Y95.198 E.14126
G1 X110.61 Y99 E.14126
G1 X112.805 Y102.802 E.14126
G1 X117.089 Y102.802 E.13784
SET_VELOCITY_LIMIT ACCEL=2000
G1 X116.969 Y102.41 F30000
;TYPE:Outer wall
;WIDTH:0.42
G1 F7200
G1 X118.938 Y99 E.11736
G1 X116.969 Y95.59 E.11736
G1 X113.031 Y95.59 E.11736
G1 X111.062 Y99 E.11736
G1 X113.031 Y102.41 E.11736
G1 X116.929 Y102.41 E.11617
G1 E-.728 F1800
;WIPE_START
G1 F30000
G1 X117.538 Y101.376 E-.072
;WIPE_END
G1 X109.934 Y102.032 Z1
G1 X102.829 Y102.645 Z1
G1 Z.6
G1 E.8 F1800
SET_VELOCITY_LIMIT ACCEL=3000
;TYPE:Inner wall
;WIDTH:0.45
G1 F12000
G1 X102.863 Y102.702 E.00213
G1 X107.137 Y102.702 E.13755
G1 X109.275 Y99 E.13755
G1 X107.137 Y95.298 E.13755
G1 X102.863 Y95.298 E.13755
G1 X100.725 Y99 E.13755
G1 X102.809 Y102.61 E.13413
SET_VELOCITY_LIMIT ACCEL=2000
G1 X103.089 Y102.31 F30000
;TYPE:Outer wall
;WIDTH:0.42
G1 F7200
G1 X106.911 Y102.31 E.11392
G1 X108.822 Y99 E.11392
G1 X106.911 Y95.69 E.11392
G1 X103.089 Y95.69 E.11392
G1 X101.178 Y99 E.11392
G1 X103.069 Y102.275 E.11273
G1 E-.728 F1800
;WIPE_START
G1 F30000
G1 X104.269 Y102.286 E-.072
;WIPE_END
G1 X97.042 Y102.652 Z1
G1 Z.6
G1 E.8 F1800
SET_VELOCITY_LIMIT ACCEL=3000
;TYPE:Inner wall
;WIDTH:0.45
G1 F12000
G1 X97.109 Y102.652 E.00213
G1 X99.217 Y99 E.13569
G1 X97.109 Y95.348 E.13569
G1 X92.891 Y95.348 E.13569
G1 X90.783 Y99 E.13569
G1 X92.891 Y102.652 E.13569
G1 X97.002 Y102.652 E.13227
SET_VELOCITY_LIMIT ACCEL=2000
G1 X96.882 Y102.26 F30000
;TYPE:Outer wall
;WIDTH:0.42
G1 F7200
G1 X98.764 Y99 E.1122
G1 X96.882 Y95.74 E.1122
G1 X93.118 Y95.74 E.1122
G1 X91.236 Y99 E.1122
G1 X93.118 Y102.26 E.1122
G1 X96.842 Y102.26 E.111
G1 E-.728 F1800
;WIPE_START
G1 F30000
G1 X97.452 Y101.226 E-.072
;WIPE_END
G1 X89.88 Y102.192 Z1
G1 X87.113 Y102.545 Z1
G1 Z.6
G1 E.8 F1800
SET_VELOCITY_LIMIT ACCEL=3000
;TYPE:Inner wall
;WIDTH:0.45
G1 F12000
G1 X89.159 Y99 E.1317
G1 X87.08 Y95.398 E.13383
G1 X82.92 Y95.398 E.13383
G1 X80.841 Y99 E.13383
G1 X82.92 Y102.602 E.13383
G1 X87.08 Y102.602 E.13383
G1 X87.093 Y102.579 E.00085
SET_VELOCITY_LIMIT ACCEL=2000
G1 X86.853 Y102.21 F30000
;TYPE:Outer wall
;WIDTH:0.42
G1 F7200
G1 X88.707 Y99 E.11048
G1 X86.853 Y95.79 E.11048
G1 X83.147 Y95.79 E.11048
G1 X81.293 Y99 E.11048
G1 X83.147 Y102.21 E.11048
G1 X86.813 Y102.21 E.10928
G1 E-.728 F1800
;WIPE_START
G1 F30000
G1 X87.423 Y101.176 E-.072
;WIPE_END
G1 X95.051 Y101.447 Z1
G1 X137.344 Y102.945 Z1
G1 Z.6
G1 E.8 F1800
SET_VELOCITY_LIMIT ACCEL=3000
;TYPE:Inner wall
;WIDTH:0.45
G1 F12000
G1 X139.217 Y99.7 E.12054
G1 X139.398 Y99.749 E.00603
G1 X139.398 Y103.398 E.11742
G1 X80.602 Y103.398 E1.89185
G1 X80.602 Y94.602 E.28302
G1 X139.398 Y94.602 E1.89185
G1 X139.398 Y98.251 E.11742
G1 X139.217 Y98.3 E.00603
G1 X137.311 Y94.998 E.12268
G1 X132.689 Y94.998 E.1487
G1 X130.379 Y99 E.14869
G1 X132.689 Y103.002 E.14869
G1 X137.311 Y103.002 E.1487
G1 X137.324 Y102.979 E.00085
SET_VELOCITY_LIMIT ACCEL=2000
G1 X137.084 Y102.61 F30000
;TYPE:Outer wall
;WIDTH:0.42
G1 F7200
G1 X139.168 Y99 E.12424
G1 X137.084 Y95.39 E.12424
G1 X132.916 Y95.39 E.12424
G1 X130.832 Y99 E.12424
G1 X132.916 Y102.61 E.12424
G1 X137.044 Y102.61 E.12305
G1 E-.728 F1800
;WIPE_START
G1 F30000
G1 X137.653 Y101.576 E-.072
;WIPE_END
G1 X139.78 Y94.246 Z1
G1 X139.79 Y94.21 Z1
G1 Z.6
G1 E.8 F1800
G1 F7200
G1 X139.79 Y103.79 E.28554
G1 X80.21 Y103.79 E1.77581
G1 X80.21 Y94.21 E.28554
M73 P43 R15
G1 X139.75 Y94.21 E1.77461
G1 E-.728 F1800
;WIPE_START
G1 F30000
G1 X139.755 Y95.41 E-.072
;WIPE_END
G1 X139.006 Y97.15 Z1
G1 Z.6
G1 E.8 F1800
SET_VELOCITY_LIMIT ACCEL=3000
;TYPE:Internal solid infill
;WIDTH:0.419999
G1 F15000
G1 X139.006 Y94.994 E.06426
G1 X137.761 Y94.994 E.0371
G1 X138.986 Y97.115 E.073
G1 E-.728 F1800
;WIPE_START
G1 F30000
G1 X138.386 Y96.076 E-.072
;WIPE_END
G1 X138.584 Y95.392 Z1
G1 Z.6
G1 E.8 F1800
;WIDTH:0.577008
G1 F12408.803
G1 X138.517 Y95.392 E.00282
G1 X138.484 Y95.45 E.00282
G1 X138.517 Y95.508 E.00282
G1 X138.584 Y95.508 E.00282
G1 X138.597 Y95.484 E.00113
G1 E-.78237 F1800
;WIPE_START
G1 F30000
G1 X138.584 Y95.508 E-.00161
G1 X138.517 Y95.508 E-.00401
G1 X138.484 Y95.45 E-.00401
G1 X138.517 Y95.392 E-.00401
G1 X138.584 Y95.392 E-.00401
;WIPE_END
G1 X139.487 Y98.43 Z1
G1 Z.6
G1 E.8 F1800
;TYPE:Gap infill
;WIDTH:0.256347
G1 F15000
G1 X139.487 Y99.57 E.01922
G1 E-.73163 F1800
;WIPE_START
G1 F30000
G1 X139.487 Y98.43 E-.06837
;WIPE_END
G1 X137.761 Y103.006 Z1
G1 Z.6
G1 E.8 F1800
;TYPE:Internal solid infill
;WIDTH:0.419999
G1 F15000
G1 X139.006 Y103.006 E.0371
G1 X139.006 Y100.85 E.06426
G1 X137.781 Y102.971 E.073
G1 E-.728 F1800
;WIPE_START
G1 F30000
G1 X138.381 Y101.932 E-.072
;WIPE_END
G1 X138.584 Y102.492 Z1
G1 Z.6
G1 E.8 F1800
;WIDTH:0.57701
G1 F12408.758
G1 X138.517 Y102.492 E.00282
G1 X138.483 Y102.55 E.00282
G1 X138.517 Y102.608 E.00282
G1 X138.584 Y102.608 E.00282
G1 X138.597 Y102.585 E.00113
G1 E-.78237 F1800
;WIPE_START
G1 F30000
G1 X138.584 Y102.608 E-.00161
G1 X138.517 Y102.608 E-.00401
G1 X138.483 Y102.55 E-.00401
G1 X138.517 Y102.492 E-.00401
G1 X138.584 Y102.492 E-.00401
;WIPE_END
G1 X132.487 Y103.185 Z1
G1 Z.6
G1 E.8 F1800
;WIDTH:0.420007
G1 F15000
G1 X129.185 Y99.883 E.13919
G1 E-.728 F1800
;WIPE_START
G1 F30000
G1 X130.034 Y100.731 E-.072
;WIPE_END
G1 X131.963 Y103.194 Z1
G1 Z.6
G1 E.8 F1800
;TYPE:Gap infill
;WIDTH:0.419961
G1 F15000
G1 X129.019 Y100.25 E.12409
G1 E-.728 F1800
;WIPE_START
G1 F30000
G1 X129.868 Y101.099 E-.072
;WIPE_END
G1 X129.968 Y99.772 Z1
G1 Z.6
G1 E.8 F1800
;TYPE:Internal solid infill
;WIDTH:0.453864
G1 F15000
G1 X129.917 Y99.772 E.00167
G1 X129.891 Y99.816 E.00167
G1 X129.917 Y99.861 E.00167
G1 X129.974 Y99.851 E.00188
G1 E-.78728 F1800
;WIPE_START
G1 F30000
G1 X129.917 Y99.861 E-.00347
G1 X129.891 Y99.816 E-.00308
G1 X129.917 Y99.772 E-.00308
G1 X129.968 Y99.772 E-.00308
;WIPE_END
G1 X131.78 Y102.211 Z1
G1 Z.6
G1 E.8 F1800
;WIDTH:0.419999
G1 F15000
G1 X130.107 Y99.313 E.09974
G1 X130.014 Y99.339 E.00288
G1 X129.84 Y99.205 E.00653
G1 X129.45 Y99.881 E.02327
G1 X131.752 Y102.183 E.09702
G1 E-.728 F1800
;WIPE_START
G1 F30000
G1 X130.903 Y101.334 E-.072
;WIPE_END
G1 X132.408 Y103.03 Z1
G1 Z.6
G1 E.8 F1800
;WIDTH:0.38292
G1 F15000
G1 X132.419 Y103.076 E.00127
G1 E-.79716 F1800
;WIPE_START
G1 F30000
G1 X132.408 Y103.03 E-.00284
;WIPE_END
G1 X128.942 Y102.257 Z1
G1 Z.6
G1 E.8 F1800
;WIDTH:0.408879
G1 F15000
G1 X129.701 Y102.257 E.02195
G1 X129.22 Y101.776 E.01968
G1 X128.962 Y102.223 E.01491
G1 X128.299 Y102.629 F30000
;WIDTH:0.419999
G1 F15000
G1 X130.598 Y102.629 E.06853
G1 X129.14 Y101.171 E.06144
G1 X128.319 Y102.594 E.04897
G1 X127.737 Y103.006 F30000
G1 F15000
G1 X131.508 Y103.006 E.11241
G1 X129.059 Y100.557 E.10322
G1 X127.725 Y102.869 E.07956
G1 X127.733 Y102.966 E.00291
G1 X127.345 Y103.15 F30000
;TYPE:Gap infill
;WIDTH:0.13168
G1 F15000
G1 X122.655 Y103.15 E.0329
G1 X122.432 Y102.683 F30000
;TYPE:Internal solid infill
;WIDTH:0.420005
G1 F15000
G1 X119.399 Y99.651 E.12781
G1 X119.204 Y99.989 E.01164
G1 X122.45 Y103.234 E.13681
G1 X121.877 Y103.194 F30000
;TYPE:Gap infill
;WIDTH:0.419955
G1 F15000
G1 X118.914 Y100.232 E.12486
G1 E-.728 F1800
;WIPE_START
G1 F30000
G1 X119.763 Y101.08 E-.072
;WIPE_END
G1 X121.132 Y101.022 Z1
G1 Z.6
G1 E.8 F1800
;TYPE:Internal solid infill
;WIDTH:0.553227
G1 F12987.071
G1 X120.038 Y99.128 E.08826
;WIDTH:0.531023
G1 F13577.876
G1 X120.058 Y99.054 E.00295
;WIDTH:0.486613
G1 F14936.888
G1 X120.077 Y98.98 E.00268
;WIDTH:0.420222
G1 F15000
G1 X120.096 Y98.906 E.00228
G1 X120.447 Y98.298 E.02093
G1 X118.059 Y95.911 E.10069
G1 X119.789 Y98.906 E.10314
;WIDTH:0.442204
G1 X119.808 Y98.98 E.00241
;WIDTH:0.486613
G1 F14936.888
G1 X119.827 Y99.054 E.00268
;WIDTH:0.55193
G1 F13020.166
G1 X119.846 Y99.128 E.00307
G1 X119.623 Y99.514 E.01793
G1 X121.104 Y100.994 E.08424
G1 E-.728 F1800
;WIPE_START
G1 F30000
G1 X120.255 Y100.146 E-.072
;WIPE_END
G1 X119.969 Y98.318 Z1
G1 Z.6
G1 E.8 F1800
;WIDTH:0.473274
G1 F15000
G1 X119.915 Y98.318 E.00183
G1 X119.888 Y98.365 E.00183
G1 X119.915 Y98.411 E.00183
G1 X119.976 Y98.399 E.0021
G1 E-.78661 F1800
;WIPE_START
G1 F30000
G1 X119.915 Y98.411 E-.00371
G1 X119.888 Y98.365 E-.00323
G1 X119.915 Y98.318 E-.00323
G1 X119.969 Y98.318 E-.00323
;WIPE_END
G1 X121.297 Y97.282 Z1
G1 Z.6
G1 E.8 F1800
;WIDTH:0.420003
G1 F15000
G1 X118.95 Y94.935 E.09892
G1 X118.417 Y94.935 E.01589
G1 X120.978 Y97.496 E.10794
G1 X120.783 Y97.834 E.01164
G1 X117.714 Y94.766 E.12934
G1 E-.728 F1800
;WIPE_START
G1 F30000
G1 X118.563 Y95.614 E-.072
;WIPE_END
G1 X120.682 Y98.267 Z1
G1 Z.6
G1 E.8 F1800
;TYPE:Gap infill
;WIDTH:0.419956
G1 F15000
G1 X117.695 Y95.28 E.1259
G1 X117.462 Y94.976 E.01143
G1 X117.258 Y94.9 F30000
;WIDTH:0.231688
G1 F15000
G1 X112.742 Y94.9 E.06739
G1 E-.728 F1800
;WIPE_START
G1 F30000
G1 X113.942 Y94.9 E-.072
;WIPE_END
G1 X111.464 Y96.736 Z1
G1 Z.6
G1 E.8 F1800
;TYPE:Internal solid infill
;WIDTH:0.419999
G1 F15000
G1 X112.35 Y95.202 E.05279
G1 X112.35 Y94.994 E.00619
G1 X109.723 Y94.994 E.0783
G1 X111.436 Y96.708 E.07222
G1 X111.373 Y96.043 F30000
;WIDTH:0.516944
G1 F13981.134
G1 X111.733 Y95.42 E.02695
G1 X110.75 Y95.42 E.03682
G1 X111.345 Y96.014 E.03151
G1 E-.728 F1800
;WIPE_START
G1 F30000
G1 X110.75 Y95.42 E-.05046
G1 X111.109 Y95.42 E-.02154
;WIPE_END
G1 X109.227 Y94.766 Z1
G1 Z.6
G1 E.8 F1800
;WIDTH:0.420002
G1 F15000
G1 X111.41 Y96.948 E.09199
G1 X111.214 Y97.286 E.01164
G1 X108.864 Y94.935 E.09908
G1 X108.331 Y94.935 E.01589
G1 X111.019 Y97.624 E.11333
G1 X110.824 Y97.962 E.01164
G1 X107.628 Y94.766 E.13474
G1 E-.728 F1800
;WIPE_START
G1 F30000
G1 X108.476 Y95.614 E-.072
;WIPE_END
G1 X110.724 Y98.395 Z1
G1 Z.6
G1 E.8 F1800
;TYPE:Gap infill
;WIDTH:0.419957
G1 F15000
G1 X107.375 Y95.046 E.14114
G1 X107.172 Y94.95 F30000
;WIDTH:0.331686
G1 F15000
G1 X102.828 Y94.95 E.09913
G1 E-.728 F1800
;WIPE_START
G1 F30000
G1 X104.028 Y94.95 E-.072
;WIPE_END
G1 X101.522 Y96.836 Z1
G1 Z.6
G1 E.8 F1800
;TYPE:Internal solid infill
;WIDTH:0.419999
G1 F15000
G1 X102.436 Y95.252 E.05453
G1 X102.436 Y94.994 E.00769
G1 X99.679 Y94.994 E.08218
G1 X101.493 Y96.808 E.07646
G1 X101.426 Y96.112 F30000
;WIDTH:0.555236
G1 F12936.144
G1 X101.815 Y95.439 E.03149
G1 X100.753 Y95.439 E.04301
G1 X101.398 Y96.084 E.03694
G1 E-.728 F1800
;WIPE_START
G1 F30000
G1 X100.753 Y95.439 E-.05474
G1 X101.041 Y95.439 E-.01727
;WIPE_END
G1 X99.184 Y94.766 Z1
G1 Z.6
G1 E.8 F1800
;WIDTH:0.42
G1 F15000
G1 X101.467 Y97.049 E.09623
G1 X101.272 Y97.387 E.01164
G1 X98.821 Y94.935 E.10333
G1 X98.287 Y94.935 E.01589
G1 X101.077 Y97.725 E.11758
G1 X100.881 Y98.063 E.01164
G1 X97.754 Y94.935 E.13183
G1 X97.461 Y94.935 E.00872
G1 X97.461 Y95.176 E.00718
G1 X100.686 Y98.401 E.13593
G1 X100.491 Y98.739 E.01164
G1 X98.031 Y96.279 E.10371
G1 X98.759 Y97.54 E.04342
G1 X100.506 Y99.288 E.07365
G1 X101.235 Y100.549 E.04342
G1 X99.488 Y98.802 E.07365
G1 X99.602 Y99 E.00682
G1 X99.437 Y99.285 E.00981
G1 X101.963 Y101.811 E.10648
G1 X102.495 Y102.732 E.0317
G1 X102.495 Y102.876 E.00429
G1 X99.242 Y99.623 E.13712
G1 X99.047 Y99.961 E.01164
G1 X102.32 Y103.234 E.13797
G1 X101.747 Y103.194 F30000
;TYPE:Gap infill
;WIDTH:0.419958
G1 F15000
G1 X98.757 Y100.204 E.12602
G1 E-.728 F1800
;WIPE_START
G1 F30000
G1 X99.605 Y101.053 E-.072
;WIPE_END
G1 X99.463 Y102.249 Z1
G1 Z.6
G1 E.8 F1800
;TYPE:Internal solid infill
;WIDTH:0.426286
G1 F15000
G1 X98.96 Y101.745 E.02159
G1 X98.669 Y102.249 E.01763
G1 X99.423 Y102.249 E.02287
G1 E-.728 F1800
;WIPE_START
G1 F30000
G1 X98.669 Y102.249 E-.04529
G1 X98.891 Y101.863 E-.02671
;WIPE_END
G1 X100.381 Y102.629 Z1
G1 Z.6
G1 E.8 F1800
;WIDTH:0.419999
G1 F15000
G1 X98.878 Y101.125 E.06337
G1 X98.01 Y102.629 E.05174
G1 X100.341 Y102.629 E.06948
G1 E-.728 F1800
;WIPE_START
G1 F30000
G1 X99.141 Y102.629 E-.072
;WIPE_END
G1 X101.292 Y103.006 Z1
G1 Z.6
G1 E.8 F1800
G1 F15000
G1 X98.797 Y100.511 E.10515
G1 X97.52 Y102.723 E.07612
G1 X97.52 Y103.006 E.00843
G1 X101.252 Y103.006 E.11122
G1 E-.728 F1800
;WIPE_START
G1 F30000
G1 X100.052 Y103.006 E-.072
;WIPE_END
G1 X102.828 Y103.05 Z1
G1 Z.6
G1 E.8 F1800
;TYPE:Gap infill
;WIDTH:0.331686
G1 F15000
G1 X107.172 Y103.05 E.09913
G1 E-.728 F1800
;WIPE_START
G1 F30000
G1 X105.972 Y103.05 E-.072
;WIPE_END
G1 X109.511 Y102.25 Z1
G1 Z.6
G1 E.8 F1800
;TYPE:Internal solid infill
;WIDTH:0.422805
G1 F15000
G1 X109.012 Y101.751 E.0212
G1 X108.723 Y102.25 E.01731
G1 X109.471 Y102.25 E.02245
G1 E-.728 F1800
;WIPE_START
G1 F30000
G1 X108.723 Y102.25 E-.04485
G1 X108.95 Y101.858 E-.02715
;WIPE_END
G1 X110.425 Y102.629 Z1
G1 Z.6
G1 E.8 F1800
;WIDTH:0.419999
G1 F15000
G1 X108.931 Y101.135 E.06298
G1 X108.068 Y102.629 E.05142
G1 X110.385 Y102.629 E.06905
G1 E-.728 F1800
;WIPE_START
G1 F30000
G1 X109.185 Y102.629 E-.072
;WIPE_END
G1 X111.335 Y103.006 Z1
G1 Z.6
G1 E.8 F1800
G1 F15000
G1 X108.85 Y100.52 E.10476
G1 X107.564 Y102.748 E.07666
G1 X107.564 Y103.006 E.00769
G1 X111.295 Y103.006 E.11122
G1 E-.728 F1800
;WIPE_START
G1 F30000
G1 X110.095 Y103.006 E-.072
;WIPE_END
G1 X111.834 Y101.905 Z1
G1 Z.6
G1 E.8 F1800
G1 F15000
G1 X110.294 Y99.237 E.09185
;WIDTH:0.434253
G1 X110.226 Y99.109 E.00447
;WIDTH:0.451114
G1 X110.158 Y98.981 E.00466
G1 X110.488 Y98.426 E.02083
;WIDTH:0.419999
G1 X107.904 Y95.842 E.10891
G1 X109.564 Y98.717 E.09892
;WIDTH:0.434253
G1 X109.645 Y98.868 E.00531
;WIDTH:0.451815
G1 X109.726 Y99.019 E.00554
G1 X109.435 Y99.506 E.01834
;WIDTH:0.419999
G1 X111.806 Y101.877 E.09994
G1 E-.728 F1800
;WIPE_START
G1 F30000
G1 X110.958 Y101.029 E-.072
;WIPE_END
G1 X109.969 Y99.392 Z1
G1 Z.6
G1 E.8 F1800
;WIDTH:0.477256
G1 F15000
G1 X109.915 Y99.392 E.00186
G1 X109.888 Y99.439 E.00186
G1 X109.915 Y99.486 E.00186
G1 X109.977 Y99.474 E.00215
G1 E-.78647 F1800
;WIPE_START
G1 F30000
G1 X109.915 Y99.486 E-.00376
G1 X109.888 Y99.439 E-.00326
G1 X109.915 Y99.392 E-.00326
G1 X109.969 Y99.392 E-.00326
;WIPE_END
G1 X109.973 Y98.444 Z1
G1 Z.6
G1 E.8 F1800
;WIDTH:0.539706
G1 F13340.54
G1 X109.911 Y98.444 E.00244
G1 X109.88 Y98.498 E.00244
G1 X109.911 Y98.552 E.00244
G1 X109.973 Y98.552 E.00244
G1 X109.984 Y98.533 E.00087
G1 E-.78377 F1800
;WIPE_START
G1 F30000
G1 X109.973 Y98.552 E-.00133
G1 X109.911 Y98.552 E-.00373
G1 X109.88 Y98.498 E-.00373
G1 X109.911 Y98.444 E-.00373
G1 X109.973 Y98.444 E-.00373
;WIPE_END
G1 X112.578 Y102.916 Z1
G1 Z.6
G1 E.8 F1800
;WIDTH:0.420005
G1 F15000
G1 X109.295 Y99.632 E.13841
G1 X109.099 Y99.97 E.01164
G1 X112.363 Y103.234 E.13758
G1 X111.79 Y103.194 F30000
;TYPE:Gap infill
;WIDTH:0.419957
G1 F15000
G1 X108.809 Y100.213 E.12564
G1 E-.728 F1800
;WIPE_START
G1 F30000
G1 X109.658 Y101.062 E-.072
;WIPE_END
G1 X112.742 Y103.1 Z1
G1 Z.6
G1 E.8 F1800
;WIDTH:0.231688
G1 F15000
G1 X117.258 Y103.1 E.06739
G1 E-.728 F1800
;WIPE_START
G1 F30000
G1 X116.058 Y103.1 E-.072
;WIPE_END
G1 X121.422 Y103.006 Z1
G1 Z.6
G1 E.8 F1800
;TYPE:Internal solid infill
;WIDTH:0.419999
G1 F15000
G1 X118.955 Y100.539 E.10399
G1 X117.65 Y102.798 E.07775
G1 X117.65 Y103.006 E.00619
G1 X121.382 Y103.006 E.11122
G1 E-.728 F1800
;WIPE_START
G1 F30000
G1 X120.182 Y103.006 E-.072
;WIPE_END
G1 X120.511 Y102.629 Z1
G1 Z.6
G1 E.8 F1800
G1 F15000
G1 X119.035 Y101.153 E.06221
G1 X118.183 Y102.629 E.05079
G1 X120.471 Y102.629 E.06819
G1 E-.728 F1800
;WIPE_START
G1 F30000
G1 X119.271 Y102.629 E-.072
;WIPE_END
G1 X119.606 Y102.254 Z1
G1 Z.6
G1 E.8 F1800
;WIDTH:0.415842
G1 F15000
G1 X119.116 Y101.764 E.02043
G1 X118.833 Y102.254 E.01668
G1 X119.566 Y102.254 E.02161
G1 E-.728 F1800
;WIPE_START
G1 F30000
G1 X118.833 Y102.254 E-.04399
G1 X119.066 Y101.849 E-.02801
;WIPE_END
G1 X121.09 Y95.698 Z1
G1 Z.6
G1 E.8 F1800
;WIDTH:0.396568
G1 F15000
G1 X121.024 Y95.737 E.00214
G1 X121.093 Y95.771 E.00214
G1 X121.147 Y96.332 F30000
;WIDTH:0.419999
G1 F15000
G1 X121.701 Y95.371 E.03305
G1 X120.186 Y95.371 E.04515
G1 X121.118 Y96.303 E.03929
G1 X121.228 Y96.946 F30000
G1 F15000
G1 X122.275 Y95.131 E.06245
G1 X122.263 Y94.994 E.0041
G1 X119.276 Y94.994 E.08904
G1 X121.199 Y96.917 E.08107
G1 E-.728 F1800
;WIPE_START
G1 F30000
G1 X120.351 Y96.069 E-.072
;WIPE_END
G1 X122.655 Y94.85 Z1
G1 Z.6
G1 E.8 F1800
;TYPE:Gap infill
;WIDTH:0.13168
G1 F15000
G1 X127.345 Y94.85 E.0329
G1 X127.801 Y94.766 F30000
;TYPE:Internal solid infill
;WIDTH:0.420002
G1 F15000
G1 X130.741 Y97.706 E.12394
G1 X130.546 Y98.044 E.01164
G1 X127.689 Y95.188 E.12041
G1 X128.418 Y96.449 E.04342
G1 X130.351 Y98.382 E.08147
G1 X130.156 Y98.72 E.01164
G1 X128.683 Y97.247 E.06208
G1 E-.728 F1800
;WIPE_START
G1 F30000
G1 X129.531 Y98.096 E-.072
;WIPE_END
G1 X129.928 Y99.025 Z1
G1 Z.6
G1 E.8 F1800
;TYPE:Gap infill
;WIDTH:0.402655
G1 F15000
G1 X129.901 Y98.974 E.00164
;WIDTH:0.368052
G1 X129.874 Y98.923 E.00148
;WIDTH:0.32887
G1 X129.77 Y98.787 E.00387
;WIDTH:0.285106
G1 X129.665 Y98.651 E.00328
;WIDTH:0.241343
G1 X129.561 Y98.515 E.00269
;WIDTH:0.197579
G1 X129.457 Y98.379 E.0021
;WIDTH:0.153815
G1 X129.352 Y98.243 E.0015
;WIDTH:0.131933
G1 X129.248 Y98.107 E.00121
G1 E-.78972 F1800
;WIPE_START
G1 F30000
G1 X129.352 Y98.243 E-.01028
;WIPE_END
G1 X130.633 Y96.259 Z1
G1 Z.6
G1 E.8 F1800
;TYPE:Internal solid infill
;WIDTH:0.428234
G1 F15000
G1 X130.925 Y95.752 E.01781
G1 X130.127 Y95.752 E.02433
G1 X130.605 Y96.231 E.02059
G1 X130.715 Y96.88 F30000
;WIDTH:0.419999
G1 F15000
G1 X131.586 Y95.371 E.05192
G1 X129.206 Y95.371 E.07092
M73 P44 R15
G1 X130.687 Y96.851 E.06239
G1 X130.796 Y97.494 F30000
G1 F15000
G1 X132.239 Y94.994 E.08603
G1 X128.296 Y94.994 E.11752
G1 X130.767 Y97.466 E.10417
G1 E-.728 F1800
;WIPE_START
G1 F30000
G1 X129.919 Y96.617 E-.072
;WIPE_END
G1 X122.296 Y96.235 Z1
G1 X97.128 Y94.975 Z1
G1 Z.6
G1 E.8 F1800
;TYPE:Gap infill
;WIDTH:0.38168
G1 F15000
G1 X92.872 Y94.975 E.11397
G1 E-.728 F1800
;WIPE_START
G1 F30000
G1 X94.072 Y94.975 E-.072
;WIPE_END
G1 X91.542 Y96.901 Z1
G1 Z.6
G1 E.8 F1800
;TYPE:Internal solid infill
;WIDTH:0.419999
G1 F15000
G1 X92.48 Y95.277 E.05587
G1 X92.48 Y94.994 E.00843
G1 X89.636 Y94.994 E.08476
G1 X91.514 Y96.872 E.07916
G1 X91.462 Y96.286 F30000
G1 F15000
G1 X91.99 Y95.371 E.0315
G1 X90.546 Y95.371 E.04302
G1 X91.433 Y96.258 E.03738
G1 X91.407 Y95.685 F30000
;WIDTH:0.362134
G1 F15000
G1 X91.347 Y95.719 E.00174
G1 X91.407 Y95.754 E.00174
G1 E-.79171 F1800
;WIPE_START
G1 F30000
G1 X91.347 Y95.719 E-.00414
G1 X91.407 Y95.685 E-.00415
;WIPE_END
G1 X89.141 Y94.766 Z1
G1 Z.6
G1 E.8 F1800
;WIDTH:0.42
G1 F15000
G1 X91.488 Y97.113 E.09893
G1 X91.293 Y97.451 E.01164
G1 X88.777 Y94.935 E.10603
G1 X88.244 Y94.935 E.01589
G1 X91.097 Y97.789 E.12028
G1 X90.902 Y98.127 E.01164
G1 X87.711 Y94.935 E.13453
G1 X87.418 Y94.935 E.00872
G1 X87.418 Y95.176 E.00718
G1 X90.707 Y98.465 E.13863
G1 X90.512 Y98.803 E.01164
G1 X87.953 Y96.244 E.10785
G1 X88.682 Y97.506 E.04342
G1 X90.702 Y99.527 E.08517
G1 X91.431 Y100.788 E.04342
G1 X89.41 Y98.768 E.08517
G1 X89.544 Y99 E.00799
G1 X89.385 Y99.276 E.00949
G1 X92.159 Y102.05 E.11694
G1 X92.539 Y102.707 E.02261
G1 X92.539 Y102.963 E.00762
G1 X89.19 Y99.614 E.14116
G1 X88.994 Y99.952 E.01164
G1 X92.277 Y103.234 E.13835
G1 X91.704 Y103.194 F30000
;TYPE:Gap infill
;WIDTH:0.419958
G1 F15000
G1 X88.704 Y100.195 E.12641
G1 E-.728 F1800
;WIPE_START
G1 F30000
G1 X89.553 Y101.044 E-.072
;WIPE_END
G1 X89.416 Y102.247 Z1
G1 Z.6
G1 E.8 F1800
;TYPE:Internal solid infill
;WIDTH:0.429767
G1 F15000
G1 X88.908 Y101.738 E.02199
G1 X88.614 Y102.247 E.01795
G1 X89.376 Y102.247 E.0233
G1 E-.728 F1800
;WIPE_START
G1 F30000
G1 X88.614 Y102.247 E-.04572
G1 X88.833 Y101.867 E-.02628
;WIPE_END
G1 X90.338 Y102.629 Z1
G1 Z.6
G1 E.8 F1800
;WIDTH:0.419999
G1 F15000
G1 X88.826 Y101.116 E.06375
G1 X87.952 Y102.629 E.05205
G1 X90.298 Y102.629 E.06991
G1 E-.728 F1800
;WIPE_START
G1 F30000
G1 X89.098 Y102.629 E-.072
;WIPE_END
G1 X91.248 Y103.006 Z1
G1 Z.6
G1 E.8 F1800
G1 F15000
G1 X88.745 Y100.502 E.10553
G1 X87.477 Y102.698 E.07557
G1 X87.477 Y103.006 E.00918
G1 X91.208 Y103.006 E.11122
G1 E-.728 F1800
;WIPE_START
G1 F30000
G1 X90.008 Y103.006 E-.072
;WIPE_END
G1 X92.872 Y103.025 Z1
G1 Z.6
G1 E.8 F1800
;TYPE:Gap infill
;WIDTH:0.38168
G1 F15000
G1 X97.128 Y103.025 E.11397
G1 E-.728 F1800
;WIPE_START
G1 F30000
G1 X95.928 Y103.025 E-.072
;WIPE_END
G1 X88.296 Y103.003 Z1
G1 X87.085 Y103 Z1
G1 Z.6
G1 E.8 F1800
;WIDTH:0.431684
G1 F15000
G1 X82.915 Y103 E.12814
G1 X82.523 Y103.006 F30000
;TYPE:Internal solid infill
;WIDTH:0.419999
G1 F15000
G1 X82.49 Y102.642 E.0109
G1 X80.994 Y100.05 E.0892
G1 X80.994 Y103.006 E.0881
G1 X82.483 Y103.006 E.04438
G1 X81.996 Y102.599 F30000
;WIDTH:0.479026
G1 F15000
G1 X81.401 Y101.567 E.04107
G1 X81.401 Y102.599 E.03557
G1 X81.956 Y102.599 E.01916
G1 E-.728 F1800
;WIPE_START
G1 F30000
G1 X81.401 Y102.599 E-.03334
G1 X81.401 Y101.955 E-.03866
;WIPE_END
G1 X80.994 Y97.95 Z1
G1 Z.6
G1 E.8 F1800
;WIDTH:0.419999
G1 F15000
G1 X82.523 Y95.302 E.09113
G1 X82.523 Y94.994 E.00918
G1 X80.994 Y94.994 E.04557
G1 X80.994 Y97.91 E.08691
G1 E-.728 F1800
;WIPE_START
G1 F30000
G1 X80.994 Y96.71 E-.072
;WIPE_END
G1 X81.401 Y96.433 Z1
G1 Z.6
G1 E.8 F1800
;WIDTH:0.479025
G1 F15000
G1 X81.996 Y95.401 E.04107
G1 X81.401 Y95.401 E.02054
G1 X81.401 Y96.393 E.03419
G1 E-.728 F1800
;WIPE_START
G1 F30000
G1 X81.401 Y95.401 E-.05951
G1 X81.609 Y95.401 E-.01249
;WIPE_END
G1 X82.915 Y95 Z1
G1 Z.6
G1 E.8 F1800
;TYPE:Gap infill
;WIDTH:0.431684
G1 F15000
G1 X87.085 Y95 E.12814
G1 E-.728 F1800
;WIPE_START
G1 F30000
G1 X85.885 Y95 E-.072
;WIPE_END
G1 X92.952 Y97.883 Z1
G1 X129.29 Y112.71 Z1
G1 Z.6
G1 E.8 F1800
SET_VELOCITY_LIMIT ACCEL=2000
;TYPE:Outer wall
;WIDTH:0.42
G1 F7200
G1 X130.71 Y112.71 E.04232
G1 X130.71 Y111.29 E.04232
G1 X129.29 Y111.29 E.04232
G1 X129.29 Y112.67 E.04113
G1 E-.728 F1800
;WIPE_START
G1 F30000
G1 X130.49 Y112.704 E-.072
;WIPE_END
G1 X129.29 Y109.29 Z1
G1 Z.6
G1 E.8 F1800
G1 F7200
G1 X129.29 Y110.71 E.04232
G1 X130.71 Y110.71 E.04232
G1 X130.71 Y109.29 E.04232
G1 X129.33 Y109.29 E.04113
G1 E-.728 F1800
;WIPE_START
G1 F30000
G1 X129.296 Y110.49 E-.072
;WIPE_END
G1 X128.71 Y108.71 Z1
G1 Z.6
G1 E.8 F1800
G1 F7200
G1 X131.29 Y108.71 E.0769
G1 X131.29 Y113.29 E.13651
G1 X128.71 Y113.29 E.0769
G1 X128.71 Y108.75 E.13532
G1 E-.728 F1800
;WIPE_START
G1 F30000
G1 X129.91 Y108.731 E-.072
;WIPE_END
G1 X129.023 Y111 Z1
G1 Z.6
G1 E.8 F1800
SET_VELOCITY_LIMIT ACCEL=3000
;TYPE:Gap infill
;WIDTH:0.232486
G1 F15000
G1 X129 Y111.094 E.00145
G1 X129 Y112.906 E.02715
G1 X129.016 Y112.984 E.00119
G1 X129.094 Y113 E.00119
G1 X130.906 Y113 E.02715
G1 X130.984 Y112.984 E.00119
G1 X131 Y112.906 E.00119
G1 X131 Y111.094 E.02715
G1 X130.977 Y111 E.00145
G1 X129.063 Y111 E.02866
G1 X129.023 Y111 F30000
;WIDTH:0.232469
G1 F15000
G1 X129 Y110.906 E.00145
G1 X129 Y109.094 E.02715
G1 X129.016 Y109.016 E.00119
G1 X129.094 Y109 E.00119
G1 X130.906 Y109 E.02715
G1 X130.984 Y109.016 E.00119
G1 X131 Y109.094 E.00119
G1 X131 Y110.906 E.02715
G1 X130.977 Y111 E.00145
G1 E-.728 F1800
;WIPE_START
G1 F30000
G1 X131 Y110.906 E-.00581
G1 X131 Y109.803 E-.06619
;WIPE_END
G1 X126.71 Y111.29 Z1
G1 Z.6
G1 E.8 F1800
SET_VELOCITY_LIMIT ACCEL=2000
;TYPE:Outer wall
;WIDTH:0.42
G1 F7200
G1 X126.71 Y112.71 E.04232
G1 X125.29 Y112.71 E.04232
G1 X125.29 Y111.29 E.04232
G1 X126.67 Y111.29 E.04113
G1 E-.728 F1800
;WIPE_START
G1 F30000
G1 X126.704 Y112.49 E-.072
;WIPE_END
G1 X126.71 Y109.29 Z1
G1 Z.6
G1 E.8 F1800
G1 F7200
G1 X124.71 Y109.29 E.05961
G1 X124.71 Y108.71 E.01729
G1 X127.29 Y108.71 E.0769
G1 X127.29 Y113.29 E.13651
G1 X124.71 Y113.29 E.0769
G1 X124.71 Y110.71 E.0769
G1 X126.71 Y110.71 E.05961
G1 X126.71 Y109.33 E.04113
G1 E-.728 F1800
;WIPE_START
G1 F30000
G1 X125.51 Y109.306 E-.072
;WIPE_END
G1 X126.977 Y111 Z1
G1 Z.6
G1 E.8 F1800
SET_VELOCITY_LIMIT ACCEL=3000
;TYPE:Gap infill
;WIDTH:0.232591
G1 F15000
G1 X127 Y110.906 E.00145
G1 X127 Y109.094 E.02717
G1 X126.984 Y109.016 E.00119
G1 X126.906 Y109 E.00119
G1 X124.906 Y109 E.02998
G1 E-.728 F1800
;WIPE_START
G1 F30000
G1 X126.106 Y109 E-.072
;WIPE_END
G1 X125.094 Y111 Z1
G1 Z.6
G1 E.8 F1800
;WIDTH:0.232236
G1 F15000
G1 X125.016 Y111.016 E.00119
G1 X125 Y111.094 E.00119
G1 X125 Y112.906 E.02712
G1 X125.016 Y112.984 E.00119
G1 X125.094 Y113 E.00119
G1 X126.906 Y113 E.02712
G1 X126.984 Y112.984 E.00119
G1 X127 Y112.906 E.00119
G1 X127 Y111.094 E.02712
G1 X126.977 Y111 E.00145
G1 X125.134 Y111 E.02757
G1 E-.728 F1800
;WIPE_START
G1 F30000
G1 X125.016 Y111.016 E-.00714
G1 X125 Y111.094 E-.00477
G1 X125 Y112.096 E-.06009
;WIPE_END
G1 X117.388 Y112.66 Z1
G1 X116.71 Y112.71 Z1
G1 Z.6
G1 E.8 F1800
SET_VELOCITY_LIMIT ACCEL=2000
;TYPE:Outer wall
;WIDTH:0.42
G1 F7200
G1 X116.71 Y111.71 E.02981
G1 X117.29 Y111.71 E.01729
G1 X117.29 Y113.29 E.04709
G1 X114.71 Y113.29 E.0769
G1 X114.71 Y112.71 E.01729
G1 X116.67 Y112.71 E.05842
G1 E-.728 F1800
;WIPE_START
G1 F30000
G1 X116.71 Y111.71 E-.06005
G1 X116.909 Y111.71 E-.01195
;WIPE_END
G1 X117 Y111.906 Z1
G1 Z.6
M73 P44 R14
G1 E.8 F1800
SET_VELOCITY_LIMIT ACCEL=3000
;TYPE:Gap infill
;WIDTH:0.231654
G1 F15000
G1 X117 Y112.906 E.01492
G1 X116.984 Y112.984 E.00119
G1 X116.906 Y113 E.00119
G1 X114.906 Y113 E.02984
G1 E-.728 F1800
;WIPE_START
G1 F30000
G1 X116.106 Y113 E-.072
;WIPE_END
G1 X116.29 Y111.29 Z1
G1 Z.6
G1 E.8 F1800
SET_VELOCITY_LIMIT ACCEL=2000
;TYPE:Outer wall
;WIDTH:0.42
G1 F7200
G1 X115.71 Y111.29 E.01729
G1 X115.71 Y108.71 E.0769
G1 X116.29 Y108.71 E.01729
G1 X116.29 Y111.25 E.07571
G1 X116 Y111.094 F30000
SET_VELOCITY_LIMIT ACCEL=3000
;TYPE:Gap infill
;WIDTH:0.230842
G1 F15000
G1 X116 Y108.906 E.0325
G1 E-.728 F1800
;WIPE_START
G1 F30000
G1 X116 Y110.106 E-.072
;WIPE_END
G1 X112.71 Y112.71 Z1
G1 Z.6
G1 E.8 F1800
SET_VELOCITY_LIMIT ACCEL=2000
;TYPE:Outer wall
;WIDTH:0.42
G1 F7200
G1 X111.29 Y112.71 E.04232
G1 X111.29 Y111.29 E.04232
G1 X112.71 Y111.29 E.04232
G1 X112.71 Y112.67 E.04113
G1 E-.728 F1800
;WIPE_START
G1 F30000
G1 X111.51 Y112.704 E-.072
;WIPE_END
G1 X112.71 Y110.71 Z1
G1 Z.6
G1 E.8 F1800
G1 F7200
G1 X112.71 Y109.29 E.04232
G1 X110.71 Y109.29 E.05961
G1 X110.71 Y108.71 E.01729
G1 X113.29 Y108.71 E.0769
G1 X113.29 Y113.29 E.13651
G1 X110.71 Y113.29 E.0769
G1 X110.71 Y110.71 E.0769
G1 X112.67 Y110.71 E.05842
G1 X112.977 Y111 F30000
SET_VELOCITY_LIMIT ACCEL=3000
;TYPE:Gap infill
;WIDTH:0.232591
G1 F15000
G1 X113 Y110.906 E.00145
G1 X113 Y109.094 E.02717
G1 X112.984 Y109.016 E.00119
G1 X112.906 Y109 E.00119
G1 X110.906 Y109 E.02998
G1 E-.728 F1800
;WIPE_START
G1 F30000
G1 X112.106 Y109 E-.072
;WIPE_END
G1 X111.094 Y111 Z1
G1 Z.6
G1 E.8 F1800
;WIDTH:0.232236
G1 F15000
G1 X111.016 Y111.016 E.00119
G1 X111 Y111.094 E.00119
G1 X111 Y112.906 E.02712
G1 X111.016 Y112.984 E.00119
G1 X111.094 Y113 E.00119
G1 X112.906 Y113 E.02712
G1 X112.984 Y112.984 E.00119
G1 X113 Y112.906 E.00119
G1 X113 Y111.094 E.02712
G1 X112.977 Y111 E.00145
G1 X111.134 Y111 E.02757
G1 E-.728 F1800
;WIPE_START
G1 F30000
G1 X111.016 Y111.016 E-.00714
G1 X111 Y111.094 E-.00477
G1 X111 Y112.096 E-.06009
;WIPE_END
G1 X103.444 Y111.017 Z1
G1 X101.29 Y110.71 Z1
G1 Z.6
G1 E.8 F1800
SET_VELOCITY_LIMIT ACCEL=2000
;TYPE:Outer wall
;WIDTH:0.42
G1 F7200
G1 X101.29 Y109.29 E.04232
G1 X102.71 Y109.29 E.04232
G1 X102.71 Y110.71 E.04232
G1 X101.33 Y110.71 E.04113
G1 E-.728 F1800
;WIPE_START
G1 F30000
G1 X101.296 Y109.51 E-.072
;WIPE_END
G1 X101.29 Y112.71 Z1
G1 Z.6
G1 E.8 F1800
G1 F7200
G1 X103.29 Y112.71 E.05961
G1 X103.29 Y113.29 E.01729
G1 X100.71 Y113.29 E.0769
G1 X100.71 Y108.71 E.13651
G1 X103.29 Y108.71 E.0769
G1 X103.29 Y111.29 E.0769
G1 X101.29 Y111.29 E.05961
G1 X101.29 Y112.67 E.04113
G1 E-.728 F1800
;WIPE_START
G1 F30000
G1 X102.49 Y112.694 E-.072
;WIPE_END
G1 X101.023 Y111 Z1
G1 Z.6
G1 E.8 F1800
SET_VELOCITY_LIMIT ACCEL=3000
;TYPE:Gap infill
;WIDTH:0.231976
G1 F15000
G1 X101 Y110.906 E.00145
G1 X101 Y109.094 E.02708
G1 X101.016 Y109.016 E.00119
G1 X101.094 Y109 E.00119
G1 X102.906 Y109 E.02708
G1 X102.984 Y109.016 E.00119
G1 X103 Y109.094 E.00119
G1 X103 Y110.906 E.02708
G1 X102.984 Y110.984 E.00119
G1 X102.906 Y111 E.00119
G1 X101.023 Y111 E.02813
G1 X101 Y111.094 E.00145
G1 X101 Y112.906 E.02708
G1 X101.016 Y112.984 E.00119
G1 X101.094 Y113 E.00119
G1 X103.094 Y113 E.02989
G1 E-.728 F1800
;WIPE_START
G1 F30000
G1 X101.894 Y113 E-.072
;WIPE_END
G1 X98.71 Y111.29 Z1
G1 Z.6
G1 E.8 F1800
SET_VELOCITY_LIMIT ACCEL=2000
;TYPE:Outer wall
;WIDTH:0.42
G1 F7200
G1 X98.71 Y112.71 E.04232
G1 X97.29 Y112.71 E.04232
G1 X97.29 Y111.29 E.04232
G1 X98.67 Y111.29 E.04113
G1 X98.71 Y110.71 F30000
G1 F7200
G1 X98.71 Y109.29 E.04232
G1 X96.71 Y109.29 E.05961
G1 X96.71 Y108.71 E.01729
G1 X99.29 Y108.71 E.0769
G1 X99.29 Y113.29 E.13651
G1 X96.71 Y113.29 E.0769
G1 X96.71 Y110.71 E.0769
G1 X98.67 Y110.71 E.05842
G1 X98.977 Y111 F30000
SET_VELOCITY_LIMIT ACCEL=3000
;TYPE:Gap infill
;WIDTH:0.232591
G1 F15000
G1 X99 Y110.906 E.00145
G1 X99 Y109.094 E.02717
G1 X98.984 Y109.016 E.00119
G1 X98.906 Y109 E.00119
G1 X96.906 Y109 E.02998
G1 E-.728 F1800
;WIPE_START
G1 F30000
G1 X98.106 Y109 E-.072
;WIPE_END
G1 X97.094 Y111 Z1
G1 Z.6
G1 E.8 F1800
;WIDTH:0.232236
G1 F15000
G1 X97.016 Y111.016 E.00119
G1 X97 Y111.094 E.00119
G1 X97 Y112.906 E.02712
G1 X97.016 Y112.984 E.00119
G1 X97.094 Y113 E.00119
G1 X98.906 Y113 E.02712
G1 X98.984 Y112.984 E.00119
G1 X99 Y112.906 E.00119
G1 X99 Y111.094 E.02712
G1 X98.977 Y111 E.00145
G1 X97.134 Y111 E.02757
G1 E-.728 F1800
;WIPE_START
G1 F30000
G1 X97.016 Y111.016 E-.00714
G1 X97 Y111.094 E-.00477
G1 X97 Y112.096 E-.06009
;WIPE_END
G1 X89.394 Y111.465 Z1
G1 X87.29 Y111.29 Z1
G1 Z.6
G1 E.8 F1800
SET_VELOCITY_LIMIT ACCEL=2000
;TYPE:Outer wall
;WIDTH:0.42
G1 F7200
G1 X87.29 Y112.71 E.04232
G1 X89.29 Y112.71 E.05961
G1 X89.29 Y113.29 E.01729
G1 X86.71 Y113.29 E.0769
G1 X86.71 Y110.71 E.0769
G1 X88.71 Y110.71 E.05961
G1 X88.71 Y109.29 E.04232
G1 X86.71 Y109.29 E.05961
G1 X86.71 Y108.71 E.01729
M73 P45 R14
G1 X89.29 Y108.71 E.0769
G1 X89.29 Y111.29 E.0769
G1 X87.33 Y111.29 E.05842
G1 E-.728 F1800
;WIPE_START
G1 F30000
G1 X87.296 Y112.49 E-.072
;WIPE_END
G1 X86.906 Y109 Z1
G1 Z.6
G1 E.8 F1800
SET_VELOCITY_LIMIT ACCEL=3000
;TYPE:Gap infill
;WIDTH:0.23186
G1 F15000
G1 X88.906 Y109 E.02987
G1 X88.984 Y109.016 E.00119
G1 X89 Y109.094 E.00119
G1 X89 Y110.906 E.02706
G1 X88.984 Y110.984 E.00119
G1 X88.906 Y111 E.00119
G1 X87.094 Y111 E.02706
G1 X87.016 Y111.016 E.00119
G1 X87 Y111.094 E.00119
G1 X87 Y112.906 E.02706
G1 X87.016 Y112.984 E.00119
G1 X87.094 Y113 E.00119
G1 X89.094 Y113 E.02987
G1 E-.728 F1800
;WIPE_START
G1 F30000
G1 X87.894 Y113 E-.072
;WIPE_END
G1 X84.71 Y112.71 Z1
G1 Z.6
G1 E.8 F1800
SET_VELOCITY_LIMIT ACCEL=2000
;TYPE:Outer wall
;WIDTH:0.42
G1 F7200
G1 X83.29 Y112.71 E.04232
G1 X83.29 Y111.29 E.04232
G1 X84.71 Y111.29 E.04232
G1 X84.71 Y112.67 E.04113
G1 E-.728 F1800
;WIPE_START
G1 F30000
G1 X83.51 Y112.704 E-.072
;WIPE_END
G1 X84.71 Y110.71 Z1
G1 Z.6
G1 E.8 F1800
G1 F7200
G1 X84.71 Y109.29 E.04232
G1 X82.71 Y109.29 E.05961
G1 X82.71 Y108.71 E.01729
G1 X85.29 Y108.71 E.0769
G1 X85.29 Y113.29 E.13651
G1 X82.71 Y113.29 E.0769
G1 X82.71 Y110.71 E.0769
G1 X84.67 Y110.71 E.05842
G1 X84.977 Y111 F30000
SET_VELOCITY_LIMIT ACCEL=3000
;TYPE:Gap infill
;WIDTH:0.232591
G1 F15000
G1 X85 Y110.906 E.00145
G1 X85 Y109.094 E.02717
G1 X84.984 Y109.016 E.00119
G1 X84.906 Y109 E.00119
G1 X82.906 Y109 E.02998
G1 E-.728 F1800
;WIPE_START
G1 F30000
G1 X84.106 Y109 E-.072
;WIPE_END
G1 X83.094 Y111 Z1
G1 Z.6
G1 E.8 F1800
;WIDTH:0.232236
G1 F15000
G1 X83.016 Y111.016 E.00119
G1 X83 Y111.094 E.00119
G1 X83 Y112.906 E.02712
G1 X83.016 Y112.984 E.00119
G1 X83.094 Y113 E.00119
G1 X84.906 Y113 E.02712
G1 X84.984 Y112.984 E.00119
G1 X85 Y112.906 E.00119
G1 X85 Y111.094 E.02712
G1 X84.977 Y111 E.00145
G1 X83.134 Y111 E.02757
G1 E-.728 F1800
;WIPE_START
G1 F30000
G1 X83.016 Y111.016 E-.00714
G1 X83 Y111.094 E-.00477
G1 X83 Y112.096 E-.06009
;WIPE_END
G1 X89.889 Y115.382 Z1
G1 X91.398 Y116.102 Z1
G1 Z.6
G1 E.8 F1800
;TYPE:Inner wall
;WIDTH:0.45
G1 F12000
G1 X91.398 Y126.898 E.33674
G1 X80.602 Y126.898 E.33674
G1 X80.602 Y116.102 E.33674
G1 X91.358 Y116.102 E.3355
SET_VELOCITY_LIMIT ACCEL=2000
G1 X91.79 Y115.71 F30000
;TYPE:Outer wall
;WIDTH:0.42
G1 F7200
G1 X91.79 Y127.29 E.33458
G1 X80.21 Y127.29 E.33458
G1 X80.21 Y115.71 E.33458
G1 X91.75 Y115.71 E.33342
G1 E-.728 F1800
;WIPE_START
G1 F30000
G1 X91.754 Y116.91 E-.072
;WIPE_END
G1 X91.006 Y117.815 Z1
G1 Z.6
G1 E.8 F1800
SET_VELOCITY_LIMIT ACCEL=3000
;TYPE:Internal solid infill
;WIDTH:0.419999
G1 F15000
G1 X91.006 Y116.494 E.03815
G1 X89.685 Y116.494 E.03815
G1 X90.978 Y117.786 E.05279
G1 E-.728 F1800
;WIPE_START
G1 F30000
G1 X90.129 Y116.938 E-.072
;WIPE_END
G1 X90.644 Y116.838 Z1
G1 Z.6
G1 E.8 F1800
;WIDTH:0.439294
G1 F15000
G1 X90.57 Y116.881 E.00261
G1 X90.649 Y116.916 E.00263
G1 E-.78967 F1800
;WIPE_START
G1 F30000
G1 X90.57 Y116.881 E-.00518
G1 X90.644 Y116.838 E-.00515
;WIPE_END
G1 X91.234 Y118.31 Z1
G1 Z.6
G1 E.8 F1800
;WIDTH:0.419999
G1 F15000
G1 X89.36 Y116.435 E.07659
G1 X88.827 Y116.435 E.0154
G1 X91.065 Y118.673 E.09144
G1 X91.065 Y119.207 E.0154
G1 X88.293 Y116.435 E.11323
G1 X87.76 Y116.435 E.0154
G1 X91.065 Y119.74 E.13503
G1 X91.065 Y120.273 E.0154
G1 X87.227 Y116.435 E.15682
G1 X86.694 Y116.435 E.0154
G1 X91.065 Y120.806 E.1786
G1 X91.065 Y121.34 E.0154
G1 X86.16 Y116.435 E.20039
G1 X85.627 Y116.435 E.0154
G1 X91.065 Y121.873 E.22218
G1 X91.065 Y122.406 E.0154
G1 X85.094 Y116.435 E.24398
G1 X84.561 Y116.435 E.0154
G1 X91.065 Y122.939 E.26577
G1 X91.065 Y123.473 E.0154
G1 X84.027 Y116.435 E.28755
G1 X83.494 Y116.435 E.0154
G1 X91.065 Y124.006 E.30934
G1 X91.065 Y124.539 E.0154
G1 X82.961 Y116.435 E.33113
G1 X82.427 Y116.435 E.0154
G1 X91.065 Y125.073 E.35292
G1 X91.065 Y125.606 E.0154
G1 X81.894 Y116.435 E.37472
G1 X81.361 Y116.435 E.0154
G1 X91.065 Y126.139 E.3965
G1 X91.065 Y126.565 E.01229
G1 X90.957 Y126.565 E.00311
G1 X80.935 Y116.543 E.40949
G1 X80.935 Y117.076 E.0154
G1 X90.424 Y126.565 E.38771
G1 X89.89 Y126.565 E.0154
G1 X80.935 Y117.61 E.36591
G1 X80.935 Y118.143 E.0154
G1 X89.357 Y126.565 E.34412
G1 X88.824 Y126.565 E.0154
G1 X80.935 Y118.676 E.32233
G1 X80.935 Y119.209 E.0154
G1 X88.291 Y126.565 E.30054
G1 X87.757 Y126.565 E.0154
G1 X80.935 Y119.743 E.27876
G1 X80.935 Y120.276 E.0154
G1 X87.224 Y126.565 E.25697
G1 X86.691 Y126.565 E.0154
G1 X80.935 Y120.809 E.23517
G1 X80.935 Y121.342 E.0154
G1 X86.158 Y126.565 E.21338
G1 X85.624 Y126.565 E.0154
G1 X80.935 Y121.876 E.19159
G1 X80.935 Y122.409 E.0154
G1 X85.091 Y126.565 E.16981
G1 X84.558 Y126.565 E.0154
G1 X80.935 Y122.942 E.14802
G1 X80.935 Y123.476 E.0154
G1 X84.024 Y126.565 E.12622
G1 X83.491 Y126.565 E.0154
G1 X80.935 Y124.009 E.10443
G1 X80.935 Y124.542 E.0154
G1 X82.958 Y126.565 E.08264
G1 X82.425 Y126.565 E.0154
G1 X80.935 Y125.075 E.06086
G1 X80.935 Y125.609 E.0154
G1 X82.061 Y126.734 E.046
G1 E-.728 F1800
;WIPE_START
G1 F30000
G1 X81.213 Y125.886 E-.072
;WIPE_END
G1 X81.03 Y126.451 Z1
G1 Z.6
G1 E.8 F1800
;WIDTH:0.44258
G1 F15000
G1 X80.955 Y126.495 E.00265
G1 X81.035 Y126.529 E.00267
G1 E-.78958 F1800
;WIPE_START
G1 F30000
G1 X80.955 Y126.495 E-.00523
G1 X81.03 Y126.451 E-.00519
;WIPE_END
G1 X87.883 Y129.813 Z1
G1 X89.71 Y130.71 Z1
G1 Z.6
G1 E.8 F1800
SET_VELOCITY_LIMIT ACCEL=2000
;TYPE:Outer wall
;WIDTH:0.42
G1 F7200
G1 X90.29 Y130.71 E.01729
G1 X90.29 Y131.29 E.01729
G1 X89.71 Y131.29 E.01729
G1 X89.71 Y130.75 E.01609
G1 E-.728 F1800
;WIPE_START
G1 F30000
G1 X90.29 Y130.71 E-.03488
G1 X90.29 Y131.29 E-.0348
G1 X90.251 Y131.29 E-.00232
;WIPE_END
G1 X86.71 Y131.29 Z1
G1 Z.6
G1 E.8 F1800
G1 F7200
G1 X86.71 Y134.71 E.10193
G1 X85.29 Y134.71 E.04232
G1 X85.29 Y131.29 E.10193
G1 X86.67 Y131.29 E.04113
G1 E-.728 F1800
;WIPE_START
G1 F30000
G1 X86.684 Y132.49 E-.072
;WIPE_END
G1 X87.29 Y135.29 Z1
G1 Z.6
G1 E.8 F1800
G1 F7200
G1 X84.71 Y135.29 E.0769
G1 X84.71 Y130.71 E.13651
G1 X87.29 Y130.71 E.0769
G1 X87.29 Y135.25 E.13532
G1 X86.984 Y134.984 F30000
SET_VELOCITY_LIMIT ACCEL=3000
;TYPE:Gap infill
;WIDTH:0.231705
G1 F15000
G1 X87 Y134.906 E.00119
G1 X87 Y131.094 E.05688
G1 X86.984 Y131.016 E.00119
G1 X86.906 Y131 E.00119
G1 X85.094 Y131 E.02704
G1 X85.016 Y131.016 E.00119
G1 X85 Y131.094 E.00119
G1 X85 Y134.906 E.05688
G1 X85.016 Y134.984 E.00119
G1 X85.094 Y135 E.00119
G1 X86.906 Y135 E.02704
G1 X86.945 Y134.992 E.00059
G1 E-.728 F1800
;WIPE_START
G1 F30000
G1 X87 Y134.906 E-.00613
G1 X87 Y133.808 E-.06587
;WIPE_END
G1 X91.37 Y138.13 Z1
G1 Z.6
G1 E.8 F1800
SET_VELOCITY_LIMIT ACCEL=2000
;TYPE:Outer wall
;WIDTH:0.42
G1 F7200
G1 X91.37 Y140.87 E.08167
G1 X88.63 Y140.87 E.08167
G1 X88.63 Y138.13 E.08167
G1 X91.33 Y138.13 E.08047
G1 X91.79 Y137.71 F30000
G1 F7200
G1 X91.79 Y141.29 E.1067
G1 X88.21 Y141.29 E.1067
G1 X88.21 Y137.71 E.1067
G1 X91.75 Y137.71 E.10551
G1 E-.364 F1800
;WIPE_START
G1 F30000
G1 X91.763 Y138.91 E-.036
;WIPE_END
G1 X93.29 Y133.29 Z1
G1 Z.6
G1 E.4 F1800 ; CC2_CARD retract 0.4
G1 F7200
G1 X93.29 Y135.29 E.05961
G1 X92.71 Y135.29 E.01729
G1 X92.71 Y132.71 E.0769
G1 X94.71 Y132.71 E.05961
G1 X94.71 Y130.71 E.05961
G1 X95.29 Y130.71 E.01729
G1 X95.29 Y135.29 E.13651
G1 X94.71 Y135.29 E.01729
G1 X94.71 Y133.29 E.05961
G1 X93.33 Y133.29 E.04113
G1 E-.728 F1800
;WIPE_START
G1 F30000
G1 X93.306 Y134.49 E-.072
;WIPE_END
G1 X94.977 Y133 Z1
G1 Z.6
G1 E.8 F1800
SET_VELOCITY_LIMIT ACCEL=3000
;TYPE:Gap infill
;WIDTH:0.232296
G1 F15000
G1 X93.094 Y133 E.02818
G1 X93.016 Y133.016 E.00119
G1 X93 Y133.094 E.00119
G1 X93 Y135.094 E.02994
G1 E-.728 F1800
;WIPE_START
G1 F30000
G1 X93 Y133.894 E-.072
;WIPE_END
G1 X95 Y135.094 Z1
G1 Z.6
G1 E.8 F1800
;WIDTH:0.231927
G1 F15000
G1 X95 Y133.094 E.02988
G1 X94.977 Y133 E.00145
G1 X95 Y132.906 E.00145
G1 X95 Y130.906 E.02988
G1 E-.728 F1800
;WIPE_START
G1 F30000
G1 X95 Y132.106 E-.072
;WIPE_END
G1 X94.81 Y124.476 Z1
G1 X94.602 Y116.102 Z1
G1 Z.6
G1 E.8 F1800
;TYPE:Inner wall
;WIDTH:0.45
G1 F12000
G1 X105.398 Y116.102 E.34028
G1 X105.398 Y126.898 E.34028
G1 X94.602 Y126.898 E.34028
G1 X94.602 Y116.142 E.33903
SET_VELOCITY_LIMIT ACCEL=2000
G1 X94.21 Y115.71 F30000
;TYPE:Outer wall
;WIDTH:0.42
G1 F7200
G1 X105.79 Y115.71 E.33811
G1 X105.79 Y127.29 E.33811
G1 X94.21 Y127.29 E.33811
G1 X94.21 Y115.75 E.33693
G1 E-.728 F1800
;WIPE_START
G1 F30000
G1 X95.41 Y115.746 E-.072
;WIPE_END
G1 X95.14 Y123.374 Z1
G1 X95.03 Y126.451 Z1
G1 Z.6
G1 E.8 F1800
SET_VELOCITY_LIMIT ACCEL=3000
;TYPE:Internal solid infill
;WIDTH:0.44258
G1 F15000
G1 X94.955 Y126.495 E.00267
G1 X95.035 Y126.529 E.00269
G1 E-.78958 F1800
;WIPE_START
G1 F30000
G1 X94.955 Y126.495 E-.00523
G1 X95.03 Y126.451 E-.00519
;WIPE_END
G1 X100.997 Y121.691 Z1
G1 X105.234 Y118.31 Z1
G1 Z.6
G1 E.8 F1800
;WIDTH:0.419999
G1 F15000
G1 X103.36 Y116.435 E.0774
G1 X102.827 Y116.435 E.01557
G1 X105.065 Y118.673 E.0924
G1 X105.065 Y119.207 E.01557
G1 X102.293 Y116.435 E.11443
G1 X101.76 Y116.435 E.01557
G1 X105.065 Y119.74 E.13645
G1 X105.065 Y120.273 E.01557
G1 X101.227 Y116.435 E.15847
G1 X100.694 Y116.435 E.01557
G1 X105.065 Y120.806 E.18048
G1 X105.065 Y121.34 E.01557
G1 X100.16 Y116.435 E.2025
G1 X99.627 Y116.435 E.01557
G1 X105.065 Y121.873 E.22452
G1 X105.065 Y122.406 E.01557
G1 X99.094 Y116.435 E.24654
G1 X98.561 Y116.435 E.01557
G1 X105.065 Y122.939 E.26856
G1 X105.065 Y123.473 E.01557
G1 X98.027 Y116.435 E.29058
G1 X97.494 Y116.435 E.01557
G1 X105.065 Y124.006 E.3126
G1 X105.065 Y124.539 E.01557
G1 X96.961 Y116.435 E.33462
G1 X96.427 Y116.435 E.01557
G1 X105.065 Y125.073 E.35664
G1 X105.065 Y125.606 E.01557
G1 X95.894 Y116.435 E.37866
G1 X95.361 Y116.435 E.01557
G1 X105.065 Y126.139 E.40067
G1 X105.065 Y126.565 E.01242
M73 P46 R14
G1 X104.957 Y126.565 E.00314
G1 X94.935 Y116.543 E.4138
G1 X94.935 Y117.076 E.01557
G1 X104.424 Y126.565 E.39179
G1 X103.89 Y126.565 E.01557
G1 X94.935 Y117.61 E.36977
G1 X94.935 Y118.143 E.01557
G1 X103.357 Y126.565 E.34775
G1 X102.824 Y126.565 E.01557
G1 X94.935 Y118.676 E.32572
G1 X94.935 Y119.209 E.01557
G1 X102.291 Y126.565 E.3037
G1 X101.757 Y126.565 E.01557
G1 X94.935 Y119.743 E.28169
G1 X94.935 Y120.276 E.01557
G1 X101.224 Y126.565 E.25967
G1 X100.691 Y126.565 E.01557
G1 X94.935 Y120.809 E.23765
G1 X94.935 Y121.342 E.01557
G1 X100.158 Y126.565 E.21563
G1 X99.624 Y126.565 E.01557
G1 X94.935 Y121.876 E.19361
G1 X94.935 Y122.409 E.01557
G1 X99.091 Y126.565 E.1716
G1 X98.558 Y126.565 E.01557
G1 X94.935 Y122.942 E.14957
G1 X94.935 Y123.476 E.01557
G1 X98.024 Y126.565 E.12755
G1 X97.491 Y126.565 E.01557
G1 X94.935 Y124.009 E.10553
G1 X94.935 Y124.542 E.01557
G1 X96.958 Y126.565 E.08351
G1 X96.425 Y126.565 E.01557
G1 X94.935 Y125.075 E.0615
G1 X94.935 Y125.609 E.01557
G1 X96.061 Y126.734 E.04648
G1 E-.728 F1800
;WIPE_START
G1 F30000
G1 X95.213 Y125.886 E-.072
;WIPE_END
G1 X101.102 Y121.032 Z1
G1 X105.006 Y117.815 Z1
G1 Z.6
G1 E.8 F1800
;WIDTH:0.419999
G1 F15000
G1 X105.006 Y116.494 E.03855
G1 X103.685 Y116.494 E.03855
G1 X104.978 Y117.786 E.05335
G1 E-.728 F1800
;WIPE_START
G1 F30000
G1 X104.129 Y116.938 E-.072
;WIPE_END
G1 X104.644 Y116.838 Z1
G1 Z.6
G1 E.8 F1800
;WIDTH:0.439294
G1 F15000
G1 X104.57 Y116.881 E.00264
G1 X104.649 Y116.916 E.00265
G1 E-.78967 F1800
;WIPE_START
G1 F30000
G1 X104.57 Y116.881 E-.00518
G1 X104.644 Y116.838 E-.00515
;WIPE_END
G1 X107.068 Y124.075 Z1
G1 X109.29 Y130.71 Z1
G1 Z.6
G1 E.8 F1800
SET_VELOCITY_LIMIT ACCEL=2000
;TYPE:Outer wall
;WIDTH:0.42
G1 F7200
G1 X109.29 Y131.29 E.01729
G1 X108.71 Y131.29 E.01729
G1 X108.71 Y130.71 E.01729
G1 X109.25 Y130.71 E.01609
G1 E-.728 F1800
;WIPE_START
G1 F30000
G1 X109.29 Y131.29 E-.03488
G1 X108.71 Y131.29 E-.0348
G1 X108.71 Y131.251 E-.00232
;WIPE_END
G1 X104.29 Y134.71 Z1
G1 Z.6
G1 E.8 F1800
G1 F7200
G1 X104.29 Y131.29 E.10193
G1 X105.71 Y131.29 E.04232
G1 X105.71 Y134.71 E.10193
G1 X104.33 Y134.71 E.04113
G1 E-.728 F1800
;WIPE_START
G1 F30000
G1 X104.316 Y133.51 E-.072
;WIPE_END
G1 X106.29 Y130.71 Z1
G1 Z.6
G1 E.8 F1800
G1 F7200
G1 X106.29 Y135.29 E.13651
G1 X103.71 Y135.29 E.0769
G1 X103.71 Y130.71 E.13651
G1 X106.25 Y130.71 E.07571
G1 X105.984 Y131.016 F30000
SET_VELOCITY_LIMIT ACCEL=3000
;TYPE:Gap infill
;WIDTH:0.231705
G1 F15000
G1 X105.906 Y131 E.00119
G1 X104.094 Y131 E.02704
G1 X104.016 Y131.016 E.00119
G1 X104 Y131.094 E.00119
G1 X104 Y134.906 E.05688
G1 X104.016 Y134.984 E.00119
G1 X104.094 Y135 E.00119
G1 X105.906 Y135 E.02704
G1 X105.984 Y134.984 E.00119
G1 X106 Y134.906 E.00119
G1 X106 Y131.094 E.05688
G1 X105.992 Y131.055 E.00059
G1 E-.728 F1800
;WIPE_START
G1 F30000
G1 X105.906 Y131 E-.00613
G1 X104.808 Y131 E-.06587
;WIPE_END
G1 X107.617 Y138.097 Z1
G1 X107.63 Y138.13 Z1
G1 Z.6
G1 E.8 F1800
SET_VELOCITY_LIMIT ACCEL=2000
;TYPE:Outer wall
;WIDTH:0.42
G1 F7200
G1 X110.37 Y138.13 E.08167
G1 X110.37 Y140.87 E.08167
G1 X107.63 Y140.87 E.08167
G1 X107.63 Y138.17 E.08047
G1 X107.21 Y137.71 F30000
G1 F7200
G1 X110.79 Y137.71 E.1067
G1 X110.79 Y141.29 E.1067
G1 X107.21 Y141.29 E.1067
G1 X107.21 Y137.75 E.10551
G1 E-.546 F1800
;WIPE_START
G1 F30000
G1 X108.41 Y137.737 E-.054
;WIPE_END
G1 X112.29 Y132.71 Z1
G1 Z.6
G1 E.6 F1800 ; CC2_CARD retract 0.6
G1 F7200
G1 X112.29 Y131.29 E.04232
G1 X113.71 Y131.29 E.04232
G1 X113.71 Y132.71 E.04232
G1 X112.33 Y132.71 E.04113
G1 X112.29 Y133.29 F30000
G1 F7200
G1 X112.29 Y134.71 E.04232
G1 X114.29 Y134.71 E.05961
G1 X114.29 Y135.29 E.01729
G1 X111.71 Y135.29 E.0769
G1 X111.71 Y130.71 E.13651
G1 X114.29 Y130.71 E.0769
G1 X114.29 Y133.29 E.0769
G1 X112.33 Y133.29 E.05842
G1 X112.023 Y133 F30000
SET_VELOCITY_LIMIT ACCEL=3000
;TYPE:Gap infill
;WIDTH:0.231976
G1 F15000
G1 X112 Y132.906 E.00145
G1 X112 Y131.094 E.02708
G1 X112.016 Y131.016 E.00119
G1 X112.094 Y131 E.00119
G1 X113.906 Y131 E.02708
G1 X113.984 Y131.016 E.00119
G1 X114 Y131.094 E.00119
G1 X114 Y132.906 E.02708
G1 X113.984 Y132.984 E.00119
G1 X113.906 Y133 E.00119
G1 X112.023 Y133 E.02813
G1 X112 Y133.094 E.00145
G1 X112 Y134.906 E.02708
G1 X112.016 Y134.984 E.00119
G1 X112.094 Y135 E.00119
G1 X114.094 Y135 E.02989
G1 E-.728 F1800
;WIPE_START
G1 F30000
G1 X112.894 Y135 E-.072
;WIPE_END
G1 X109.321 Y128.255 Z1
G1 X108.602 Y126.898 Z1
G1 Z.6
G1 E.8 F1800
;TYPE:Inner wall
;WIDTH:0.45
G1 F12000
G1 X108.602 Y116.102 E.34383
G1 X119.398 Y116.102 E.34383
G1 X119.398 Y126.898 E.34383
G1 X108.642 Y126.898 E.34256
SET_VELOCITY_LIMIT ACCEL=2000
G1 X108.21 Y127.29 F30000
;TYPE:Outer wall
;WIDTH:0.42
G1 F7200
G1 X108.21 Y115.71 E.34163
G1 X119.79 Y115.71 E.34163
G1 X119.79 Y127.29 E.34163
G1 X108.25 Y127.29 E.34044
G1 E-.728 F1800
;WIPE_START
G1 F30000
G1 X108.246 Y126.09 E-.072
;WIPE_END
G1 X109.03 Y126.451 Z1
G1 Z.6
G1 E.8 F1800
SET_VELOCITY_LIMIT ACCEL=3000
;TYPE:Internal solid infill
;WIDTH:0.44258
G1 F15000
G1 X108.955 Y126.495 E.0027
G1 X109.035 Y126.529 E.00272
G1 E-.78958 F1800
;WIPE_START
G1 F30000
G1 X108.955 Y126.495 E-.00523
G1 X109.03 Y126.451 E-.00519
;WIPE_END
G1 X114.997 Y121.691 Z1
G1 X119.234 Y118.31 Z1
G1 Z.6
G1 E.8 F1800
;WIDTH:0.419999
G1 F15000
G1 X117.36 Y116.435 E.0782
G1 X116.827 Y116.435 E.01573
G1 X119.065 Y118.673 E.09337
G1 X119.065 Y119.207 E.01573
G1 X116.293 Y116.435 E.11562
G1 X115.76 Y116.435 E.01573
G1 X119.065 Y119.74 E.13787
G1 X119.065 Y120.273 E.01573
G1 X115.227 Y116.435 E.16012
G1 X114.694 Y116.435 E.01573
G1 X119.065 Y120.806 E.18236
G1 X119.065 Y121.34 E.01573
G1 X114.16 Y116.435 E.20461
G1 X113.627 Y116.435 E.01573
G1 X119.065 Y121.873 E.22686
G1 X119.065 Y122.406 E.01573
G1 X113.094 Y116.435 E.24911
G1 X112.561 Y116.435 E.01573
G1 X119.065 Y122.939 E.27136
G1 X119.065 Y123.473 E.01573
G1 X112.027 Y116.435 E.2936
G1 X111.494 Y116.435 E.01573
G1 X119.065 Y124.006 E.31585
G1 X119.065 Y124.539 E.01573
G1 X110.961 Y116.435 E.3381
G1 X110.427 Y116.435 E.01573
G1 X119.065 Y125.073 E.36035
G1 X119.065 Y125.606 E.01573
G1 X109.894 Y116.435 E.38261
G1 X109.361 Y116.435 E.01573
G1 X119.065 Y126.139 E.40485
G1 X119.065 Y126.565 E.01255
G1 X118.957 Y126.565 E.00318
G1 X108.935 Y116.543 E.41811
G1 X108.935 Y117.076 E.01573
G1 X118.424 Y126.565 E.39587
G1 X117.89 Y126.565 E.01573
G1 X108.935 Y117.61 E.37362
G1 X108.935 Y118.143 E.01573
G1 X117.357 Y126.565 E.35137
G1 X116.824 Y126.565 E.01573
G1 X108.935 Y118.676 E.32912
G1 X108.935 Y119.209 E.01573
G1 X116.291 Y126.565 E.30687
G1 X115.757 Y126.565 E.01573
G1 X108.935 Y119.743 E.28463
G1 X108.935 Y120.276 E.01573
G1 X115.224 Y126.565 E.26238
G1 X114.691 Y126.565 E.01573
G1 X108.935 Y120.809 E.24012
G1 X108.935 Y121.342 E.01573
G1 X114.158 Y126.565 E.21787
G1 X113.624 Y126.565 E.01573
G1 X108.935 Y121.876 E.19562
G1 X108.935 Y122.409 E.01573
G1 X113.091 Y126.565 E.17338
G1 X112.558 Y126.565 E.01573
G1 X108.935 Y122.942 E.15113
G1 X108.935 Y123.476 E.01573
G1 X112.024 Y126.565 E.12888
G1 X111.491 Y126.565 E.01573
G1 X108.935 Y124.009 E.10663
G1 X108.935 Y124.542 E.01573
G1 X110.958 Y126.565 E.08438
G1 X110.425 Y126.565 E.01573
G1 X108.935 Y125.075 E.06214
G1 X108.935 Y125.609 E.01573
G1 X110.061 Y126.734 E.04697
G1 E-.728 F1800
;WIPE_START
G1 F30000
G1 X109.213 Y125.886 E-.072
;WIPE_END
G1 X115.102 Y121.032 Z1
G1 X119.006 Y117.815 Z1
G1 Z.6
G1 E.8 F1800
;WIDTH:0.419999
G1 F15000
G1 X119.006 Y116.494 E.03895
G1 X117.685 Y116.494 E.03895
G1 X118.978 Y117.786 E.0539
G1 E-.728 F1800
;WIPE_START
G1 F30000
G1 X118.129 Y116.938 E-.072
;WIPE_END
G1 X118.644 Y116.838 Z1
G1 Z.6
G1 E.8 F1800
;WIDTH:0.439292
G1 F15000
G1 X118.57 Y116.881 E.00266
G1 X118.649 Y116.916 E.00268
G1 E-.78967 F1800
;WIPE_START
G1 F30000
G1 X118.57 Y116.881 E-.00518
G1 X118.644 Y116.838 E-.00515
;WIPE_END
G1 X120.564 Y124.225 Z1
G1 X123.29 Y134.71 Z1
G1 Z.6
G1 E.8 F1800
SET_VELOCITY_LIMIT ACCEL=2000
;TYPE:Outer wall
;WIDTH:0.42
G1 F7200
G1 X123.29 Y131.29 E.10193
G1 X124.71 Y131.29 E.04232
G1 X124.71 Y134.71 E.10193
G1 X123.33 Y134.71 E.04113
G1 E-.728 F1800
;WIPE_START
G1 F30000
G1 X123.316 Y133.51 E-.072
;WIPE_END
G1 X122.71 Y135.29 Z1
G1 Z.6
G1 E.8 F1800
G1 F7200
G1 X122.71 Y130.71 E.13651
G1 X125.29 Y130.71 E.0769
G1 X125.29 Y135.29 E.13651
G1 X122.75 Y135.29 E.07571
G1 X123.016 Y134.984 F30000
SET_VELOCITY_LIMIT ACCEL=3000
;TYPE:Gap infill
;WIDTH:0.231705
G1 F15000
G1 X123.094 Y135 E.00119
G1 X124.906 Y135 E.02704
G1 X124.984 Y134.984 E.00119
G1 X125 Y134.906 E.00119
G1 X125 Y131.094 E.05688
G1 X124.984 Y131.016 E.00119
G1 X124.906 Y131 E.00119
G1 X123.094 Y131 E.02704
G1 X123.016 Y131.016 E.00119
G1 X123 Y131.094 E.00119
G1 X123 Y134.906 E.05688
G1 X123.008 Y134.945 E.00059
G1 E-.728 F1800
;WIPE_START
G1 F30000
G1 X123.094 Y135 E-.00613
G1 X124.192 Y135 E-.06587
;WIPE_END
G1 X128.29 Y131.29 Z1
G1 Z.6
G1 E.8 F1800
SET_VELOCITY_LIMIT ACCEL=2000
;TYPE:Outer wall
;WIDTH:0.42
G1 F7200
G1 X127.71 Y131.29 E.01729
G1 X127.71 Y130.71 E.01729
G1 X128.29 Y130.71 E.01729
G1 X128.29 Y131.25 E.01609
G1 E-.728 F1800
;WIPE_START
G1 F30000
G1 X127.71 Y131.29 E-.03488
G1 X127.71 Y130.71 E-.0348
G1 X127.749 Y130.71 E-.00232
;WIPE_END
G1 X131.29 Y132.71 Z1
G1 Z.6
G1 E.8 F1800
G1 F7200
G1 X132.71 Y132.71 E.04232
G1 X132.71 Y131.29 E.04232
G1 X131.29 Y131.29 E.04232
G1 X131.29 Y132.67 E.04113
G1 X131.29 Y133.29 F30000
G1 F7200
G1 X131.29 Y134.71 E.04232
G1 X132.71 Y134.71 E.04232
G1 X132.71 Y133.29 E.04232
G1 X131.33 Y133.29 E.04113
G1 E-.728 F1800
;WIPE_START
G1 F30000
G1 X131.296 Y134.49 E-.072
;WIPE_END
G1 X130.71 Y130.71 Z1
G1 Z.6
G1 E.8 F1800
G1 F7200
G1 X133.29 Y130.71 E.0769
G1 X133.29 Y135.29 E.13651
G1 X130.71 Y135.29 E.0769
G1 X130.71 Y130.75 E.13532
G1 E-.728 F1800
;WIPE_START
G1 F30000
G1 X131.91 Y130.731 E-.072
;WIPE_END
G1 X131.023 Y133 Z1
G1 Z.6
G1 E.8 F1800
SET_VELOCITY_LIMIT ACCEL=3000
;TYPE:Gap infill
;WIDTH:0.232486
G1 F15000
G1 X131 Y133.094 E.00145
G1 X131 Y134.906 E.02715
G1 X131.016 Y134.984 E.00119
G1 X131.094 Y135 E.00119
G1 X132.906 Y135 E.02715
G1 X132.984 Y134.984 E.00119
G1 X133 Y134.906 E.00119
M73 P47 R14
G1 X133 Y133.094 E.02715
G1 X132.977 Y133 E.00145
G1 X131.063 Y133 E.02866
G1 X131.023 Y133 F30000
;WIDTH:0.232469
G1 F15000
G1 X131 Y132.906 E.00145
G1 X131 Y131.094 E.02715
G1 X131.016 Y131.016 E.00119
G1 X131.094 Y131 E.00119
G1 X132.906 Y131 E.02715
G1 X132.984 Y131.016 E.00119
G1 X133 Y131.094 E.00119
G1 X133 Y132.906 E.02715
G1 X132.977 Y133 E.00145
G1 E-.728 F1800
;WIPE_START
G1 F30000
G1 X133 Y132.906 E-.00581
G1 X133 Y131.803 E-.06619
;WIPE_END
G1 X129.37 Y138.13 Z1
G1 Z.6
G1 E.8 F1800
SET_VELOCITY_LIMIT ACCEL=2000
;TYPE:Outer wall
;WIDTH:0.42
G1 F7200
G1 X129.37 Y140.87 E.08167
G1 X126.63 Y140.87 E.08167
G1 X126.63 Y138.13 E.08167
G1 X129.33 Y138.13 E.08047
G1 X129.79 Y137.71 F30000
G1 F7200
G1 X129.79 Y141.29 E.1067
G1 X126.21 Y141.29 E.1067
G1 X126.21 Y137.71 E.1067
G1 X129.75 Y137.71 E.10551
G1 E-.728 F1800
;WIPE_START
G1 F30000
G1 X129.763 Y138.91 E-.072
;WIPE_END
G1 X128.003 Y146.337 Z1
G1 X126.63 Y152.13 Z1
G1 Z.6
G1 E.8 F1800 ; CC2_CARD retract 0.8
G1 F7200
G1 X129.37 Y152.13 E.08167
G1 X129.37 Y154.87 E.08167
G1 X126.63 Y154.87 E.08167
G1 X126.63 Y152.17 E.08047
G1 X126.21 Y151.71 F30000
G1 F7200
G1 X129.79 Y151.71 E.1067
G1 X129.79 Y155.29 E.1067
G1 X126.21 Y155.29 E.1067
G1 X126.21 Y151.75 E.10551
G1 E-.728 F1800
;WIPE_START
G1 F30000
G1 X127.41 Y151.737 E-.072
;WIPE_END
G1 X119.779 Y151.888 Z1
G1 X107.63 Y152.13 Z1
G1 Z.6
G1 E.8 F1800 ; CC2_CARD retract 0.8
G1 F7200
G1 X110.37 Y152.13 E.08167
G1 X110.37 Y154.87 E.08167
G1 X107.63 Y154.87 E.08167
G1 X107.63 Y152.17 E.08047
G1 E-.546 F1800
;WIPE_START
G1 F30000
G1 X108.83 Y152.152 E-.054
;WIPE_END
G1 X110.79 Y151.71 Z1
G1 Z.6
G1 E.6 F1800 ; CC2_CARD retract 0.6
G1 F7200
G1 X110.79 Y155.29 E.1067
G1 X107.21 Y155.29 E.1067
G1 X107.21 Y151.71 E.1067
G1 X110.75 Y151.71 E.10551
G1 E-.546 F1800
;WIPE_START
G1 F30000
G1 X110.763 Y152.91 E-.054
;WIPE_END
G1 X104.55 Y157.343 Z1
G1 X101.384 Y159.602 Z1
G1 Z.6
G1 E.6 F1800 ; CC2_CARD retract 0.6
SET_VELOCITY_LIMIT ACCEL=3000
;TYPE:Inner wall
;WIDTH:0.45
G1 F12000
G1 X102.769 Y162 E.08909
G1 X101.384 Y164.398 E.08909
G1 X98.616 Y164.398 E.08909
G1 X97.231 Y162 E.08909
G1 X98.616 Y159.602 E.08909
G1 X101.344 Y159.602 E.08781
SET_VELOCITY_LIMIT ACCEL=2000
G1 X101.611 Y159.21 F30000
;TYPE:Outer wall
;WIDTH:0.42
G1 F7200
G1 X101.674 Y159.319 E.00376
G1 X103.222 Y162 E.09226
G1 X101.611 Y164.79 E.09602
G1 X98.389 Y164.79 E.09602
G1 X96.778 Y162 E.09602
G1 X98.389 Y159.21 E.09602
G1 X101.571 Y159.21 E.09483
G1 E-.728 F1800
;WIPE_START
G1 F30000
G1 X101.674 Y159.319 E-.00901
G1 X102.199 Y160.228 E-.06299
;WIPE_END
G1 X101.13 Y160.042 Z1
G1 Z.6
G1 E.8 F1800
SET_VELOCITY_LIMIT ACCEL=3000
;TYPE:Internal solid infill
;WIDTH:0.516271
G1 F14001.013
G1 X100.422 Y160.042 E.02649
G1 X102.097 Y161.718 E.08864
G1 X101.15 Y160.077 E.07088
G1 E-.728 F1800
;WIPE_START
G1 F30000
G1 X101.75 Y161.116 E-.072
;WIPE_END
G1 X99.811 Y159.766 Z1
G1 Z.6
G1 E.8 F1800
;WIDTH:0.419999
G1 F15000
G1 X102.26 Y162.215 E.10324
G1 X102.065 Y162.553 E.01164
G1 X99.447 Y159.935 E.11033
G1 X98.914 Y159.935 E.01589
G1 X101.87 Y162.891 E.12458
G1 X101.674 Y163.229 E.01164
G1 X98.652 Y160.206 E.12742
G1 X98.456 Y160.544 E.01164
G1 X101.479 Y163.567 E.12742
G1 X101.284 Y163.905 E.01164
G1 X98.261 Y160.882 E.12742
G1 X98.066 Y161.22 E.01164
G1 X100.91 Y164.065 E.11989
G1 X100.377 Y164.065 E.01589
G1 X97.871 Y161.559 E.10564
G1 X97.676 Y161.897 E.01164
G1 X99.844 Y164.065 E.09139
G1 X99.31 Y164.065 E.01589
G1 X97.658 Y162.412 E.06965
G1 E-.728 F1800
;WIPE_START
G1 F30000
G1 X98.507 Y163.261 E-.072
;WIPE_END
G1 X98.931 Y164.194 Z1
G1 Z.6
G1 E.8 F1800
;TYPE:Gap infill
;WIDTH:0.31244
G1 F15000
G1 X98.789 Y164.01 E.00495
;WIDTH:0.262602
G1 X98.648 Y163.825 E.00404
;WIDTH:0.212764
G1 X98.506 Y163.641 E.00312
;WIDTH:0.162926
G1 X98.365 Y163.456 E.00221
;WIDTH:0.138007
G1 X98.223 Y163.272 E.00175
G1 E-.78605 F1800
;WIPE_START
G1 F30000
G1 X98.365 Y163.456 E-.01395
;WIPE_END
G1 X93.39 Y157.668 Z1
G1 X88.63 Y152.13 Z1
G1 Z.6
G1 E.8 F1800
SET_VELOCITY_LIMIT ACCEL=2000
;TYPE:Outer wall
;WIDTH:0.42
G1 F7200
G1 X91.37 Y152.13 E.08167
G1 X91.37 Y154.87 E.08167
G1 X88.63 Y154.87 E.08167
G1 X88.63 Y152.17 E.08047
G1 X88.21 Y151.71 F30000
G1 F7200
G1 X91.79 Y151.71 E.1067
G1 X91.79 Y155.29 E.1067
G1 X88.21 Y155.29 E.1067
G1 X88.21 Y151.75 E.10551
G1 E-.364 F1800
;WIPE_START
G1 F30000
G1 X89.41 Y151.737 E-.036
;WIPE_END
G1 X94.612 Y146.152 Z1
G1 X122.602 Y116.102 Z1
G1 Z.6
G1 E.4 F1800 ; CC2_CARD retract 0.4
SET_VELOCITY_LIMIT ACCEL=3000
;TYPE:Inner wall
;WIDTH:0.45
G1 F12000
G1 X133.398 Y116.102 E.34737
G1 X133.398 Y126.898 E.34737
G1 X122.602 Y126.898 E.34737
G1 X122.602 Y116.142 E.34609
SET_VELOCITY_LIMIT ACCEL=2000
G1 X122.21 Y115.71 F30000
;TYPE:Outer wall
;WIDTH:0.42
G1 F7200
G1 X133.79 Y115.71 E.34515
G1 X133.79 Y127.29 E.34515
G1 X122.21 Y127.29 E.34515
G1 X122.21 Y115.75 E.34395
G1 E-.728 F1800
;WIPE_START
G1 F30000
G1 X123.41 Y115.746 E-.072
;WIPE_END
G1 X123.14 Y123.374 Z1
G1 X123.03 Y126.451 Z1
G1 Z.6
G1 E.8 F1800
SET_VELOCITY_LIMIT ACCEL=3000
;TYPE:Internal solid infill
;WIDTH:0.44258
G1 F15000
G1 X122.955 Y126.495 E.00273
G1 X123.035 Y126.529 E.00275
G1 E-.78958 F1800
;WIPE_START
G1 F30000
G1 X122.955 Y126.495 E-.00523
G1 X123.03 Y126.451 E-.00519
;WIPE_END
G1 X128.997 Y121.691 Z1
G1 X133.234 Y118.31 Z1
G1 Z.6
G1 E.8 F1800
;WIDTH:0.419999
G1 F15000
G1 X131.36 Y116.435 E.07901
G1 X130.827 Y116.435 E.01589
G1 X133.065 Y118.673 E.09433
G1 X133.065 Y119.207 E.01589
G1 X130.293 Y116.435 E.11681
G1 X129.76 Y116.435 E.01589
G1 X133.065 Y119.74 E.13929
G1 X133.065 Y120.273 E.01589
G1 X129.227 Y116.435 E.16177
G1 X128.694 Y116.435 E.01589
G1 X133.065 Y120.806 E.18424
G1 X133.065 Y121.34 E.01589
G1 X128.16 Y116.435 E.20672
G1 X127.627 Y116.435 E.01589
G1 X133.065 Y121.873 E.2292
G1 X133.065 Y122.406 E.01589
G1 X127.094 Y116.435 E.25168
G1 X126.561 Y116.435 E.01589
G1 X133.065 Y122.939 E.27416
G1 X133.065 Y123.473 E.01589
G1 X126.027 Y116.435 E.29663
G1 X125.494 Y116.435 E.01589
G1 X133.065 Y124.006 E.31911
G1 X133.065 Y124.539 E.01589
G1 X124.961 Y116.435 E.34159
G1 X124.427 Y116.435 E.01589
G1 X133.065 Y125.073 E.36407
G1 X133.065 Y125.606 E.01589
G1 X123.894 Y116.435 E.38655
G1 X123.361 Y116.435 E.01589
G1 X133.065 Y126.139 E.40902
G1 X133.065 Y126.565 E.01268
G1 X132.957 Y126.565 E.00321
G1 X122.935 Y116.543 E.42242
G1 X122.935 Y117.076 E.01589
G1 X132.424 Y126.565 E.39995
G1 X131.89 Y126.565 E.01589
G1 X122.935 Y117.61 E.37747
G1 X122.935 Y118.143 E.01589
G1 X131.357 Y126.565 E.35499
G1 X130.824 Y126.565 E.01589
G1 X122.935 Y118.676 E.33251
G1 X122.935 Y119.209 E.01589
G1 X130.291 Y126.565 E.31003
G1 X129.757 Y126.565 E.01589
G1 X122.935 Y119.743 E.28756
G1 X122.935 Y120.276 E.01589
G1 X129.224 Y126.565 E.26508
G1 X128.691 Y126.565 E.01589
G1 X122.935 Y120.809 E.2426
G1 X122.935 Y121.342 E.01589
G1 X128.158 Y126.565 E.22012
G1 X127.624 Y126.565 E.01589
G1 X122.935 Y121.876 E.19764
G1 X122.935 Y122.409 E.01589
G1 X127.091 Y126.565 E.17517
G1 X126.558 Y126.565 E.01589
G1 X122.935 Y122.942 E.15269
G1 X122.935 Y123.476 E.01589
G1 X126.024 Y126.565 E.13021
G1 X125.491 Y126.565 E.01589
G1 X122.935 Y124.009 E.10773
G1 X122.935 Y124.542 E.01589
G1 X124.958 Y126.565 E.08525
G1 X124.425 Y126.565 E.01589
G1 X122.935 Y125.075 E.06278
G1 X122.935 Y125.609 E.01589
G1 X124.061 Y126.734 E.04745
G1 E-.728 F1800
;WIPE_START
G1 F30000
G1 X123.213 Y125.886 E-.072
;WIPE_END
G1 X129.102 Y121.032 Z1
G1 X133.006 Y117.815 Z1
G1 Z.6
G1 E.8 F1800
;WIDTH:0.419999
G1 F15000
G1 X133.006 Y116.494 E.03935
G1 X131.685 Y116.494 E.03935
G1 X132.978 Y117.786 E.05446
G1 E-.728 F1800
;WIPE_START
G1 F30000
G1 X132.129 Y116.938 E-.072
;WIPE_END
G1 X132.644 Y116.838 Z1
G1 Z.6
G1 E.8 F1800
;WIDTH:0.439292
G1 F15000
G1 X132.57 Y116.881 E.00269
G1 X132.649 Y116.916 E.00271
G1 E-.78967 F1800
;WIPE_START
G1 F30000
G1 X132.57 Y116.881 E-.00518
G1 X132.644 Y116.838 E-.00515
;WIPE_END
G1 X135.28 Y124.001 Z1
G1 X145.63 Y152.13 Z1
G1 Z.6
G1 E.8 F1800
SET_VELOCITY_LIMIT ACCEL=2000
;TYPE:Outer wall
;WIDTH:0.42
G1 F7200
G1 X148.37 Y152.13 E.08167
G1 X148.37 Y154.87 E.08167
G1 X145.63 Y154.87 E.08167
G1 X145.63 Y152.17 E.08047
G1 E-.91 F1800
;WIPE_START
G1 F30000
G1 X146.83 Y152.152 E-.09
;WIPE_END
G1 X148.79 Y151.71 Z1
G1 Z.6
G1 E1 F1800 ; CC2_CARD retract 1.0
G1 F7200
G1 X148.79 Y155.29 E.1067
G1 X145.21 Y155.29 E.1067
G1 X145.21 Y151.71 E.1067
G1 X148.75 Y151.71 E.10551
G1 E-.91 F1800
;WIPE_START
G1 F30000
G1 X148.763 Y152.91 E-.09
;WIPE_END
G1 X147.18 Y145.443 Z1
G1 X145.63 Y138.13 Z1
G1 Z.6
G1 E1 F1800 ; CC2_CARD retract 1.0
G1 F7200
G1 X148.37 Y138.13 E.08167
G1 X148.37 Y140.87 E.08167
G1 X145.63 Y140.87 E.08167
G1 X145.63 Y138.17 E.08047
G1 X145.21 Y137.71 F30000
G1 F7200
G1 X148.79 Y137.71 E.1067
G1 X148.79 Y141.29 E.1067
G1 X145.21 Y141.29 E.1067
G1 X145.21 Y137.75 E.10551
G1 E-.91 F1800
;WIPE_START
G1 F30000
G1 X146.41 Y137.737 E-.09
;WIPE_END
G1 X150.29 Y131.29 Z1
G1 Z.6
G1 E1 F1800 ; CC2_CARD retract 1.0
G1 F7200
G1 X151.71 Y131.29 E.04232
G1 X151.71 Y134.71 E.10193
G1 X150.29 Y134.71 E.04232
M73 P48 R14
G1 X150.29 Y131.33 E.10074
G1 E-.728 F1800
;WIPE_START
G1 F30000
G1 X151.49 Y131.296 E-.072
;WIPE_END
G1 X149.71 Y130.71 Z1
G1 Z.6
G1 E.8 F1800
G1 F7200
G1 X152.29 Y130.71 E.0769
G1 X152.29 Y135.29 E.13651
G1 X149.71 Y135.29 E.0769
G1 X149.71 Y130.75 E.13532
G1 X150.016 Y131.016 F30000
SET_VELOCITY_LIMIT ACCEL=3000
;TYPE:Gap infill
;WIDTH:0.231705
G1 F15000
G1 X150 Y131.094 E.00119
G1 X150 Y134.906 E.05688
G1 X150.016 Y134.984 E.00119
G1 X150.094 Y135 E.00119
G1 X151.906 Y135 E.02704
G1 X151.984 Y134.984 E.00119
G1 X152 Y134.906 E.00119
G1 X152 Y131.094 E.05688
G1 X151.984 Y131.016 E.00119
G1 X151.906 Y131 E.00119
G1 X150.094 Y131 E.02704
G1 X150.055 Y131.008 E.00059
G1 E-.728 F1800
;WIPE_START
G1 F30000
G1 X150 Y131.094 E-.00613
G1 X150 Y132.192 E-.06587
;WIPE_END
G1 X142.71 Y134.29 Z1
G1 Z.6
G1 E.8 F1800
SET_VELOCITY_LIMIT ACCEL=2000
;TYPE:Outer wall
;WIDTH:0.42
G1 F7200
G1 X141.71 Y134.29 E.02981
G1 X141.71 Y133.71 E.01729
G1 X142.71 Y133.71 E.02981
G1 X142.71 Y131.29 E.07213
G1 X141.71 Y131.29 E.02981
G1 X141.71 Y130.71 E.01729
G1 X144.29 Y130.71 E.0769
G1 X144.29 Y131.29 E.01729
G1 X143.29 Y131.29 E.02981
G1 X143.29 Y135.29 E.11922
G1 X142.71 Y135.29 E.01729
G1 X142.71 Y134.33 E.02861
G1 X142.977 Y134 F30000
SET_VELOCITY_LIMIT ACCEL=3000
;TYPE:Gap infill
;WIDTH:0.233935
G1 F15000
G1 X141.906 Y134 E.01616
G1 E-.73577 F1800
;WIPE_START
G1 F30000
G1 X142.977 Y134 E-.06423
;WIPE_END
G1 X143 Y135.094 Z1
G1 Z.6
G1 E.8 F1800
;WIDTH:0.232362
G1 F15000
G1 X143 Y134.094 E.01497
G1 X142.977 Y134 E.00145
G1 X143 Y133.906 E.00145
G1 X143 Y131.023 E.04316
G1 X143.094 Y131 E.00145
G1 X144.094 Y131 E.01497
G1 E-.728 F1800
;WIPE_START
G1 F30000
G1 X143.094 Y131 E-.06
G1 X143 Y131.023 E-.00581
G1 X143 Y131.127 E-.00619
;WIPE_END
G1 X143 Y131.023 Z1
G1 Z.6
G1 E.8 F1800
;WIDTH:0.234991
G1 F15000
G1 X142.906 Y131 E.00147
G1 X141.906 Y131 E.01518
G1 E-.73419 F1800
;WIPE_START
G1 F30000
G1 X142.906 Y131 E-.06
G1 X143 Y131.023 E-.00581
;WIPE_END
G1 X147.29 Y130.71 Z1
G1 Z.6
G1 E.8 F1800
SET_VELOCITY_LIMIT ACCEL=2000
;TYPE:Outer wall
;WIDTH:0.42
G1 F7200
G1 X147.29 Y131.29 E.01729
G1 X146.71 Y131.29 E.01729
G1 X146.71 Y130.71 E.01729
G1 X147.25 Y130.71 E.01609
G1 E-.728 F1800
;WIPE_START
G1 F30000
G1 X147.29 Y131.29 E-.03488
G1 X146.71 Y131.29 E-.0348
G1 X146.71 Y131.251 E-.00232
;WIPE_END
G1 X142.474 Y124.902 Z1
G1 X136.602 Y116.102 Z1
G1 Z.6
G1 E.8 F1800
SET_VELOCITY_LIMIT ACCEL=3000
;TYPE:Inner wall
;WIDTH:0.45
G1 F12000
G1 X147.398 Y116.102 E.35091
G1 X147.398 Y126.898 E.35091
G1 X136.602 Y126.898 E.35091
G1 X136.602 Y116.142 E.34962
SET_VELOCITY_LIMIT ACCEL=2000
G1 X136.21 Y115.71 F30000
;TYPE:Outer wall
;WIDTH:0.42
G1 F7200
G1 X147.79 Y115.71 E.34867
G1 X147.79 Y127.29 E.34867
G1 X136.21 Y127.29 E.34867
G1 X136.21 Y115.75 E.34746
G1 E-.728 F1800
;WIPE_START
G1 F30000
G1 X137.41 Y115.746 E-.072
;WIPE_END
G1 X145.011 Y116.433 Z1
G1 X145.685 Y116.494 Z1
G1 Z.6
G1 E.8 F1800
SET_VELOCITY_LIMIT ACCEL=3000
;TYPE:Internal solid infill
;WIDTH:0.419999
G1 F15000
G1 X147.006 Y117.815 E.05622
G1 X147.006 Y116.494 E.03975
G1 X145.725 Y116.494 E.03855
G1 E-.728 F1800
;WIPE_START
G1 F30000
G1 X146.925 Y116.494 E-.072
;WIPE_END
G1 X146.644 Y116.838 Z1
G1 Z.6
G1 E.8 F1800
;WIDTH:0.439292
G1 F15000
G1 X146.57 Y116.881 E.00272
G1 X146.649 Y116.916 E.00274
G1 E-.78967 F1800
;WIPE_START
G1 F30000
G1 X146.57 Y116.881 E-.00518
G1 X146.644 Y116.838 E-.00515
;WIPE_END
G1 X147.234 Y118.31 Z1
G1 Z.6
G1 E.8 F1800
;WIDTH:0.419999
G1 F15000
G1 X145.36 Y116.435 E.07982
G1 X144.827 Y116.435 E.01605
G1 X147.065 Y118.673 E.09529
G1 X147.065 Y119.207 E.01605
G1 X144.293 Y116.435 E.118
G1 X143.76 Y116.435 E.01605
G1 X147.065 Y119.74 E.14071
G1 X147.065 Y120.273 E.01605
M73 P48 R13
G1 X143.227 Y116.435 E.16342
G1 X142.694 Y116.435 E.01605
G1 X147.065 Y120.806 E.18612
G1 X147.065 Y121.34 E.01605
G1 X142.16 Y116.435 E.20883
G1 X141.627 Y116.435 E.01605
G1 X147.065 Y121.873 E.23154
G1 X147.065 Y122.406 E.01605
G1 X141.094 Y116.435 E.25425
G1 X140.561 Y116.435 E.01605
G1 X147.065 Y122.939 E.27696
G1 X147.065 Y123.473 E.01605
G1 X140.027 Y116.435 E.29966
G1 X139.494 Y116.435 E.01605
G1 X147.065 Y124.006 E.32237
G1 X147.065 Y124.539 E.01605
G1 X138.961 Y116.435 E.34508
G1 X138.427 Y116.435 E.01605
G1 X147.065 Y125.073 E.36778
G1 X147.065 Y125.606 E.01605
G1 X137.894 Y116.435 E.39049
G1 X137.361 Y116.435 E.01605
G1 X147.065 Y126.139 E.41319
G1 X147.065 Y126.565 E.01281
G1 X146.957 Y126.565 E.00324
G1 X136.935 Y116.543 E.42673
G1 X136.935 Y117.076 E.01605
G1 X146.424 Y126.565 E.40403
G1 X145.89 Y126.565 E.01605
G1 X136.935 Y117.61 E.38132
G1 X136.935 Y118.143 E.01605
G1 X145.357 Y126.565 E.35861
G1 X144.824 Y126.565 E.01605
G1 X136.935 Y118.676 E.3359
G1 X136.935 Y119.209 E.01605
G1 X144.291 Y126.565 E.31319
G1 X143.757 Y126.565 E.01605
G1 X136.935 Y119.743 E.29049
G1 X136.935 Y120.276 E.01605
G1 X143.224 Y126.565 E.26778
G1 X142.691 Y126.565 E.01605
G1 X136.935 Y120.809 E.24508
G1 X136.935 Y121.342 E.01605
G1 X142.158 Y126.565 E.22237
G1 X141.624 Y126.565 E.01605
G1 X136.935 Y121.876 E.19966
G1 X136.935 Y122.409 E.01605
G1 X141.091 Y126.565 E.17696
G1 X140.558 Y126.565 E.01605
G1 X136.935 Y122.942 E.15425
G1 X136.935 Y123.476 E.01605
G1 X140.024 Y126.565 E.13154
G1 X139.491 Y126.565 E.01605
G1 X136.935 Y124.009 E.10883
G1 X136.935 Y124.542 E.01605
G1 X138.958 Y126.565 E.08612
G1 X138.425 Y126.565 E.01605
G1 X136.935 Y125.075 E.06342
G1 X136.935 Y125.609 E.01605
G1 X138.061 Y126.734 E.04793
G1 E-.728 F1800
;WIPE_START
G1 F30000
G1 X137.213 Y125.886 E-.072
;WIPE_END
G1 X137.03 Y126.451 Z1
G1 Z.6
G1 E.8 F1800
;WIDTH:0.44258
G1 F15000
G1 X136.955 Y126.495 E.00276
G1 X137.035 Y126.529 E.00278
G1 E-.78958 F1800
;WIPE_START
G1 F30000
G1 X136.955 Y126.495 E-.00523
G1 X137.03 Y126.451 E-.00519
;WIPE_END
G1 X144.056 Y123.468 Z1
G1 X161.398 Y116.102 Z1
G1 Z.6
G1 E.8 F1800
;TYPE:Inner wall
;WIDTH:0.45
G1 F12000
G1 X161.398 Y126.898 E.35446
G1 X150.602 Y126.898 E.35446
G1 X150.602 Y116.102 E.35446
G1 X161.358 Y116.102 E.35315
SET_VELOCITY_LIMIT ACCEL=2000
G1 X161.79 Y115.71 F30000
;TYPE:Outer wall
;WIDTH:0.42
G1 F7200
G1 X161.79 Y127.29 E.35219
G1 X150.21 Y127.29 E.35219
G1 X150.21 Y115.71 E.35219
G1 X161.75 Y115.71 E.35097
G1 E-.728 F1800
;WIPE_START
G1 F30000
G1 X161.754 Y116.91 E-.072
;WIPE_END
G1 X159.685 Y116.494 Z1
G1 Z.6
G1 E.8 F1800
SET_VELOCITY_LIMIT ACCEL=3000
;TYPE:Internal solid infill
;WIDTH:0.419999
G1 F15000
G1 X161.006 Y117.815 E.05679
G1 X161.006 Y116.494 E.04015
G1 X159.725 Y116.494 E.03894
G1 E-.728 F1800
;WIPE_START
G1 F30000
G1 X160.925 Y116.494 E-.072
;WIPE_END
G1 X160.644 Y116.838 Z1
G1 Z.6
G1 E.8 F1800
;WIDTH:0.439292
G1 F15000
G1 X160.57 Y116.881 E.00274
G1 X160.649 Y116.916 E.00277
G1 E-.78967 F1800
;WIPE_START
G1 F30000
G1 X160.57 Y116.881 E-.00518
G1 X160.644 Y116.838 E-.00515
;WIPE_END
G1 X161.234 Y118.31 Z1
G1 Z.6
G1 E.8 F1800
;WIDTH:0.419999
G1 F15000
G1 X159.36 Y116.435 E.08062
G1 X158.827 Y116.435 E.01621
G1 X161.065 Y118.673 E.09626
G1 X161.065 Y119.207 E.01621
G1 X158.293 Y116.435 E.11919
G1 X157.76 Y116.435 E.01621
G1 X161.065 Y119.74 E.14213
G1 X161.065 Y120.273 E.01621
G1 X157.227 Y116.435 E.16507
G1 X156.694 Y116.435 E.01621
G1 X161.065 Y120.806 E.188
G1 X161.065 Y121.34 E.01621
G1 X156.16 Y116.435 E.21094
G1 X155.627 Y116.435 E.01621
G1 X161.065 Y121.873 E.23388
G1 X161.065 Y122.406 E.01621
G1 X155.094 Y116.435 E.25682
G1 X154.561 Y116.435 E.01621
G1 X161.065 Y122.939 E.27976
G1 X161.065 Y123.473 E.01621
G1 X154.027 Y116.435 E.30268
G1 X153.494 Y116.435 E.01621
G1 X161.065 Y124.006 E.32562
G1 X161.065 Y124.539 E.01621
G1 X152.961 Y116.435 E.34856
G1 X152.427 Y116.435 E.01621
G1 X161.065 Y125.073 E.3715
G1 X161.065 Y125.606 E.01621
G1 X151.894 Y116.435 E.39444
G1 X151.361 Y116.435 E.01621
G1 X161.065 Y126.139 E.41737
G1 X161.065 Y126.565 E.01294
G1 X160.957 Y126.565 E.00328
G1 X150.935 Y116.543 E.43104
G1 X150.935 Y117.076 E.01621
G1 X160.424 Y126.565 E.40811
G1 X159.89 Y126.565 E.01621
G1 X150.935 Y117.61 E.38517
G1 X150.935 Y118.143 E.01621
G1 X159.357 Y126.565 E.36223
G1 X158.824 Y126.565 E.01621
G1 X150.935 Y118.676 E.3393
G1 X150.935 Y119.209 E.01621
G1 X158.291 Y126.565 E.31636
G1 X157.757 Y126.565 E.01621
G1 X150.935 Y119.743 E.29343
G1 X150.935 Y120.276 E.01621
G1 X157.224 Y126.565 E.27049
G1 X156.691 Y126.565 E.01621
G1 X150.935 Y120.809 E.24755
G1 X150.935 Y121.342 E.01621
G1 X156.158 Y126.565 E.22461
G1 X155.624 Y126.565 E.01621
G1 X150.935 Y121.876 E.20167
G1 X150.935 Y122.409 E.01621
G1 X155.091 Y126.565 E.17874
G1 X154.558 Y126.565 E.01621
G1 X150.935 Y122.942 E.15581
G1 X150.935 Y123.476 E.01621
G1 X154.024 Y126.565 E.13287
G1 X153.491 Y126.565 E.01621
G1 X150.935 Y124.009 E.10993
G1 X150.935 Y124.542 E.01621
G1 X152.958 Y126.565 E.08699
G1 X152.425 Y126.565 E.01621
G1 X150.935 Y125.075 E.06406
G1 X150.935 Y125.609 E.01621
G1 X152.061 Y126.734 E.04842
G1 E-.728 F1800
;WIPE_START
G1 F30000
G1 X151.213 Y125.886 E-.072
;WIPE_END
G1 X151.03 Y126.451 Z1
G1 Z.6
G1 E.8 F1800
;WIDTH:0.44258
G1 F15000
G1 X150.955 Y126.495 E.00279
G1 X151.035 Y126.529 E.00281
G1 E-.78958 F1800
;WIPE_START
G1 F30000
G1 X150.955 Y126.495 E-.00523
G1 X151.03 Y126.451 E-.00519
;WIPE_END
G1 X157.183 Y130.967 Z1
G1 X161.71 Y134.29 Z1
G1 Z.6
G1 E.8 F1800
SET_VELOCITY_LIMIT ACCEL=2000
;TYPE:Outer wall
;WIDTH:0.42
G1 F7200
G1 X160.71 Y134.29 E.02981
G1 X160.71 Y133.71 E.01729
G1 X161.71 Y133.71 E.02981
G1 X161.71 Y131.29 E.07213
G1 X160.71 Y131.29 E.02981
G1 X160.71 Y130.71 E.01729
G1 X163.29 Y130.71 E.0769
G1 X163.29 Y131.29 E.01729
G1 X162.29 Y131.29 E.02981
G1 X162.29 Y135.29 E.11922
G1 X161.71 Y135.29 E.01729
G1 X161.71 Y134.33 E.02861
G1 X161.977 Y134 F30000
SET_VELOCITY_LIMIT ACCEL=3000
;TYPE:Gap infill
;WIDTH:0.233935
G1 F15000
G1 X160.906 Y134 E.01616
G1 E-.73577 F1800
;WIPE_START
G1 F30000
G1 X161.977 Y134 E-.06423
;WIPE_END
G1 X162 Y135.094 Z1
M73 P49 R13
G1 Z.6
G1 E.8 F1800
;WIDTH:0.232362
G1 F15000
G1 X162 Y134.094 E.01497
G1 X161.977 Y134 E.00145
G1 X162 Y133.906 E.00145
G1 X162 Y131.023 E.04316
G1 X162.094 Y131 E.00145
G1 X163.094 Y131 E.01497
G1 E-.728 F1800
;WIPE_START
G1 F30000
G1 X162.094 Y131 E-.06
G1 X162 Y131.023 E-.00581
G1 X162 Y131.127 E-.00619
;WIPE_END
G1 X162 Y131.023 Z1
G1 Z.6
G1 E.8 F1800
;WIDTH:0.234991
G1 F15000
G1 X161.906 Y131 E.00147
G1 X160.906 Y131 E.01518
G1 E-.73419 F1800
;WIPE_START
G1 F30000
G1 X161.906 Y131 E-.06
G1 X162 Y131.023 E-.00581
;WIPE_END
G1 X165.71 Y130.71 Z1
G1 Z.6
G1 E.8 F1800
SET_VELOCITY_LIMIT ACCEL=2000
;TYPE:Outer wall
;WIDTH:0.42
G1 F7200
G1 X166.29 Y130.71 E.01729
G1 X166.29 Y131.29 E.01729
G1 X165.71 Y131.29 E.01729
G1 X165.71 Y130.75 E.01609
G1 E-.728 F1800
;WIPE_START
G1 F30000
G1 X166.29 Y130.71 E-.03488
G1 X166.29 Y131.29 E-.0348
G1 X166.251 Y131.29 E-.00232
;WIPE_END
G1 X169.29 Y131.29 Z1
G1 Z.6
G1 E.8 F1800
G1 F7200
G1 X169.29 Y132.71 E.04232
G1 X171.29 Y132.71 E.05961
G1 X171.29 Y135.29 E.0769
G1 X168.71 Y135.29 E.0769
G1 X168.71 Y134.71 E.01729
G1 X170.71 Y134.71 E.05961
G1 X170.71 Y133.29 E.04232
G1 X168.71 Y133.29 E.05961
G1 X168.71 Y130.71 E.0769
G1 X171.29 Y130.71 E.0769
G1 X171.29 Y131.29 E.01729
G1 X169.33 Y131.29 E.05842
G1 E-.728 F1800
;WIPE_START
G1 F30000
G1 X169.296 Y132.49 E-.072
;WIPE_END
G1 X171.094 Y131 Z1
G1 Z.6
G1 E.8 F1800
SET_VELOCITY_LIMIT ACCEL=3000
;TYPE:Gap infill
;WIDTH:0.23186
G1 F15000
G1 X169.094 Y131 E.02987
G1 X169.016 Y131.016 E.00119
G1 X169 Y131.094 E.00119
G1 X169 Y132.906 E.02706
G1 X169.016 Y132.984 E.00119
G1 X169.094 Y133 E.00119
G1 X170.906 Y133 E.02706
G1 X170.984 Y133.016 E.00119
G1 X171 Y133.094 E.00119
G1 X171 Y134.906 E.02706
G1 X170.984 Y134.984 E.00119
G1 X170.906 Y135 E.00119
G1 X168.906 Y135 E.02987
G1 E-.728 F1800
;WIPE_START
G1 F30000
G1 X170.106 Y135 E-.072
;WIPE_END
G1 X165.817 Y128.687 Z1
G1 X164.602 Y126.898 Z1
G1 Z.6
G1 E.8 F1800
;TYPE:Inner wall
;WIDTH:0.45
G1 F12000
G1 X164.602 Y116.102 E.358
G1 X175.398 Y116.102 E.358
G1 X175.398 Y126.898 E.358
G1 X164.642 Y126.898 E.35668
SET_VELOCITY_LIMIT ACCEL=2000
G1 X164.21 Y127.29 F30000
;TYPE:Outer wall
;WIDTH:0.42
G1 F7200
G1 X164.21 Y115.71 E.35572
G1 X175.79 Y115.71 E.35572
G1 X175.79 Y127.29 E.35572
G1 X164.25 Y127.29 E.35448
G1 E-.728 F1800
;WIPE_START
G1 F30000
G1 X164.246 Y126.09 E-.072
;WIPE_END
G1 X165.03 Y126.451 Z1
G1 Z.6
G1 E.8 F1800
SET_VELOCITY_LIMIT ACCEL=3000
;TYPE:Internal solid infill
;WIDTH:0.44258
G1 F15000
G1 X164.955 Y126.495 E.00281
G1 X165.035 Y126.529 E.00283
G1 E-.78958 F1800
;WIPE_START
G1 F30000
G1 X164.955 Y126.495 E-.00523
G1 X165.03 Y126.451 E-.00519
;WIPE_END
G1 X170.997 Y121.691 Z1
G1 X175.234 Y118.31 Z1
G1 Z.6
G1 E.8 F1800
;WIDTH:0.419999
G1 F15000
G1 X173.36 Y116.435 E.08143
G1 X172.827 Y116.435 E.01638
G1 X175.065 Y118.673 E.09722
G1 X175.065 Y119.207 E.01638
G1 X172.293 Y116.435 E.12039
G1 X171.76 Y116.435 E.01638
G1 X175.065 Y119.74 E.14355
G1 X175.065 Y120.273 E.01638
G1 X171.227 Y116.435 E.16672
G1 X170.694 Y116.435 E.01638
G1 X175.065 Y120.806 E.18988
G1 X175.065 Y121.34 E.01638
G1 X170.16 Y116.435 E.21305
G1 X169.627 Y116.435 E.01638
G1 X175.065 Y121.873 E.23622
G1 X175.065 Y122.406 E.01638
G1 X169.094 Y116.435 E.25938
G1 X168.561 Y116.435 E.01638
G1 X175.065 Y122.939 E.28255
G1 X175.065 Y123.473 E.01638
G1 X168.027 Y116.435 E.30571
G1 X167.494 Y116.435 E.01638
G1 X175.065 Y124.006 E.32888
G1 X175.065 Y124.539 E.01638
G1 X166.961 Y116.435 E.35205
G1 X166.427 Y116.435 E.01638
G1 X175.065 Y125.073 E.37521
G1 X175.065 Y125.606 E.01638
G1 X165.894 Y116.435 E.39838
G1 X165.361 Y116.435 E.01638
G1 X175.065 Y126.139 E.42154
G1 X175.065 Y126.565 E.01307
G1 X174.957 Y126.565 E.00331
G1 X164.935 Y116.543 E.43535
G1 X164.935 Y117.076 E.01638
G1 X174.424 Y126.565 E.41219
G1 X173.89 Y126.565 E.01638
G1 X164.935 Y117.61 E.38903
G1 X164.935 Y118.143 E.01638
G1 X173.357 Y126.565 E.36586
G1 X172.824 Y126.565 E.01638
G1 X164.935 Y118.676 E.34269
G1 X164.935 Y119.209 E.01638
G1 X172.291 Y126.565 E.31952
G1 X171.757 Y126.565 E.01638
G1 X164.935 Y119.743 E.29636
G1 X164.935 Y120.276 E.01638
G1 X171.224 Y126.565 E.27319
G1 X170.691 Y126.565 E.01638
G1 X164.935 Y120.809 E.25003
G1 X164.935 Y121.342 E.01638
G1 X170.158 Y126.565 E.22686
G1 X169.624 Y126.565 E.01638
G1 X164.935 Y121.876 E.20369
G1 X164.935 Y122.409 E.01638
G1 X169.091 Y126.565 E.18053
G1 X168.558 Y126.565 E.01638
G1 X164.935 Y122.942 E.15736
G1 X164.935 Y123.476 E.01638
G1 X168.024 Y126.565 E.1342
G1 X167.491 Y126.565 E.01638
G1 X164.935 Y124.009 E.11103
G1 X164.935 Y124.542 E.01638
G1 X166.958 Y126.565 E.08786
G1 X166.425 Y126.565 E.01638
G1 X164.935 Y125.075 E.0647
G1 X164.935 Y125.609 E.01638
G1 X166.061 Y126.734 E.0489
G1 E-.728 F1800
;WIPE_START
G1 F30000
G1 X165.213 Y125.886 E-.072
;WIPE_END
G1 X170.325 Y120.219 Z1
G1 X173.685 Y116.494 Z1
G1 Z.6
G1 E.8 F1800
;WIDTH:0.419999
G1 F15000
G1 X175.006 Y117.815 E.05735
G1 X175.006 Y116.494 E.04055
G1 X173.725 Y116.494 E.03933
G1 E-.728 F1800
;WIPE_START
G1 F30000
G1 X174.925 Y116.494 E-.072
;WIPE_END
G1 X174.644 Y116.838 Z1
G1 Z.6
G1 E.8 F1800
;WIDTH:0.439294
G1 F15000
G1 X174.57 Y116.881 E.00277
G1 X174.649 Y116.916 E.00279
G1 E-.78967 F1800
;WIPE_START
G1 F30000
G1 X174.57 Y116.881 E-.00518
G1 X174.644 Y116.838 E-.00515
;WIPE_END
G1 X171.396 Y123.745 Z1
G1 X164.63 Y138.13 Z1
G1 Z.6
G1 E.8 F1800
SET_VELOCITY_LIMIT ACCEL=2000
;TYPE:Outer wall
;WIDTH:0.42
G1 F7200
G1 X167.37 Y138.13 E.08167
G1 X167.37 Y140.87 E.08167
G1 X164.63 Y140.87 E.08167
G1 X164.63 Y138.17 E.08047
G1 X164.21 Y137.71 F30000
G1 F7200
G1 X167.79 Y137.71 E.1067
G1 X167.79 Y141.29 E.1067
G1 X164.21 Y141.29 E.1067
G1 X164.21 Y137.75 E.10551
G1 E-1.092 F1800
;WIPE_START
G1 F30000
G1 X165.41 Y137.737 E-.108
;WIPE_END
G1 X164.997 Y145.358 Z1
G1 X164.63 Y152.13 Z1
G1 Z.6
G1 E1.2 F1800 ; CC2_CARD retract 1.2
G1 F7200
G1 X167.37 Y152.13 E.08167
G1 X167.37 Y154.87 E.08167
G1 X164.63 Y154.87 E.08167
G1 X164.63 Y152.17 E.08047
G1 X164.21 Y151.71 F30000
G1 F7200
G1 X167.79 Y151.71 E.1067
G1 X167.79 Y155.29 E.1067
G1 X164.21 Y155.29 E.1067
G1 X164.21 Y151.75 E.10551
M106 S194
;LAYER_CHANGE
;Z:0.8
;HEIGHT:0.2
;BEFORE_LAYER_CHANGE
;0.8
G92 E0

G1 E-1.092 F1800
;WIPE_START
G1 F30000
G1 X165.41 Y151.737 E-.108
;WIPE_END
M73 L4
;LAYER:4
SET_PRINT_STATS_INFO TOTAL_LAYER=35 CURRENT_LAYER=4
;_SET_FAN_SPEED_CHANGING_LAYER

G1 X164.456 Y151.283 Z0.857143
G1 X164.216 Y150.255 Z0.914286
G1 X164.87 Y149.426 Z0.971429
G1 X165.926 Y149.421 Z1.02857
G1 X166.589 Y150.243 Z1.08571
G1 X166.359 Y151.274 Z1.14286
G1 X165.41 Y151.737 Z1.2
G1 X88.63 Y152.13 Z1.2
G1 Z.8
G1 E1.2 F1800 ; CC2_CARD retract 1.2
G1 F7200
G1 X91.37 Y152.13 E.08167
G1 X91.37 Y154.87 E.08167
G1 X88.63 Y154.87 E.08167
G1 X88.63 Y152.17 E.08047
G1 X88.21 Y151.71 F30000
G1 F7200
G1 X91.79 Y151.71 E.1067
G1 X91.79 Y155.29 E.1067
G1 X88.21 Y155.29 E.1067
G1 X88.21 Y151.75 E.10551
G1 E-.364 F1800
;WIPE_START
G1 F30000
G1 X89.41 Y151.737 E-.036
;WIPE_END
G1 X95.789 Y155.927 Z1.2
G1 X101.384 Y159.602 Z1.2
G1 Z.8
G1 E.4 F1800 ; CC2_CARD retract 0.4
SET_VELOCITY_LIMIT ACCEL=3000
;TYPE:Inner wall
;WIDTH:0.45
G1 F12000
G1 X102.769 Y162 E.08909
G1 X101.384 Y164.398 E.08909
G1 X98.616 Y164.398 E.08909
G1 X97.231 Y162 E.08909
G1 X98.616 Y159.602 E.08909
G1 X101.344 Y159.602 E.08781
SET_VELOCITY_LIMIT ACCEL=2000
G1 X101.611 Y159.21 F30000
;TYPE:Outer wall
;WIDTH:0.42
G1 F7200
G1 X101.723 Y159.405 E.00671
G1 X103.222 Y162 E.08931
G1 X101.611 Y164.79 E.09602
G1 X98.389 Y164.79 E.09602
G1 X96.778 Y162 E.09602
G1 X98.389 Y159.21 E.09602
G1 X101.571 Y159.21 E.09483
G1 E-.728 F1800
;WIPE_START
G1 F30000
G1 X101.723 Y159.405 E-.01486
G1 X102.2 Y160.23 E-.05714
;WIPE_END
G1 X97.838 Y161.646 Z1.2
G1 Z.8
G1 E.8 F1800
SET_VELOCITY_LIMIT ACCEL=3000
;TYPE:Sparse infill
;WIDTH:0.45
G1 F12000
G1 X98.652 Y160.236 E.05239
G1 X99.717 Y159.95 E.03549
G1 X101.183 Y159.95 E.04717
G1 X101.464 Y160.436 E.01804
G1 X100.495 Y164.05 E.12038
G1 X98.867 Y164.05 E.05239
G1 E-.728 F1800
;WIPE_START
G1 F30000
G1 X100.067 Y164.05 E-.072
;WIPE_END
G1 X104.156 Y157.605 Z1.2
G1 X107.63 Y152.13 Z1.2
G1 Z.8
G1 E.8 F1800
SET_VELOCITY_LIMIT ACCEL=2000
;TYPE:Outer wall
;WIDTH:0.42
G1 F7200
G1 X110.37 Y152.13 E.08167
G1 X110.37 Y154.87 E.08167
G1 X107.63 Y154.87 E.08167
G1 X107.63 Y152.17 E.08047
G1 E-.546 F1800
;WIPE_START
G1 F30000
G1 X108.83 Y152.152 E-.054
;WIPE_END
G1 X110.79 Y151.71 Z1.2
G1 Z.8
G1 E.6 F1800 ; CC2_CARD retract 0.6
G1 F7200
G1 X110.79 Y155.29 E.1067
G1 X107.21 Y155.29 E.1067
G1 X107.21 Y151.71 E.1067
G1 X110.75 Y151.71 E.10551
G1 E-.546 F1800
;WIPE_START
G1 F30000
G1 X110.763 Y152.91 E-.054
;WIPE_END
G1 X113.1 Y145.644 Z1.2
G1 X122.602 Y116.102 Z1.2
G1 Z.8
G1 E.6 F1800 ; CC2_CARD retract 0.6
SET_VELOCITY_LIMIT ACCEL=3000
;TYPE:Inner wall
;WIDTH:0.45
G1 F12000
G1 X133.398 Y116.102 E.34737
G1 X133.398 Y126.898 E.34737
G1 X122.602 Y126.898 E.34737
G1 X122.602 Y116.142 E.34609
SET_VELOCITY_LIMIT ACCEL=2000
G1 X122.21 Y115.71 F30000
;TYPE:Outer wall
;WIDTH:0.42
G1 F7200
G1 X133.79 Y115.71 E.34515
G1 X133.79 Y127.29 E.34515
G1 X122.21 Y127.29 E.34515
G1 X122.21 Y115.75 E.34395
G1 E-.728 F1800
M73 P50 R13
;WIPE_START
G1 F30000
G1 X123.41 Y115.746 E-.072
;WIPE_END
G1 X123.03 Y116.462 Z1.2
G1 Z.8
G1 E.8 F1800
SET_VELOCITY_LIMIT ACCEL=3000
;TYPE:Internal solid infill
;WIDTH:0.442582
G1 F15000
G1 X122.955 Y116.505 E.00273
G1 X123.035 Y116.54 E.00275
G1 E-.78958 F1800
;WIPE_START
G1 F30000
G1 X122.955 Y116.505 E-.00523
G1 X123.03 Y116.462 E-.00519
;WIPE_END
G1 X128.972 Y121.253 Z1.2
G1 X133.234 Y124.69 Z1.2
G1 Z.8
G1 E.8 F1800
;WIDTH:0.419999
G1 F15000
G1 X131.36 Y126.565 E.07901
G1 X130.827 Y126.565 E.01589
G1 X133.065 Y124.327 E.09433
G1 X133.065 Y123.793 E.01589
G1 X130.293 Y126.565 E.11681
G1 X129.76 Y126.565 E.01589
G1 X133.065 Y123.26 E.13929
G1 X133.065 Y122.727 E.01589
G1 X129.227 Y126.565 E.16177
G1 X128.694 Y126.565 E.01589
G1 X133.065 Y122.194 E.18424
G1 X133.065 Y121.66 E.01589
G1 X128.16 Y126.565 E.20672
G1 X127.627 Y126.565 E.01589
G1 X133.065 Y121.127 E.2292
G1 X133.065 Y120.594 E.01589
G1 X127.094 Y126.565 E.25168
G1 X126.561 Y126.565 E.01589
G1 X133.065 Y120.061 E.27416
G1 X133.065 Y119.527 E.01589
G1 X126.027 Y126.565 E.29663
G1 X125.494 Y126.565 E.01589
G1 X133.065 Y118.994 E.31911
G1 X133.065 Y118.461 E.01589
G1 X124.961 Y126.565 E.34159
G1 X124.427 Y126.565 E.01589
G1 X133.065 Y117.927 E.36407
G1 X133.065 Y117.394 E.01589
G1 X123.894 Y126.565 E.38655
G1 X123.361 Y126.565 E.01589
G1 X133.065 Y116.861 E.40902
G1 X133.065 Y116.435 E.01268
G1 X132.957 Y116.435 E.00321
G1 X122.935 Y126.457 E.42242
G1 X122.935 Y125.924 E.01589
G1 X132.424 Y116.435 E.39995
G1 X131.89 Y116.435 E.01589
G1 X122.935 Y125.39 E.37747
G1 X122.935 Y124.857 E.01589
G1 X131.357 Y116.435 E.35499
G1 X130.824 Y116.435 E.01589
G1 X122.935 Y124.324 E.33251
G1 X122.935 Y123.791 E.01589
G1 X130.291 Y116.435 E.31003
G1 X129.757 Y116.435 E.01589
G1 X122.935 Y123.257 E.28756
G1 X122.935 Y122.724 E.01589
G1 X129.224 Y116.435 E.26508
G1 X128.691 Y116.435 E.01589
G1 X122.935 Y122.191 E.2426
G1 X122.935 Y121.658 E.01589
G1 X128.158 Y116.435 E.22012
G1 X127.624 Y116.435 E.01589
G1 X122.935 Y121.124 E.19764
G1 X122.935 Y120.591 E.01589
G1 X127.091 Y116.435 E.17517
G1 X126.558 Y116.435 E.01589
G1 X122.935 Y120.058 E.15269
G1 X122.935 Y119.524 E.01589
G1 X126.024 Y116.435 E.13021
G1 X125.491 Y116.435 E.01589
G1 X122.935 Y118.991 E.10773
G1 X122.935 Y118.458 E.01589
G1 X124.958 Y116.435 E.08525
G1 X124.425 Y116.435 E.01589
G1 X122.935 Y117.925 E.06278
G1 X122.935 Y117.391 E.01589
G1 X124.061 Y116.266 E.04745
G1 E-.728 F1800
;WIPE_START
G1 F30000
G1 X123.213 Y117.114 E-.072
;WIPE_END
G1 X128.325 Y122.781 Z1.2
G1 X131.685 Y126.506 Z1.2
G1 Z.8
G1 E.8 F1800
;WIDTH:0.419999
G1 F15000
G1 X133.006 Y126.506 E.03935
G1 X133.006 Y125.185 E.03935
G1 X131.714 Y126.478 E.05446
G1 E-.728 F1800
;WIPE_START
G1 F30000
G1 X132.562 Y125.629 E-.072
;WIPE_END
G1 X132.644 Y126.076 Z1.2
G1 Z.8
G1 E.8 F1800
;WIDTH:0.439292
G1 F15000
G1 X132.57 Y126.119 E.00269
G1 X132.649 Y126.154 E.00271
G1 E-.78967 F1800
;WIPE_START
G1 F30000
G1 X132.57 Y126.119 E-.00518
G1 X132.644 Y126.076 E-.00515
;WIPE_END
G1 X138.562 Y130.896 Z1.2
G1 X164.63 Y152.13 Z1.2
G1 Z.8
G1 E.8 F1800
SET_VELOCITY_LIMIT ACCEL=2000
;TYPE:Outer wall
;WIDTH:0.42
G1 F7200
G1 X167.37 Y152.13 E.08167
G1 X167.37 Y154.87 E.08167
G1 X164.63 Y154.87 E.08167
G1 X164.63 Y152.17 E.08047
G1 X164.21 Y151.71 F30000
G1 F7200
G1 X167.79 Y151.71 E.1067
G1 X167.79 Y155.29 E.1067
G1 X164.21 Y155.29 E.1067
G1 X164.21 Y151.75 E.10551
G1 E-1.092 F1800
;WIPE_START
G1 F30000
G1 X165.41 Y151.737 E-.108
;WIPE_END
G1 X164.973 Y144.117 Z1.2
G1 X164.63 Y138.13 Z1.2
G1 Z.8
G1 E1.2 F1800 ; CC2_CARD retract 1.2
G1 F7200
G1 X167.37 Y138.13 E.08167
G1 X167.37 Y140.87 E.08167
G1 X164.63 Y140.87 E.08167
G1 X164.63 Y138.17 E.08047
G1 X164.21 Y137.71 F30000
G1 F7200
G1 X167.79 Y137.71 E.1067
G1 X167.79 Y141.29 E.1067
G1 X164.21 Y141.29 E.1067
G1 X164.21 Y137.75 E.10551
G1 E-1.092 F1800
;WIPE_START
G1 F30000
G1 X165.41 Y137.737 E-.108
;WIPE_END
G1 X164.843 Y130.125 Z1.2
G1 X164.602 Y126.898 Z1.2
G1 Z.8
G1 E1.2 F1800 ; CC2_CARD retract 1.2
SET_VELOCITY_LIMIT ACCEL=3000
;TYPE:Inner wall
;WIDTH:0.45
G1 F12000
G1 X164.602 Y116.102 E.358
G1 X175.398 Y116.102 E.358
G1 X175.398 Y126.898 E.358
G1 X164.642 Y126.898 E.35668
SET_VELOCITY_LIMIT ACCEL=2000
G1 X164.21 Y127.29 F30000
;TYPE:Outer wall
;WIDTH:0.42
G1 F7200
G1 X164.21 Y115.71 E.35572
G1 X175.79 Y115.71 E.35572
G1 X175.79 Y127.29 E.35572
G1 X164.25 Y127.29 E.35448
G1 E-.728 F1800
;WIPE_START
G1 F30000
G1 X164.246 Y126.09 E-.072
;WIPE_END
G1 X171.871 Y126.426 Z1.2
G1 X173.685 Y126.506 Z1.2
G1 Z.8
G1 E.8 F1800
SET_VELOCITY_LIMIT ACCEL=3000
;TYPE:Internal solid infill
;WIDTH:0.419999
G1 F15000
G1 X175.006 Y126.506 E.04055
G1 X175.006 Y125.185 E.04055
G1 X173.714 Y126.478 E.05613
G1 E-.728 F1800
;WIPE_START
G1 F30000
G1 X174.562 Y125.629 E-.072
;WIPE_END
G1 X174.644 Y126.076 Z1.2
G1 Z.8
G1 E.8 F1800
;WIDTH:0.439292
G1 F15000
G1 X174.57 Y126.119 E.00277
G1 X174.649 Y126.154 E.00279
G1 E-.78967 F1800
;WIPE_START
G1 F30000
G1 X174.57 Y126.119 E-.00518
G1 X174.644 Y126.076 E-.00515
;WIPE_END
G1 X175.234 Y124.69 Z1.2
G1 Z.8
G1 E.8 F1800
;WIDTH:0.419999
G1 F15000
G1 X173.36 Y126.565 E.08143
G1 X172.827 Y126.565 E.01638
G1 X175.065 Y124.327 E.09722
G1 X175.065 Y123.793 E.01638
G1 X172.293 Y126.565 E.12039
G1 X171.76 Y126.565 E.01638
G1 X175.065 Y123.26 E.14355
G1 X175.065 Y122.727 E.01638
G1 X171.227 Y126.565 E.16672
G1 X170.694 Y126.565 E.01638
G1 X175.065 Y122.194 E.18988
G1 X175.065 Y121.66 E.01638
G1 X170.16 Y126.565 E.21305
G1 X169.627 Y126.565 E.01638
G1 X175.065 Y121.127 E.23622
G1 X175.065 Y120.594 E.01638
G1 X169.094 Y126.565 E.25938
G1 X168.561 Y126.565 E.01638
G1 X175.065 Y120.061 E.28255
G1 X175.065 Y119.527 E.01638
G1 X168.027 Y126.565 E.30571
G1 X167.494 Y126.565 E.01638
G1 X175.065 Y118.994 E.32888
G1 X175.065 Y118.461 E.01638
G1 X166.961 Y126.565 E.35205
G1 X166.427 Y126.565 E.01638
G1 X175.065 Y117.927 E.37521
G1 X175.065 Y117.394 E.01638
G1 X165.894 Y126.565 E.39838
G1 X165.361 Y126.565 E.01638
G1 X175.065 Y116.861 E.42154
G1 X175.065 Y116.435 E.01307
G1 X174.957 Y116.435 E.00331
G1 X164.935 Y126.457 E.43535
G1 X164.935 Y125.924 E.01638
G1 X174.424 Y116.435 E.41219
G1 X173.89 Y116.435 E.01638
G1 X164.935 Y125.39 E.38903
G1 X164.935 Y124.857 E.01638
G1 X173.357 Y116.435 E.36586
G1 X172.824 Y116.435 E.01638
G1 X164.935 Y124.324 E.34269
G1 X164.935 Y123.791 E.01638
G1 X172.291 Y116.435 E.31952
G1 X171.757 Y116.435 E.01638
G1 X164.935 Y123.257 E.29636
G1 X164.935 Y122.724 E.01638
G1 X171.224 Y116.435 E.27319
G1 X170.691 Y116.435 E.01638
G1 X164.935 Y122.191 E.25003
G1 X164.935 Y121.658 E.01638
G1 X170.158 Y116.435 E.22686
G1 X169.624 Y116.435 E.01638
G1 X164.935 Y121.124 E.20369
G1 X164.935 Y120.591 E.01638
G1 X169.091 Y116.435 E.18053
G1 X168.558 Y116.435 E.01638
G1 X164.935 Y120.058 E.15736
G1 X164.935 Y119.524 E.01638
G1 X168.024 Y116.435 E.1342
G1 X167.491 Y116.435 E.01638
G1 X164.935 Y118.991 E.11103
G1 X164.935 Y118.458 E.01638
G1 X166.958 Y116.435 E.08786
G1 X166.425 Y116.435 E.01638
G1 X164.935 Y117.925 E.0647
G1 X164.935 Y117.391 E.01638
G1 X166.061 Y116.266 E.0489
G1 E-.728 F1800
;WIPE_START
G1 F30000
G1 X165.213 Y117.114 E-.072
;WIPE_END
G1 X165.03 Y116.462 Z1.2
G1 Z.8
G1 E.8 F1800
;WIDTH:0.44258
G1 F15000
G1 X164.955 Y116.505 E.00281
G1 X165.035 Y116.54 E.00283
G1 E-.78958 F1800
;WIPE_START
G1 F30000
G1 X164.955 Y116.505 E-.00523
G1 X165.03 Y116.462 E-.00519
;WIPE_END
G1 X167.138 Y123.798 Z1.2
G1 X169.29 Y131.29 Z1.2
G1 Z.8
G1 E.8 F1800
SET_VELOCITY_LIMIT ACCEL=2000
;TYPE:Outer wall
;WIDTH:0.42
G1 F7200
G1 X169.29 Y132.71 E.04232
G1 X171.29 Y132.71 E.05961
G1 X171.29 Y135.29 E.0769
G1 X168.71 Y135.29 E.0769
G1 X168.71 Y134.71 E.01729
G1 X170.71 Y134.71 E.05961
G1 X170.71 Y133.29 E.04232
G1 X168.71 Y133.29 E.05961
G1 X168.71 Y130.71 E.0769
G1 X171.29 Y130.71 E.0769
G1 X171.29 Y131.29 E.01729
G1 X169.33 Y131.29 E.05842
G1 E-.728 F1800
;WIPE_START
G1 F30000
G1 X169.296 Y132.49 E-.072
;WIPE_END
G1 X171.094 Y131 Z1.2
G1 Z.8
G1 E.8 F1800
SET_VELOCITY_LIMIT ACCEL=3000
;TYPE:Gap infill
;WIDTH:0.23186
G1 F15000
G1 X169.094 Y131 E.02987
G1 X169.016 Y131.016 E.00119
G1 X169 Y131.094 E.00119
G1 X169 Y132.906 E.02706
G1 X169.016 Y132.984 E.00119
G1 X169.094 Y133 E.00119
G1 X170.906 Y133 E.02706
G1 X170.984 Y133.016 E.00119
G1 X171 Y133.094 E.00119
G1 X171 Y134.906 E.02706
G1 X170.984 Y134.984 E.00119
G1 X170.906 Y135 E.00119
G1 X168.906 Y135 E.02987
G1 E-.728 F1800
;WIPE_START
G1 F30000
G1 X170.106 Y135 E-.072
;WIPE_END
G1 X165.71 Y130.71 Z1.2
G1 Z.8
G1 E.8 F1800
SET_VELOCITY_LIMIT ACCEL=2000
;TYPE:Outer wall
;WIDTH:0.42
G1 F7200
G1 X166.29 Y130.71 E.01729
G1 X166.29 Y131.29 E.01729
G1 X165.71 Y131.29 E.01729
G1 X165.71 Y130.75 E.01609
G1 E-.728 F1800
;WIPE_START
G1 F30000
G1 X166.29 Y130.71 E-.03488
G1 X166.29 Y131.29 E-.0348
G1 X166.251 Y131.29 E-.00232
;WIPE_END
G1 X161.71 Y134.29 Z1.2
G1 Z.8
G1 E.8 F1800
G1 F7200
G1 X160.71 Y134.29 E.02981
G1 X160.71 Y133.71 E.01729
G1 X161.71 Y133.71 E.02981
G1 X161.71 Y131.29 E.07213
G1 X160.71 Y131.29 E.02981
G1 X160.71 Y130.71 E.01729
G1 X163.29 Y130.71 E.0769
G1 X163.29 Y131.29 E.01729
G1 X162.29 Y131.29 E.02981
G1 X162.29 Y135.29 E.11922
G1 X161.71 Y135.29 E.01729
G1 X161.71 Y134.33 E.02861
G1 X161.977 Y134 F30000
SET_VELOCITY_LIMIT ACCEL=3000
;TYPE:Gap infill
;WIDTH:0.233935
G1 F15000
G1 X160.906 Y134 E.01616
G1 E-.73577 F1800
;WIPE_START
G1 F30000
G1 X161.977 Y134 E-.06423
;WIPE_END
G1 X162 Y135.094 Z1.2
G1 Z.8
G1 E.8 F1800
;WIDTH:0.232362
G1 F15000
G1 X162 Y134.094 E.01497
G1 X161.977 Y134 E.00145
M73 P51 R13
G1 X162 Y133.906 E.00145
G1 X162 Y131.023 E.04316
G1 X162.094 Y131 E.00145
G1 X163.094 Y131 E.01497
G1 E-.728 F1800
;WIPE_START
G1 F30000
G1 X162.094 Y131 E-.06
G1 X162 Y131.023 E-.00581
G1 X162 Y131.127 E-.00619
;WIPE_END
G1 X162 Y131.023 Z1.2
G1 Z.8
G1 E.8 F1800
;WIDTH:0.234991
G1 F15000
G1 X161.906 Y131 E.00147
G1 X160.906 Y131 E.01518
G1 E-.73419 F1800
;WIPE_START
G1 F30000
G1 X161.906 Y131 E-.06
G1 X162 Y131.023 E-.00581
;WIPE_END
G1 X161.692 Y123.397 Z1.2
G1 X161.398 Y116.102 Z1.2
G1 Z.8
G1 E.8 F1800
;TYPE:Inner wall
;WIDTH:0.45
G1 F12000
G1 X161.398 Y126.898 E.35446
G1 X150.602 Y126.898 E.35446
G1 X150.602 Y116.102 E.35446
G1 X161.358 Y116.102 E.35315
SET_VELOCITY_LIMIT ACCEL=2000
G1 X161.79 Y115.71 F30000
;TYPE:Outer wall
;WIDTH:0.42
G1 F7200
G1 X161.79 Y127.29 E.35219
G1 X150.21 Y127.29 E.35219
G1 X150.21 Y115.71 E.35219
G1 X161.75 Y115.71 E.35097
G1 E-.728 F1800
;WIPE_START
G1 F30000
G1 X161.754 Y116.91 E-.072
;WIPE_END
G1 X161.245 Y124.525 Z1.2
G1 X161.234 Y124.69 Z1.2
G1 Z.8
G1 E.8 F1800
SET_VELOCITY_LIMIT ACCEL=3000
;TYPE:Internal solid infill
;WIDTH:0.419999
G1 F15000
G1 X159.36 Y126.565 E.08062
G1 X158.827 Y126.565 E.01621
G1 X161.065 Y124.327 E.09626
G1 X161.065 Y123.793 E.01621
G1 X158.293 Y126.565 E.11919
G1 X157.76 Y126.565 E.01621
G1 X161.065 Y123.26 E.14213
G1 X161.065 Y122.727 E.01621
G1 X157.227 Y126.565 E.16507
G1 X156.694 Y126.565 E.01621
G1 X161.065 Y122.194 E.188
G1 X161.065 Y121.66 E.01621
G1 X156.16 Y126.565 E.21094
G1 X155.627 Y126.565 E.01621
G1 X161.065 Y121.127 E.23388
G1 X161.065 Y120.594 E.01621
G1 X155.094 Y126.565 E.25682
G1 X154.561 Y126.565 E.01621
G1 X161.065 Y120.061 E.27976
G1 X161.065 Y119.527 E.01621
G1 X154.027 Y126.565 E.30268
G1 X153.494 Y126.565 E.01621
G1 X161.065 Y118.994 E.32562
G1 X161.065 Y118.461 E.01621
G1 X152.961 Y126.565 E.34856
G1 X152.427 Y126.565 E.01621
G1 X161.065 Y117.927 E.3715
G1 X161.065 Y117.394 E.01621
G1 X151.894 Y126.565 E.39444
G1 X151.361 Y126.565 E.01621
G1 X161.065 Y116.861 E.41737
G1 X161.065 Y116.435 E.01294
G1 X160.957 Y116.435 E.00328
G1 X150.935 Y126.457 E.43104
G1 X150.935 Y125.924 E.01621
G1 X160.424 Y116.435 E.40811
G1 X159.89 Y116.435 E.01621
G1 X150.935 Y125.39 E.38517
G1 X150.935 Y124.857 E.01621
G1 X159.357 Y116.435 E.36223
G1 X158.824 Y116.435 E.01621
G1 X150.935 Y124.324 E.3393
G1 X150.935 Y123.791 E.01621
G1 X158.291 Y116.435 E.31636
G1 X157.757 Y116.435 E.01621
G1 X150.935 Y123.257 E.29343
G1 X150.935 Y122.724 E.01621
G1 X157.224 Y116.435 E.27049
G1 X156.691 Y116.435 E.01621
G1 X150.935 Y122.191 E.24755
G1 X150.935 Y121.658 E.01621
G1 X156.158 Y116.435 E.22461
G1 X155.624 Y116.435 E.01621
G1 X150.935 Y121.124 E.20167
G1 X150.935 Y120.591 E.01621
G1 X155.091 Y116.435 E.17874
G1 X154.558 Y116.435 E.01621
G1 X150.935 Y120.058 E.15581
G1 X150.935 Y119.524 E.01621
G1 X154.024 Y116.435 E.13287
G1 X153.491 Y116.435 E.01621
G1 X150.935 Y118.991 E.10993
G1 X150.935 Y118.458 E.01621
G1 X152.958 Y116.435 E.08699
G1 X152.425 Y116.435 E.01621
G1 X150.935 Y117.925 E.06406
G1 X150.935 Y117.391 E.01621
G1 X152.061 Y116.266 E.04842
G1 E-.728 F1800
;WIPE_START
G1 F30000
G1 X151.213 Y117.114 E-.072
;WIPE_END
G1 X151.03 Y116.462 Z1.2
G1 Z.8
G1 E.8 F1800
;WIDTH:0.44258
G1 F15000
G1 X150.955 Y116.505 E.00279
G1 X151.035 Y116.54 E.00281
G1 E-.78958 F1800
;WIPE_START
G1 F30000
G1 X150.955 Y116.505 E-.00523
G1 X151.03 Y116.462 E-.00519
;WIPE_END
G1 X156.013 Y122.244 Z1.2
G1 X159.685 Y126.506 Z1.2
G1 Z.8
G1 E.8 F1800
;WIDTH:0.419999
G1 F15000
G1 X161.006 Y126.506 E.04015
G1 X161.006 Y125.185 E.04015
G1 X159.714 Y126.478 E.05557
G1 E-.728 F1800
;WIPE_START
G1 F30000
G1 X160.562 Y125.629 E-.072
;WIPE_END
G1 X160.644 Y126.076 Z1.2
G1 Z.8
G1 E.8 F1800
;WIDTH:0.439292
G1 F15000
G1 X160.57 Y126.119 E.00274
G1 X160.649 Y126.154 E.00277
G1 E-.78967 F1800
;WIPE_START
G1 F30000
G1 X160.57 Y126.119 E-.00518
G1 X160.644 Y126.076 E-.00515
;WIPE_END
G1 X153.594 Y123.151 Z1.2
G1 X136.602 Y116.102 Z1.2
G1 Z.8
G1 E.8 F1800
;TYPE:Inner wall
;WIDTH:0.45
G1 F12000
G1 X147.398 Y116.102 E.35091
G1 X147.398 Y126.898 E.35091
G1 X136.602 Y126.898 E.35091
G1 X136.602 Y116.142 E.34962
SET_VELOCITY_LIMIT ACCEL=2000
G1 X136.21 Y115.71 F30000
;TYPE:Outer wall
;WIDTH:0.42
G1 F7200
G1 X147.79 Y115.71 E.34867
G1 X147.79 Y127.29 E.34867
G1 X136.21 Y127.29 E.34867
G1 X136.21 Y115.75 E.34746
G1 E-.728 F1800
;WIPE_START
G1 F30000
G1 X137.41 Y115.746 E-.072
;WIPE_END
G1 X137.03 Y116.462 Z1.2
G1 Z.8
G1 E.8 F1800
SET_VELOCITY_LIMIT ACCEL=3000
;TYPE:Internal solid infill
;WIDTH:0.44258
G1 F15000
G1 X136.955 Y116.505 E.00276
G1 X137.035 Y116.54 E.00278
G1 E-.78958 F1800
;WIPE_START
G1 F30000
G1 X136.955 Y116.505 E-.00523
G1 X137.03 Y116.462 E-.00519
;WIPE_END
G1 X142.972 Y121.253 Z1.2
G1 X147.234 Y124.69 Z1.2
G1 Z.8
G1 E.8 F1800
;WIDTH:0.419999
G1 F15000
G1 X145.36 Y126.565 E.07982
G1 X144.827 Y126.565 E.01605
G1 X147.065 Y124.327 E.09529
G1 X147.065 Y123.793 E.01605
G1 X144.293 Y126.565 E.118
G1 X143.76 Y126.565 E.01605
G1 X147.065 Y123.26 E.14071
G1 X147.065 Y122.727 E.01605
G1 X143.227 Y126.565 E.16342
G1 X142.694 Y126.565 E.01605
G1 X147.065 Y122.194 E.18612
G1 X147.065 Y121.66 E.01605
G1 X142.16 Y126.565 E.20883
G1 X141.627 Y126.565 E.01605
G1 X147.065 Y121.127 E.23154
G1 X147.065 Y120.594 E.01605
G1 X141.094 Y126.565 E.25425
G1 X140.561 Y126.565 E.01605
G1 X147.065 Y120.061 E.27696
G1 X147.065 Y119.527 E.01605
G1 X140.027 Y126.565 E.29966
G1 X139.494 Y126.565 E.01605
G1 X147.065 Y118.994 E.32237
G1 X147.065 Y118.461 E.01605
G1 X138.961 Y126.565 E.34508
G1 X138.427 Y126.565 E.01605
G1 X147.065 Y117.927 E.36778
G1 X147.065 Y117.394 E.01605
G1 X137.894 Y126.565 E.39049
G1 X137.361 Y126.565 E.01605
G1 X147.065 Y116.861 E.41319
G1 X147.065 Y116.435 E.01281
G1 X146.957 Y116.435 E.00324
G1 X136.935 Y126.457 E.42673
G1 X136.935 Y125.924 E.01605
G1 X146.424 Y116.435 E.40403
G1 X145.89 Y116.435 E.01605
G1 X136.935 Y125.39 E.38132
G1 X136.935 Y124.857 E.01605
G1 X145.357 Y116.435 E.35861
G1 X144.824 Y116.435 E.01605
G1 X136.935 Y124.324 E.3359
G1 X136.935 Y123.791 E.01605
G1 X144.291 Y116.435 E.31319
G1 X143.757 Y116.435 E.01605
G1 X136.935 Y123.257 E.29049
G1 X136.935 Y122.724 E.01605
G1 X143.224 Y116.435 E.26778
G1 X142.691 Y116.435 E.01605
G1 X136.935 Y122.191 E.24508
G1 X136.935 Y121.658 E.01605
G1 X142.158 Y116.435 E.22237
G1 X141.624 Y116.435 E.01605
G1 X136.935 Y121.124 E.19966
G1 X136.935 Y120.591 E.01605
G1 X141.091 Y116.435 E.17696
G1 X140.558 Y116.435 E.01605
G1 X136.935 Y120.058 E.15425
G1 X136.935 Y119.524 E.01605
G1 X140.024 Y116.435 E.13154
G1 X139.491 Y116.435 E.01605
G1 X136.935 Y118.991 E.10883
G1 X136.935 Y118.458 E.01605
G1 X138.958 Y116.435 E.08612
G1 X138.425 Y116.435 E.01605
G1 X136.935 Y117.925 E.06342
G1 X136.935 Y117.391 E.01605
G1 X138.061 Y116.266 E.04793
G1 E-.728 F1800
;WIPE_START
G1 F30000
G1 X137.213 Y117.114 E-.072
;WIPE_END
G1 X142.325 Y122.781 Z1.2
G1 X145.685 Y126.506 Z1.2
G1 Z.8
G1 E.8 F1800
;WIDTH:0.419999
G1 F15000
G1 X147.006 Y126.506 E.03975
G1 X147.006 Y125.185 E.03975
G1 X145.714 Y126.478 E.05502
G1 E-.728 F1800
;WIPE_START
G1 F30000
G1 X146.562 Y125.629 E-.072
;WIPE_END
G1 X146.644 Y126.076 Z1.2
G1 Z.8
G1 E.8 F1800
;WIDTH:0.439292
G1 F15000
G1 X146.57 Y126.119 E.00272
G1 X146.649 Y126.154 E.00274
G1 E-.78967 F1800
;WIPE_START
G1 F30000
G1 X146.57 Y126.119 E-.00518
G1 X146.644 Y126.076 E-.00515
;WIPE_END
G1 X147.29 Y130.71 Z1.2
G1 Z.8
G1 E.8 F1800
SET_VELOCITY_LIMIT ACCEL=2000
;TYPE:Outer wall
;WIDTH:0.42
G1 F7200
G1 X147.29 Y131.29 E.01729
G1 X146.71 Y131.29 E.01729
G1 X146.71 Y130.71 E.01729
G1 X147.25 Y130.71 E.01609
G1 E-.728 F1800
;WIPE_START
G1 F30000
G1 X147.29 Y131.29 E-.03488
G1 X146.71 Y131.29 E-.0348
G1 X146.71 Y131.251 E-.00232
;WIPE_END
G1 X142.71 Y134.29 Z1.2
G1 Z.8
G1 E.8 F1800
G1 F7200
G1 X141.71 Y134.29 E.02981
G1 X141.71 Y133.71 E.01729
G1 X142.71 Y133.71 E.02981
G1 X142.71 Y131.29 E.07213
G1 X141.71 Y131.29 E.02981
G1 X141.71 Y130.71 E.01729
G1 X144.29 Y130.71 E.0769
G1 X144.29 Y131.29 E.01729
G1 X143.29 Y131.29 E.02981
G1 X143.29 Y135.29 E.11922
G1 X142.71 Y135.29 E.01729
G1 X142.71 Y134.33 E.02861
G1 X142.977 Y134 F30000
SET_VELOCITY_LIMIT ACCEL=3000
;TYPE:Gap infill
;WIDTH:0.233935
G1 F15000
G1 X141.906 Y134 E.01616
G1 E-.73577 F1800
;WIPE_START
G1 F30000
G1 X142.977 Y134 E-.06423
;WIPE_END
G1 X143 Y135.094 Z1.2
G1 Z.8
G1 E.8 F1800
;WIDTH:0.232362
G1 F15000
G1 X143 Y134.094 E.01497
G1 X142.977 Y134 E.00145
G1 X143 Y133.906 E.00145
G1 X143 Y131.023 E.04316
G1 X143.094 Y131 E.00145
G1 X144.094 Y131 E.01497
G1 E-.728 F1800
;WIPE_START
G1 F30000
G1 X143.094 Y131 E-.06
G1 X143 Y131.023 E-.00581
G1 X143 Y131.127 E-.00619
;WIPE_END
G1 X143 Y131.023 Z1.2
G1 Z.8
G1 E.8 F1800
;WIDTH:0.234991
G1 F15000
G1 X142.906 Y131 E.00147
G1 X141.906 Y131 E.01518
G1 E-.73419 F1800
;WIPE_START
G1 F30000
G1 X142.906 Y131 E-.06
G1 X143 Y131.023 E-.00581
;WIPE_END
G1 X150.29 Y131.29 Z1.2
G1 Z.8
G1 E.8 F1800
SET_VELOCITY_LIMIT ACCEL=2000
;TYPE:Outer wall
;WIDTH:0.42
G1 F7200
G1 X151.71 Y131.29 E.04232
G1 X151.71 Y134.71 E.10193
G1 X150.29 Y134.71 E.04232
G1 X150.29 Y131.33 E.10074
G1 E-.728 F1800
;WIPE_START
G1 F30000
G1 X151.49 Y131.296 E-.072
;WIPE_END
G1 X149.71 Y130.71 Z1.2
G1 Z.8
G1 E.8 F1800
G1 F7200
G1 X152.29 Y130.71 E.0769
G1 X152.29 Y135.29 E.13651
G1 X149.71 Y135.29 E.0769
G1 X149.71 Y130.75 E.13532
G1 X150.016 Y131.016 F30000
SET_VELOCITY_LIMIT ACCEL=3000
;TYPE:Gap infill
;WIDTH:0.231705
G1 F15000
G1 X150 Y131.094 E.00119
G1 X150 Y134.906 E.05688
G1 X150.016 Y134.984 E.00119
G1 X150.094 Y135 E.00119
G1 X151.906 Y135 E.02704
G1 X151.984 Y134.984 E.00119
G1 X152 Y134.906 E.00119
G1 X152 Y131.094 E.05688
G1 X151.984 Y131.016 E.00119
G1 X151.906 Y131 E.00119
M73 P52 R13
G1 X150.094 Y131 E.02704
G1 X150.055 Y131.008 E.00059
G1 E-.728 F1800
;WIPE_START
G1 F30000
G1 X150 Y131.094 E-.00613
G1 X150 Y132.192 E-.06587
;WIPE_END
G1 X145.63 Y138.13 Z1.2
G1 Z.8
G1 E.8 F1800
M73 P52 R12
SET_VELOCITY_LIMIT ACCEL=2000
;TYPE:Outer wall
;WIDTH:0.42
G1 F7200
G1 X148.37 Y138.13 E.08167
G1 X148.37 Y140.87 E.08167
G1 X145.63 Y140.87 E.08167
G1 X145.63 Y138.17 E.08047
G1 X145.21 Y137.71 F30000
G1 F7200
G1 X148.79 Y137.71 E.1067
G1 X148.79 Y141.29 E.1067
G1 X145.21 Y141.29 E.1067
G1 X145.21 Y137.75 E.10551
G1 E-.91 F1800
;WIPE_START
G1 F30000
G1 X146.41 Y137.737 E-.09
;WIPE_END
G1 X145.997 Y145.358 Z1.2
G1 X145.63 Y152.13 Z1.2
G1 Z.8
G1 E1 F1800 ; CC2_CARD retract 1.0
G1 F7200
G1 X148.37 Y152.13 E.08167
G1 X148.37 Y154.87 E.08167
G1 X145.63 Y154.87 E.08167
G1 X145.63 Y152.17 E.08047
G1 E-.91 F1800
;WIPE_START
G1 F30000
G1 X146.83 Y152.152 E-.09
;WIPE_END
G1 X148.79 Y151.71 Z1.2
G1 Z.8
G1 E1 F1800 ; CC2_CARD retract 1.0
G1 F7200
G1 X148.79 Y155.29 E.1067
G1 X145.21 Y155.29 E.1067
G1 X145.21 Y151.71 E.1067
G1 X148.75 Y151.71 E.10551
G1 E-.91 F1800
;WIPE_START
G1 F30000
G1 X148.763 Y152.91 E-.09
;WIPE_END
G1 X141.136 Y152.641 Z1.2
G1 X126.63 Y152.13 Z1.2
G1 Z.8
G1 E1 F1800 ; CC2_CARD retract 1.0
G1 F7200
G1 X129.37 Y152.13 E.08167
G1 X129.37 Y154.87 E.08167
G1 X126.63 Y154.87 E.08167
G1 X126.63 Y152.17 E.08047
G1 X126.21 Y151.71 F30000
G1 F7200
G1 X129.79 Y151.71 E.1067
G1 X129.79 Y155.29 E.1067
G1 X126.21 Y155.29 E.1067
G1 X126.21 Y151.75 E.10551
G1 E-.728 F1800
;WIPE_START
G1 F30000
G1 X127.41 Y151.737 E-.072
;WIPE_END
G1 X128.498 Y144.182 Z1.2
G1 X129.37 Y138.13 Z1.2
G1 Z.8
G1 E.8 F1800 ; CC2_CARD retract 0.8
G1 F7200
G1 X129.37 Y140.87 E.08167
G1 X126.63 Y140.87 E.08167
G1 X126.63 Y138.13 E.08167
G1 X129.33 Y138.13 E.08047
G1 X129.79 Y137.71 F30000
G1 F7200
G1 X129.79 Y141.29 E.1067
G1 X126.21 Y141.29 E.1067
G1 X126.21 Y137.71 E.1067
G1 X129.75 Y137.71 E.10551
G1 E-.728 F1800
;WIPE_START
G1 F30000
G1 X129.763 Y138.91 E-.072
;WIPE_END
G1 X131.29 Y132.71 Z1.2
G1 Z.8
G1 E.8 F1800 ; CC2_CARD retract 0.8
G1 F7200
G1 X132.71 Y132.71 E.04232
G1 X132.71 Y131.29 E.04232
G1 X131.29 Y131.29 E.04232
G1 X131.29 Y132.67 E.04113
G1 X131.29 Y133.29 F30000
G1 F7200
G1 X131.29 Y134.71 E.04232
G1 X132.71 Y134.71 E.04232
G1 X132.71 Y133.29 E.04232
G1 X131.33 Y133.29 E.04113
G1 E-.728 F1800
;WIPE_START
G1 F30000
G1 X131.296 Y134.49 E-.072
;WIPE_END
G1 X130.71 Y130.71 Z1.2
G1 Z.8
G1 E.8 F1800
G1 F7200
G1 X133.29 Y130.71 E.0769
G1 X133.29 Y135.29 E.13651
G1 X130.71 Y135.29 E.0769
G1 X130.71 Y130.75 E.13532
G1 E-.728 F1800
;WIPE_START
G1 F30000
G1 X131.91 Y130.731 E-.072
;WIPE_END
G1 X131.023 Y133 Z1.2
G1 Z.8
G1 E.8 F1800
SET_VELOCITY_LIMIT ACCEL=3000
;TYPE:Gap infill
;WIDTH:0.232486
G1 F15000
G1 X131 Y133.094 E.00145
G1 X131 Y134.906 E.02715
G1 X131.016 Y134.984 E.00119
G1 X131.094 Y135 E.00119
G1 X132.906 Y135 E.02715
G1 X132.984 Y134.984 E.00119
G1 X133 Y134.906 E.00119
G1 X133 Y133.094 E.02715
G1 X132.977 Y133 E.00145
G1 X131.063 Y133 E.02866
G1 X131.023 Y133 F30000
;WIDTH:0.232469
G1 F15000
G1 X131 Y132.906 E.00145
G1 X131 Y131.094 E.02715
G1 X131.016 Y131.016 E.00119
G1 X131.094 Y131 E.00119
G1 X132.906 Y131 E.02715
G1 X132.984 Y131.016 E.00119
G1 X133 Y131.094 E.00119
G1 X133 Y132.906 E.02715
G1 X132.977 Y133 E.00145
G1 E-.728 F1800
;WIPE_START
G1 F30000
G1 X133 Y132.906 E-.00581
G1 X133 Y131.803 E-.06619
;WIPE_END
G1 X128.29 Y131.29 Z1.2
G1 Z.8
G1 E.8 F1800
SET_VELOCITY_LIMIT ACCEL=2000
;TYPE:Outer wall
;WIDTH:0.42
G1 F7200
G1 X127.71 Y131.29 E.01729
G1 X127.71 Y130.71 E.01729
G1 X128.29 Y130.71 E.01729
G1 X128.29 Y131.25 E.01609
G1 E-.728 F1800
;WIPE_START
G1 F30000
G1 X127.71 Y131.29 E-.03488
G1 X127.71 Y130.71 E-.0348
G1 X127.749 Y130.71 E-.00232
;WIPE_END
G1 X123.29 Y134.71 Z1.2
G1 Z.8
G1 E.8 F1800
G1 F7200
G1 X123.29 Y131.29 E.10193
G1 X124.71 Y131.29 E.04232
G1 X124.71 Y134.71 E.10193
G1 X123.33 Y134.71 E.04113
G1 E-.728 F1800
;WIPE_START
G1 F30000
G1 X123.316 Y133.51 E-.072
;WIPE_END
G1 X122.71 Y135.29 Z1.2
G1 Z.8
G1 E.8 F1800
G1 F7200
G1 X122.71 Y130.71 E.13651
G1 X125.29 Y130.71 E.0769
G1 X125.29 Y135.29 E.13651
G1 X122.75 Y135.29 E.07571
G1 X123.016 Y134.984 F30000
SET_VELOCITY_LIMIT ACCEL=3000
;TYPE:Gap infill
;WIDTH:0.231705
G1 F15000
G1 X123.094 Y135 E.00119
G1 X124.906 Y135 E.02704
G1 X124.984 Y134.984 E.00119
G1 X125 Y134.906 E.00119
G1 X125 Y131.094 E.05688
G1 X124.984 Y131.016 E.00119
G1 X124.906 Y131 E.00119
G1 X123.094 Y131 E.02704
G1 X123.016 Y131.016 E.00119
G1 X123 Y131.094 E.00119
G1 X123 Y134.906 E.05688
G1 X123.008 Y134.945 E.00059
G1 E-.728 F1800
;WIPE_START
G1 F30000
G1 X123.094 Y135 E-.00613
G1 X124.192 Y135 E-.06587
;WIPE_END
G1 X117.419 Y131.48 Z1.2
G1 X108.602 Y126.898 Z1.2
G1 Z.8
G1 E.8 F1800
;TYPE:Inner wall
;WIDTH:0.45
G1 F12000
G1 X108.602 Y116.102 E.34383
G1 X119.398 Y116.102 E.34383
G1 X119.398 Y126.898 E.34383
G1 X108.642 Y126.898 E.34256
SET_VELOCITY_LIMIT ACCEL=2000
G1 X108.21 Y127.29 F30000
;TYPE:Outer wall
;WIDTH:0.42
G1 F7200
G1 X108.21 Y115.71 E.34163
G1 X119.79 Y115.71 E.34163
G1 X119.79 Y127.29 E.34163
G1 X108.25 Y127.29 E.34044
G1 E-.728 F1800
;WIPE_START
G1 F30000
G1 X108.246 Y126.09 E-.072
;WIPE_END
G1 X115.873 Y126.385 Z1.2
G1 X119.006 Y126.506 Z1.2
G1 Z.8
G1 E.8 F1800
SET_VELOCITY_LIMIT ACCEL=3000
;TYPE:Internal solid infill
;WIDTH:0.419999
G1 F15000
G1 X119.006 Y125.185 E.03895
G1 X117.685 Y126.506 E.05508
G1 X118.966 Y126.506 E.03777
G1 X118.644 Y126.076 F30000
;WIDTH:0.439292
G1 F15000
G1 X118.57 Y126.119 E.00266
G1 X118.649 Y126.154 E.00268
G1 E-.78967 F1800
;WIPE_START
G1 F30000
G1 X118.57 Y126.119 E-.00518
G1 X118.644 Y126.076 E-.00515
;WIPE_END
G1 X119.234 Y124.69 Z1.2
G1 Z.8
G1 E.8 F1800
;WIDTH:0.419999
G1 F15000
G1 X117.36 Y126.565 E.0782
G1 X116.827 Y126.565 E.01573
G1 X119.065 Y124.327 E.09337
G1 X119.065 Y123.793 E.01573
G1 X116.293 Y126.565 E.11562
G1 X115.76 Y126.565 E.01573
G1 X119.065 Y123.26 E.13787
G1 X119.065 Y122.727 E.01573
G1 X115.227 Y126.565 E.16012
G1 X114.694 Y126.565 E.01573
G1 X119.065 Y122.194 E.18236
G1 X119.065 Y121.66 E.01573
G1 X114.16 Y126.565 E.20461
G1 X113.627 Y126.565 E.01573
G1 X119.065 Y121.127 E.22686
G1 X119.065 Y120.594 E.01573
G1 X113.094 Y126.565 E.24911
G1 X112.561 Y126.565 E.01573
G1 X119.065 Y120.061 E.27136
G1 X119.065 Y119.527 E.01573
G1 X112.027 Y126.565 E.2936
G1 X111.494 Y126.565 E.01573
G1 X119.065 Y118.994 E.31585
G1 X119.065 Y118.461 E.01573
G1 X110.961 Y126.565 E.3381
G1 X110.427 Y126.565 E.01573
G1 X119.065 Y117.927 E.36035
G1 X119.065 Y117.394 E.01573
G1 X109.894 Y126.565 E.38261
G1 X109.361 Y126.565 E.01573
G1 X119.065 Y116.861 E.40485
G1 X119.065 Y116.435 E.01255
G1 X118.957 Y116.435 E.00318
G1 X108.935 Y126.457 E.41811
G1 X108.935 Y125.924 E.01573
G1 X118.424 Y116.435 E.39587
G1 X117.89 Y116.435 E.01573
G1 X108.935 Y125.39 E.37362
G1 X108.935 Y124.857 E.01573
G1 X117.357 Y116.435 E.35137
G1 X116.824 Y116.435 E.01573
G1 X108.935 Y124.324 E.32912
G1 X108.935 Y123.791 E.01573
G1 X116.291 Y116.435 E.30687
G1 X115.757 Y116.435 E.01573
G1 X108.935 Y123.257 E.28463
G1 X108.935 Y122.724 E.01573
G1 X115.224 Y116.435 E.26238
G1 X114.691 Y116.435 E.01573
G1 X108.935 Y122.191 E.24012
G1 X108.935 Y121.658 E.01573
G1 X114.158 Y116.435 E.21787
G1 X113.624 Y116.435 E.01573
G1 X108.935 Y121.124 E.19562
G1 X108.935 Y120.591 E.01573
G1 X113.091 Y116.435 E.17338
G1 X112.558 Y116.435 E.01573
G1 X108.935 Y120.058 E.15113
G1 X108.935 Y119.524 E.01573
G1 X112.024 Y116.435 E.12888
G1 X111.491 Y116.435 E.01573
G1 X108.935 Y118.991 E.10663
G1 X108.935 Y118.458 E.01573
G1 X110.958 Y116.435 E.08438
G1 X110.425 Y116.435 E.01573
G1 X108.935 Y117.925 E.06214
G1 X108.935 Y117.391 E.01573
G1 X110.061 Y116.266 E.04697
G1 E-.728 F1800
;WIPE_START
G1 F30000
G1 X109.213 Y117.114 E-.072
;WIPE_END
G1 X109.03 Y116.462 Z1.2
G1 Z.8
G1 E.8 F1800
;WIDTH:0.442582
G1 F15000
G1 X108.955 Y116.505 E.0027
G1 X109.035 Y116.54 E.00272
G1 E-.78958 F1800
;WIPE_START
G1 F30000
G1 X108.955 Y116.505 E-.00523
G1 X109.03 Y116.462 E-.00519
;WIPE_END
G1 X110.532 Y123.946 Z1.2
G1 X112.29 Y132.71 Z1.2
G1 Z.8
G1 E.8 F1800
SET_VELOCITY_LIMIT ACCEL=2000
;TYPE:Outer wall
;WIDTH:0.42
G1 F7200
G1 X112.29 Y131.29 E.04232
G1 X113.71 Y131.29 E.04232
G1 X113.71 Y132.71 E.04232
G1 X112.33 Y132.71 E.04113
G1 X112.29 Y133.29 F30000
G1 F7200
G1 X112.29 Y134.71 E.04232
G1 X114.29 Y134.71 E.05961
G1 X114.29 Y135.29 E.01729
G1 X111.71 Y135.29 E.0769
G1 X111.71 Y130.71 E.13651
G1 X114.29 Y130.71 E.0769
G1 X114.29 Y133.29 E.0769
G1 X112.33 Y133.29 E.05842
G1 X112.023 Y133 F30000
SET_VELOCITY_LIMIT ACCEL=3000
;TYPE:Gap infill
;WIDTH:0.231976
G1 F15000
G1 X112 Y132.906 E.00145
G1 X112 Y131.094 E.02708
G1 X112.016 Y131.016 E.00119
G1 X112.094 Y131 E.00119
G1 X113.906 Y131 E.02708
G1 X113.984 Y131.016 E.00119
G1 X114 Y131.094 E.00119
G1 X114 Y132.906 E.02708
G1 X113.984 Y132.984 E.00119
G1 X113.906 Y133 E.00119
G1 X112.023 Y133 E.02813
G1 X112 Y133.094 E.00145
G1 X112 Y134.906 E.02708
G1 X112.016 Y134.984 E.00119
G1 X112.094 Y135 E.00119
G1 X114.094 Y135 E.02989
G1 E-.728 F1800
;WIPE_START
G1 F30000
G1 X112.894 Y135 E-.072
;WIPE_END
G1 X107.63 Y138.13 Z1.2
G1 Z.8
G1 E.8 F1800
SET_VELOCITY_LIMIT ACCEL=2000
;TYPE:Outer wall
;WIDTH:0.42
G1 F7200
G1 X110.37 Y138.13 E.08167
G1 X110.37 Y140.87 E.08167
G1 X107.63 Y140.87 E.08167
G1 X107.63 Y138.17 E.08047
G1 X107.21 Y137.71 F30000
G1 F7200
G1 X110.79 Y137.71 E.1067
G1 X110.79 Y141.29 E.1067
G1 X107.21 Y141.29 E.1067
G1 X107.21 Y137.75 E.10551
G1 E-.546 F1800
;WIPE_START
G1 F30000
G1 X108.41 Y137.737 E-.054
;WIPE_END
G1 X104.29 Y134.71 Z1.2
G1 Z.8
G1 E.6 F1800 ; CC2_CARD retract 0.6
G1 F7200
G1 X104.29 Y131.29 E.10193
G1 X105.71 Y131.29 E.04232
G1 X105.71 Y134.71 E.10193
G1 X104.33 Y134.71 E.04113
M73 P53 R12
G1 E-.728 F1800
;WIPE_START
G1 F30000
G1 X104.316 Y133.51 E-.072
;WIPE_END
G1 X106.29 Y130.71 Z1.2
G1 Z.8
G1 E.8 F1800
G1 F7200
G1 X106.29 Y135.29 E.13651
G1 X103.71 Y135.29 E.0769
G1 X103.71 Y130.71 E.13651
G1 X106.25 Y130.71 E.07571
G1 X105.984 Y131.016 F30000
SET_VELOCITY_LIMIT ACCEL=3000
;TYPE:Gap infill
;WIDTH:0.231705
G1 F15000
G1 X105.906 Y131 E.00119
G1 X104.094 Y131 E.02704
G1 X104.016 Y131.016 E.00119
G1 X104 Y131.094 E.00119
G1 X104 Y134.906 E.05688
G1 X104.016 Y134.984 E.00119
G1 X104.094 Y135 E.00119
G1 X105.906 Y135 E.02704
G1 X105.984 Y134.984 E.00119
G1 X106 Y134.906 E.00119
G1 X106 Y131.094 E.05688
G1 X105.992 Y131.055 E.00059
G1 E-.728 F1800
;WIPE_START
G1 F30000
G1 X105.906 Y131 E-.00613
G1 X104.808 Y131 E-.06587
;WIPE_END
G1 X108.71 Y130.71 Z1.2
G1 Z.8
G1 E.8 F1800
SET_VELOCITY_LIMIT ACCEL=2000
;TYPE:Outer wall
;WIDTH:0.42
G1 F7200
G1 X109.29 Y130.71 E.01729
G1 X109.29 Y131.29 E.01729
G1 X108.71 Y131.29 E.01729
G1 X108.71 Y130.75 E.01609
G1 E-.728 F1800
;WIPE_START
G1 F30000
G1 X109.29 Y130.71 E-.03488
G1 X109.29 Y131.29 E-.0348
G1 X109.251 Y131.29 E-.00232
;WIPE_END
G1 X103.953 Y125.797 Z1.2
G1 X94.602 Y116.102 Z1.2
G1 Z.8
G1 E.8 F1800
SET_VELOCITY_LIMIT ACCEL=3000
;TYPE:Inner wall
;WIDTH:0.45
G1 F12000
G1 X105.398 Y116.102 E.34028
G1 X105.398 Y126.898 E.34028
G1 X94.602 Y126.898 E.34028
G1 X94.602 Y116.142 E.33903
SET_VELOCITY_LIMIT ACCEL=2000
G1 X94.21 Y115.71 F30000
;TYPE:Outer wall
;WIDTH:0.42
G1 F7200
G1 X105.79 Y115.71 E.33811
G1 X105.79 Y127.29 E.33811
G1 X94.21 Y127.29 E.33811
G1 X94.21 Y115.75 E.33693
G1 E-.728 F1800
;WIPE_START
G1 F30000
G1 X95.41 Y115.746 E-.072
;WIPE_END
G1 X95.03 Y116.462 Z1.2
G1 Z.8
G1 E.8 F1800
SET_VELOCITY_LIMIT ACCEL=3000
;TYPE:Internal solid infill
;WIDTH:0.442582
G1 F15000
G1 X94.955 Y116.505 E.00267
G1 X95.035 Y116.54 E.00269
G1 E-.78958 F1800
;WIPE_START
G1 F30000
G1 X94.955 Y116.505 E-.00523
G1 X95.03 Y116.462 E-.00519
;WIPE_END
G1 X100.972 Y121.253 Z1.2
G1 X105.234 Y124.69 Z1.2
G1 Z.8
G1 E.8 F1800
;WIDTH:0.419999
G1 F15000
G1 X103.36 Y126.565 E.0774
G1 X102.827 Y126.565 E.01557
G1 X105.065 Y124.327 E.0924
G1 X105.065 Y123.793 E.01557
G1 X102.293 Y126.565 E.11443
G1 X101.76 Y126.565 E.01557
G1 X105.065 Y123.26 E.13645
G1 X105.065 Y122.727 E.01557
G1 X101.227 Y126.565 E.15847
G1 X100.694 Y126.565 E.01557
G1 X105.065 Y122.194 E.18048
G1 X105.065 Y121.66 E.01557
G1 X100.16 Y126.565 E.2025
G1 X99.627 Y126.565 E.01557
G1 X105.065 Y121.127 E.22452
G1 X105.065 Y120.594 E.01557
G1 X99.094 Y126.565 E.24654
G1 X98.561 Y126.565 E.01557
G1 X105.065 Y120.061 E.26856
G1 X105.065 Y119.527 E.01557
G1 X98.027 Y126.565 E.29058
G1 X97.494 Y126.565 E.01557
G1 X105.065 Y118.994 E.3126
G1 X105.065 Y118.461 E.01557
G1 X96.961 Y126.565 E.33462
G1 X96.427 Y126.565 E.01557
G1 X105.065 Y117.927 E.35664
G1 X105.065 Y117.394 E.01557
G1 X95.894 Y126.565 E.37866
G1 X95.361 Y126.565 E.01557
G1 X105.065 Y116.861 E.40067
G1 X105.065 Y116.435 E.01242
G1 X104.957 Y116.435 E.00314
G1 X94.935 Y126.457 E.4138
G1 X94.935 Y125.924 E.01557
G1 X104.424 Y116.435 E.39179
G1 X103.89 Y116.435 E.01557
G1 X94.935 Y125.39 E.36977
G1 X94.935 Y124.857 E.01557
G1 X103.357 Y116.435 E.34775
G1 X102.824 Y116.435 E.01557
G1 X94.935 Y124.324 E.32572
G1 X94.935 Y123.791 E.01557
G1 X102.291 Y116.435 E.3037
G1 X101.757 Y116.435 E.01557
G1 X94.935 Y123.257 E.28169
G1 X94.935 Y122.724 E.01557
G1 X101.224 Y116.435 E.25967
G1 X100.691 Y116.435 E.01557
G1 X94.935 Y122.191 E.23765
G1 X94.935 Y121.658 E.01557
G1 X100.158 Y116.435 E.21563
G1 X99.624 Y116.435 E.01557
G1 X94.935 Y121.124 E.19361
G1 X94.935 Y120.591 E.01557
G1 X99.091 Y116.435 E.1716
G1 X98.558 Y116.435 E.01557
G1 X94.935 Y120.058 E.14957
G1 X94.935 Y119.524 E.01557
G1 X98.024 Y116.435 E.12755
G1 X97.491 Y116.435 E.01557
G1 X94.935 Y118.991 E.10553
G1 X94.935 Y118.458 E.01557
G1 X96.958 Y116.435 E.08351
G1 X96.425 Y116.435 E.01557
G1 X94.935 Y117.925 E.0615
G1 X94.935 Y117.391 E.01557
G1 X96.061 Y116.266 E.04648
G1 E-.728 F1800
;WIPE_START
G1 F30000
G1 X95.213 Y117.114 E-.072
;WIPE_END
G1 X100.721 Y122.397 Z1.2
G1 X105.006 Y126.506 Z1.2
G1 Z.8
G1 E.8 F1800
;WIDTH:0.419999
G1 F15000
G1 X105.006 Y125.185 E.03855
G1 X103.685 Y126.506 E.05451
G1 X104.966 Y126.506 E.03738
G1 X104.644 Y126.076 F30000
;WIDTH:0.439292
G1 F15000
G1 X104.57 Y126.119 E.00264
G1 X104.649 Y126.154 E.00265
G1 E-.78967 F1800
;WIPE_START
G1 F30000
G1 X104.57 Y126.119 E-.00518
G1 X104.644 Y126.076 E-.00515
;WIPE_END
G1 X98.202 Y130.169 Z1.2
G1 X93.29 Y133.29 Z1.2
G1 Z.8
G1 E.8 F1800
SET_VELOCITY_LIMIT ACCEL=2000
;TYPE:Outer wall
;WIDTH:0.42
G1 F7200
G1 X93.29 Y135.29 E.05961
G1 X92.71 Y135.29 E.01729
G1 X92.71 Y132.71 E.0769
G1 X94.71 Y132.71 E.05961
G1 X94.71 Y130.71 E.05961
G1 X95.29 Y130.71 E.01729
G1 X95.29 Y135.29 E.13651
G1 X94.71 Y135.29 E.01729
G1 X94.71 Y133.29 E.05961
G1 X93.33 Y133.29 E.04113
G1 E-.728 F1800
;WIPE_START
G1 F30000
G1 X93.306 Y134.49 E-.072
;WIPE_END
G1 X94.977 Y133 Z1.2
G1 Z.8
G1 E.8 F1800
SET_VELOCITY_LIMIT ACCEL=3000
;TYPE:Gap infill
;WIDTH:0.232296
G1 F15000
G1 X93.094 Y133 E.02818
G1 X93.016 Y133.016 E.00119
G1 X93 Y133.094 E.00119
G1 X93 Y135.094 E.02994
G1 E-.728 F1800
;WIPE_START
G1 F30000
G1 X93 Y133.894 E-.072
;WIPE_END
G1 X95 Y135.094 Z1.2
G1 Z.8
G1 E.8 F1800
;WIDTH:0.231927
G1 F15000
G1 X95 Y133.094 E.02988
G1 X94.977 Y133 E.00145
G1 X95 Y132.906 E.00145
G1 X95 Y130.906 E.02988
G1 E-.728 F1800
;WIPE_START
G1 F30000
G1 X95 Y132.106 E-.072
;WIPE_END
G1 X91.37 Y138.13 Z1.2
G1 Z.8
G1 E.8 F1800
SET_VELOCITY_LIMIT ACCEL=2000
;TYPE:Outer wall
;WIDTH:0.42
G1 F7200
G1 X91.37 Y140.87 E.08167
G1 X88.63 Y140.87 E.08167
G1 X88.63 Y138.13 E.08167
G1 X91.33 Y138.13 E.08047
G1 X91.79 Y137.71 F30000
G1 F7200
G1 X91.79 Y141.29 E.1067
G1 X88.21 Y141.29 E.1067
G1 X88.21 Y137.71 E.1067
G1 X91.75 Y137.71 E.10551
G1 E-.364 F1800
;WIPE_START
G1 F30000
G1 X91.763 Y138.91 E-.036
;WIPE_END
G1 X87.545 Y132.549 Z1.2
G1 X86.71 Y131.29 Z1.2
G1 Z.8
G1 E.4 F1800 ; CC2_CARD retract 0.4
G1 F7200
G1 X86.71 Y134.71 E.10193
G1 X85.29 Y134.71 E.04232
G1 X85.29 Y131.29 E.10193
G1 X86.67 Y131.29 E.04113
G1 E-.728 F1800
;WIPE_START
G1 F30000
G1 X86.684 Y132.49 E-.072
;WIPE_END
G1 X87.29 Y135.29 Z1.2
G1 Z.8
G1 E.8 F1800
G1 F7200
G1 X84.71 Y135.29 E.0769
G1 X84.71 Y130.71 E.13651
G1 X87.29 Y130.71 E.0769
G1 X87.29 Y135.25 E.13532
G1 X86.984 Y134.984 F30000
SET_VELOCITY_LIMIT ACCEL=3000
;TYPE:Gap infill
;WIDTH:0.231705
G1 F15000
G1 X87 Y134.906 E.00119
G1 X87 Y131.094 E.05688
G1 X86.984 Y131.016 E.00119
G1 X86.906 Y131 E.00119
G1 X85.094 Y131 E.02704
G1 X85.016 Y131.016 E.00119
G1 X85 Y131.094 E.00119
G1 X85 Y134.906 E.05688
G1 X85.016 Y134.984 E.00119
G1 X85.094 Y135 E.00119
G1 X86.906 Y135 E.02704
G1 X86.945 Y134.992 E.00059
G1 E-.728 F1800
;WIPE_START
G1 F30000
G1 X87 Y134.906 E-.00613
G1 X87 Y133.808 E-.06587
;WIPE_END
G1 X89.71 Y130.71 Z1.2
G1 Z.8
G1 E.8 F1800
SET_VELOCITY_LIMIT ACCEL=2000
;TYPE:Outer wall
;WIDTH:0.42
G1 F7200
G1 X90.29 Y130.71 E.01729
G1 X90.29 Y131.29 E.01729
G1 X89.71 Y131.29 E.01729
G1 X89.71 Y130.75 E.01609
G1 E-.728 F1800
;WIPE_START
G1 F30000
G1 X90.29 Y130.71 E-.03488
G1 X90.29 Y131.29 E-.0348
G1 X90.251 Y131.29 E-.00232
;WIPE_END
G1 X90.826 Y123.679 Z1.2
G1 X91.398 Y116.102 Z1.2
G1 Z.8
G1 E.8 F1800
SET_VELOCITY_LIMIT ACCEL=3000
;TYPE:Inner wall
;WIDTH:0.45
G1 F12000
G1 X91.398 Y126.898 E.33674
G1 X80.602 Y126.898 E.33674
G1 X80.602 Y116.102 E.33674
G1 X91.358 Y116.102 E.3355
SET_VELOCITY_LIMIT ACCEL=2000
G1 X91.79 Y115.71 F30000
;TYPE:Outer wall
;WIDTH:0.42
G1 F7200
G1 X91.79 Y127.29 E.33458
G1 X80.21 Y127.29 E.33458
G1 X80.21 Y115.71 E.33458
G1 X91.75 Y115.71 E.33342
G1 E-.728 F1800
;WIPE_START
G1 F30000
G1 X91.754 Y116.91 E-.072
;WIPE_END
G1 X91.245 Y124.525 Z1.2
G1 X91.234 Y124.69 Z1.2
G1 Z.8
G1 E.8 F1800
SET_VELOCITY_LIMIT ACCEL=3000
;TYPE:Internal solid infill
;WIDTH:0.419999
G1 F15000
G1 X89.36 Y126.565 E.07659
G1 X88.827 Y126.565 E.0154
G1 X91.065 Y124.327 E.09144
G1 X91.065 Y123.793 E.0154
G1 X88.293 Y126.565 E.11323
G1 X87.76 Y126.565 E.0154
G1 X91.065 Y123.26 E.13503
G1 X91.065 Y122.727 E.0154
G1 X87.227 Y126.565 E.15682
G1 X86.694 Y126.565 E.0154
G1 X91.065 Y122.194 E.1786
G1 X91.065 Y121.66 E.0154
G1 X86.16 Y126.565 E.20039
G1 X85.627 Y126.565 E.0154
G1 X91.065 Y121.127 E.22218
G1 X91.065 Y120.594 E.0154
G1 X85.094 Y126.565 E.24398
G1 X84.561 Y126.565 E.0154
G1 X91.065 Y120.061 E.26577
G1 X91.065 Y119.527 E.0154
G1 X84.027 Y126.565 E.28755
G1 X83.494 Y126.565 E.0154
G1 X91.065 Y118.994 E.30934
G1 X91.065 Y118.461 E.0154
G1 X82.961 Y126.565 E.33113
G1 X82.427 Y126.565 E.0154
G1 X91.065 Y117.927 E.35292
G1 X91.065 Y117.394 E.0154
G1 X81.894 Y126.565 E.37472
G1 X81.361 Y126.565 E.0154
G1 X91.065 Y116.861 E.3965
G1 X91.065 Y116.435 E.01229
G1 X90.957 Y116.435 E.00311
G1 X80.935 Y126.457 E.40949
G1 X80.935 Y125.924 E.0154
G1 X90.424 Y116.435 E.38771
G1 X89.89 Y116.435 E.0154
G1 X80.935 Y125.39 E.36591
G1 X80.935 Y124.857 E.0154
G1 X89.357 Y116.435 E.34412
G1 X88.824 Y116.435 E.0154
G1 X80.935 Y124.324 E.32233
G1 X80.935 Y123.791 E.0154
G1 X88.291 Y116.435 E.30054
G1 X87.757 Y116.435 E.0154
G1 X80.935 Y123.257 E.27876
G1 X80.935 Y122.724 E.0154
G1 X87.224 Y116.435 E.25697
G1 X86.691 Y116.435 E.0154
M73 P54 R12
G1 X80.935 Y122.191 E.23517
G1 X80.935 Y121.658 E.0154
G1 X86.158 Y116.435 E.21338
G1 X85.624 Y116.435 E.0154
G1 X80.935 Y121.124 E.19159
G1 X80.935 Y120.591 E.0154
G1 X85.091 Y116.435 E.16981
G1 X84.558 Y116.435 E.0154
G1 X80.935 Y120.058 E.14802
G1 X80.935 Y119.524 E.0154
G1 X84.024 Y116.435 E.12622
G1 X83.491 Y116.435 E.0154
G1 X80.935 Y118.991 E.10443
G1 X80.935 Y118.458 E.0154
G1 X82.958 Y116.435 E.08264
G1 X82.425 Y116.435 E.0154
G1 X80.935 Y117.925 E.06086
G1 X80.935 Y117.391 E.0154
G1 X82.061 Y116.266 E.046
G1 E-.728 F1800
;WIPE_START
G1 F30000
G1 X81.213 Y117.114 E-.072
;WIPE_END
G1 X81.03 Y116.462 Z1.2
G1 Z.8
G1 E.8 F1800
;WIDTH:0.442582
G1 F15000
G1 X80.955 Y116.505 E.00265
G1 X81.035 Y116.54 E.00267
G1 E-.78958 F1800
;WIPE_START
G1 F30000
G1 X80.955 Y116.505 E-.00523
G1 X81.03 Y116.462 E-.00519
;WIPE_END
G1 X86.409 Y121.878 Z1.2
G1 X91.006 Y126.506 Z1.2
G1 Z.8
G1 E.8 F1800
;WIDTH:0.419999
G1 F15000
G1 X91.006 Y125.185 E.03815
G1 X89.685 Y126.506 E.05395
G1 X90.966 Y126.506 E.03699
G1 X90.644 Y126.076 F30000
;WIDTH:0.439292
G1 F15000
G1 X90.57 Y126.119 E.00261
G1 X90.649 Y126.154 E.00263
G1 E-.78967 F1800
;WIPE_START
G1 F30000
G1 X90.57 Y126.119 E-.00518
G1 X90.644 Y126.076 E-.00515
;WIPE_END
G1 X87.547 Y119.1 Z1.2
G1 X84.71 Y112.71 Z1.2
G1 Z.8
G1 E.8 F1800
SET_VELOCITY_LIMIT ACCEL=2000
;TYPE:Outer wall
;WIDTH:0.42
G1 F7200
G1 X83.29 Y112.71 E.04232
G1 X83.29 Y111.29 E.04232
G1 X84.71 Y111.29 E.04232
G1 X84.71 Y112.67 E.04113
G1 E-.728 F1800
;WIPE_START
G1 F30000
G1 X83.51 Y112.704 E-.072
;WIPE_END
G1 X84.71 Y110.71 Z1.2
G1 Z.8
G1 E.8 F1800
G1 F7200
G1 X84.71 Y109.29 E.04232
G1 X82.71 Y109.29 E.05961
G1 X82.71 Y108.71 E.01729
G1 X85.29 Y108.71 E.0769
G1 X85.29 Y113.29 E.13651
G1 X82.71 Y113.29 E.0769
G1 X82.71 Y110.71 E.0769
G1 X84.67 Y110.71 E.05842
G1 X84.977 Y111 F30000
SET_VELOCITY_LIMIT ACCEL=3000
;TYPE:Gap infill
;WIDTH:0.232591
G1 F15000
G1 X85 Y110.906 E.00145
G1 X85 Y109.094 E.02717
G1 X84.984 Y109.016 E.00119
G1 X84.906 Y109 E.00119
G1 X82.906 Y109 E.02998
G1 E-.728 F1800
;WIPE_START
G1 F30000
G1 X84.106 Y109 E-.072
;WIPE_END
G1 X83.094 Y111 Z1.2
G1 Z.8
G1 E.8 F1800
;WIDTH:0.232236
G1 F15000
G1 X83.016 Y111.016 E.00119
G1 X83 Y111.094 E.00119
G1 X83 Y112.906 E.02712
G1 X83.016 Y112.984 E.00119
G1 X83.094 Y113 E.00119
G1 X84.906 Y113 E.02712
G1 X84.984 Y112.984 E.00119
G1 X85 Y112.906 E.00119
G1 X85 Y111.094 E.02712
G1 X84.977 Y111 E.00145
G1 X83.134 Y111 E.02757
G1 E-.728 F1800
;WIPE_START
G1 F30000
G1 X83.016 Y111.016 E-.00714
G1 X83 Y111.094 E-.00477
G1 X83 Y112.096 E-.06009
;WIPE_END
G1 X87.29 Y111.29 Z1.2
G1 Z.8
G1 E.8 F1800
SET_VELOCITY_LIMIT ACCEL=2000
;TYPE:Outer wall
;WIDTH:0.42
G1 F7200
G1 X87.29 Y112.71 E.04232
G1 X89.29 Y112.71 E.05961
G1 X89.29 Y113.29 E.01729
G1 X86.71 Y113.29 E.0769
G1 X86.71 Y110.71 E.0769
G1 X88.71 Y110.71 E.05961
G1 X88.71 Y109.29 E.04232
G1 X86.71 Y109.29 E.05961
G1 X86.71 Y108.71 E.01729
G1 X89.29 Y108.71 E.0769
G1 X89.29 Y111.29 E.0769
G1 X87.33 Y111.29 E.05842
G1 E-.728 F1800
;WIPE_START
G1 F30000
G1 X87.296 Y112.49 E-.072
;WIPE_END
G1 X86.906 Y109 Z1.2
G1 Z.8
G1 E.8 F1800
SET_VELOCITY_LIMIT ACCEL=3000
;TYPE:Gap infill
;WIDTH:0.23186
G1 F15000
G1 X88.906 Y109 E.02987
G1 X88.984 Y109.016 E.00119
G1 X89 Y109.094 E.00119
G1 X89 Y110.906 E.02706
G1 X88.984 Y110.984 E.00119
G1 X88.906 Y111 E.00119
G1 X87.094 Y111 E.02706
G1 X87.016 Y111.016 E.00119
G1 X87 Y111.094 E.00119
G1 X87 Y112.906 E.02706
G1 X87.016 Y112.984 E.00119
G1 X87.094 Y113 E.00119
G1 X89.094 Y113 E.02987
G1 E-.728 F1800
;WIPE_START
G1 F30000
G1 X87.894 Y113 E-.072
;WIPE_END
G1 X95.433 Y111.808 Z1.2
G1 X98.71 Y111.29 Z1.2
G1 Z.8
G1 E.8 F1800
SET_VELOCITY_LIMIT ACCEL=2000
;TYPE:Outer wall
;WIDTH:0.42
G1 F7200
G1 X98.71 Y112.71 E.04232
G1 X97.29 Y112.71 E.04232
G1 X97.29 Y111.29 E.04232
G1 X98.67 Y111.29 E.04113
G1 X98.71 Y110.71 F30000
G1 F7200
G1 X98.71 Y109.29 E.04232
G1 X96.71 Y109.29 E.05961
G1 X96.71 Y108.71 E.01729
G1 X99.29 Y108.71 E.0769
G1 X99.29 Y113.29 E.13651
G1 X96.71 Y113.29 E.0769
G1 X96.71 Y110.71 E.0769
G1 X98.67 Y110.71 E.05842
G1 X98.977 Y111 F30000
SET_VELOCITY_LIMIT ACCEL=3000
;TYPE:Gap infill
;WIDTH:0.232591
G1 F15000
G1 X99 Y110.906 E.00145
G1 X99 Y109.094 E.02717
G1 X98.984 Y109.016 E.00119
G1 X98.906 Y109 E.00119
G1 X96.906 Y109 E.02998
G1 E-.728 F1800
;WIPE_START
G1 F30000
G1 X98.106 Y109 E-.072
;WIPE_END
G1 X97.094 Y111 Z1.2
G1 Z.8
G1 E.8 F1800
;WIDTH:0.232236
G1 F15000
G1 X97.016 Y111.016 E.00119
G1 X97 Y111.094 E.00119
G1 X97 Y112.906 E.02712
G1 X97.016 Y112.984 E.00119
G1 X97.094 Y113 E.00119
G1 X98.906 Y113 E.02712
G1 X98.984 Y112.984 E.00119
G1 X99 Y112.906 E.00119
G1 X99 Y111.094 E.02712
G1 X98.977 Y111 E.00145
G1 X97.134 Y111 E.02757
G1 E-.728 F1800
;WIPE_START
G1 F30000
G1 X97.016 Y111.016 E-.00714
G1 X97 Y111.094 E-.00477
G1 X97 Y112.096 E-.06009
;WIPE_END
G1 X101.29 Y110.71 Z1.2
G1 Z.8
G1 E.8 F1800
SET_VELOCITY_LIMIT ACCEL=2000
;TYPE:Outer wall
;WIDTH:0.42
G1 F7200
G1 X101.29 Y109.29 E.04232
G1 X102.71 Y109.29 E.04232
G1 X102.71 Y110.71 E.04232
G1 X101.33 Y110.71 E.04113
G1 E-.728 F1800
;WIPE_START
G1 F30000
G1 X101.296 Y109.51 E-.072
;WIPE_END
G1 X101.29 Y112.71 Z1.2
G1 Z.8
G1 E.8 F1800
G1 F7200
G1 X103.29 Y112.71 E.05961
G1 X103.29 Y113.29 E.01729
G1 X100.71 Y113.29 E.0769
G1 X100.71 Y108.71 E.13651
G1 X103.29 Y108.71 E.0769
G1 X103.29 Y111.29 E.0769
G1 X101.29 Y111.29 E.05961
G1 X101.29 Y112.67 E.04113
G1 E-.728 F1800
;WIPE_START
G1 F30000
G1 X102.49 Y112.694 E-.072
;WIPE_END
G1 X101.023 Y111 Z1.2
G1 Z.8
G1 E.8 F1800
SET_VELOCITY_LIMIT ACCEL=3000
;TYPE:Gap infill
;WIDTH:0.231976
G1 F15000
G1 X101 Y110.906 E.00145
G1 X101 Y109.094 E.02708
G1 X101.016 Y109.016 E.00119
G1 X101.094 Y109 E.00119
G1 X102.906 Y109 E.02708
G1 X102.984 Y109.016 E.00119
G1 X103 Y109.094 E.00119
G1 X103 Y110.906 E.02708
G1 X102.984 Y110.984 E.00119
G1 X102.906 Y111 E.00119
G1 X101.023 Y111 E.02813
G1 X101 Y111.094 E.00145
G1 X101 Y112.906 E.02708
G1 X101.016 Y112.984 E.00119
G1 X101.094 Y113 E.00119
G1 X103.094 Y113 E.02989
G1 E-.728 F1800
;WIPE_START
G1 F30000
G1 X101.894 Y113 E-.072
;WIPE_END
G1 X109.524 Y112.795 Z1.2
G1 X112.71 Y112.71 Z1.2
G1 Z.8
G1 E.8 F1800
SET_VELOCITY_LIMIT ACCEL=2000
;TYPE:Outer wall
;WIDTH:0.42
G1 F7200
G1 X111.29 Y112.71 E.04232
G1 X111.29 Y111.29 E.04232
G1 X112.71 Y111.29 E.04232
G1 X112.71 Y112.67 E.04113
G1 E-.728 F1800
;WIPE_START
G1 F30000
G1 X111.51 Y112.704 E-.072
;WIPE_END
G1 X112.71 Y110.71 Z1.2
G1 Z.8
G1 E.8 F1800
G1 F7200
G1 X112.71 Y109.29 E.04232
G1 X110.71 Y109.29 E.05961
G1 X110.71 Y108.71 E.01729
G1 X113.29 Y108.71 E.0769
G1 X113.29 Y113.29 E.13651
G1 X110.71 Y113.29 E.0769
G1 X110.71 Y110.71 E.0769
G1 X112.67 Y110.71 E.05842
G1 X112.977 Y111 F30000
SET_VELOCITY_LIMIT ACCEL=3000
;TYPE:Gap infill
;WIDTH:0.232591
G1 F15000
G1 X113 Y110.906 E.00145
G1 X113 Y109.094 E.02717
G1 X112.984 Y109.016 E.00119
G1 X112.906 Y109 E.00119
G1 X110.906 Y109 E.02998
G1 E-.728 F1800
;WIPE_START
G1 F30000
G1 X112.106 Y109 E-.072
;WIPE_END
G1 X111.094 Y111 Z1.2
G1 Z.8
G1 E.8 F1800
;WIDTH:0.232236
G1 F15000
G1 X111.016 Y111.016 E.00119
G1 X111 Y111.094 E.00119
G1 X111 Y112.906 E.02712
G1 X111.016 Y112.984 E.00119
G1 X111.094 Y113 E.00119
G1 X112.906 Y113 E.02712
G1 X112.984 Y112.984 E.00119
G1 X113 Y112.906 E.00119
G1 X113 Y111.094 E.02712
G1 X112.977 Y111 E.00145
G1 X111.134 Y111 E.02757
G1 E-.728 F1800
;WIPE_START
G1 F30000
G1 X111.016 Y111.016 E-.00714
G1 X111 Y111.094 E-.00477
G1 X111 Y112.096 E-.06009
;WIPE_END
G1 X116.29 Y111.29 Z1.2
G1 Z.8
G1 E.8 F1800
SET_VELOCITY_LIMIT ACCEL=2000
;TYPE:Outer wall
;WIDTH:0.42
G1 F7200
G1 X115.71 Y111.29 E.01729
G1 X115.71 Y108.71 E.0769
G1 X116.29 Y108.71 E.01729
G1 X116.29 Y111.25 E.07571
G1 X116 Y111.094 F30000
SET_VELOCITY_LIMIT ACCEL=3000
;TYPE:Gap infill
;WIDTH:0.230842
G1 F15000
G1 X116 Y108.906 E.0325
G1 E-.728 F1800
;WIPE_START
G1 F30000
G1 X116 Y110.106 E-.072
;WIPE_END
G1 X116.71 Y112.71 Z1.2
G1 Z.8
G1 E.8 F1800
SET_VELOCITY_LIMIT ACCEL=2000
;TYPE:Outer wall
;WIDTH:0.42
G1 F7200
G1 X116.71 Y111.71 E.02981
G1 X117.29 Y111.71 E.01729
G1 X117.29 Y113.29 E.04709
G1 X114.71 Y113.29 E.0769
G1 X114.71 Y112.71 E.01729
G1 X116.67 Y112.71 E.05842
G1 E-.728 F1800
;WIPE_START
G1 F30000
G1 X116.71 Y111.71 E-.06005
G1 X116.909 Y111.71 E-.01195
;WIPE_END
G1 X117 Y111.906 Z1.2
G1 Z.8
G1 E.8 F1800
SET_VELOCITY_LIMIT ACCEL=3000
;TYPE:Gap infill
;WIDTH:0.231654
G1 F15000
G1 X117 Y112.906 E.01492
G1 X116.984 Y112.984 E.00119
G1 X116.906 Y113 E.00119
G1 X114.906 Y113 E.02984
G1 E-.728 F1800
;WIPE_START
G1 F30000
G1 X116.106 Y113 E-.072
;WIPE_END
G1 X123.641 Y111.785 Z1.2
G1 X126.71 Y111.29 Z1.2
G1 Z.8
G1 E.8 F1800
SET_VELOCITY_LIMIT ACCEL=2000
;TYPE:Outer wall
;WIDTH:0.42
G1 F7200
G1 X126.71 Y112.71 E.04232
G1 X125.29 Y112.71 E.04232
G1 X125.29 Y111.29 E.04232
G1 X126.67 Y111.29 E.04113
G1 E-.728 F1800
;WIPE_START
G1 F30000
G1 X126.704 Y112.49 E-.072
;WIPE_END
G1 X126.71 Y109.29 Z1.2
G1 Z.8
G1 E.8 F1800
G1 F7200
G1 X124.71 Y109.29 E.05961
G1 X124.71 Y108.71 E.01729
G1 X127.29 Y108.71 E.0769
G1 X127.29 Y113.29 E.13651
G1 X124.71 Y113.29 E.0769
G1 X124.71 Y110.71 E.0769
G1 X126.71 Y110.71 E.05961
G1 X126.71 Y109.33 E.04113
G1 E-.728 F1800
;WIPE_START
G1 F30000
G1 X125.51 Y109.306 E-.072
;WIPE_END
G1 X126.977 Y111 Z1.2
G1 Z.8
G1 E.8 F1800
SET_VELOCITY_LIMIT ACCEL=3000
;TYPE:Gap infill
;WIDTH:0.232591
G1 F15000
G1 X127 Y110.906 E.00145
G1 X127 Y109.094 E.02717
G1 X126.984 Y109.016 E.00119
G1 X126.906 Y109 E.00119
G1 X124.906 Y109 E.02998
G1 E-.728 F1800
;WIPE_START
G1 F30000
G1 X126.106 Y109 E-.072
;WIPE_END
G1 X125.094 Y111 Z1.2
G1 Z.8
G1 E.8 F1800
;WIDTH:0.232236
G1 F15000
G1 X125.016 Y111.016 E.00119
G1 X125 Y111.094 E.00119
G1 X125 Y112.906 E.02712
G1 X125.016 Y112.984 E.00119
G1 X125.094 Y113 E.00119
G1 X126.906 Y113 E.02712
G1 X126.984 Y112.984 E.00119
G1 X127 Y112.906 E.00119
G1 X127 Y111.094 E.02712
G1 X126.977 Y111 E.00145
G1 X125.134 Y111 E.02757
G1 E-.728 F1800
;WIPE_START
G1 F30000
G1 X125.016 Y111.016 E-.00714
G1 X125 Y111.094 E-.00477
G1 X125 Y112.096 E-.06009
;WIPE_END
G1 X129.29 Y112.71 Z1.2
G1 Z.8
G1 E.8 F1800
SET_VELOCITY_LIMIT ACCEL=2000
;TYPE:Outer wall
;WIDTH:0.42
G1 F7200
G1 X130.71 Y112.71 E.04232
G1 X130.71 Y111.29 E.04232
G1 X129.29 Y111.29 E.04232
G1 X129.29 Y112.67 E.04113
G1 E-.728 F1800
;WIPE_START
G1 F30000
G1 X130.49 Y112.704 E-.072
;WIPE_END
G1 X129.29 Y109.29 Z1.2
G1 Z.8
G1 E.8 F1800
G1 F7200
G1 X129.29 Y110.71 E.04232
G1 X130.71 Y110.71 E.04232
G1 X130.71 Y109.29 E.04232
G1 X129.33 Y109.29 E.04113
G1 E-.728 F1800
;WIPE_START
G1 F30000
G1 X129.296 Y110.49 E-.072
;WIPE_END
G1 X128.71 Y108.71 Z1.2
G1 Z.8
G1 E.8 F1800
G1 F7200
G1 X131.29 Y108.71 E.0769
G1 X131.29 Y113.29 E.13651
G1 X128.71 Y113.29 E.0769
G1 X128.71 Y108.75 E.13532
G1 E-.728 F1800
;WIPE_START
G1 F30000
G1 X129.91 Y108.731 E-.072
;WIPE_END
G1 X129.023 Y111 Z1.2
G1 Z.8
G1 E.8 F1800
SET_VELOCITY_LIMIT ACCEL=3000
;TYPE:Gap infill
;WIDTH:0.232486
G1 F15000
G1 X129 Y111.094 E.00145
G1 X129 Y112.906 E.02715
G1 X129.016 Y112.984 E.00119
G1 X129.094 Y113 E.00119
G1 X130.906 Y113 E.02715
G1 X130.984 Y112.984 E.00119
G1 X131 Y112.906 E.00119
G1 X131 Y111.094 E.02715
G1 X130.977 Y111 E.00145
G1 X129.063 Y111 E.02866
G1 X129.023 Y111 F30000
;WIDTH:0.232469
G1 F15000
G1 X129 Y110.906 E.00145
G1 X129 Y109.094 E.02715
G1 X129.016 Y109.016 E.00119
G1 X129.094 Y109 E.00119
G1 X130.906 Y109 E.02715
G1 X130.984 Y109.016 E.00119
G1 X131 Y109.094 E.00119
G1 X131 Y110.906 E.02715
G1 X130.977 Y111 E.00145
G1 E-.728 F1800
;WIPE_START
G1 F30000
G1 X131 Y110.906 E-.00581
G1 X131 Y109.803 E-.06619
;WIPE_END
G1 X127.133 Y103.223 Z1.2
G1 X122.554 Y95.433 Z1.2
G1 Z.8
G1 E.8 F1800
;TYPE:Inner wall
;WIDTH:0.45
G1 F12000
G1 X120.494 Y99 E.13255
G1 X122.747 Y102.902 E.14498
G1 X127.253 Y102.902 E.14498
G1 X129.506 Y99 E.14498
G1 X127.253 Y95.098 E.14498
G1 X122.747 Y95.098 E.14498
G1 X122.574 Y95.398 E.01115
SET_VELOCITY_LIMIT ACCEL=2000
G1 X122.973 Y95.49 F30000
;TYPE:Outer wall
;WIDTH:0.42
G1 F7200
G1 X120.947 Y99 E.1208
G1 X122.973 Y102.51 E.1208
G1 X127.027 Y102.51 E.1208
G1 X129.053 Y99 E.1208
G1 X128.437 Y97.932 E.03674
G1 X127.027 Y95.49 E.08406
G1 X123.013 Y95.49 E.11961
G1 E-.728 F1800
;WIPE_START
G1 F30000
G1 X122.405 Y96.524 E-.072
;WIPE_END
G1 X117.494 Y102.367 Z1.2
G1 X117.129 Y102.802 Z1.2
G1 Z.8
G1 E.8 F1800
SET_VELOCITY_LIMIT ACCEL=3000
;TYPE:Inner wall
;WIDTH:0.45
G1 F12000
G1 X117.195 Y102.802 E.00213
G1 X119.39 Y99 E.14126
G1 X117.195 Y95.198 E.14126
M73 P55 R12
G1 X112.805 Y95.198 E.14126
G1 X110.61 Y99 E.14126
G1 X112.805 Y102.802 E.14126
G1 X117.089 Y102.802 E.13784
SET_VELOCITY_LIMIT ACCEL=2000
G1 X116.969 Y102.41 F30000
;TYPE:Outer wall
;WIDTH:0.42
G1 F7200
G1 X118.938 Y99 E.11736
G1 X116.969 Y95.59 E.11736
G1 X113.031 Y95.59 E.11736
G1 X111.062 Y99 E.11736
G1 X113.031 Y102.41 E.11736
G1 X116.929 Y102.41 E.11617
G1 E-.728 F1800
;WIPE_START
G1 F30000
G1 X117.538 Y101.376 E-.072
;WIPE_END
G1 X109.934 Y102.032 Z1.2
G1 X102.829 Y102.645 Z1.2
G1 Z.8
G1 E.8 F1800
SET_VELOCITY_LIMIT ACCEL=3000
;TYPE:Inner wall
;WIDTH:0.45
G1 F12000
G1 X102.863 Y102.702 E.00213
G1 X107.137 Y102.702 E.13755
G1 X109.275 Y99 E.13755
G1 X107.137 Y95.298 E.13755
G1 X102.863 Y95.298 E.13755
G1 X100.725 Y99 E.13755
G1 X102.809 Y102.61 E.13413
SET_VELOCITY_LIMIT ACCEL=2000
G1 X103.089 Y102.31 F30000
;TYPE:Outer wall
;WIDTH:0.42
G1 F7200
G1 X106.911 Y102.31 E.11392
G1 X108.822 Y99 E.11392
G1 X106.911 Y95.69 E.11392
G1 X103.089 Y95.69 E.11392
G1 X101.178 Y99 E.11392
G1 X103.069 Y102.275 E.11273
G1 E-.728 F1800
;WIPE_START
G1 F30000
G1 X104.269 Y102.286 E-.072
;WIPE_END
G1 X97.042 Y102.652 Z1.2
G1 Z.8
G1 E.8 F1800
SET_VELOCITY_LIMIT ACCEL=3000
;TYPE:Inner wall
;WIDTH:0.45
G1 F12000
G1 X97.109 Y102.652 E.00213
G1 X99.217 Y99 E.13569
G1 X97.109 Y95.348 E.13569
G1 X92.891 Y95.348 E.13569
G1 X90.783 Y99 E.13569
G1 X92.891 Y102.652 E.13569
G1 X97.002 Y102.652 E.13227
SET_VELOCITY_LIMIT ACCEL=2000
G1 X96.882 Y102.26 F30000
;TYPE:Outer wall
;WIDTH:0.42
G1 F7200
G1 X98.764 Y99 E.1122
G1 X96.882 Y95.74 E.1122
G1 X93.118 Y95.74 E.1122
G1 X91.236 Y99 E.1122
G1 X93.118 Y102.26 E.1122
G1 X96.842 Y102.26 E.111
G1 E-.728 F1800
;WIPE_START
G1 F30000
G1 X97.452 Y101.226 E-.072
;WIPE_END
G1 X89.88 Y102.192 Z1.2
G1 X87.113 Y102.545 Z1.2
G1 Z.8
G1 E.8 F1800
SET_VELOCITY_LIMIT ACCEL=3000
;TYPE:Inner wall
;WIDTH:0.45
G1 F12000
G1 X89.159 Y99 E.1317
G1 X87.08 Y95.398 E.13383
G1 X82.92 Y95.398 E.13383
G1 X80.841 Y99 E.13383
G1 X82.92 Y102.602 E.13383
G1 X87.08 Y102.602 E.13383
G1 X87.093 Y102.579 E.00085
SET_VELOCITY_LIMIT ACCEL=2000
G1 X86.853 Y102.21 F30000
;TYPE:Outer wall
;WIDTH:0.42
G1 F7200
G1 X88.707 Y99 E.11048
G1 X86.853 Y95.79 E.11048
G1 X83.147 Y95.79 E.11048
G1 X81.293 Y99 E.11048
G1 X83.147 Y102.21 E.11048
G1 X86.813 Y102.21 E.10928
G1 E-.728 F1800
;WIPE_START
G1 F30000
G1 X87.423 Y101.176 E-.072
;WIPE_END
G1 X95.051 Y101.447 Z1.2
G1 X137.344 Y102.945 Z1.2
G1 Z.8
G1 E.8 F1800
SET_VELOCITY_LIMIT ACCEL=3000
;TYPE:Inner wall
;WIDTH:0.45
G1 F12000
G1 X139.217 Y99.7 E.12054
G1 X139.398 Y99.749 E.00603
G1 X139.398 Y103.398 E.11742
G1 X80.602 Y103.398 E1.89185
G1 X80.602 Y94.602 E.28302
G1 X139.398 Y94.602 E1.89185
G1 X139.398 Y98.251 E.11742
G1 X139.217 Y98.3 E.00603
G1 X137.311 Y94.998 E.12268
G1 X132.689 Y94.998 E.1487
G1 X130.379 Y99 E.14869
G1 X132.689 Y103.002 E.14869
G1 X137.311 Y103.002 E.1487
G1 X137.324 Y102.979 E.00085
SET_VELOCITY_LIMIT ACCEL=2000
G1 X137.084 Y102.61 F30000
;TYPE:Outer wall
;WIDTH:0.42
G1 F7200
G1 X139.168 Y99 E.12424
G1 X137.084 Y95.39 E.12424
G1 X132.916 Y95.39 E.12424
G1 X130.832 Y99 E.12424
G1 X132.916 Y102.61 E.12424
G1 X137.044 Y102.61 E.12305
G1 E-.728 F1800
;WIPE_START
G1 F30000
G1 X137.653 Y101.576 E-.072
;WIPE_END
G1 X139.78 Y94.246 Z1.2
G1 X139.79 Y94.21 Z1.2
G1 Z.8
G1 E.8 F1800
G1 F7200
G1 X139.79 Y103.79 E.28554
G1 X80.21 Y103.79 E1.77581
G1 X80.21 Y94.21 E.28554
G1 X139.75 Y94.21 E1.77461
G1 E-.728 F1800
;WIPE_START
G1 F30000
G1 X139.755 Y95.41 E-.072
;WIPE_END
G1 X139.006 Y97.15 Z1.2
G1 Z.8
G1 E.8 F1800
SET_VELOCITY_LIMIT ACCEL=3000
;TYPE:Internal solid infill
;WIDTH:0.419999
G1 F15000
G1 X139.006 Y94.994 E.06426
G1 X137.761 Y94.994 E.0371
G1 X138.986 Y97.115 E.073
G1 E-.728 F1800
;WIPE_START
G1 F30000
G1 X138.386 Y96.076 E-.072
;WIPE_END
G1 X138.584 Y95.392 Z1.2
G1 Z.8
G1 E.8 F1800
;WIDTH:0.577008
G1 F12408.803
G1 X138.517 Y95.392 E.00282
G1 X138.484 Y95.45 E.00282
G1 X138.517 Y95.508 E.00282
G1 X138.584 Y95.508 E.00282
G1 X138.597 Y95.484 E.00113
G1 E-.78237 F1800
;WIPE_START
G1 F30000
G1 X138.584 Y95.508 E-.00161
G1 X138.517 Y95.508 E-.00401
G1 X138.484 Y95.45 E-.00401
G1 X138.517 Y95.392 E-.00401
G1 X138.584 Y95.392 E-.00401
;WIPE_END
G1 X139.487 Y98.43 Z1.2
G1 Z.8
G1 E.8 F1800
;TYPE:Gap infill
;WIDTH:0.256347
G1 F15000
G1 X139.487 Y99.57 E.01922
G1 E-.73163 F1800
;WIPE_START
G1 F30000
G1 X139.487 Y98.43 E-.06837
;WIPE_END
G1 X137.761 Y103.006 Z1.2
G1 Z.8
G1 E.8 F1800
;TYPE:Internal solid infill
;WIDTH:0.419999
G1 F15000
G1 X139.006 Y103.006 E.0371
G1 X139.006 Y100.85 E.06426
G1 X137.781 Y102.971 E.073
G1 E-.728 F1800
;WIPE_START
G1 F30000
G1 X138.381 Y101.932 E-.072
;WIPE_END
G1 X138.584 Y102.492 Z1.2
G1 Z.8
G1 E.8 F1800
;WIDTH:0.57701
G1 F12408.758
G1 X138.517 Y102.492 E.00282
G1 X138.483 Y102.55 E.00282
G1 X138.517 Y102.608 E.00282
G1 X138.584 Y102.608 E.00282
G1 X138.597 Y102.585 E.00113
G1 E-.78237 F1800
;WIPE_START
G1 F30000
G1 X138.584 Y102.608 E-.00161
G1 X138.517 Y102.608 E-.00401
G1 X138.483 Y102.55 E-.00401
G1 X138.517 Y102.492 E-.00401
G1 X138.584 Y102.492 E-.00401
;WIPE_END
G1 X130.967 Y102.987 Z1.2
G1 X130.006 Y103.05 Z1.2
G1 Z.8
G1 E.8 F1800
;TYPE:Sparse infill
;WIDTH:0.45
G1 F12000
G1 X128.378 Y103.05 E.05239
G1 X127.865 Y102.538 E.0233
G1 X128.345 Y101.707 E.03087
G1 X131.111 Y100.966 E.09215
G1 X129.977 Y99 E.07303
G1 X132.123 Y95.282 E.13815
G1 X131.792 Y94.95 E.01507
G1 X130.164 Y94.95 E.05239
G1 E-.728 F1800
;WIPE_START
G1 F30000
G1 X131.364 Y94.95 E-.072
;WIPE_END
G1 X127.345 Y94.85 Z1.2
G1 Z.8
G1 E.8 F1800
;TYPE:Gap infill
;WIDTH:0.13168
G1 F15000
G1 X122.655 Y94.85 E.0329
G1 E-.728 F1800
;WIPE_START
G1 F30000
G1 X123.855 Y94.85 E-.072
;WIPE_END
G1 X121.744 Y96.138 Z1.2
G1 Z.8
G1 E.8 F1800
;TYPE:Sparse infill
;WIDTH:0.45
G1 F12000
G1 X122.307 Y95.164 E.03621
G1 X122.307 Y94.95 E.00687
G1 X122.104 Y94.95 E.00654
G1 X118.077 Y96.029 E.13413
G1 X118.517 Y96.791 E.02831
G1 X119.01 Y94.95 E.06132
G1 X120.278 Y94.95 E.04079
G1 X121.643 Y96.315 E.06208
G1 X120.828 Y97.725 E.05239
G1 E-.728 F1800
;WIPE_START
G1 F30000
G1 X121.428 Y96.686 E-.072
;WIPE_END
G1 X117.258 Y94.9 Z1.2
M73 P55 R11
G1 Z.8
G1 E.8 F1800
;TYPE:Gap infill
;WIDTH:0.231688
G1 F15000
G1 X112.742 Y94.9 E.06739
G1 X112.21 Y94.95 F30000
;TYPE:Sparse infill
;WIDTH:0.45
G1 F12000
G1 X110.582 Y94.95 E.05239
G1 X109.554 Y98.787 E.12779
G1 X109.317 Y98.377 E.01524
G1 X110.796 Y97.98 E.04928
G1 X111.162 Y97.348 E.0235
G1 X108.764 Y94.95 E.10909
G1 X107.52 Y94.95 E.04004
G1 X107.52 Y95.264 E.01008
G1 X107.555 Y95.325 E.00227
G1 X107.172 Y94.95 F30000
;TYPE:Gap infill
;WIDTH:0.331686
G1 F15000
G1 X102.828 Y94.95 E.09913
G1 E-.728 F1800
;WIPE_START
G1 F30000
G1 X104.028 Y94.95 E-.072
;WIPE_END
G1 X100.525 Y94.95 Z1.2
G1 Z.8
G1 E.8 F1800
;TYPE:Sparse infill
;WIDTH:0.45
G1 F12000
G1 X102.153 Y94.95 E.05239
G1 X101.713 Y96.593 E.05472
G1 X100.681 Y98.381 E.06642
G1 X97.477 Y95.177 E.1458
G1 X97.477 Y94.95 E.00728
G1 X98.879 Y94.95 E.04512
G1 E-.728 F1800
;WIPE_START
G1 F30000
G1 X97.679 Y94.95 E-.072
;WIPE_END
G1 X97.128 Y94.975 Z1.2
G1 Z.8
G1 E.8 F1800
;TYPE:Gap infill
;WIDTH:0.38168
G1 F15000
G1 X92.872 Y94.975 E.11397
G1 X92.275 Y94.95 F30000
;TYPE:Sparse infill
;WIDTH:0.45
G1 F12000
G1 X90.647 Y94.95 E.05239
G1 X87.682 Y95.745 E.09877
G1 X89.255 Y98.469 E.1012
G1 X91.193 Y100.407 E.08821
G1 X91.923 Y101.671 E.04697
G1 X91.554 Y103.05 E.04591
G1 X91.877 Y103.05 E.01039
G1 X92.523 Y102.876 E.02155
G1 X92.523 Y102.711 E.00531
G1 X92.025 Y101.848 E.03208
G1 E-.728 F1800
;WIPE_START
G1 F30000
G1 X92.523 Y102.711 E-.05983
G1 X92.523 Y102.876 E-.00991
G1 X92.487 Y102.886 E-.00227
;WIPE_END
G1 X92.872 Y103.025 Z1.2
G1 Z.8
G1 E.8 F1800
;TYPE:Gap infill
;WIDTH:0.38168
G1 F15000
G1 X97.128 Y103.025 E.11397
G1 E-.728 F1800
;WIPE_START
G1 F30000
G1 X95.928 Y103.025 E-.072
;WIPE_END
G1 X99.084 Y99.926 Z1.2
G1 Z.8
G1 E.8 F1800
;TYPE:Sparse infill
;WIDTH:0.45
G1 F12000
G1 X98.27 Y101.337 E.05239
G1 X101.216 Y100.547 E.09814
G1 X100.832 Y99.881 E.02475
G1 X99.983 Y103.05 E.10555
G1 X101.611 Y103.05 E.05239
G1 E-.728 F1800
;WIPE_START
G1 F30000
G1 X100.411 Y103.05 E-.072
;WIPE_END
G1 X102.828 Y103.05 Z1.2
G1 Z.8
G1 E.8 F1800
;TYPE:Gap infill
;WIDTH:0.331686
G1 F15000
G1 X107.172 Y103.05 E.09913
G1 E-.728 F1800
;WIPE_START
G1 F30000
G1 X105.972 Y103.05 E-.072
;WIPE_END
G1 X110.04 Y103.05 Z1.2
G1 Z.8
G1 E.8 F1800
;TYPE:Sparse infill
;WIDTH:0.45
G1 F12000
G1 X108.411 Y103.05 E.05239
G1 X109.34 Y99.583 E.11548
G1 X109.677 Y99 E.02166
G1 X109.656 Y98.963 E.00138
G1 E-.728 F1800
;WIPE_START
G1 F30000
G1 X109.677 Y99 E-.00257
G1 X109.34 Y99.583 E-.04039
G1 X109.215 Y100.05 E-.02904
;WIPE_END
G1 X112.742 Y103.1 Z1.2
G1 Z.8
G1 E.8 F1800
;TYPE:Gap infill
;WIDTH:0.231688
G1 F15000
G1 X117.258 Y103.1 E.06739
G1 E-.728 F1800
;WIPE_START
G1 F30000
G1 X116.058 Y103.1 E-.072
;WIPE_END
G1 X122.655 Y103.15 Z1.2
G1 Z.8
G1 E.8 F1800
;WIDTH:0.13168
G1 F15000
G1 X127.345 Y103.15 E.0329
G1 E-.728 F1800
;WIPE_START
G1 F30000
G1 X126.145 Y103.15 E-.072
;WIPE_END
G1 X118.512 Y103.121 Z1.2
G1 X87.085 Y103 Z1.2
G1 Z.8
G1 E.8 F1800
;WIDTH:0.431684
G1 F15000
G1 X82.915 Y103 E.12814
G1 X82.523 Y103.006 F30000
;TYPE:Internal solid infill
;WIDTH:0.419999
G1 F15000
G1 X82.49 Y102.642 E.0109
G1 X80.994 Y100.05 E.0892
G1 X80.994 Y103.006 E.0881
G1 X82.483 Y103.006 E.04438
G1 X81.996 Y102.599 F30000
;WIDTH:0.479026
G1 F15000
G1 X81.401 Y101.567 E.04107
G1 X81.401 Y102.599 E.03557
G1 X81.956 Y102.599 E.01916
G1 E-.728 F1800
;WIPE_START
G1 F30000
G1 X81.401 Y102.599 E-.03334
G1 X81.401 Y101.955 E-.03866
;WIPE_END
G1 X80.994 Y97.95 Z1.2
G1 Z.8
G1 E.8 F1800
;WIDTH:0.419999
G1 F15000
G1 X82.523 Y95.302 E.09113
G1 X82.523 Y94.994 E.00918
M73 P56 R11
G1 X80.994 Y94.994 E.04557
G1 X80.994 Y97.91 E.08691
G1 E-.728 F1800
;WIPE_START
G1 F30000
G1 X80.994 Y96.71 E-.072
;WIPE_END
G1 X81.401 Y96.433 Z1.2
G1 Z.8
G1 E.8 F1800
;WIDTH:0.479025
G1 F15000
G1 X81.996 Y95.401 E.04107
G1 X81.401 Y95.401 E.02054
G1 X81.401 Y96.393 E.03419
G1 E-.728 F1800
;WIPE_START
G1 F30000
G1 X81.401 Y95.401 E-.05951
G1 X81.609 Y95.401 E-.01249
;WIPE_END
G1 X82.915 Y95 Z1.2
G1 Z.8
G1 E.8 F1800
;TYPE:Gap infill
;WIDTH:0.431684
G1 F15000
G1 X87.085 Y95 E.12814
G1 E-.728 F1800
;WIPE_START
G1 F30000
G1 X85.885 Y95 E-.072
;WIPE_END
G1 X93.129 Y97.402 Z1.2
G1 X139.29 Y112.71 Z1.2
G1 Z.8
G1 E.8 F1800
SET_VELOCITY_LIMIT ACCEL=2000
;TYPE:Outer wall
;WIDTH:0.42
G1 F7200
G1 X139.29 Y111.29 E.04232
G1 X140.71 Y111.29 E.04232
G1 X140.71 Y112.71 E.04232
G1 X139.33 Y112.71 E.04113
G1 E-.728 F1800
;WIPE_START
G1 F30000
G1 X139.296 Y111.51 E-.072
;WIPE_END
G1 X140.71 Y110.71 Z1.2
G1 Z.8
G1 E.8 F1800
G1 F7200
G1 X140.71 Y109.29 E.04232
G1 X138.71 Y109.29 E.05961
G1 X138.71 Y108.71 E.01729
G1 X141.29 Y108.71 E.0769
G1 X141.29 Y113.29 E.13651
G1 X138.71 Y113.29 E.0769
G1 X138.71 Y110.71 E.0769
G1 X140.67 Y110.71 E.05842
G1 X140.977 Y111 F30000
SET_VELOCITY_LIMIT ACCEL=3000
;TYPE:Gap infill
;WIDTH:0.232591
G1 F15000
G1 X141 Y110.906 E.00145
G1 X141 Y109.094 E.02717
G1 X140.984 Y109.016 E.00119
G1 X140.906 Y109 E.00119
G1 X138.906 Y109 E.02998
G1 E-.728 F1800
;WIPE_START
G1 F30000
G1 X140.106 Y109 E-.072
;WIPE_END
G1 X139.094 Y111 Z1.2
G1 Z.8
G1 E.8 F1800
;WIDTH:0.232236
G1 F15000
G1 X139.016 Y111.016 E.00119
G1 X139 Y111.094 E.00119
G1 X139 Y112.906 E.02712
G1 X139.016 Y112.984 E.00119
G1 X139.094 Y113 E.00119
G1 X140.906 Y113 E.02712
G1 X140.984 Y112.984 E.00119
G1 X141 Y112.906 E.00119
G1 X141 Y111.094 E.02712
G1 X140.977 Y111 E.00145
G1 X139.134 Y111 E.02757
G1 E-.728 F1800
;WIPE_START
G1 F30000
G1 X139.016 Y111.016 E-.00714
G1 X139 Y111.094 E-.00477
G1 X139 Y112.096 E-.06009
;WIPE_END
G1 X143.29 Y112.71 Z1.2
G1 Z.8
G1 E.8 F1800
SET_VELOCITY_LIMIT ACCEL=2000
;TYPE:Outer wall
;WIDTH:0.42
G1 F7200
G1 X143.29 Y111.29 E.04232
G1 X144.71 Y111.29 E.04232
G1 X144.71 Y112.71 E.04232
G1 X143.33 Y112.71 E.04113
G1 E-.728 F1800
;WIPE_START
G1 F30000
G1 X143.296 Y111.51 E-.072
;WIPE_END
G1 X144.71 Y110.71 Z1.2
G1 Z.8
G1 E.8 F1800
G1 F7200
G1 X144.71 Y109.29 E.04232
G1 X142.71 Y109.29 E.05961
G1 X142.71 Y108.71 E.01729
G1 X145.29 Y108.71 E.0769
G1 X145.29 Y113.29 E.13651
G1 X142.71 Y113.29 E.0769
G1 X142.71 Y110.71 E.0769
G1 X144.67 Y110.71 E.05842
G1 X144.977 Y111 F30000
SET_VELOCITY_LIMIT ACCEL=3000
;TYPE:Gap infill
;WIDTH:0.232591
G1 F15000
G1 X145 Y110.906 E.00145
G1 X145 Y109.094 E.02717
G1 X144.984 Y109.016 E.00119
G1 X144.906 Y109 E.00119
G1 X142.906 Y109 E.02998
G1 E-.728 F1800
;WIPE_START
G1 F30000
G1 X144.106 Y109 E-.072
;WIPE_END
G1 X143.094 Y111 Z1.2
G1 Z.8
G1 E.8 F1800
;WIDTH:0.232236
G1 F15000
G1 X143.016 Y111.016 E.00119
G1 X143 Y111.094 E.00119
G1 X143 Y112.906 E.02712
G1 X143.016 Y112.984 E.00119
G1 X143.094 Y113 E.00119
G1 X144.906 Y113 E.02712
G1 X144.984 Y112.984 E.00119
G1 X145 Y112.906 E.00119
G1 X145 Y111.094 E.02712
G1 X144.977 Y111 E.00145
G1 X143.134 Y111 E.02757
G1 E-.728 F1800
;WIPE_START
G1 F30000
G1 X143.016 Y111.016 E-.00714
G1 X143 Y111.094 E-.00477
G1 X143 Y112.096 E-.06009
;WIPE_END
G1 X150.625 Y111.758 Z1.2
G1 X151.71 Y111.71 Z1.2
G1 Z.8
G1 E.8 F1800
SET_VELOCITY_LIMIT ACCEL=2000
;TYPE:Outer wall
;WIDTH:0.42
G1 F7200
G1 X151.71 Y109.29 E.07213
G1 X150.71 Y109.29 E.02981
G1 X150.71 Y108.71 E.01729
G1 X153.29 Y108.71 E.0769
G1 X153.29 Y109.29 E.01729
G1 X152.29 Y109.29 E.02981
G1 X152.29 Y113.29 E.11922
G1 X151.71 Y113.29 E.01729
G1 X151.71 Y112.29 E.02981
G1 X150.71 Y112.29 E.02981
G1 X150.71 Y111.71 E.01729
G1 X151.67 Y111.71 E.02861
G1 X151.977 Y112 F30000
SET_VELOCITY_LIMIT ACCEL=3000
;TYPE:Gap infill
;WIDTH:0.233935
G1 F15000
G1 X150.906 Y112 E.01616
G1 E-.73577 F1800
;WIPE_START
G1 F30000
G1 X151.977 Y112 E-.06423
;WIPE_END
G1 X152 Y113.094 Z1.2
G1 Z.8
G1 E.8 F1800
;WIDTH:0.232362
G1 F15000
G1 X152 Y112.094 E.01497
G1 X151.977 Y112 E.00145
G1 X152 Y111.906 E.00145
G1 X152 Y109.023 E.04316
G1 X152.094 Y109 E.00145
G1 X153.094 Y109 E.01497
G1 E-.728 F1800
;WIPE_START
G1 F30000
G1 X152.094 Y109 E-.06
G1 X152 Y109.023 E-.00581
G1 X152 Y109.127 E-.00619
;WIPE_END
G1 X152 Y109.023 Z1.2
G1 Z.8
G1 E.8 F1800
;WIDTH:0.234991
G1 F15000
G1 X151.906 Y109 E.00147
G1 X150.906 Y109 E.01518
G1 E-.73419 F1800
;WIPE_START
G1 F30000
G1 X151.906 Y109 E-.06
G1 X152 Y109.023 E-.00581
;WIPE_END
G1 X156.71 Y112.71 Z1.2
G1 Z.8
G1 E.8 F1800
SET_VELOCITY_LIMIT ACCEL=2000
;TYPE:Outer wall
;WIDTH:0.42
G1 F7200
G1 X155.29 Y112.71 E.04232
G1 X155.29 Y109.29 E.10193
G1 X156.71 Y109.29 E.04232
G1 X156.71 Y112.67 E.10074
G1 E-.728 F1800
;WIPE_START
G1 F30000
G1 X155.51 Y112.704 E-.072
;WIPE_END
G1 X157.29 Y113.29 Z1.2
G1 Z.8
G1 E.8 F1800
G1 F7200
G1 X154.71 Y113.29 E.0769
G1 X154.71 Y108.71 E.13651
G1 X157.29 Y108.71 E.0769
G1 X157.29 Y113.25 E.13532
G1 X156.984 Y112.984 F30000
SET_VELOCITY_LIMIT ACCEL=3000
;TYPE:Gap infill
;WIDTH:0.231705
G1 F15000
G1 X157 Y112.906 E.00119
G1 X157 Y109.094 E.05688
G1 X156.984 Y109.016 E.00119
G1 X156.906 Y109 E.00119
G1 X155.094 Y109 E.02704
G1 X155.016 Y109.016 E.00119
G1 X155 Y109.094 E.00119
G1 X155 Y112.906 E.05688
G1 X155.016 Y112.984 E.00119
G1 X155.094 Y113 E.00119
G1 X156.906 Y113 E.02704
G1 X156.945 Y112.992 E.00059
G1 E-.728 F1800
;WIPE_START
G1 F30000
G1 X157 Y112.906 E-.00613
G1 X157 Y111.808 E-.06587
;WIPE_END
G1 X159.29 Y112.71 Z1.2
G1 Z.8
G1 E.8 F1800
SET_VELOCITY_LIMIT ACCEL=2000
;TYPE:Outer wall
;WIDTH:0.42
G1 F7200
G1 X159.29 Y109.29 E.10193
G1 X160.71 Y109.29 E.04232
G1 X160.71 Y112.71 E.10193
G1 X159.33 Y112.71 E.04113
G1 E-.728 F1800
;WIPE_START
G1 F30000
G1 X159.316 Y111.51 E-.072
;WIPE_END
G1 X158.71 Y113.29 Z1.2
G1 Z.8
G1 E.8 F1800
G1 F7200
G1 X158.71 Y108.71 E.13651
G1 X161.29 Y108.71 E.0769
G1 X161.29 Y113.29 E.13651
G1 X158.75 Y113.29 E.07571
G1 X159.016 Y112.984 F30000
SET_VELOCITY_LIMIT ACCEL=3000
;TYPE:Gap infill
;WIDTH:0.231705
G1 F15000
G1 X159.094 Y113 E.00119
G1 X160.906 Y113 E.02704
G1 X160.984 Y112.984 E.00119
G1 X161 Y112.906 E.00119
G1 X161 Y109.094 E.05688
G1 X160.984 Y109.016 E.00119
G1 X160.906 Y109 E.00119
G1 X159.094 Y109 E.02704
G1 X159.016 Y109.016 E.00119
G1 X159 Y109.094 E.00119
G1 X159 Y112.906 E.05688
G1 X159.008 Y112.945 E.00059
G1 E-.728 F1800
;WIPE_START
G1 F30000
G1 X159.094 Y113 E-.00613
G1 X160.192 Y113 E-.06587
;WIPE_END
G1 X165.71 Y109.29 Z1.2
G1 Z.8
G1 E.8 F1800
SET_VELOCITY_LIMIT ACCEL=2000
;TYPE:Outer wall
;WIDTH:0.42
G1 F7200
G1 X164.71 Y109.29 E.02981
G1 X164.71 Y108.71 E.01729
G1 X167.29 Y108.71 E.0769
G1 X167.29 Y109.29 E.01729
G1 X166.29 Y109.29 E.02981
G1 X166.29 Y113.29 E.11922
G1 X165.71 Y113.29 E.01729
G1 X165.71 Y112.29 E.02981
G1 X164.71 Y112.29 E.02981
G1 X164.71 Y111.71 E.01729
G1 X165.71 Y111.71 E.02981
G1 X165.71 Y109.33 E.07094
G1 X166 Y109.023 F30000
SET_VELOCITY_LIMIT ACCEL=3000
;TYPE:Gap infill
;WIDTH:0.234991
G1 F15000
G1 X165.906 Y109 E.00147
G1 X164.906 Y109 E.01518
G1 E-.73419 F1800
;WIPE_START
G1 F30000
G1 X165.906 Y109 E-.06
G1 X166 Y109.023 E-.00581
;WIPE_END
G1 X167.094 Y109 Z1.2
G1 Z.8
G1 E.8 F1800
;WIDTH:0.232362
G1 F15000
G1 X166.094 Y109 E.01497
G1 X166 Y109.023 E.00145
G1 X166 Y111.906 E.04316
G1 X165.977 Y112 E.00145
G1 X166 Y112.094 E.00145
G1 X166 Y113.094 E.01497
G1 E-.728 F1800
;WIPE_START
G1 F30000
G1 X166 Y112.094 E-.06
G1 X165.977 Y112 E-.00581
G1 X166 Y111.906 E-.00581
G1 X166 Y111.9 E-.00038
;WIPE_END
G1 X165.977 Y112 Z1.2
G1 Z.8
G1 E.8 F1800
;WIDTH:0.233935
G1 F15000
G1 X164.906 Y112 E.01616
G1 E-.73577 F1800
;WIPE_START
G1 F30000
G1 X165.977 Y112 E-.06423
;WIPE_END
G1 X169.29 Y112.71 Z1.2
G1 Z.8
G1 E.8 F1800
SET_VELOCITY_LIMIT ACCEL=2000
;TYPE:Outer wall
;WIDTH:0.42
G1 F7200
G1 X169.29 Y109.29 E.10193
G1 X170.71 Y109.29 E.04232
G1 X170.71 Y112.71 E.10193
G1 X169.33 Y112.71 E.04113
G1 E-.728 F1800
;WIPE_START
G1 F30000
G1 X169.316 Y111.51 E-.072
;WIPE_END
G1 X168.71 Y113.29 Z1.2
G1 Z.8
G1 E.8 F1800
G1 F7200
G1 X168.71 Y108.71 E.13651
G1 X171.29 Y108.71 E.0769
G1 X171.29 Y113.29 E.13651
G1 X168.75 Y113.29 E.07571
G1 X169.016 Y112.984 F30000
SET_VELOCITY_LIMIT ACCEL=3000
;TYPE:Gap infill
;WIDTH:0.231705
G1 F15000
G1 X169.094 Y113 E.00119
G1 X170.906 Y113 E.02704
G1 X170.984 Y112.984 E.00119
G1 X171 Y112.906 E.00119
G1 X171 Y109.094 E.05688
G1 X170.984 Y109.016 E.00119
G1 X170.906 Y109 E.00119
G1 X169.094 Y109 E.02704
G1 X169.016 Y109.016 E.00119
G1 X169 Y109.094 E.00119
G1 X169 Y112.906 E.05688
G1 X169.008 Y112.945 E.00059
G1 E-.728 F1800
;WIPE_START
G1 F30000
G1 X169.094 Y113 E-.00613
G1 X170.192 Y113 E-.06587
;WIPE_END
G1 X173.71 Y111.71 Z1.2
G1 Z.8
G1 E.8 F1800
SET_VELOCITY_LIMIT ACCEL=2000
;TYPE:Outer wall
;WIDTH:0.42
G1 F7200
G1 X173.71 Y109.29 E.07213
G1 X172.71 Y109.29 E.02981
G1 X172.71 Y108.71 E.01729
G1 X175.29 Y108.71 E.0769
G1 X175.29 Y109.29 E.01729
G1 X174.29 Y109.29 E.02981
G1 X174.29 Y113.29 E.11922
G1 X173.71 Y113.29 E.01729
G1 X173.71 Y112.29 E.02981
G1 X172.71 Y112.29 E.02981
G1 X172.71 Y111.71 E.01729
G1 X173.67 Y111.71 E.02861
G1 X173.977 Y112 F30000
SET_VELOCITY_LIMIT ACCEL=3000
;TYPE:Gap infill
;WIDTH:0.233935
G1 F15000
G1 X172.906 Y112 E.01616
G1 E-.73577 F1800
;WIPE_START
G1 F30000
G1 X173.977 Y112 E-.06423
;WIPE_END
G1 X174 Y113.094 Z1.2
G1 Z.8
G1 E.8 F1800
;WIDTH:0.232362
G1 F15000
G1 X174 Y112.094 E.01497
G1 X173.977 Y112 E.00145
G1 X174 Y111.906 E.00145
G1 X174 Y109.023 E.04316
G1 X174.094 Y109 E.00145
G1 X175.094 Y109 E.01497
G1 E-.728 F1800
;WIPE_START
G1 F30000
G1 X174.094 Y109 E-.06
G1 X174 Y109.023 E-.00581
G1 X174 Y109.127 E-.00619
;WIPE_END
G1 X174 Y109.023 Z1.2
G1 Z.8
G1 E.8 F1800
;WIDTH:0.234991
G1 F15000
G1 X173.906 Y109 E.00147
G1 X172.906 Y109 E.01518
G1 E-.73419 F1800
;WIPE_START
G1 F30000
G1 X173.906 Y109 E-.06
G1 X174 Y109.023 E-.00581
;WIPE_END
G1 X173.561 Y101.404 Z1.2
G1 X172.99 Y91.49 Z1.2
G1 Z.8
G1 E.8 F1800
SET_VELOCITY_LIMIT ACCEL=2000
;TYPE:Outer wall
;WIDTH:0.42
G1 F7200
G1 X172.99 Y92.81 E.03934
G1 X174.31 Y92.81 E.03934
G1 X174.31 Y91.49 E.03934
G1 X173.03 Y91.49 E.03815
G1 X172.99 Y91.01 F30000
G1 F7200
G1 X174.31 Y91.01 E.03934
G1 X174.31 Y89.69 E.03934
G1 X172.99 Y89.69 E.03934
G1 X172.99 Y90.97 E.03815
G1 E-.728 F1800
;WIPE_START
G1 F30000
G1 X174.189 Y91.006 E-.072
;WIPE_END
G1 X174.79 Y93.29 Z1.2
G1 Z.8
G1 E.8 F1800
G1 F7200
G1 X172.51 Y93.29 E.06796
G1 X172.51 Y89.21 E.12161
G1 X174.79 Y89.21 E.06796
G1 X174.79 Y93.25 E.12041
G1 E-.728 F1800
;WIPE_START
G1 F30000
G1 X173.59 Y93.271 E-.072
;WIPE_END
G1 X174.539 Y91.25 Z1.2
G1 Z.8
G1 E.8 F1800
SET_VELOCITY_LIMIT ACCEL=3000
;TYPE:Gap infill
;WIDTH:0.131231
G1 F15000
G1 X174.55 Y89.494 E.01226
G1 X174.542 Y89.458 E.00026
G1 X174.506 Y89.45 E.00026
G1 X172.758 Y89.458 E.01221
G1 X172.761 Y91.25 E.01251
;WIDTH:0.131234
G1 X172.758 Y93.042 E.01251
G1 X174.542 Y93.042 E.01246
G1 X174.539 Y91.25 E.01251
G1 X172.801 Y91.25 E.01213
G1 E-.728 F1800
;WIPE_START
G1 F30000
G1 X172.772 Y92.45 E-.072
;WIPE_END
G1 X169.39 Y91.49 Z1.2
G1 Z.8
G1 E.8 F1800
SET_VELOCITY_LIMIT ACCEL=2000
;TYPE:Outer wall
;WIDTH:0.42
G1 F7200
G1 X170.71 Y91.49 E.03934
G1 X170.71 Y92.81 E.03934
G1 X169.39 Y92.81 E.03934
G1 X169.39 Y91.53 E.03815
G1 E-.728 F1800
;WIPE_START
G1 F30000
G1 X170.589 Y91.494 E-.072
;WIPE_END
G1 X170.71 Y91.01 Z1.2
G1 Z.8
G1 E.8 F1800
G1 F7200
G1 X170.71 Y89.69 E.03934
G1 X168.91 Y89.69 E.05365
G1 X168.91 Y89.21 E.01431
G1 X171.19 Y89.21 E.06796
G1 X171.19 Y93.29 E.12161
G1 X168.91 Y93.29 E.06796
G1 X168.91 Y91.01 E.06796
G1 X170.67 Y91.01 E.05246
G1 X170.939 Y91.25 F30000
SET_VELOCITY_LIMIT ACCEL=3000
;TYPE:Gap infill
;WIDTH:0.131267
G1 F15000
G1 X170.942 Y89.458 E.01252
G1 X169.106 Y89.45 E.01282
G1 E-.728 F1800
;WIPE_START
G1 F30000
G1 X170.306 Y89.455 E-.072
;WIPE_END
G1 X169.158 Y91.258 Z1.2
G1 Z.8
G1 E.8 F1800
;WIDTH:0.131178
G1 F15000
G1 X169.158 Y93.042 E.01245
G1 X170.942 Y93.042 E.01245
G1 X170.939 Y91.25 E.0125
G1 X169.198 Y91.257 E.01215
G1 E-.728 F1800
;WIPE_START
G1 F30000
G1 X169.171 Y92.457 E-.072
;WIPE_END
G1 X165.79 Y92.81 Z1.2
G1 Z.8
G1 E.8 F1800
SET_VELOCITY_LIMIT ACCEL=2000
;TYPE:Outer wall
;WIDTH:0.42
G1 F7200
G1 X167.59 Y92.81 E.05365
G1 X167.59 Y93.29 E.01431
G1 X165.31 Y93.29 E.06796
G1 X165.31 Y89.21 E.12161
G1 X165.79 Y89.21 E.01431
G1 X165.79 Y91.01 E.05365
G1 X166.69 Y91.01 E.02682
G1 X166.69 Y91.49 E.01431
G1 X165.79 Y91.49 E.02682
G1 X165.79 Y92.77 E.03815
G1 E-.728 F1800
;WIPE_START
G1 F30000
G1 X166.99 Y92.797 E-.072
;WIPE_END
G1 X165.561 Y91.25 Z1.2
G1 Z.8
G1 E.8 F1800
SET_VELOCITY_LIMIT ACCEL=3000
;TYPE:Gap infill
;WIDTH:0.131374
G1 F15000
G1 X165.55 Y89.406 E.01289
G1 E-.728 F1800
M73 P57 R11
;WIPE_START
G1 F30000
G1 X165.557 Y90.606 E-.072
;WIPE_END
G1 X166.494 Y91.25 Z1.2
G1 Z.8
G1 E.8 F1800
;WIDTH:0.131179
G1 F15000
G1 X165.561 Y91.25 E.00651
G1 X165.558 Y93.042 E.0125
G1 X167.394 Y93.05 E.01281
G1 E-.728 F1800
;WIPE_START
G1 F30000
G1 X166.194 Y93.045 E-.072
;WIPE_END
G1 X158.59 Y92.81 Z1.2
G1 Z.8
G1 E.8 F1800
SET_VELOCITY_LIMIT ACCEL=2000
;TYPE:Outer wall
;WIDTH:0.42
G1 F7200
G1 X158.59 Y89.69 E.09299
G1 X159.91 Y89.69 E.03934
G1 X159.91 Y92.81 E.09299
G1 X158.63 Y92.81 E.03815
G1 E-.728 F1800
;WIPE_START
G1 F30000
G1 X158.615 Y91.61 E-.072
;WIPE_END
G1 X160.39 Y93.29 Z1.2
G1 Z.8
G1 E.8 F1800
G1 F7200
G1 X158.11 Y93.29 E.06796
G1 X158.11 Y89.21 E.12161
G1 X160.39 Y89.21 E.06796
G1 X160.39 Y93.25 E.12041
G1 X160.142 Y93.042 F30000
SET_VELOCITY_LIMIT ACCEL=3000
;TYPE:Gap infill
;WIDTH:0.131058
G1 F15000
G1 X160.142 Y89.458 E.02497
G1 X158.358 Y89.458 E.01243
G1 X158.358 Y93.042 E.02497
G1 X160.102 Y93.042 E.01216
G1 E-.728 F1800
;WIPE_START
G1 F30000
G1 X160.116 Y91.843 E-.072
;WIPE_END
G1 X155.41 Y91.91 Z1.2
G1 Z.8
G1 E.8 F1800
SET_VELOCITY_LIMIT ACCEL=2000
;TYPE:Outer wall
;WIDTH:0.42
G1 F7200
G1 X155.41 Y89.69 E.06617
G1 X154.51 Y89.69 E.02682
G1 X154.51 Y89.21 E.01431
G1 X156.79 Y89.21 E.06796
G1 X156.79 Y89.69 E.01431
G1 X155.89 Y89.69 E.02682
G1 X155.89 Y93.29 E.1073
G1 X155.41 Y93.29 E.01431
G1 X155.41 Y92.39 E.02682
G1 X154.51 Y92.39 E.02682
G1 X154.51 Y91.91 E.01431
G1 X155.37 Y91.91 E.02563
G1 E-.728 F1800
;WIPE_START
G1 F30000
G1 X155.392 Y90.71 E-.072
;WIPE_END
G1 X155.65 Y93.094 Z1.2
G1 Z.8
G1 E.8 F1800
SET_VELOCITY_LIMIT ACCEL=3000
;TYPE:Gap infill
;WIDTH:0.131226
G1 F15000
G1 X155.65 Y89.461 E.02536
G1 X156.594 Y89.45 E.00659
G1 E-.728 F1800
;WIPE_START
G1 F30000
G1 X155.65 Y89.461 E-.05664
G1 X155.65 Y89.717 E-.01536
;WIPE_END
G1 X152.71 Y92.81 Z1.2
G1 Z.8
G1 E.8 F1800
SET_VELOCITY_LIMIT ACCEL=2000
;TYPE:Outer wall
;WIDTH:0.42
G1 F7200
G1 X152.71 Y91.49 E.03934
G1 X150.91 Y91.49 E.05365
G1 X150.91 Y89.21 E.06796
G1 X153.19 Y89.21 E.06796
G1 X153.19 Y89.69 E.01431
G1 X151.39 Y89.69 E.05365
G1 X151.39 Y91.01 E.03934
G1 X153.19 Y91.01 E.05365
G1 X153.19 Y93.29 E.06796
G1 X150.91 Y93.29 E.06796
G1 X150.91 Y92.81 E.01431
G1 X152.67 Y92.81 E.05246
G1 E-.728 F1800
;WIPE_START
G1 F30000
G1 X152.706 Y91.611 E-.072
;WIPE_END
G1 X151.106 Y93.05 Z1.2
G1 Z.8
G1 E.8 F1800
SET_VELOCITY_LIMIT ACCEL=3000
;TYPE:Gap infill
;WIDTH:0.13109
G1 F15000
G1 X152.942 Y93.042 E.0128
G1 X152.942 Y91.258 E.01244
G1 X151.158 Y91.242 E.01244
G1 X151.15 Y89.494 E.01219
G1 X151.158 Y89.458 E.00026
G1 X151.194 Y89.45 E.00026
G1 X152.994 Y89.45 E.01254
G1 E-.728 F1800
;WIPE_START
G1 F30000
G1 X151.794 Y89.45 E-.072
;WIPE_END
G1 X148.69 Y92.81 Z1.2
G1 Z.8
G1 E.8 F1800
SET_VELOCITY_LIMIT ACCEL=2000
;TYPE:Outer wall
;WIDTH:0.42
G1 F7200
G1 X149.59 Y92.81 E.02683
G1 X149.59 Y93.29 E.01431
G1 X147.31 Y93.29 E.06796
G1 X147.31 Y92.81 E.01431
G1 X148.21 Y92.81 E.02682
G1 X148.21 Y89.21 E.1073
G1 X148.69 Y89.21 E.01431
G1 X148.69 Y92.77 E.10611
G1 X149.394 Y93.05 F30000
SET_VELOCITY_LIMIT ACCEL=3000
;TYPE:Gap infill
;WIDTH:0.130996
G1 F15000
G1 X148.45 Y93.039 E.00657
G1 X148.45 Y89.406 E.02529
G1 E-.728 F1800
;WIPE_START
G1 F30000
G1 X148.45 Y90.606 E-.072
;WIPE_END
G1 X140.96 Y92.073 Z1.2
G1 X137.71 Y92.71 Z1.2
G1 Z.8
G1 E.8 F1800
SET_VELOCITY_LIMIT ACCEL=2000
;TYPE:Outer wall
;WIDTH:0.42
G1 F7200
G1 X136.29 Y92.71 E.04232
G1 X136.29 Y89.29 E.10193
G1 X137.71 Y89.29 E.04232
G1 X137.71 Y92.67 E.10074
G1 E-.728 F1800
;WIPE_START
G1 F30000
G1 X136.51 Y92.704 E-.072
;WIPE_END
G1 X135.71 Y93.29 Z1.2
G1 Z.8
G1 E.8 F1800
G1 F7200
G1 X135.71 Y88.71 E.13651
G1 X138.29 Y88.71 E.0769
G1 X138.29 Y93.29 E.13651
G1 X135.75 Y93.29 E.07571
G1 X136.016 Y92.984 F30000
SET_VELOCITY_LIMIT ACCEL=3000
;TYPE:Gap infill
;WIDTH:0.231705
G1 F15000
G1 X136.094 Y93 E.00119
G1 X137.906 Y93 E.02704
G1 X137.984 Y92.984 E.00119
G1 X138 Y92.906 E.00119
G1 X138 Y89.094 E.05688
G1 X137.984 Y89.016 E.00119
G1 X137.906 Y89 E.00119
G1 X136.094 Y89 E.02704
G1 X136.016 Y89.016 E.00119
G1 X136 Y89.094 E.00119
G1 X136 Y92.906 E.05688
G1 X136.008 Y92.945 E.00059
G1 E-.728 F1800
;WIPE_START
G1 F30000
G1 X136.094 Y93 E-.00613
G1 X137.192 Y93 E-.06587
;WIPE_END
G1 X133.71 Y91.29 Z1.2
G1 Z.8
G1 E.8 F1800
SET_VELOCITY_LIMIT ACCEL=2000
;TYPE:Outer wall
;WIDTH:0.42
G1 F7200
G1 X132.29 Y91.29 E.04232
G1 X132.29 Y93.29 E.05961
G1 X131.71 Y93.29 E.01729
G1 X131.71 Y90.71 E.0769
G1 X133.71 Y90.71 E.05961
G1 X133.71 Y88.71 E.05961
G1 X134.29 Y88.71 E.01729
G1 X134.29 Y93.29 E.13651
G1 X133.71 Y93.29 E.01729
G1 X133.71 Y91.33 E.05842
G1 X133.977 Y91 F30000
SET_VELOCITY_LIMIT ACCEL=3000
;TYPE:Gap infill
;WIDTH:0.232296
G1 F15000
G1 X132.094 Y91 E.02818
G1 X132.016 Y91.016 E.00119
G1 X132 Y91.094 E.00119
G1 X132 Y93.094 E.02994
G1 E-.728 F1800
;WIPE_START
G1 F30000
G1 X132 Y91.894 E-.072
;WIPE_END
G1 X134 Y93.094 Z1.2
G1 Z.8
G1 E.8 F1800
;WIDTH:0.231927
G1 F15000
G1 X134 Y91.094 E.02988
G1 X133.977 Y91 E.00145
G1 X134 Y90.906 E.00145
G1 X134 Y88.906 E.02988
G1 E-.728 F1800
;WIPE_START
G1 F30000
G1 X134 Y90.106 E-.072
;WIPE_END
G1 X126.769 Y92.548 Z1.2
G1 X126.29 Y92.71 Z1.2
G1 Z.8
G1 E.8 F1800
SET_VELOCITY_LIMIT ACCEL=2000
;TYPE:Outer wall
;WIDTH:0.42
G1 F7200
G1 X126.29 Y89.29 E.10193
G1 X127.71 Y89.29 E.04232
G1 X127.71 Y92.71 E.10193
G1 X126.33 Y92.71 E.04113
G1 E-.728 F1800
;WIPE_START
G1 F30000
G1 X126.316 Y91.51 E-.072
;WIPE_END
G1 X125.71 Y93.29 Z1.2
G1 Z.8
G1 E.8 F1800
G1 F7200
G1 X125.71 Y88.71 E.13651
G1 X128.29 Y88.71 E.0769
G1 X128.29 Y93.29 E.13651
G1 X125.75 Y93.29 E.07571
G1 X126.016 Y92.984 F30000
SET_VELOCITY_LIMIT ACCEL=3000
;TYPE:Gap infill
;WIDTH:0.231706
G1 F15000
G1 X126.094 Y93 E.00119
G1 X127.906 Y93 E.02704
G1 X127.984 Y92.984 E.00119
G1 X128 Y92.906 E.00119
G1 X128 Y89.094 E.05688
G1 X127.984 Y89.016 E.00119
G1 X127.906 Y89 E.00119
G1 X126.094 Y89 E.02704
G1 X126.016 Y89.016 E.00119
G1 X126 Y89.094 E.00119
G1 X126 Y92.906 E.05688
G1 X126.008 Y92.945 E.00059
G1 E-.728 F1800
;WIPE_START
G1 F30000
G1 X126.094 Y93 E-.00613
G1 X127.192 Y93 E-.06587
;WIPE_END
G1 X123.71 Y92.71 Z1.2
G1 Z.8
G1 E.8 F1800
SET_VELOCITY_LIMIT ACCEL=2000
;TYPE:Outer wall
;WIDTH:0.42
G1 F7200
G1 X123.71 Y91.29 E.04232
G1 X121.71 Y91.29 E.05961
G1 X121.71 Y90.71 E.01729
G1 X123.71 Y90.71 E.05961
G1 X123.71 Y89.29 E.04232
G1 X121.71 Y89.29 E.05961
G1 X121.71 Y88.71 E.01729
G1 X124.29 Y88.71 E.0769
G1 X124.29 Y93.29 E.13651
G1 X121.71 Y93.29 E.0769
G1 X121.71 Y92.71 E.01729
G1 X123.67 Y92.71 E.05842
G1 E-.728 F1800
;WIPE_START
G1 F30000
G1 X123.704 Y91.51 E-.072
;WIPE_END
G1 X123.977 Y91 Z1.2
G1 Z.8
G1 E.8 F1800
SET_VELOCITY_LIMIT ACCEL=3000
;TYPE:Gap infill
;WIDTH:0.232591
G1 F15000
G1 X124 Y90.906 E.00145
G1 X124 Y89.094 E.02717
G1 X123.984 Y89.016 E.00119
G1 X123.906 Y89 E.00119
G1 X121.906 Y89 E.02998
G1 E-.728 F1800
;WIPE_START
G1 F30000
G1 X123.106 Y89 E-.072
;WIPE_END
G1 X121.906 Y91 Z1.2
G1 Z.8
G1 E.8 F1800
;WIDTH:0.232001
G1 F15000
G1 X123.977 Y91 E.03094
G1 X124 Y91.094 E.00145
G1 X124 Y92.906 E.02708
G1 X123.984 Y92.984 E.00119
G1 X123.906 Y93 E.00119
G1 X121.906 Y93 E.02989
G1 E-.728 F1800
;WIPE_START
G1 F30000
G1 X123.106 Y93 E-.072
;WIPE_END
G1 X117.71 Y92.71 Z1.2
G1 Z.8
G1 E.8 F1800
SET_VELOCITY_LIMIT ACCEL=2000
;TYPE:Outer wall
;WIDTH:0.42
G1 F7200
G1 X116.29 Y92.71 E.04232
G1 X116.29 Y89.29 E.10193
G1 X117.71 Y89.29 E.04232
G1 X117.71 Y92.67 E.10074
G1 E-.728 F1800
;WIPE_START
G1 F30000
G1 X116.51 Y92.704 E-.072
;WIPE_END
G1 X115.71 Y93.29 Z1.2
G1 Z.8
G1 E.8 F1800
G1 F7200
G1 X115.71 Y88.71 E.13651
G1 X118.29 Y88.71 E.0769
G1 X118.29 Y93.29 E.13651
G1 X115.75 Y93.29 E.07571
G1 X116.016 Y92.984 F30000
SET_VELOCITY_LIMIT ACCEL=3000
;TYPE:Gap infill
;WIDTH:0.231705
G1 F15000
G1 X116.094 Y93 E.00119
G1 X117.906 Y93 E.02704
G1 X117.984 Y92.984 E.00119
G1 X118 Y92.906 E.00119
G1 X118 Y89.094 E.05688
G1 X117.984 Y89.016 E.00119
G1 X117.906 Y89 E.00119
G1 X116.094 Y89 E.02704
G1 X116.016 Y89.016 E.00119
G1 X116 Y89.094 E.00119
G1 X116 Y92.906 E.05688
G1 X116.008 Y92.945 E.00059
G1 E-.728 F1800
;WIPE_START
G1 F30000
G1 X116.094 Y93 E-.00613
G1 X117.192 Y93 E-.06587
;WIPE_END
G1 X113.71 Y92.71 Z1.2
G1 Z.8
G1 E.8 F1800
SET_VELOCITY_LIMIT ACCEL=2000
;TYPE:Outer wall
;WIDTH:0.42
G1 F7200
G1 X113.71 Y91.29 E.04232
G1 X111.71 Y91.29 E.05961
G1 X111.71 Y88.71 E.0769
G1 X114.29 Y88.71 E.0769
G1 X114.29 Y89.29 E.01729
G1 X112.29 Y89.29 E.05961
G1 X112.29 Y90.71 E.04232
G1 X114.29 Y90.71 E.05961
G1 X114.29 Y93.29 E.0769
G1 X111.71 Y93.29 E.0769
G1 X111.71 Y92.71 E.01729
G1 X113.67 Y92.71 E.05842
G1 E-.728 F1800
;WIPE_START
G1 F30000
G1 X113.704 Y91.51 E-.072
;WIPE_END
G1 X111.906 Y93 Z1.2
G1 Z.8
G1 E.8 F1800
SET_VELOCITY_LIMIT ACCEL=3000
;TYPE:Gap infill
;WIDTH:0.23186
G1 F15000
G1 X113.906 Y93 E.02987
G1 X113.984 Y92.984 E.00119
G1 X114 Y92.906 E.00119
G1 X114 Y91.094 E.02706
G1 X113.984 Y91.016 E.00119
G1 X113.906 Y91 E.00119
G1 X112.094 Y91 E.02706
G1 X112.016 Y90.984 E.00119
G1 X112 Y90.906 E.00119
G1 X112 Y89.094 E.02706
G1 X112.016 Y89.016 E.00119
G1 X112.094 Y89 E.00119
G1 X114.094 Y89 E.02987
G1 E-.728 F1800
;WIPE_START
G1 F30000
G1 X112.894 Y89 E-.072
;WIPE_END
G1 X106.29 Y92.71 Z1.2
G1 Z.8
G1 E.8 F1800
SET_VELOCITY_LIMIT ACCEL=2000
;TYPE:Outer wall
;WIDTH:0.42
G1 F7200
G1 X106.29 Y89.29 E.10193
G1 X107.71 Y89.29 E.04232
G1 X107.71 Y92.71 E.10193
G1 X106.33 Y92.71 E.04113
G1 E-.728 F1800
;WIPE_START
G1 F30000
G1 X106.316 Y91.51 E-.072
;WIPE_END
G1 X105.71 Y93.29 Z1.2
G1 Z.8
G1 E.8 F1800
G1 F7200
G1 X105.71 Y88.71 E.13651
G1 X108.29 Y88.71 E.0769
G1 X108.29 Y93.29 E.13651
G1 X105.75 Y93.29 E.07571
G1 X106.016 Y92.984 F30000
SET_VELOCITY_LIMIT ACCEL=3000
;TYPE:Gap infill
;WIDTH:0.231705
G1 F15000
G1 X106.094 Y93 E.00119
G1 X107.906 Y93 E.02704
G1 X107.984 Y92.984 E.00119
G1 X108 Y92.906 E.00119
G1 X108 Y89.094 E.05688
G1 X107.984 Y89.016 E.00119
G1 X107.906 Y89 E.00119
G1 X106.094 Y89 E.02704
G1 X106.016 Y89.016 E.00119
G1 X106 Y89.094 E.00119
G1 X106 Y92.906 E.05688
G1 X106.008 Y92.945 E.00059
G1 E-.728 F1800
;WIPE_START
G1 F30000
G1 X106.094 Y93 E-.00613
G1 X107.192 Y93 E-.06587
;WIPE_END
G1 X102.71 Y91.71 Z1.2
G1 Z.8
G1 E.8 F1800
SET_VELOCITY_LIMIT ACCEL=2000
;TYPE:Outer wall
;WIDTH:0.42
G1 F7200
G1 X102.71 Y89.29 E.07213
G1 X101.71 Y89.29 E.02981
G1 X101.71 Y88.71 E.01729
G1 X104.29 Y88.71 E.0769
G1 X104.29 Y89.29 E.01729
G1 X103.29 Y89.29 E.02981
G1 X103.29 Y93.29 E.11922
G1 X102.71 Y93.29 E.01729
G1 X102.71 Y92.29 E.02981
G1 X101.71 Y92.29 E.02981
G1 X101.71 Y91.71 E.01729
G1 X102.67 Y91.71 E.02861
G1 X102.977 Y92 F30000
SET_VELOCITY_LIMIT ACCEL=3000
;TYPE:Gap infill
;WIDTH:0.233935
G1 F15000
G1 X101.906 Y92 E.01616
G1 E-.73577 F1800
;WIPE_START
G1 F30000
G1 X102.977 Y92 E-.06423
;WIPE_END
G1 X103 Y93.094 Z1.2
G1 Z.8
G1 E.8 F1800
;WIDTH:0.232362
G1 F15000
G1 X103 Y92.094 E.01497
G1 X102.977 Y92 E.00145
G1 X103 Y91.906 E.00145
G1 X103 Y89.023 E.04316
G1 X103.094 Y89 E.00145
G1 X104.094 Y89 E.01497
G1 E-.728 F1800
;WIPE_START
G1 F30000
G1 X103.094 Y89 E-.06
G1 X103 Y89.023 E-.00581
G1 X103 Y89.127 E-.00619
;WIPE_END
G1 X103 Y89.023 Z1.2
G1 Z.8
G1 E.8 F1800
;WIDTH:0.234991
G1 F15000
G1 X102.906 Y89 E.00147
G1 X101.906 Y89 E.01518
G1 E-.73419 F1800
;WIPE_START
G1 F30000
G1 X102.906 Y89 E-.06
G1 X103 Y89.023 E-.00581
;WIPE_END
G1 X95.971 Y91.998 Z1.2
G1 X94.29 Y92.71 Z1.2
G1 Z.8
G1 E.8 F1800
SET_VELOCITY_LIMIT ACCEL=2000
;TYPE:Outer wall
;WIDTH:0.42
G1 F7200
G1 X96.29 Y92.71 E.05961
G1 X96.29 Y93.29 E.01729
G1 X93.71 Y93.29 E.0769
G1 X93.71 Y90.71 E.0769
G1 X95.71 Y90.71 E.05961
G1 X95.71 Y89.29 E.04232
G1 X93.71 Y89.29 E.05961
G1 X93.71 Y88.71 E.01729
G1 X96.29 Y88.71 E.0769
G1 X96.29 Y91.29 E.0769
G1 X94.29 Y91.29 E.05961
G1 X94.29 Y92.67 E.04113
G1 E-.728 F1800
;WIPE_START
G1 F30000
G1 X95.49 Y92.694 E-.072
;WIPE_END
G1 X96.094 Y93 Z1.2
G1 Z.8
G1 E.8 F1800
SET_VELOCITY_LIMIT ACCEL=3000
;TYPE:Gap infill
;WIDTH:0.23186
G1 F15000
G1 X94.094 Y93 E.02987
G1 X94.016 Y92.984 E.00119
G1 X94 Y92.906 E.00119
G1 X94 Y91.094 E.02706
G1 X94.016 Y91.016 E.00119
G1 X94.094 Y91 E.00119
G1 X95.906 Y91 E.02706
G1 X95.984 Y90.984 E.00119
G1 X96 Y90.906 E.00119
G1 X96 Y89.094 E.02706
G1 X95.984 Y89.016 E.00119
M73 P58 R11
G1 X95.906 Y89 E.00119
G1 X93.906 Y89 E.02987
G1 E-.728 F1800
;WIPE_START
G1 F30000
G1 X95.106 Y89 E-.072
;WIPE_END
G1 X88.007 Y91.803 Z1.2
G1 X85.71 Y92.71 Z1.2
G1 Z.8
G1 E.8 F1800
SET_VELOCITY_LIMIT ACCEL=2000
;TYPE:Outer wall
;WIDTH:0.42
G1 F7200
G1 X84.29 Y92.71 E.04232
G1 X84.29 Y89.29 E.10193
G1 X85.71 Y89.29 E.04232
G1 X85.71 Y92.67 E.10074
G1 E-.728 F1800
;WIPE_START
G1 F30000
G1 X84.51 Y92.704 E-.072
;WIPE_END
G1 X86.29 Y93.29 Z1.2
G1 Z.8
G1 E.8 F1800
G1 F7200
G1 X83.71 Y93.29 E.0769
G1 X83.71 Y88.71 E.13651
G1 X86.29 Y88.71 E.0769
G1 X86.29 Y93.25 E.13532
G1 X85.984 Y92.984 F30000
SET_VELOCITY_LIMIT ACCEL=3000
;TYPE:Gap infill
;WIDTH:0.231705
G1 F15000
G1 X86 Y92.906 E.00119
G1 X86 Y89.094 E.05688
G1 X85.984 Y89.016 E.00119
G1 X85.906 Y89 E.00119
G1 X84.094 Y89 E.02704
G1 X84.016 Y89.016 E.00119
G1 X84 Y89.094 E.00119
G1 X84 Y92.906 E.05688
G1 X84.016 Y92.984 E.00119
G1 X84.094 Y93 E.00119
G1 X85.906 Y93 E.02704
G1 X85.945 Y92.992 E.00059
M106 S224
;LAYER_CHANGE
;Z:1
;HEIGHT:0.2
;BEFORE_LAYER_CHANGE
;1
G92 E0

G1 E-.728 F1800
;WIPE_START
G1 F30000
G1 X86 Y92.906 E-.00613
G1 X86 Y91.808 E-.06587
;WIPE_END
M73 L5
;LAYER:5
SET_PRINT_STATS_INFO TOTAL_LAYER=35 CURRENT_LAYER=5
;_SET_FAN_SPEED_CHANGING_LAYER

G1 X86.9073 Y92.3486 Z1.05714
G1 X87.0505 Y93.3949 Z1.11429
G1 X86.3218 Y94.1592 Z1.17143
G1 X85.2699 Y94.066 Z1.22857
G1 X84.6869 Y93.1855 Z1.28571
G1 X85.0118 Y92.1807 Z1.34286
G1 X86 Y91.8082 Z1.4
G1 X123.134 Y95.098 Z1.4
G1 Z1
G1 E.8 F1800
;TYPE:Inner wall
;WIDTH:0.45
G1 F12000
G1 X122.747 Y95.098 E.01243
G1 X120.494 Y99 E.14498
G1 X122.747 Y102.902 E.14498
G1 X127.253 Y102.902 E.14498
G1 X129.506 Y99 E.14498
G1 X128.617 Y97.461 E.05716
G1 X127.253 Y95.098 E.08782
G1 X123.174 Y95.098 E.13126
SET_VELOCITY_LIMIT ACCEL=2000
G1 X122.973 Y95.49 F30000
;TYPE:Outer wall
;WIDTH:0.42
G1 F7200
G1 X120.947 Y99 E.1208
G1 X122.973 Y102.51 E.1208
G1 X127.027 Y102.51 E.1208
G1 X129.053 Y99 E.1208
G1 X128.278 Y97.657 E.0462
G1 X127.027 Y95.49 E.0746
G1 X123.013 Y95.49 E.11961
G1 E-.728 F1800
;WIPE_START
G1 F30000
G1 X122.405 Y96.524 E-.072
;WIPE_END
G1 X117.494 Y102.367 Z1.4
G1 X117.129 Y102.802 Z1.4
G1 Z1
G1 E.8 F1800
SET_VELOCITY_LIMIT ACCEL=3000
;TYPE:Inner wall
;WIDTH:0.45
G1 F12000
G1 X117.195 Y102.802 E.00213
G1 X119.39 Y99 E.14126
G1 X117.195 Y95.198 E.14126
G1 X112.805 Y95.198 E.14126
G1 X110.61 Y99 E.14126
G1 X112.805 Y102.802 E.14126
G1 X117.089 Y102.802 E.13784
SET_VELOCITY_LIMIT ACCEL=2000
G1 X116.969 Y102.41 F30000
;TYPE:Outer wall
;WIDTH:0.42
G1 F7200
G1 X118.938 Y99 E.11736
G1 X116.969 Y95.59 E.11736
G1 X113.031 Y95.59 E.11736
G1 X111.062 Y99 E.11736
G1 X113.031 Y102.41 E.11736
G1 X116.929 Y102.41 E.11617
G1 E-.728 F1800
;WIPE_START
G1 F30000
G1 X117.538 Y101.376 E-.072
;WIPE_END
G1 X109.934 Y102.032 Z1.4
G1 X102.829 Y102.645 Z1.4
G1 Z1
G1 E.8 F1800
SET_VELOCITY_LIMIT ACCEL=3000
;TYPE:Inner wall
;WIDTH:0.45
G1 F12000
G1 X102.863 Y102.702 E.00213
G1 X107.137 Y102.702 E.13755
G1 X109.275 Y99 E.13755
G1 X107.137 Y95.298 E.13755
G1 X102.863 Y95.298 E.13755
G1 X100.725 Y99 E.13755
G1 X102.809 Y102.61 E.13413
SET_VELOCITY_LIMIT ACCEL=2000
G1 X103.089 Y102.31 F30000
;TYPE:Outer wall
;WIDTH:0.42
G1 F7200
G1 X106.911 Y102.31 E.11392
G1 X108.822 Y99 E.11392
G1 X106.911 Y95.69 E.11392
G1 X103.089 Y95.69 E.11392
G1 X101.178 Y99 E.11392
G1 X103.069 Y102.275 E.11273
G1 E-.728 F1800
;WIPE_START
G1 F30000
G1 X104.269 Y102.286 E-.072
;WIPE_END
G1 X97.042 Y102.652 Z1.4
G1 Z1
G1 E.8 F1800
SET_VELOCITY_LIMIT ACCEL=3000
;TYPE:Inner wall
;WIDTH:0.45
G1 F12000
G1 X97.109 Y102.652 E.00213
G1 X99.217 Y99 E.13569
G1 X97.109 Y95.348 E.13569
G1 X92.891 Y95.348 E.13569
G1 X90.783 Y99 E.13569
G1 X92.891 Y102.652 E.13569
G1 X97.002 Y102.652 E.13227
SET_VELOCITY_LIMIT ACCEL=2000
G1 X96.882 Y102.26 F30000
;TYPE:Outer wall
;WIDTH:0.42
G1 F7200
G1 X98.764 Y99 E.1122
G1 X96.882 Y95.74 E.1122
G1 X93.118 Y95.74 E.1122
G1 X91.236 Y99 E.1122
G1 X93.118 Y102.26 E.1122
G1 X96.842 Y102.26 E.111
G1 E-.728 F1800
;WIPE_START
G1 F30000
G1 X97.452 Y101.226 E-.072
;WIPE_END
G1 X89.88 Y102.192 Z1.4
G1 X87.113 Y102.545 Z1.4
G1 Z1
G1 E.8 F1800
SET_VELOCITY_LIMIT ACCEL=3000
;TYPE:Inner wall
;WIDTH:0.45
G1 F12000
G1 X89.159 Y99 E.1317
G1 X87.08 Y95.398 E.13383
G1 X82.92 Y95.398 E.13383
G1 X80.841 Y99 E.13383
G1 X82.92 Y102.602 E.13383
G1 X87.08 Y102.602 E.13383
G1 X87.093 Y102.579 E.00085
SET_VELOCITY_LIMIT ACCEL=2000
G1 X86.853 Y102.21 F30000
;TYPE:Outer wall
;WIDTH:0.42
G1 F7200
G1 X88.707 Y99 E.11048
G1 X86.853 Y95.79 E.11048
G1 X83.147 Y95.79 E.11048
G1 X81.293 Y99 E.11048
G1 X83.147 Y102.21 E.11048
G1 X86.813 Y102.21 E.10928
G1 E-.728 F1800
;WIPE_START
G1 F30000
G1 X87.423 Y101.176 E-.072
;WIPE_END
G1 X95.051 Y101.447 Z1.4
G1 X137.344 Y102.945 Z1.4
G1 Z1
G1 E.8 F1800
SET_VELOCITY_LIMIT ACCEL=3000
;TYPE:Inner wall
;WIDTH:0.45
G1 F12000
G1 X139.217 Y99.7 E.12054
G1 X139.398 Y99.749 E.00603
G1 X139.398 Y103.398 E.11742
G1 X80.602 Y103.398 E1.89185
G1 X80.602 Y94.602 E.28302
G1 X139.398 Y94.602 E1.89185
G1 X139.398 Y98.251 E.11742
G1 X139.217 Y98.3 E.00603
G1 X137.311 Y94.998 E.12268
G1 X132.689 Y94.998 E.1487
G1 X130.379 Y99 E.14869
G1 X132.689 Y103.002 E.14869
G1 X137.311 Y103.002 E.1487
G1 X137.324 Y102.979 E.00085
SET_VELOCITY_LIMIT ACCEL=2000
G1 X137.084 Y102.61 F30000
;TYPE:Outer wall
;WIDTH:0.42
G1 F7200
G1 X139.168 Y99 E.12424
G1 X137.084 Y95.39 E.12424
G1 X132.916 Y95.39 E.12424
G1 X130.832 Y99 E.12424
G1 X132.916 Y102.61 E.12424
G1 X137.044 Y102.61 E.12305
G1 E-.728 F1800
;WIPE_START
G1 F30000
G1 X137.653 Y101.576 E-.072
;WIPE_END
G1 X139.78 Y94.246 Z1.4
G1 X139.79 Y94.21 Z1.4
G1 Z1
G1 E.8 F1800
G1 F7200
G1 X139.79 Y103.79 E.28554
G1 X80.21 Y103.79 E1.77581
G1 X80.21 Y94.21 E.28554
G1 X139.75 Y94.21 E1.77461
G1 E-.728 F1800
;WIPE_START
G1 F30000
G1 X139.755 Y95.41 E-.072
;WIPE_END
G1 X139.006 Y97.15 Z1.4
G1 Z1
G1 E.8 F1800
SET_VELOCITY_LIMIT ACCEL=3000
;TYPE:Internal solid infill
;WIDTH:0.419999
G1 F15000
G1 X139.006 Y94.994 E.06426
G1 X137.761 Y94.994 E.0371
G1 X138.986 Y97.115 E.073
G1 E-.728 F1800
;WIPE_START
G1 F30000
G1 X138.386 Y96.076 E-.072
;WIPE_END
G1 X138.584 Y95.392 Z1.4
G1 Z1
G1 E.8 F1800
;WIDTH:0.577008
G1 F12408.803
G1 X138.517 Y95.392 E.00282
G1 X138.484 Y95.45 E.00282
G1 X138.517 Y95.508 E.00282
G1 X138.584 Y95.508 E.00282
G1 X138.597 Y95.484 E.00113
G1 E-.78237 F1800
;WIPE_START
G1 F30000
G1 X138.584 Y95.508 E-.00161
G1 X138.517 Y95.508 E-.00401
G1 X138.484 Y95.45 E-.00401
G1 X138.517 Y95.392 E-.00401
G1 X138.584 Y95.392 E-.00401
;WIPE_END
G1 X139.487 Y98.43 Z1.4
G1 Z1
G1 E.8 F1800
;TYPE:Gap infill
;WIDTH:0.256347
G1 F15000
G1 X139.487 Y99.57 E.01922
G1 E-.73163 F1800
;WIPE_START
G1 F30000
G1 X139.487 Y98.43 E-.06837
;WIPE_END
G1 X137.761 Y103.006 Z1.4
G1 Z1
G1 E.8 F1800
;TYPE:Internal solid infill
;WIDTH:0.419999
G1 F15000
G1 X139.006 Y103.006 E.0371
G1 X139.006 Y100.85 E.06426
G1 X137.781 Y102.971 E.073
G1 E-.728 F1800
;WIPE_START
G1 F30000
G1 X138.381 Y101.932 E-.072
;WIPE_END
G1 X138.584 Y102.492 Z1.4
G1 Z1
G1 E.8 F1800
;WIDTH:0.57701
G1 F12408.758
G1 X138.517 Y102.492 E.00282
G1 X138.483 Y102.55 E.00282
G1 X138.517 Y102.608 E.00282
G1 X138.584 Y102.608 E.00282
G1 X138.597 Y102.585 E.00113
G1 E-.78237 F1800
;WIPE_START
G1 F30000
G1 X138.584 Y102.608 E-.00161
G1 X138.517 Y102.608 E-.00401
G1 X138.483 Y102.55 E-.00401
G1 X138.517 Y102.492 E-.00401
G1 X138.584 Y102.492 E-.00401
;WIPE_END
G1 X130.968 Y102.999 Z1.4
G1 X130.206 Y103.05 Z1.4
G1 Z1
G1 E.8 F1800
;TYPE:Sparse infill
;WIDTH:0.45
G1 F12000
G1 X128.578 Y103.05 E.05239
G1 X127.939 Y102.411 E.02907
G1 X128.245 Y101.88 E.01972
G1 X131.185 Y101.092 E.09792
G1 X129.977 Y99 E.07774
G1 X132.197 Y95.155 E.14287
G1 X131.992 Y94.95 E.0093
G1 X130.364 Y94.95 E.05239
G1 E-.728 F1800
;WIPE_START
G1 F30000
G1 X131.564 Y94.95 E-.072
;WIPE_END
G1 X127.345 Y94.85 Z1.4
G1 Z1
G1 E.8 F1800
;TYPE:Gap infill
;WIDTH:0.13168
G1 F15000
G1 X122.655 Y94.85 E.0329
G1 E-.728 F1800
;WIPE_START
G1 F30000
G1 X123.855 Y94.85 E-.072
;WIPE_END
G1 X119.068 Y94.95 Z1.4
G1 Z1
G1 E.8 F1800
;TYPE:Sparse infill
;WIDTH:0.45
G1 F12000
G1 X120.478 Y94.95 E.04539
G1 X121.716 Y96.188 E.05631
G1 X122.307 Y95.164 E.03805
G1 X122.307 Y95.042 E.00391
G1 X118.15 Y96.156 E.13846
G1 X118.417 Y96.618 E.01717
G1 X118.864 Y94.95 E.05555
G1 X117.606 Y94.95 E.04047
G1 X117.606 Y95.214 E.00848
G1 X117.66 Y95.307 E.00345
G1 X117.258 Y94.9 F30000
;TYPE:Gap infill
;WIDTH:0.231688
G1 F15000
G1 X112.742 Y94.9 E.06739
G1 X112.064 Y94.95 F30000
;TYPE:Sparse infill
;WIDTH:0.45
G1 F12000
G1 X110.435 Y94.95 E.05239
G1 X109.454 Y98.613 E.12202
G1 X109.39 Y98.503 E.00409
G1 X110.696 Y98.153 E.04351
G1 X111.235 Y97.221 E.03465
G1 X108.964 Y94.95 E.10332
G1 X107.52 Y94.95 E.04648
G1 X107.52 Y95.134 E.00592
G1 X107.172 Y94.95 F30000
;TYPE:Gap infill
;WIDTH:0.331686
G1 F15000
G1 X102.828 Y94.95 E.09913
G1 E-.728 F1800
;WIPE_START
G1 F30000
G1 X104.028 Y94.95 E-.072
;WIPE_END
G1 X100.378 Y94.95 Z1.4
G1 Z1
G1 E.8 F1800
;TYPE:Sparse infill
;WIDTH:0.45
G1 F12000
G1 X102.006 Y94.95 E.05239
G1 X101.44 Y97.066 E.07048
G1 X100.754 Y98.254 E.04413
G1 X97.477 Y94.977 E.14913
G1 X97.477 Y95.289 E.01005
G1 X99.619 Y99 E.13789
G1 X98.17 Y101.51 E.09325
G1 X101.289 Y100.674 E.10391
G1 X100.732 Y99.708 E.0359
G1 X99.836 Y103.05 E.11132
G1 X101.465 Y103.05 E.05239
G1 E-.728 F1800
;WIPE_START
G1 F30000
G1 X100.265 Y103.05 E-.072
;WIPE_END
G1 X102.828 Y103.05 Z1.4
G1 Z1
G1 E.8 F1800
;TYPE:Gap infill
;WIDTH:0.331686
G1 F15000
G1 X107.172 Y103.05 E.09913
G1 E-.728 F1800
M73 P59 R11
;WIPE_START
G1 F30000
G1 X105.972 Y103.05 E-.072
;WIPE_END
G1 X109.893 Y103.05 Z1.4
G1 Z1
G1 E.8 F1800
;TYPE:Sparse infill
;WIDTH:0.45
G1 F12000
G1 X108.265 Y103.05 E.05239
G1 X109.067 Y100.056 E.09972
G1 X109.677 Y99 E.03924
G1 X109.556 Y98.79 E.00781
G1 E-.728 F1800
;WIPE_START
G1 F30000
G1 X109.677 Y99 E-.01457
G1 X109.198 Y99.829 E-.05743
;WIPE_END
G1 X112.742 Y103.1 Z1.4
G1 Z1
G1 E.8 F1800
;TYPE:Gap infill
;WIDTH:0.231688
G1 F15000
G1 X117.258 Y103.1 E.06739
G1 E-.728 F1800
;WIPE_START
G1 F30000
G1 X116.058 Y103.1 E-.072
;WIPE_END
G1 X122.655 Y103.15 Z1.4
G1 Z1
G1 E.8 F1800
;WIDTH:0.13168
G1 F15000
G1 X127.345 Y103.15 E.0329
G1 E-.728 F1800
;WIPE_START
G1 F30000
G1 X126.145 Y103.15 E-.072
;WIPE_END
G1 X118.512 Y103.117 Z1.4
G1 X97.128 Y103.025 Z1.4
G1 Z1
G1 E.8 F1800
;WIDTH:0.38168
G1 F15000
G1 X92.872 Y103.025 E.11397
G1 E-.728 F1800
;WIPE_START
G1 F30000
G1 X94.072 Y103.025 E-.072
;WIPE_END
G1 X89.779 Y103.05 Z1.4
G1 Z1
G1 E.8 F1800
;TYPE:Sparse infill
;WIDTH:0.45
G1 F12000
G1 X91.407 Y103.05 E.05239
G1 X91.823 Y101.498 E.05168
G1 X90.92 Y99.934 E.05812
G1 X88.981 Y97.995 E.08821
G1 X87.755 Y95.872 E.07891
G1 X91.193 Y94.95 E.11453
G1 X92.523 Y94.95 E.0428
G1 X92.523 Y95.249 E.0096
G1 X92.872 Y94.975 F30000
;TYPE:Gap infill
;WIDTH:0.38168
G1 F15000
G1 X97.128 Y94.975 E.11397
G1 E-.728 F1800
;WIPE_START
G1 F30000
G1 X95.928 Y94.975 E-.072
;WIPE_END
G1 X88.296 Y94.997 Z1.4
G1 X87.085 Y95 Z1.4
G1 Z1
G1 E.8 F1800
;WIDTH:0.431684
G1 F15000
G1 X82.915 Y95 E.12814
G1 E-.728 F1800
;WIPE_START
G1 F30000
G1 X84.115 Y95 E-.072
;WIPE_END
G1 X80.994 Y97.95 Z1.4
G1 Z1
G1 E.8 F1800
;TYPE:Internal solid infill
;WIDTH:0.419999
G1 F15000
G1 X82.523 Y95.302 E.09113
G1 X82.523 Y94.994 E.00918
G1 X80.994 Y94.994 E.04557
G1 X80.994 Y97.91 E.08691
G1 E-.728 F1800
;WIPE_START
G1 F30000
G1 X80.994 Y96.71 E-.072
;WIPE_END
G1 X81.401 Y96.433 Z1.4
G1 Z1
G1 E.8 F1800
;WIDTH:0.479025
G1 F15000
G1 X81.996 Y95.401 E.04107
G1 X81.401 Y95.401 E.02054
G1 X81.401 Y96.393 E.03419
G1 E-.728 F1800
;WIPE_START
G1 F30000
G1 X81.401 Y95.401 E-.05951
G1 X81.609 Y95.401 E-.01249
;WIPE_END
G1 X82.52 Y102.979 Z1.4
G1 X82.523 Y103.006 Z1.4
G1 Z1
G1 E.8 F1800
;WIDTH:0.419999
G1 F15000
G1 X82.49 Y102.642 E.0109
G1 X80.994 Y100.05 E.0892
G1 X80.994 Y103.006 E.0881
G1 X82.483 Y103.006 E.04438
G1 X81.996 Y102.599 F30000
;WIDTH:0.479026
G1 F15000
G1 X81.401 Y101.567 E.04107
G1 X81.401 Y102.599 E.03557
G1 X81.956 Y102.599 E.01916
G1 E-.728 F1800
;WIPE_START
G1 F30000
G1 X81.401 Y102.599 E-.03334
G1 X81.401 Y101.955 E-.03866
;WIPE_END
G1 X82.915 Y103 Z1.4
G1 Z1
G1 E.8 F1800
;TYPE:Gap infill
;WIDTH:0.431684
G1 F15000
G1 X87.085 Y103 E.12814
G1 E-.728 F1800
;WIPE_START
G1 F30000
G1 X85.885 Y103 E-.072
;WIPE_END
G1 X89.902 Y109.49 Z1.4
G1 X107.63 Y138.13 Z1.4
G1 Z1
G1 E.8 F1800
SET_VELOCITY_LIMIT ACCEL=2000
;TYPE:Outer wall
;WIDTH:0.42
G1 F7200
G1 X110.37 Y138.13 E.08167
G1 X110.37 Y140.87 E.08167
G1 X107.63 Y140.87 E.08167
G1 X107.63 Y138.17 E.08047
G1 X107.21 Y137.71 F30000
G1 F7200
G1 X110.79 Y137.71 E.1067
G1 X110.79 Y141.29 E.1067
G1 X107.21 Y141.29 E.1067
G1 X107.21 Y137.75 E.10551
G1 E-.546 F1800
;WIPE_START
G1 F30000
G1 X108.41 Y137.737 E-.054
;WIPE_END
G1 X107.997 Y145.358 Z1.4
G1 X107.63 Y152.13 Z1.4
G1 Z1
G1 E.6 F1800 ; CC2_CARD retract 0.6
G1 F7200
G1 X110.37 Y152.13 E.08167
G1 X110.37 Y154.87 E.08167
G1 X107.63 Y154.87 E.08167
G1 X107.63 Y152.17 E.08047
G1 E-.546 F1800
;WIPE_START
G1 F30000
G1 X108.83 Y152.152 E-.054
;WIPE_END
G1 X110.79 Y151.71 Z1.4
G1 Z1
G1 E.6 F1800 ; CC2_CARD retract 0.6
G1 F7200
G1 X110.79 Y155.29 E.1067
G1 X107.21 Y155.29 E.1067
G1 X107.21 Y151.71 E.1067
G1 X110.75 Y151.71 E.10551
G1 E-.546 F1800
;WIPE_START
G1 F30000
G1 X110.763 Y152.91 E-.054
;WIPE_END
G1 X104.55 Y157.343 Z1.4
G1 X101.384 Y159.602 Z1.4
G1 Z1
G1 E.6 F1800 ; CC2_CARD retract 0.6
SET_VELOCITY_LIMIT ACCEL=3000
;TYPE:Inner wall
;WIDTH:0.45
G1 F12000
G1 X101.433 Y159.687 E.00315
G1 X102.769 Y162 E.08595
G1 X101.384 Y164.398 E.08909
M73 P59 R10
G1 X98.616 Y164.398 E.08909
G1 X97.231 Y162 E.08909
G1 X98.616 Y159.602 E.08909
G1 X101.344 Y159.602 E.08781
SET_VELOCITY_LIMIT ACCEL=2000
G1 X101.611 Y159.21 F30000
;TYPE:Outer wall
;WIDTH:0.42
G1 F7200
G1 X101.773 Y159.491 E.00966
G1 X103.222 Y162 E.08636
G1 X101.611 Y164.79 E.09602
G1 X98.389 Y164.79 E.09602
G1 X96.778 Y162 E.09602
G1 X98.389 Y159.21 E.09602
G1 X101.571 Y159.21 E.09483
G1 E-.728 F1800
;WIPE_START
G1 F30000
G1 X101.773 Y159.491 E-.02075
G1 X102.2 Y160.23 E-.05125
;WIPE_END
G1 X97.738 Y161.819 Z1.4
G1 Z1
G1 E.8 F1800
SET_VELOCITY_LIMIT ACCEL=3000
;TYPE:Sparse infill
;WIDTH:0.45
G1 F12000
G1 X98.552 Y160.409 E.05239
G1 X100.264 Y159.95 E.05703
G1 X101.183 Y159.95 E.02959
G1 X101.364 Y160.263 E.0116
G1 X100.349 Y164.05 E.12615
G1 X98.817 Y164.05 E.0493
G1 X98.769 Y163.967 E.00309
G1 E-.728 F1800
;WIPE_START
G1 F30000
G1 X98.817 Y164.05 E-.00576
G1 X99.921 Y164.05 E-.06624
;WIPE_END
G1 X94.672 Y158.508 Z1.4
G1 X88.63 Y152.13 Z1.4
G1 Z1
G1 E.8 F1800
SET_VELOCITY_LIMIT ACCEL=2000
;TYPE:Outer wall
;WIDTH:0.42
G1 F7200
G1 X91.37 Y152.13 E.08167
G1 X91.37 Y154.87 E.08167
G1 X88.63 Y154.87 E.08167
G1 X88.63 Y152.17 E.08047
G1 X88.21 Y151.71 F30000
G1 F7200
G1 X91.79 Y151.71 E.1067
G1 X91.79 Y155.29 E.1067
G1 X88.21 Y155.29 E.1067
G1 X88.21 Y151.75 E.10551
G1 E-.364 F1800
;WIPE_START
G1 F30000
G1 X89.41 Y151.737 E-.036
;WIPE_END
G1 X90.498 Y144.182 Z1.4
G1 X91.37 Y138.13 Z1.4
G1 Z1
G1 E.4 F1800 ; CC2_CARD retract 0.4
G1 F7200
G1 X91.37 Y140.87 E.08167
G1 X88.63 Y140.87 E.08167
G1 X88.63 Y138.13 E.08167
G1 X91.33 Y138.13 E.08047
G1 X91.79 Y137.71 F30000
G1 F7200
G1 X91.79 Y141.29 E.1067
G1 X88.21 Y141.29 E.1067
G1 X88.21 Y137.71 E.1067
G1 X91.75 Y137.71 E.10551
G1 E-.364 F1800
;WIPE_START
G1 F30000
G1 X91.763 Y138.91 E-.036
;WIPE_END
G1 X91.641 Y131.278 Z1.4
G1 X91.398 Y116.102 Z1.4
G1 Z1
G1 E.4 F1800 ; CC2_CARD retract 0.4
SET_VELOCITY_LIMIT ACCEL=3000
;TYPE:Inner wall
;WIDTH:0.45
G1 F12000
G1 X91.398 Y126.898 E.33674
G1 X80.602 Y126.898 E.33674
G1 X80.602 Y116.102 E.33674
G1 X91.358 Y116.102 E.3355
SET_VELOCITY_LIMIT ACCEL=2000
G1 X91.79 Y115.71 F30000
;TYPE:Outer wall
;WIDTH:0.42
G1 F7200
G1 X91.79 Y127.29 E.33458
G1 X80.21 Y127.29 E.33458
G1 X80.21 Y115.71 E.33458
G1 X91.75 Y115.71 E.33342
G1 E-.728 F1800
;WIPE_START
G1 F30000
G1 X91.754 Y116.91 E-.072
;WIPE_END
G1 X91.006 Y117.815 Z1.4
G1 Z1
G1 E.8 F1800
SET_VELOCITY_LIMIT ACCEL=3000
;TYPE:Internal solid infill
;WIDTH:0.419999
G1 F15000
G1 X91.006 Y116.494 E.03815
G1 X89.685 Y116.494 E.03815
G1 X90.978 Y117.786 E.05279
G1 E-.728 F1800
;WIPE_START
G1 F30000
G1 X90.129 Y116.938 E-.072
;WIPE_END
G1 X90.644 Y116.838 Z1.4
G1 Z1
G1 E.8 F1800
;WIDTH:0.439294
G1 F15000
G1 X90.57 Y116.881 E.00261
G1 X90.649 Y116.916 E.00263
G1 E-.78967 F1800
;WIPE_START
G1 F30000
G1 X90.57 Y116.881 E-.00518
G1 X90.644 Y116.838 E-.00515
;WIPE_END
G1 X91.234 Y118.31 Z1.4
G1 Z1
G1 E.8 F1800
;WIDTH:0.419999
G1 F15000
G1 X89.36 Y116.435 E.07659
G1 X88.827 Y116.435 E.0154
G1 X91.065 Y118.673 E.09144
G1 X91.065 Y119.207 E.0154
G1 X88.293 Y116.435 E.11323
G1 X87.76 Y116.435 E.0154
G1 X91.065 Y119.74 E.13503
G1 X91.065 Y120.273 E.0154
G1 X87.227 Y116.435 E.15682
G1 X86.694 Y116.435 E.0154
G1 X91.065 Y120.806 E.1786
G1 X91.065 Y121.34 E.0154
G1 X86.16 Y116.435 E.20039
G1 X85.627 Y116.435 E.0154
G1 X91.065 Y121.873 E.22218
G1 X91.065 Y122.406 E.0154
G1 X85.094 Y116.435 E.24398
G1 X84.561 Y116.435 E.0154
G1 X91.065 Y122.939 E.26577
G1 X91.065 Y123.473 E.0154
G1 X84.027 Y116.435 E.28755
G1 X83.494 Y116.435 E.0154
G1 X91.065 Y124.006 E.30934
G1 X91.065 Y124.539 E.0154
G1 X82.961 Y116.435 E.33113
G1 X82.427 Y116.435 E.0154
G1 X91.065 Y125.073 E.35292
G1 X91.065 Y125.606 E.0154
G1 X81.894 Y116.435 E.37472
G1 X81.361 Y116.435 E.0154
G1 X91.065 Y126.139 E.3965
G1 X91.065 Y126.565 E.01229
G1 X90.957 Y126.565 E.00311
G1 X80.935 Y116.543 E.40949
G1 X80.935 Y117.076 E.0154
G1 X90.424 Y126.565 E.38771
G1 X89.89 Y126.565 E.0154
G1 X80.935 Y117.61 E.36591
G1 X80.935 Y118.143 E.0154
G1 X89.357 Y126.565 E.34412
G1 X88.824 Y126.565 E.0154
G1 X80.935 Y118.676 E.32233
G1 X80.935 Y119.209 E.0154
G1 X88.291 Y126.565 E.30054
G1 X87.757 Y126.565 E.0154
G1 X80.935 Y119.743 E.27876
G1 X80.935 Y120.276 E.0154
G1 X87.224 Y126.565 E.25697
G1 X86.691 Y126.565 E.0154
G1 X80.935 Y120.809 E.23517
G1 X80.935 Y121.342 E.0154
G1 X86.158 Y126.565 E.21338
G1 X85.624 Y126.565 E.0154
G1 X80.935 Y121.876 E.19159
G1 X80.935 Y122.409 E.0154
G1 X85.091 Y126.565 E.16981
G1 X84.558 Y126.565 E.0154
G1 X80.935 Y122.942 E.14802
G1 X80.935 Y123.476 E.0154
G1 X84.024 Y126.565 E.12622
G1 X83.491 Y126.565 E.0154
G1 X80.935 Y124.009 E.10443
G1 X80.935 Y124.542 E.0154
G1 X82.958 Y126.565 E.08264
G1 X82.425 Y126.565 E.0154
G1 X80.935 Y125.075 E.06086
G1 X80.935 Y125.609 E.0154
G1 X82.061 Y126.734 E.046
G1 E-.728 F1800
;WIPE_START
G1 F30000
G1 X81.213 Y125.886 E-.072
;WIPE_END
G1 X81.03 Y126.451 Z1.4
G1 Z1
G1 E.8 F1800
;WIDTH:0.44258
G1 F15000
G1 X80.955 Y126.495 E.00265
G1 X81.035 Y126.529 E.00267
G1 E-.78958 F1800
;WIPE_START
G1 F30000
G1 X80.955 Y126.495 E-.00523
G1 X81.03 Y126.451 E-.00519
;WIPE_END
G1 X87.1 Y121.823 Z1.4
G1 X94.602 Y116.102 Z1.4
G1 Z1
M73 P60 R10
G1 E.8 F1800
;TYPE:Inner wall
;WIDTH:0.45
G1 F12000
G1 X105.398 Y116.102 E.34028
G1 X105.398 Y126.898 E.34028
G1 X94.602 Y126.898 E.34028
G1 X94.602 Y116.142 E.33903
SET_VELOCITY_LIMIT ACCEL=2000
G1 X94.21 Y115.71 F30000
;TYPE:Outer wall
;WIDTH:0.42
G1 F7200
G1 X105.79 Y115.71 E.33811
G1 X105.79 Y127.29 E.33811
G1 X94.21 Y127.29 E.33811
G1 X94.21 Y115.75 E.33693
G1 E-.728 F1800
;WIPE_START
G1 F30000
G1 X95.41 Y115.746 E-.072
;WIPE_END
G1 X95.14 Y123.374 Z1.4
G1 X95.03 Y126.451 Z1.4
G1 Z1
G1 E.8 F1800
SET_VELOCITY_LIMIT ACCEL=3000
;TYPE:Internal solid infill
;WIDTH:0.44258
G1 F15000
G1 X94.955 Y126.495 E.00267
G1 X95.035 Y126.529 E.00269
G1 E-.78958 F1800
;WIPE_START
G1 F30000
G1 X94.955 Y126.495 E-.00523
G1 X95.03 Y126.451 E-.00519
;WIPE_END
G1 X100.997 Y121.691 Z1.4
G1 X105.234 Y118.31 Z1.4
G1 Z1
G1 E.8 F1800
;WIDTH:0.419999
G1 F15000
G1 X103.36 Y116.435 E.0774
G1 X102.827 Y116.435 E.01557
G1 X105.065 Y118.673 E.0924
G1 X105.065 Y119.207 E.01557
G1 X102.293 Y116.435 E.11443
G1 X101.76 Y116.435 E.01557
G1 X105.065 Y119.74 E.13645
G1 X105.065 Y120.273 E.01557
G1 X101.227 Y116.435 E.15847
G1 X100.694 Y116.435 E.01557
G1 X105.065 Y120.806 E.18048
G1 X105.065 Y121.34 E.01557
G1 X100.16 Y116.435 E.2025
G1 X99.627 Y116.435 E.01557
G1 X105.065 Y121.873 E.22452
G1 X105.065 Y122.406 E.01557
G1 X99.094 Y116.435 E.24654
G1 X98.561 Y116.435 E.01557
G1 X105.065 Y122.939 E.26856
G1 X105.065 Y123.473 E.01557
G1 X98.027 Y116.435 E.29058
G1 X97.494 Y116.435 E.01557
G1 X105.065 Y124.006 E.3126
G1 X105.065 Y124.539 E.01557
G1 X96.961 Y116.435 E.33462
G1 X96.427 Y116.435 E.01557
G1 X105.065 Y125.073 E.35664
G1 X105.065 Y125.606 E.01557
G1 X95.894 Y116.435 E.37866
G1 X95.361 Y116.435 E.01557
G1 X105.065 Y126.139 E.40067
G1 X105.065 Y126.565 E.01242
G1 X104.957 Y126.565 E.00314
G1 X94.935 Y116.543 E.4138
G1 X94.935 Y117.076 E.01557
G1 X104.424 Y126.565 E.39179
G1 X103.89 Y126.565 E.01557
G1 X94.935 Y117.61 E.36977
G1 X94.935 Y118.143 E.01557
G1 X103.357 Y126.565 E.34775
G1 X102.824 Y126.565 E.01557
G1 X94.935 Y118.676 E.32572
G1 X94.935 Y119.209 E.01557
G1 X102.291 Y126.565 E.3037
G1 X101.757 Y126.565 E.01557
G1 X94.935 Y119.743 E.28169
G1 X94.935 Y120.276 E.01557
G1 X101.224 Y126.565 E.25967
G1 X100.691 Y126.565 E.01557
G1 X94.935 Y120.809 E.23765
G1 X94.935 Y121.342 E.01557
G1 X100.158 Y126.565 E.21563
G1 X99.624 Y126.565 E.01557
G1 X94.935 Y121.876 E.19361
G1 X94.935 Y122.409 E.01557
G1 X99.091 Y126.565 E.1716
G1 X98.558 Y126.565 E.01557
G1 X94.935 Y122.942 E.14957
G1 X94.935 Y123.476 E.01557
G1 X98.024 Y126.565 E.12755
G1 X97.491 Y126.565 E.01557
G1 X94.935 Y124.009 E.10553
G1 X94.935 Y124.542 E.01557
G1 X96.958 Y126.565 E.08351
G1 X96.425 Y126.565 E.01557
G1 X94.935 Y125.075 E.0615
G1 X94.935 Y125.609 E.01557
G1 X96.061 Y126.734 E.04648
G1 E-.728 F1800
;WIPE_START
G1 F30000
G1 X95.213 Y125.886 E-.072
;WIPE_END
G1 X101.102 Y121.032 Z1.4
G1 X105.006 Y117.815 Z1.4
G1 Z1
G1 E.8 F1800
;WIDTH:0.419999
G1 F15000
G1 X105.006 Y116.494 E.03855
G1 X103.685 Y116.494 E.03855
G1 X104.978 Y117.786 E.05335
G1 E-.728 F1800
;WIPE_START
G1 F30000
G1 X104.129 Y116.938 E-.072
;WIPE_END
G1 X104.644 Y116.838 Z1.4
G1 Z1
G1 E.8 F1800
;WIDTH:0.439294
G1 F15000
G1 X104.57 Y116.881 E.00264
G1 X104.649 Y116.916 E.00265
G1 E-.78967 F1800
;WIPE_START
G1 F30000
G1 X104.57 Y116.881 E-.00518
G1 X104.644 Y116.838 E-.00515
;WIPE_END
G1 X107.438 Y123.94 Z1.4
G1 X108.602 Y126.898 Z1.4
G1 Z1
G1 E.8 F1800
;TYPE:Inner wall
;WIDTH:0.45
G1 F12000
G1 X108.602 Y116.102 E.34383
G1 X119.398 Y116.102 E.34383
G1 X119.398 Y126.898 E.34383
G1 X108.642 Y126.898 E.34256
SET_VELOCITY_LIMIT ACCEL=2000
G1 X108.21 Y127.29 F30000
;TYPE:Outer wall
;WIDTH:0.42
G1 F7200
G1 X108.21 Y115.71 E.34163
G1 X119.79 Y115.71 E.34163
G1 X119.79 Y127.29 E.34163
G1 X108.25 Y127.29 E.34044
G1 E-.728 F1800
;WIPE_START
G1 F30000
G1 X108.246 Y126.09 E-.072
;WIPE_END
G1 X109.03 Y126.451 Z1.4
G1 Z1
G1 E.8 F1800
SET_VELOCITY_LIMIT ACCEL=3000
;TYPE:Internal solid infill
;WIDTH:0.44258
G1 F15000
G1 X108.955 Y126.495 E.0027
G1 X109.035 Y126.529 E.00272
G1 E-.78958 F1800
;WIPE_START
G1 F30000
G1 X108.955 Y126.495 E-.00523
G1 X109.03 Y126.451 E-.00519
;WIPE_END
G1 X114.997 Y121.691 Z1.4
G1 X119.234 Y118.31 Z1.4
G1 Z1
G1 E.8 F1800
;WIDTH:0.419999
G1 F15000
G1 X117.36 Y116.435 E.0782
G1 X116.827 Y116.435 E.01573
G1 X119.065 Y118.673 E.09337
G1 X119.065 Y119.207 E.01573
G1 X116.293 Y116.435 E.11562
G1 X115.76 Y116.435 E.01573
G1 X119.065 Y119.74 E.13787
G1 X119.065 Y120.273 E.01573
G1 X115.227 Y116.435 E.16012
G1 X114.694 Y116.435 E.01573
G1 X119.065 Y120.806 E.18236
G1 X119.065 Y121.34 E.01573
G1 X114.16 Y116.435 E.20461
G1 X113.627 Y116.435 E.01573
G1 X119.065 Y121.873 E.22686
G1 X119.065 Y122.406 E.01573
G1 X113.094 Y116.435 E.24911
G1 X112.561 Y116.435 E.01573
G1 X119.065 Y122.939 E.27136
G1 X119.065 Y123.473 E.01573
G1 X112.027 Y116.435 E.2936
G1 X111.494 Y116.435 E.01573
G1 X119.065 Y124.006 E.31585
G1 X119.065 Y124.539 E.01573
G1 X110.961 Y116.435 E.3381
G1 X110.427 Y116.435 E.01573
G1 X119.065 Y125.073 E.36035
G1 X119.065 Y125.606 E.01573
G1 X109.894 Y116.435 E.38261
G1 X109.361 Y116.435 E.01573
G1 X119.065 Y126.139 E.40485
G1 X119.065 Y126.565 E.01255
G1 X118.957 Y126.565 E.00318
G1 X108.935 Y116.543 E.41811
G1 X108.935 Y117.076 E.01573
G1 X118.424 Y126.565 E.39587
G1 X117.89 Y126.565 E.01573
G1 X108.935 Y117.61 E.37362
G1 X108.935 Y118.143 E.01573
G1 X117.357 Y126.565 E.35137
G1 X116.824 Y126.565 E.01573
G1 X108.935 Y118.676 E.32912
G1 X108.935 Y119.209 E.01573
G1 X116.291 Y126.565 E.30687
G1 X115.757 Y126.565 E.01573
G1 X108.935 Y119.743 E.28463
G1 X108.935 Y120.276 E.01573
G1 X115.224 Y126.565 E.26238
G1 X114.691 Y126.565 E.01573
G1 X108.935 Y120.809 E.24012
G1 X108.935 Y121.342 E.01573
G1 X114.158 Y126.565 E.21787
G1 X113.624 Y126.565 E.01573
G1 X108.935 Y121.876 E.19562
G1 X108.935 Y122.409 E.01573
G1 X113.091 Y126.565 E.17338
G1 X112.558 Y126.565 E.01573
G1 X108.935 Y122.942 E.15113
G1 X108.935 Y123.476 E.01573
G1 X112.024 Y126.565 E.12888
G1 X111.491 Y126.565 E.01573
G1 X108.935 Y124.009 E.10663
G1 X108.935 Y124.542 E.01573
G1 X110.958 Y126.565 E.08438
G1 X110.425 Y126.565 E.01573
G1 X108.935 Y125.075 E.06214
G1 X108.935 Y125.609 E.01573
G1 X110.061 Y126.734 E.04697
G1 E-.728 F1800
;WIPE_START
G1 F30000
G1 X109.213 Y125.886 E-.072
;WIPE_END
G1 X115.102 Y121.032 Z1.4
G1 X119.006 Y117.815 Z1.4
G1 Z1
G1 E.8 F1800
;WIDTH:0.419999
G1 F15000
G1 X119.006 Y116.494 E.03895
G1 X117.685 Y116.494 E.03895
G1 X118.978 Y117.786 E.0539
G1 E-.728 F1800
;WIPE_START
G1 F30000
G1 X118.129 Y116.938 E-.072
;WIPE_END
G1 X118.644 Y116.838 Z1.4
G1 Z1
G1 E.8 F1800
;WIDTH:0.439292
G1 F15000
G1 X118.57 Y116.881 E.00266
G1 X118.649 Y116.916 E.00268
G1 E-.78967 F1800
;WIPE_START
G1 F30000
G1 X118.57 Y116.881 E-.00518
G1 X118.644 Y116.838 E-.00515
;WIPE_END
G1 X122.602 Y116.102 Z1.4
G1 Z1
G1 E.8 F1800
;TYPE:Inner wall
;WIDTH:0.45
G1 F12000
G1 X133.398 Y116.102 E.34737
G1 X133.398 Y126.898 E.34737
G1 X122.602 Y126.898 E.34737
G1 X122.602 Y116.142 E.34609
SET_VELOCITY_LIMIT ACCEL=2000
G1 X122.21 Y115.71 F30000
;TYPE:Outer wall
;WIDTH:0.42
G1 F7200
G1 X133.79 Y115.71 E.34515
G1 X133.79 Y127.29 E.34515
G1 X122.21 Y127.29 E.34515
G1 X122.21 Y115.75 E.34395
G1 E-.728 F1800
;WIPE_START
G1 F30000
G1 X123.41 Y115.746 E-.072
;WIPE_END
G1 X123.14 Y123.374 Z1.4
G1 X123.03 Y126.451 Z1.4
G1 Z1
G1 E.8 F1800
SET_VELOCITY_LIMIT ACCEL=3000
;TYPE:Internal solid infill
;WIDTH:0.44258
G1 F15000
G1 X122.955 Y126.495 E.00273
G1 X123.035 Y126.529 E.00275
G1 E-.78958 F1800
;WIPE_START
G1 F30000
G1 X122.955 Y126.495 E-.00523
G1 X123.03 Y126.451 E-.00519
;WIPE_END
G1 X128.997 Y121.691 Z1.4
G1 X133.234 Y118.31 Z1.4
G1 Z1
G1 E.8 F1800
;WIDTH:0.419999
G1 F15000
G1 X131.36 Y116.435 E.07901
G1 X130.827 Y116.435 E.01589
G1 X133.065 Y118.673 E.09433
G1 X133.065 Y119.207 E.01589
G1 X130.293 Y116.435 E.11681
G1 X129.76 Y116.435 E.01589
G1 X133.065 Y119.74 E.13929
G1 X133.065 Y120.273 E.01589
G1 X129.227 Y116.435 E.16177
G1 X128.694 Y116.435 E.01589
G1 X133.065 Y120.806 E.18424
G1 X133.065 Y121.34 E.01589
G1 X128.16 Y116.435 E.20672
G1 X127.627 Y116.435 E.01589
G1 X133.065 Y121.873 E.2292
G1 X133.065 Y122.406 E.01589
G1 X127.094 Y116.435 E.25168
G1 X126.561 Y116.435 E.01589
G1 X133.065 Y122.939 E.27416
G1 X133.065 Y123.473 E.01589
G1 X126.027 Y116.435 E.29663
G1 X125.494 Y116.435 E.01589
G1 X133.065 Y124.006 E.31911
G1 X133.065 Y124.539 E.01589
G1 X124.961 Y116.435 E.34159
G1 X124.427 Y116.435 E.01589
G1 X133.065 Y125.073 E.36407
G1 X133.065 Y125.606 E.01589
G1 X123.894 Y116.435 E.38655
M73 P61 R10
G1 X123.361 Y116.435 E.01589
G1 X133.065 Y126.139 E.40902
G1 X133.065 Y126.565 E.01268
G1 X132.957 Y126.565 E.00321
G1 X122.935 Y116.543 E.42242
G1 X122.935 Y117.076 E.01589
G1 X132.424 Y126.565 E.39995
G1 X131.89 Y126.565 E.01589
G1 X122.935 Y117.61 E.37747
G1 X122.935 Y118.143 E.01589
G1 X131.357 Y126.565 E.35499
G1 X130.824 Y126.565 E.01589
G1 X122.935 Y118.676 E.33251
G1 X122.935 Y119.209 E.01589
G1 X130.291 Y126.565 E.31003
G1 X129.757 Y126.565 E.01589
G1 X122.935 Y119.743 E.28756
G1 X122.935 Y120.276 E.01589
G1 X129.224 Y126.565 E.26508
G1 X128.691 Y126.565 E.01589
G1 X122.935 Y120.809 E.2426
G1 X122.935 Y121.342 E.01589
G1 X128.158 Y126.565 E.22012
G1 X127.624 Y126.565 E.01589
G1 X122.935 Y121.876 E.19764
G1 X122.935 Y122.409 E.01589
G1 X127.091 Y126.565 E.17517
G1 X126.558 Y126.565 E.01589
G1 X122.935 Y122.942 E.15269
G1 X122.935 Y123.476 E.01589
G1 X126.024 Y126.565 E.13021
G1 X125.491 Y126.565 E.01589
G1 X122.935 Y124.009 E.10773
G1 X122.935 Y124.542 E.01589
G1 X124.958 Y126.565 E.08525
G1 X124.425 Y126.565 E.01589
G1 X122.935 Y125.075 E.06278
G1 X122.935 Y125.609 E.01589
G1 X124.061 Y126.734 E.04745
G1 E-.728 F1800
;WIPE_START
G1 F30000
G1 X123.213 Y125.886 E-.072
;WIPE_END
G1 X129.102 Y121.032 Z1.4
G1 X133.006 Y117.815 Z1.4
G1 Z1
G1 E.8 F1800
;WIDTH:0.419999
G1 F15000
G1 X133.006 Y116.494 E.03935
G1 X131.685 Y116.494 E.03935
G1 X132.978 Y117.786 E.05446
G1 E-.728 F1800
;WIPE_START
G1 F30000
G1 X132.129 Y116.938 E-.072
;WIPE_END
G1 X132.644 Y116.838 Z1.4
G1 Z1
G1 E.8 F1800
;WIDTH:0.439292
G1 F15000
G1 X132.57 Y116.881 E.00269
G1 X132.649 Y116.916 E.00271
G1 E-.78967 F1800
;WIPE_START
G1 F30000
G1 X132.57 Y116.881 E-.00518
G1 X132.644 Y116.838 E-.00515
;WIPE_END
G1 X136.602 Y116.102 Z1.4
G1 Z1
G1 E.8 F1800
;TYPE:Inner wall
;WIDTH:0.45
G1 F12000
G1 X147.398 Y116.102 E.35091
G1 X147.398 Y126.898 E.35091
G1 X136.602 Y126.898 E.35091
G1 X136.602 Y116.142 E.34962
SET_VELOCITY_LIMIT ACCEL=2000
G1 X136.21 Y115.71 F30000
;TYPE:Outer wall
;WIDTH:0.42
G1 F7200
G1 X147.79 Y115.71 E.34867
G1 X147.79 Y127.29 E.34867
G1 X136.21 Y127.29 E.34867
G1 X136.21 Y115.75 E.34746
G1 E-.728 F1800
;WIPE_START
G1 F30000
G1 X137.41 Y115.746 E-.072
;WIPE_END
G1 X145.011 Y116.433 Z1.4
G1 X145.685 Y116.494 Z1.4
G1 Z1
G1 E.8 F1800
SET_VELOCITY_LIMIT ACCEL=3000
;TYPE:Internal solid infill
;WIDTH:0.419999
G1 F15000
G1 X147.006 Y117.815 E.05622
G1 X147.006 Y116.494 E.03975
G1 X145.725 Y116.494 E.03855
G1 E-.728 F1800
;WIPE_START
G1 F30000
G1 X146.925 Y116.494 E-.072
;WIPE_END
G1 X146.644 Y116.838 Z1.4
G1 Z1
G1 E.8 F1800
;WIDTH:0.439292
G1 F15000
G1 X146.57 Y116.881 E.00272
G1 X146.649 Y116.916 E.00274
G1 E-.78967 F1800
;WIPE_START
G1 F30000
G1 X146.57 Y116.881 E-.00518
G1 X146.644 Y116.838 E-.00515
;WIPE_END
G1 X147.234 Y118.31 Z1.4
G1 Z1
G1 E.8 F1800
;WIDTH:0.419999
G1 F15000
G1 X145.36 Y116.435 E.07982
G1 X144.827 Y116.435 E.01605
G1 X147.065 Y118.673 E.09529
G1 X147.065 Y119.207 E.01605
G1 X144.293 Y116.435 E.118
G1 X143.76 Y116.435 E.01605
G1 X147.065 Y119.74 E.14071
G1 X147.065 Y120.273 E.01605
G1 X143.227 Y116.435 E.16342
G1 X142.694 Y116.435 E.01605
G1 X147.065 Y120.806 E.18612
G1 X147.065 Y121.34 E.01605
G1 X142.16 Y116.435 E.20883
G1 X141.627 Y116.435 E.01605
G1 X147.065 Y121.873 E.23154
G1 X147.065 Y122.406 E.01605
G1 X141.094 Y116.435 E.25425
G1 X140.561 Y116.435 E.01605
G1 X147.065 Y122.939 E.27696
G1 X147.065 Y123.473 E.01605
G1 X140.027 Y116.435 E.29966
G1 X139.494 Y116.435 E.01605
G1 X147.065 Y124.006 E.32237
G1 X147.065 Y124.539 E.01605
G1 X138.961 Y116.435 E.34508
G1 X138.427 Y116.435 E.01605
G1 X147.065 Y125.073 E.36778
G1 X147.065 Y125.606 E.01605
G1 X137.894 Y116.435 E.39049
G1 X137.361 Y116.435 E.01605
G1 X147.065 Y126.139 E.41319
G1 X147.065 Y126.565 E.01281
G1 X146.957 Y126.565 E.00324
G1 X136.935 Y116.543 E.42673
G1 X136.935 Y117.076 E.01605
G1 X146.424 Y126.565 E.40403
G1 X145.89 Y126.565 E.01605
G1 X136.935 Y117.61 E.38132
G1 X136.935 Y118.143 E.01605
G1 X145.357 Y126.565 E.35861
G1 X144.824 Y126.565 E.01605
G1 X136.935 Y118.676 E.3359
G1 X136.935 Y119.209 E.01605
G1 X144.291 Y126.565 E.31319
G1 X143.757 Y126.565 E.01605
G1 X136.935 Y119.743 E.29049
G1 X136.935 Y120.276 E.01605
G1 X143.224 Y126.565 E.26778
G1 X142.691 Y126.565 E.01605
G1 X136.935 Y120.809 E.24508
G1 X136.935 Y121.342 E.01605
G1 X142.158 Y126.565 E.22237
G1 X141.624 Y126.565 E.01605
G1 X136.935 Y121.876 E.19966
G1 X136.935 Y122.409 E.01605
G1 X141.091 Y126.565 E.17696
G1 X140.558 Y126.565 E.01605
G1 X136.935 Y122.942 E.15425
G1 X136.935 Y123.476 E.01605
G1 X140.024 Y126.565 E.13154
G1 X139.491 Y126.565 E.01605
G1 X136.935 Y124.009 E.10883
G1 X136.935 Y124.542 E.01605
G1 X138.958 Y126.565 E.08612
G1 X138.425 Y126.565 E.01605
G1 X136.935 Y125.075 E.06342
G1 X136.935 Y125.609 E.01605
G1 X138.061 Y126.734 E.04793
G1 E-.728 F1800
;WIPE_START
G1 F30000
G1 X137.213 Y125.886 E-.072
;WIPE_END
G1 X137.03 Y126.451 Z1.4
G1 Z1
G1 E.8 F1800
;WIDTH:0.44258
G1 F15000
G1 X136.955 Y126.495 E.00276
G1 X137.035 Y126.529 E.00278
G1 E-.78958 F1800
;WIPE_START
G1 F30000
G1 X136.955 Y126.495 E-.00523
G1 X137.03 Y126.451 E-.00519
;WIPE_END
G1 X144.056 Y123.468 Z1.4
G1 X161.398 Y116.102 Z1.4
G1 Z1
G1 E.8 F1800
;TYPE:Inner wall
;WIDTH:0.45
G1 F12000
G1 X161.398 Y126.898 E.35446
G1 X150.602 Y126.898 E.35446
G1 X150.602 Y116.102 E.35446
G1 X161.358 Y116.102 E.35315
SET_VELOCITY_LIMIT ACCEL=2000
G1 X161.79 Y115.71 F30000
;TYPE:Outer wall
;WIDTH:0.42
G1 F7200
G1 X161.79 Y127.29 E.35219
G1 X150.21 Y127.29 E.35219
G1 X150.21 Y115.71 E.35219
G1 X161.75 Y115.71 E.35097
G1 E-.728 F1800
;WIPE_START
G1 F30000
G1 X161.754 Y116.91 E-.072
;WIPE_END
G1 X159.685 Y116.494 Z1.4
G1 Z1
G1 E.8 F1800
SET_VELOCITY_LIMIT ACCEL=3000
;TYPE:Internal solid infill
;WIDTH:0.419999
G1 F15000
G1 X161.006 Y117.815 E.05679
G1 X161.006 Y116.494 E.04015
G1 X159.725 Y116.494 E.03894
G1 E-.728 F1800
;WIPE_START
G1 F30000
G1 X160.925 Y116.494 E-.072
;WIPE_END
G1 X160.644 Y116.838 Z1.4
G1 Z1
G1 E.8 F1800
;WIDTH:0.439292
G1 F15000
G1 X160.57 Y116.881 E.00274
G1 X160.649 Y116.916 E.00277
G1 E-.78967 F1800
;WIPE_START
G1 F30000
G1 X160.57 Y116.881 E-.00518
G1 X160.644 Y116.838 E-.00515
;WIPE_END
G1 X161.234 Y118.31 Z1.4
G1 Z1
G1 E.8 F1800
;WIDTH:0.419999
G1 F15000
G1 X159.36 Y116.435 E.08062
G1 X158.827 Y116.435 E.01621
G1 X161.065 Y118.673 E.09626
G1 X161.065 Y119.207 E.01621
G1 X158.293 Y116.435 E.11919
G1 X157.76 Y116.435 E.01621
G1 X161.065 Y119.74 E.14213
G1 X161.065 Y120.273 E.01621
G1 X157.227 Y116.435 E.16507
G1 X156.694 Y116.435 E.01621
G1 X161.065 Y120.806 E.188
G1 X161.065 Y121.34 E.01621
G1 X156.16 Y116.435 E.21094
G1 X155.627 Y116.435 E.01621
G1 X161.065 Y121.873 E.23388
G1 X161.065 Y122.406 E.01621
G1 X155.094 Y116.435 E.25682
G1 X154.561 Y116.435 E.01621
G1 X161.065 Y122.939 E.27976
G1 X161.065 Y123.473 E.01621
G1 X154.027 Y116.435 E.30268
G1 X153.494 Y116.435 E.01621
G1 X161.065 Y124.006 E.32562
G1 X161.065 Y124.539 E.01621
G1 X152.961 Y116.435 E.34856
G1 X152.427 Y116.435 E.01621
G1 X161.065 Y125.073 E.3715
G1 X161.065 Y125.606 E.01621
G1 X151.894 Y116.435 E.39444
G1 X151.361 Y116.435 E.01621
G1 X161.065 Y126.139 E.41737
G1 X161.065 Y126.565 E.01294
G1 X160.957 Y126.565 E.00328
G1 X150.935 Y116.543 E.43104
G1 X150.935 Y117.076 E.01621
G1 X160.424 Y126.565 E.40811
G1 X159.89 Y126.565 E.01621
G1 X150.935 Y117.61 E.38517
G1 X150.935 Y118.143 E.01621
G1 X159.357 Y126.565 E.36223
G1 X158.824 Y126.565 E.01621
G1 X150.935 Y118.676 E.3393
G1 X150.935 Y119.209 E.01621
G1 X158.291 Y126.565 E.31636
G1 X157.757 Y126.565 E.01621
G1 X150.935 Y119.743 E.29343
G1 X150.935 Y120.276 E.01621
G1 X157.224 Y126.565 E.27049
G1 X156.691 Y126.565 E.01621
G1 X150.935 Y120.809 E.24755
G1 X150.935 Y121.342 E.01621
G1 X156.158 Y126.565 E.22461
G1 X155.624 Y126.565 E.01621
G1 X150.935 Y121.876 E.20167
G1 X150.935 Y122.409 E.01621
G1 X155.091 Y126.565 E.17874
G1 X154.558 Y126.565 E.01621
G1 X150.935 Y122.942 E.15581
G1 X150.935 Y123.476 E.01621
G1 X154.024 Y126.565 E.13287
G1 X153.491 Y126.565 E.01621
G1 X150.935 Y124.009 E.10993
G1 X150.935 Y124.542 E.01621
G1 X152.958 Y126.565 E.08699
G1 X152.425 Y126.565 E.01621
G1 X150.935 Y125.075 E.06406
G1 X150.935 Y125.609 E.01621
G1 X152.061 Y126.734 E.04842
G1 E-.728 F1800
;WIPE_START
G1 F30000
G1 X151.213 Y125.886 E-.072
;WIPE_END
G1 X151.03 Y126.451 Z1.4
G1 Z1
G1 E.8 F1800
;WIDTH:0.44258
G1 F15000
G1 X150.955 Y126.495 E.00279
G1 X151.035 Y126.529 E.00281
G1 E-.78958 F1800
;WIPE_START
G1 F30000
G1 X150.955 Y126.495 E-.00523
G1 X151.03 Y126.451 E-.00519
;WIPE_END
G1 X158.659 Y126.702 Z1.4
G1 X164.602 Y126.898 Z1.4
G1 Z1
G1 E.8 F1800
;TYPE:Inner wall
;WIDTH:0.45
G1 F12000
G1 X164.602 Y116.102 E.358
G1 X175.398 Y116.102 E.358
G1 X175.398 Y126.898 E.358
G1 X164.642 Y126.898 E.35668
SET_VELOCITY_LIMIT ACCEL=2000
G1 X164.21 Y127.29 F30000
;TYPE:Outer wall
;WIDTH:0.42
G1 F7200
M73 P62 R10
G1 X164.21 Y115.71 E.35572
G1 X175.79 Y115.71 E.35572
G1 X175.79 Y127.29 E.35572
G1 X164.25 Y127.29 E.35448
G1 E-.728 F1800
;WIPE_START
G1 F30000
G1 X164.246 Y126.09 E-.072
;WIPE_END
G1 X165.03 Y126.451 Z1.4
G1 Z1
G1 E.8 F1800
SET_VELOCITY_LIMIT ACCEL=3000
;TYPE:Internal solid infill
;WIDTH:0.44258
G1 F15000
G1 X164.955 Y126.495 E.00281
G1 X165.035 Y126.529 E.00283
G1 E-.78958 F1800
;WIPE_START
G1 F30000
G1 X164.955 Y126.495 E-.00523
G1 X165.03 Y126.451 E-.00519
;WIPE_END
G1 X170.997 Y121.691 Z1.4
G1 X175.234 Y118.31 Z1.4
G1 Z1
G1 E.8 F1800
;WIDTH:0.419999
G1 F15000
G1 X173.36 Y116.435 E.08143
G1 X172.827 Y116.435 E.01638
G1 X175.065 Y118.673 E.09722
G1 X175.065 Y119.207 E.01638
G1 X172.293 Y116.435 E.12039
G1 X171.76 Y116.435 E.01638
G1 X175.065 Y119.74 E.14355
G1 X175.065 Y120.273 E.01638
G1 X171.227 Y116.435 E.16672
G1 X170.694 Y116.435 E.01638
G1 X175.065 Y120.806 E.18988
G1 X175.065 Y121.34 E.01638
G1 X170.16 Y116.435 E.21305
G1 X169.627 Y116.435 E.01638
G1 X175.065 Y121.873 E.23622
G1 X175.065 Y122.406 E.01638
G1 X169.094 Y116.435 E.25938
G1 X168.561 Y116.435 E.01638
G1 X175.065 Y122.939 E.28255
G1 X175.065 Y123.473 E.01638
G1 X168.027 Y116.435 E.30571
G1 X167.494 Y116.435 E.01638
G1 X175.065 Y124.006 E.32888
G1 X175.065 Y124.539 E.01638
G1 X166.961 Y116.435 E.35205
G1 X166.427 Y116.435 E.01638
G1 X175.065 Y125.073 E.37521
G1 X175.065 Y125.606 E.01638
G1 X165.894 Y116.435 E.39838
G1 X165.361 Y116.435 E.01638
G1 X175.065 Y126.139 E.42154
G1 X175.065 Y126.565 E.01307
G1 X174.957 Y126.565 E.00331
G1 X164.935 Y116.543 E.43535
G1 X164.935 Y117.076 E.01638
G1 X174.424 Y126.565 E.41219
G1 X173.89 Y126.565 E.01638
G1 X164.935 Y117.61 E.38903
G1 X164.935 Y118.143 E.01638
G1 X173.357 Y126.565 E.36586
G1 X172.824 Y126.565 E.01638
G1 X164.935 Y118.676 E.34269
G1 X164.935 Y119.209 E.01638
G1 X172.291 Y126.565 E.31952
G1 X171.757 Y126.565 E.01638
G1 X164.935 Y119.743 E.29636
G1 X164.935 Y120.276 E.01638
G1 X171.224 Y126.565 E.27319
G1 X170.691 Y126.565 E.01638
G1 X164.935 Y120.809 E.25003
G1 X164.935 Y121.342 E.01638
G1 X170.158 Y126.565 E.22686
G1 X169.624 Y126.565 E.01638
G1 X164.935 Y121.876 E.20369
G1 X164.935 Y122.409 E.01638
G1 X169.091 Y126.565 E.18053
G1 X168.558 Y126.565 E.01638
G1 X164.935 Y122.942 E.15736
G1 X164.935 Y123.476 E.01638
G1 X168.024 Y126.565 E.1342
G1 X167.491 Y126.565 E.01638
G1 X164.935 Y124.009 E.11103
G1 X164.935 Y124.542 E.01638
G1 X166.958 Y126.565 E.08786
G1 X166.425 Y126.565 E.01638
G1 X164.935 Y125.075 E.0647
G1 X164.935 Y125.609 E.01638
G1 X166.061 Y126.734 E.0489
G1 E-.728 F1800
;WIPE_START
G1 F30000
G1 X165.213 Y125.886 E-.072
;WIPE_END
G1 X170.325 Y120.219 Z1.4
G1 X173.685 Y116.494 Z1.4
G1 Z1
G1 E.8 F1800
;WIDTH:0.419999
G1 F15000
G1 X175.006 Y117.815 E.05735
G1 X175.006 Y116.494 E.04055
G1 X173.725 Y116.494 E.03933
G1 E-.728 F1800
;WIPE_START
G1 F30000
G1 X174.925 Y116.494 E-.072
;WIPE_END
G1 X174.644 Y116.838 Z1.4
G1 Z1
G1 E.8 F1800
;WIDTH:0.439294
G1 F15000
G1 X174.57 Y116.881 E.00277
G1 X174.649 Y116.916 E.00279
G1 E-.78967 F1800
;WIPE_START
G1 F30000
G1 X174.57 Y116.881 E-.00518
G1 X174.644 Y116.838 E-.00515
;WIPE_END
G1 X171.396 Y123.745 Z1.4
G1 X164.63 Y138.13 Z1.4
G1 Z1
G1 E.8 F1800
SET_VELOCITY_LIMIT ACCEL=2000
;TYPE:Outer wall
;WIDTH:0.42
G1 F7200
G1 X167.37 Y138.13 E.08167
G1 X167.37 Y140.87 E.08167
G1 X164.63 Y140.87 E.08167
G1 X164.63 Y138.17 E.08047
G1 X164.21 Y137.71 F30000
G1 F7200
G1 X167.79 Y137.71 E.1067
G1 X167.79 Y141.29 E.1067
G1 X164.21 Y141.29 E.1067
G1 X164.21 Y137.75 E.10551
G1 E-1.092 F1800
;WIPE_START
G1 F30000
G1 X165.41 Y137.737 E-.108
;WIPE_END
G1 X164.997 Y145.358 Z1.4
G1 X164.63 Y152.13 Z1.4
G1 Z1
G1 E1.2 F1800 ; CC2_CARD retract 1.2
G1 F7200
G1 X167.37 Y152.13 E.08167
G1 X167.37 Y154.87 E.08167
G1 X164.63 Y154.87 E.08167
G1 X164.63 Y152.17 E.08047
G1 X164.21 Y151.71 F30000
G1 F7200
G1 X167.79 Y151.71 E.1067
G1 X167.79 Y155.29 E.1067
G1 X164.21 Y155.29 E.1067
G1 X164.21 Y151.75 E.10551
G1 E-1.092 F1800
;WIPE_START
G1 F30000
G1 X165.41 Y151.737 E-.108
;WIPE_END
G1 X157.779 Y151.888 Z1.4
G1 X145.63 Y152.13 Z1.4
G1 Z1
G1 E1.2 F1800 ; CC2_CARD retract 1.2
G1 F7200
G1 X148.37 Y152.13 E.08167
G1 X148.37 Y154.87 E.08167
G1 X145.63 Y154.87 E.08167
G1 X145.63 Y152.17 E.08047
G1 E-.91 F1800
;WIPE_START
G1 F30000
G1 X146.83 Y152.152 E-.09
;WIPE_END
G1 X148.79 Y151.71 Z1.4
G1 Z1
G1 E1 F1800 ; CC2_CARD retract 1.0
G1 F7200
G1 X148.79 Y155.29 E.1067
G1 X145.21 Y155.29 E.1067
G1 X145.21 Y151.71 E.1067
G1 X148.75 Y151.71 E.10551
G1 E-.91 F1800
;WIPE_START
G1 F30000
G1 X148.763 Y152.91 E-.09
;WIPE_END
G1 X147.18 Y145.443 Z1.4
G1 X145.63 Y138.13 Z1.4
G1 Z1
G1 E1 F1800 ; CC2_CARD retract 1.0
G1 F7200
G1 X148.37 Y138.13 E.08167
G1 X148.37 Y140.87 E.08167
G1 X145.63 Y140.87 E.08167
G1 X145.63 Y138.17 E.08047
G1 X145.21 Y137.71 F30000
G1 F7200
G1 X148.79 Y137.71 E.1067
G1 X148.79 Y141.29 E.1067
G1 X145.21 Y141.29 E.1067
G1 X145.21 Y137.75 E.10551
G1 E-.91 F1800
;WIPE_START
G1 F30000
G1 X146.41 Y137.737 E-.09
;WIPE_END
G1 X138.78 Y137.913 Z1.4
G1 X129.37 Y138.13 Z1.4
G1 Z1
G1 E1 F1800 ; CC2_CARD retract 1.0
G1 F7200
G1 X129.37 Y140.87 E.08167
G1 X126.63 Y140.87 E.08167
G1 X126.63 Y138.13 E.08167
G1 X129.33 Y138.13 E.08047
G1 X129.79 Y137.71 F30000
G1 F7200
G1 X129.79 Y141.29 E.1067
G1 X126.21 Y141.29 E.1067
G1 X126.21 Y137.71 E.1067
G1 X129.75 Y137.71 E.10551
G1 E-.728 F1800
;WIPE_START
G1 F30000
G1 X129.763 Y138.91 E-.072
;WIPE_END
G1 X128.003 Y146.337 Z1.4
G1 X126.63 Y152.13 Z1.4
G1 Z1
G1 E.8 F1800 ; CC2_CARD retract 0.8
G1 F7200
G1 X129.37 Y152.13 E.08167
G1 X129.37 Y154.87 E.08167
G1 X126.63 Y154.87 E.08167
G1 X126.63 Y152.17 E.08047
G1 X126.21 Y151.71 F30000
G1 F7200
G1 X129.79 Y151.71 E.1067
G1 X129.79 Y155.29 E.1067
G1 X126.21 Y155.29 E.1067
G1 X126.21 Y151.75 E.10551
;LAYER_CHANGE
;Z:1.2
;HEIGHT:0.2
;BEFORE_LAYER_CHANGE
;1.2
G92 E0

G1 E-.728 F1800
;WIPE_START
G1 F30000
G1 X127.41 Y151.737 E-.072
;WIPE_END
M73 L6
;LAYER:6
SET_PRINT_STATS_INFO TOTAL_LAYER=35 CURRENT_LAYER=6
;_SET_FAN_SPEED_CHANGING_LAYER

G1 X127.795 Y150.753 Z1.25714
G1 X128.804 Y150.441 Z1.31429
G1 X129.677 Y151.036 Z1.37143
G1 X129.757 Y152.089 Z1.42857
G1 X128.983 Y152.808 Z1.48571
G1 X127.938 Y152.651 Z1.54286
G1 X127.41 Y151.737 Z1.6
G1 X123.134 Y95.098 Z1.6
G1 Z1.2
G1 E.8 F1800 ; CC2_CARD retract 0.8
SET_VELOCITY_LIMIT ACCEL=3000
;TYPE:Inner wall
;WIDTH:0.45
G1 F12000
G1 X122.747 Y95.098 E.01243
G1 X120.494 Y99 E.14498
G1 X122.747 Y102.902 E.14498
G1 X127.253 Y102.902 E.14498
G1 X129.506 Y99 E.14498
G1 X128.459 Y97.186 E.06738
G1 X127.253 Y95.098 E.0776
G1 X123.174 Y95.098 E.13126
SET_VELOCITY_LIMIT ACCEL=2000
G1 X122.973 Y95.49 F30000
;TYPE:Outer wall
;WIDTH:0.42
G1 F7200
G1 X120.947 Y99 E.1208
G1 X122.973 Y102.51 E.1208
G1 X127.027 Y102.51 E.1208
G1 X129.053 Y99 E.1208
G1 X128.119 Y97.382 E.05567
G1 X127.027 Y95.49 E.06513
G1 X123.013 Y95.49 E.11961
G1 E-.728 F1800
;WIPE_START
G1 F30000
G1 X122.405 Y96.524 E-.072
;WIPE_END
G1 X117.494 Y102.367 Z1.6
G1 X117.129 Y102.802 Z1.6
G1 Z1.2
G1 E.8 F1800
SET_VELOCITY_LIMIT ACCEL=3000
;TYPE:Inner wall
;WIDTH:0.45
G1 F12000
G1 X117.195 Y102.802 E.00213
G1 X119.39 Y99 E.14126
G1 X117.195 Y95.198 E.14126
G1 X112.805 Y95.198 E.14126
G1 X110.61 Y99 E.14126
G1 X112.805 Y102.802 E.14126
G1 X117.089 Y102.802 E.13784
SET_VELOCITY_LIMIT ACCEL=2000
G1 X116.969 Y102.41 F30000
;TYPE:Outer wall
;WIDTH:0.42
G1 F7200
G1 X118.938 Y99 E.11736
G1 X116.969 Y95.59 E.11736
G1 X113.031 Y95.59 E.11736
G1 X111.062 Y99 E.11736
G1 X113.031 Y102.41 E.11736
G1 X116.929 Y102.41 E.11617
G1 E-.728 F1800
;WIPE_START
G1 F30000
G1 X117.538 Y101.376 E-.072
;WIPE_END
G1 X109.934 Y102.032 Z1.6
G1 X102.829 Y102.645 Z1.6
G1 Z1.2
G1 E.8 F1800
SET_VELOCITY_LIMIT ACCEL=3000
;TYPE:Inner wall
;WIDTH:0.45
G1 F12000
G1 X102.863 Y102.702 E.00213
G1 X107.137 Y102.702 E.13755
G1 X109.275 Y99 E.13755
G1 X107.137 Y95.298 E.13755
G1 X102.863 Y95.298 E.13755
G1 X100.725 Y99 E.13755
G1 X102.809 Y102.61 E.13413
SET_VELOCITY_LIMIT ACCEL=2000
G1 X103.089 Y102.31 F30000
;TYPE:Outer wall
;WIDTH:0.42
G1 F7200
G1 X106.911 Y102.31 E.11392
G1 X108.822 Y99 E.11392
G1 X106.911 Y95.69 E.11392
G1 X103.089 Y95.69 E.11392
G1 X101.178 Y99 E.11392
G1 X103.069 Y102.275 E.11273
G1 E-.728 F1800
;WIPE_START
G1 F30000
G1 X104.269 Y102.286 E-.072
;WIPE_END
G1 X97.042 Y102.652 Z1.6
G1 Z1.2
G1 E.8 F1800
SET_VELOCITY_LIMIT ACCEL=3000
;TYPE:Inner wall
;WIDTH:0.45
G1 F12000
G1 X97.109 Y102.652 E.00213
G1 X99.217 Y99 E.13569
G1 X97.109 Y95.348 E.13569
M73 P63 R10
G1 X92.891 Y95.348 E.13569
G1 X90.783 Y99 E.13569
G1 X92.891 Y102.652 E.13569
G1 X97.002 Y102.652 E.13227
SET_VELOCITY_LIMIT ACCEL=2000
G1 X96.882 Y102.26 F30000
;TYPE:Outer wall
;WIDTH:0.42
G1 F7200
G1 X98.764 Y99 E.1122
G1 X96.882 Y95.74 E.1122
G1 X93.118 Y95.74 E.1122
G1 X91.236 Y99 E.1122
G1 X93.118 Y102.26 E.1122
G1 X96.842 Y102.26 E.111
G1 E-.728 F1800
;WIPE_START
G1 F30000
G1 X97.452 Y101.226 E-.072
;WIPE_END
G1 X89.88 Y102.192 Z1.6
G1 X87.113 Y102.545 Z1.6
G1 Z1.2
G1 E.8 F1800
SET_VELOCITY_LIMIT ACCEL=3000
;TYPE:Inner wall
;WIDTH:0.45
G1 F12000
G1 X89.159 Y99 E.1317
G1 X87.08 Y95.398 E.13383
G1 X82.92 Y95.398 E.13383
G1 X80.841 Y99 E.13383
G1 X82.92 Y102.602 E.13383
G1 X87.08 Y102.602 E.13383
M73 P63 R9
G1 X87.093 Y102.579 E.00085
SET_VELOCITY_LIMIT ACCEL=2000
G1 X86.853 Y102.21 F30000
;TYPE:Outer wall
;WIDTH:0.42
G1 F7200
G1 X88.707 Y99 E.11048
G1 X86.853 Y95.79 E.11048
G1 X83.147 Y95.79 E.11048
G1 X81.293 Y99 E.11048
G1 X83.147 Y102.21 E.11048
G1 X86.813 Y102.21 E.10928
G1 E-.728 F1800
;WIPE_START
G1 F30000
G1 X87.423 Y101.176 E-.072
;WIPE_END
G1 X95.051 Y101.447 Z1.6
G1 X137.344 Y102.945 Z1.6
G1 Z1.2
G1 E.8 F1800
SET_VELOCITY_LIMIT ACCEL=3000
;TYPE:Inner wall
;WIDTH:0.45
G1 F12000
G1 X139.217 Y99.7 E.12054
G1 X139.398 Y99.749 E.00603
G1 X139.398 Y103.398 E.11742
G1 X80.602 Y103.398 E1.89185
G1 X80.602 Y94.602 E.28302
G1 X139.398 Y94.602 E1.89185
G1 X139.398 Y98.251 E.11742
G1 X139.217 Y98.3 E.00603
G1 X137.311 Y94.998 E.12268
G1 X132.689 Y94.998 E.1487
G1 X130.379 Y99 E.14869
G1 X132.689 Y103.002 E.14869
G1 X137.311 Y103.002 E.1487
G1 X137.324 Y102.979 E.00085
SET_VELOCITY_LIMIT ACCEL=2000
G1 X137.084 Y102.61 F30000
;TYPE:Outer wall
;WIDTH:0.42
G1 F7200
G1 X139.168 Y99 E.12424
G1 X137.084 Y95.39 E.12424
G1 X132.916 Y95.39 E.12424
G1 X130.832 Y99 E.12424
G1 X132.916 Y102.61 E.12424
G1 X137.044 Y102.61 E.12305
G1 E-.728 F1800
;WIPE_START
G1 F30000
G1 X137.653 Y101.576 E-.072
;WIPE_END
G1 X139.78 Y94.246 Z1.6
G1 X139.79 Y94.21 Z1.6
G1 Z1.2
G1 E.8 F1800
G1 F7200
G1 X139.79 Y103.79 E.28554
G1 X80.21 Y103.79 E1.77581
G1 X80.21 Y94.21 E.28554
G1 X139.75 Y94.21 E1.77461
G1 E-.728 F1800
;WIPE_START
G1 F30000
G1 X139.755 Y95.41 E-.072
;WIPE_END
G1 X139.006 Y97.15 Z1.6
G1 Z1.2
G1 E.8 F1800
SET_VELOCITY_LIMIT ACCEL=3000
;TYPE:Internal solid infill
;WIDTH:0.419999
G1 F15000
G1 X139.006 Y94.994 E.06426
G1 X137.761 Y94.994 E.0371
G1 X138.986 Y97.115 E.073
G1 E-.728 F1800
;WIPE_START
G1 F30000
G1 X138.386 Y96.076 E-.072
;WIPE_END
G1 X138.584 Y95.392 Z1.6
G1 Z1.2
G1 E.8 F1800
;WIDTH:0.577008
G1 F12408.803
G1 X138.517 Y95.392 E.00282
G1 X138.484 Y95.45 E.00282
G1 X138.517 Y95.508 E.00282
G1 X138.584 Y95.508 E.00282
G1 X138.597 Y95.484 E.00113
G1 E-.78237 F1800
;WIPE_START
G1 F30000
G1 X138.584 Y95.508 E-.00161
G1 X138.517 Y95.508 E-.00401
G1 X138.484 Y95.45 E-.00401
G1 X138.517 Y95.392 E-.00401
G1 X138.584 Y95.392 E-.00401
;WIPE_END
G1 X139.487 Y98.43 Z1.6
G1 Z1.2
G1 E.8 F1800
;TYPE:Gap infill
;WIDTH:0.256347
G1 F15000
G1 X139.487 Y99.57 E.01922
G1 E-.73163 F1800
;WIPE_START
G1 F30000
G1 X139.487 Y98.43 E-.06837
;WIPE_END
G1 X137.761 Y103.006 Z1.6
G1 Z1.2
G1 E.8 F1800
;TYPE:Internal solid infill
;WIDTH:0.419999
G1 F15000
G1 X139.006 Y103.006 E.0371
G1 X139.006 Y100.85 E.06426
G1 X137.781 Y102.971 E.073
G1 E-.728 F1800
;WIPE_START
G1 F30000
G1 X138.381 Y101.932 E-.072
;WIPE_END
G1 X138.584 Y102.492 Z1.6
G1 Z1.2
G1 E.8 F1800
;WIDTH:0.57701
G1 F12408.758
G1 X138.517 Y102.492 E.00282
G1 X138.483 Y102.55 E.00282
G1 X138.517 Y102.608 E.00282
G1 X138.584 Y102.608 E.00282
G1 X138.597 Y102.585 E.00113
G1 E-.78237 F1800
;WIPE_START
G1 F30000
G1 X138.584 Y102.608 E-.00161
G1 X138.517 Y102.608 E-.00401
G1 X138.483 Y102.55 E-.00401
G1 X138.517 Y102.492 E-.00401
G1 X138.584 Y102.492 E-.00401
;WIPE_END
G1 X130.969 Y103.011 Z1.6
G1 X130.406 Y103.05 Z1.6
G1 Z1.2
G1 E.8 F1800
;TYPE:Sparse infill
;WIDTH:0.45
G1 F12000
G1 X128.778 Y103.05 E.05239
G1 X128.012 Y102.284 E.03484
G1 X128.145 Y102.053 E.00857
G1 X131.258 Y101.219 E.10369
G1 X129.977 Y99 E.08245
G1 X132.27 Y95.028 E.14758
G1 X132.192 Y94.95 E.00353
G1 X130.564 Y94.95 E.05239
G1 E-.728 F1800
;WIPE_START
G1 F30000
G1 X131.764 Y94.95 E-.072
;WIPE_END
G1 X127.345 Y94.85 Z1.6
G1 Z1.2
G1 E.8 F1800
;TYPE:Gap infill
;WIDTH:0.13168
G1 F15000
G1 X122.655 Y94.85 E.0329
G1 E-.728 F1800
;WIPE_START
G1 F30000
G1 X123.855 Y94.85 E-.072
;WIPE_END
G1 X119.05 Y94.95 Z1.6
G1 Z1.2
G1 E.8 F1800
;TYPE:Sparse infill
;WIDTH:0.45
G1 F12000
G1 X120.678 Y94.95 E.05239
G1 X121.789 Y96.061 E.05054
G1 X122.29 Y95.193 E.03224
G1 X118.224 Y96.283 E.13545
G1 X118.317 Y96.445 E.00602
G1 X118.718 Y94.95 E.04978
G1 X117.606 Y94.95 E.03576
G1 X117.606 Y95.214 E.00848
G1 X117.733 Y95.433 E.00816
G1 X117.258 Y94.9 F30000
;TYPE:Gap infill
;WIDTH:0.231688
G1 F15000
G1 X112.742 Y94.9 E.06739
G1 E-.728 F1800
;WIPE_START
G1 F30000
G1 X113.942 Y94.9 E-.072
;WIPE_END
G1 X112.122 Y95.684 Z1.6
G1 Z1.2
G1 E.8 F1800
;TYPE:Sparse infill
;WIDTH:0.45
G1 F12000
G1 X111.308 Y97.094 E.05239
G1 X109.164 Y94.95 E.09755
G1 X110.289 Y94.95 E.03618
G1 X109.354 Y98.44 E.11625
G1 X109.463 Y98.63 E.00706
G1 X110.596 Y98.327 E.03774
G1 X110.208 Y99 E.02502
G1 X112.394 Y102.786 E.14068
G1 X112.394 Y103.05 E.00848
G1 X108.119 Y103.05 E.13755
G1 X108.794 Y100.529 E.08396
G1 X109.608 Y99.119 E.05239
G1 E-.728 F1800
;WIPE_START
G1 F30000
G1 X109.008 Y100.158 E-.072
;WIPE_END
G1 X107.172 Y103.05 Z1.6
G1 Z1.2
G1 E.8 F1800
;TYPE:Gap infill
;WIDTH:0.331686
G1 F15000
G1 X102.828 Y103.05 E.09913
G1 E-.728 F1800
;WIPE_START
G1 F30000
G1 X104.028 Y103.05 E-.072
;WIPE_END
G1 X101.318 Y103.05 Z1.6
G1 Z1.2
G1 E.8 F1800
;TYPE:Sparse infill
;WIDTH:0.45
G1 F12000
G1 X99.69 Y103.05 E.05239
G1 X100.632 Y99.535 E.11709
G1 X101.363 Y100.801 E.04704
G1 X98.07 Y101.683 E.10968
G1 X99.619 Y99 E.09968
G1 X97.477 Y95.289 E.13789
G1 X97.477 Y94.95 E.01089
G1 X97.65 Y94.95 E.00559
G1 X100.827 Y98.127 E.14456
G1 X101.166 Y97.539 E.02183
G1 X101.86 Y94.95 E.08625
G1 X100.232 Y94.95 E.05239
G1 E-.728 F1800
;WIPE_START
G1 F30000
G1 X101.432 Y94.95 E-.072
;WIPE_END
G1 X102.828 Y94.95 Z1.6
G1 Z1.2
G1 E.8 F1800
;TYPE:Gap infill
;WIDTH:0.331686
G1 F15000
G1 X107.172 Y94.95 E.09913
G1 E-.728 F1800
;WIPE_START
G1 F30000
G1 X105.972 Y94.95 E-.072
;WIPE_END
G1 X110.849 Y100.821 Z1.6
G1 X112.742 Y103.1 Z1.6
G1 Z1.2
G1 E.8 F1800
;WIDTH:0.231688
G1 F15000
G1 X117.258 Y103.1 E.06739
G1 E-.728 F1800
;WIPE_START
G1 F30000
G1 X116.058 Y103.1 E-.072
;WIPE_END
G1 X122.655 Y103.15 Z1.6
G1 Z1.2
G1 E.8 F1800
;WIDTH:0.13168
G1 F15000
G1 X127.345 Y103.15 E.0329
G1 E-.728 F1800
;WIPE_START
G1 F30000
G1 X126.145 Y103.15 E-.072
;WIPE_END
G1 X118.512 Y103.117 Z1.6
G1 X97.128 Y103.025 Z1.6
G1 Z1.2
G1 E.8 F1800
;WIDTH:0.38168
G1 F15000
G1 X92.872 Y103.025 E.11397
G1 E-.728 F1800
;WIPE_START
G1 F30000
G1 X94.072 Y103.025 E-.072
;WIPE_END
G1 X89.633 Y103.05 Z1.6
G1 Z1.2
G1 E.8 F1800
;TYPE:Sparse infill
;WIDTH:0.45
G1 F12000
G1 X91.261 Y103.05 E.05239
G1 X91.723 Y101.325 E.05745
G1 X90.647 Y99.461 E.06927
G1 X88.708 Y97.522 E.08821
G1 X87.828 Y95.998 E.05662
G1 X91.74 Y94.95 E.1303
G1 X92.523 Y94.95 E.02521
G1 X92.523 Y95.289 E.01089
G1 X92.27 Y95.727 E.01629
G1 E-.728 F1800
;WIPE_START
G1 F30000
G1 X92.523 Y95.289 E-.03038
G1 X92.523 Y94.95 E-.0203
G1 X92.168 Y94.95 E-.02132
;WIPE_END
G1 X92.872 Y94.975 Z1.6
G1 Z1.2
G1 E.8 F1800
;TYPE:Gap infill
;WIDTH:0.38168
G1 F15000
G1 X97.128 Y94.975 E.11397
G1 E-.728 F1800
;WIPE_START
G1 F30000
G1 X95.928 Y94.975 E-.072
;WIPE_END
G1 X88.296 Y94.997 Z1.6
G1 X87.085 Y95 Z1.6
G1 Z1.2
G1 E.8 F1800
;WIDTH:0.431684
G1 F15000
G1 X82.915 Y95 E.12814
G1 E-.728 F1800
;WIPE_START
G1 F30000
G1 X84.115 Y95 E-.072
;WIPE_END
G1 X80.994 Y97.95 Z1.6
G1 Z1.2
G1 E.8 F1800
;TYPE:Internal solid infill
;WIDTH:0.419999
G1 F15000
G1 X82.523 Y95.302 E.09113
G1 X82.523 Y94.994 E.00918
G1 X80.994 Y94.994 E.04557
G1 X80.994 Y97.91 E.08691
G1 E-.728 F1800
;WIPE_START
G1 F30000
G1 X80.994 Y96.71 E-.072
;WIPE_END
G1 X81.401 Y96.433 Z1.6
G1 Z1.2
G1 E.8 F1800
;WIDTH:0.479025
G1 F15000
G1 X81.996 Y95.401 E.04107
G1 X81.401 Y95.401 E.02054
G1 X81.401 Y96.393 E.03419
G1 E-.728 F1800
;WIPE_START
G1 F30000
G1 X81.401 Y95.401 E-.05951
G1 X81.609 Y95.401 E-.01249
;WIPE_END
G1 X82.52 Y102.979 Z1.6
G1 X82.523 Y103.006 Z1.6
G1 Z1.2
G1 E.8 F1800
;WIDTH:0.419999
G1 F15000
G1 X82.49 Y102.642 E.0109
G1 X80.994 Y100.05 E.0892
G1 X80.994 Y103.006 E.0881
G1 X82.483 Y103.006 E.04438
G1 X81.996 Y102.599 F30000
;WIDTH:0.479026
G1 F15000
G1 X81.401 Y101.567 E.04107
G1 X81.401 Y102.599 E.03557
G1 X81.956 Y102.599 E.01916
G1 E-.728 F1800
;WIPE_START
G1 F30000
G1 X81.401 Y102.599 E-.03334
G1 X81.401 Y101.955 E-.03866
;WIPE_END
G1 X82.915 Y103 Z1.6
G1 Z1.2
G1 E.8 F1800
;TYPE:Gap infill
;WIDTH:0.431684
G1 F15000
G1 X87.085 Y103 E.12814
G1 E-.728 F1800
;WIPE_START
G1 F30000
G1 X85.885 Y103 E-.072
;WIPE_END
G1 X89.902 Y109.49 Z1.6
G1 X107.63 Y138.13 Z1.6
G1 Z1.2
G1 E.8 F1800
SET_VELOCITY_LIMIT ACCEL=2000
;TYPE:Outer wall
;WIDTH:0.42
G1 F7200
G1 X110.37 Y138.13 E.08167
G1 X110.37 Y140.87 E.08167
G1 X107.63 Y140.87 E.08167
G1 X107.63 Y138.17 E.08047
G1 X107.21 Y137.71 F30000
G1 F7200
G1 X110.79 Y137.71 E.1067
G1 X110.79 Y141.29 E.1067
G1 X107.21 Y141.29 E.1067
G1 X107.21 Y137.75 E.10551
G1 E-.546 F1800
;WIPE_START
G1 F30000
G1 X108.41 Y137.737 E-.054
;WIPE_END
G1 X107.997 Y145.358 Z1.6
G1 X107.63 Y152.13 Z1.6
G1 Z1.2
M73 P64 R9
G1 E.6 F1800 ; CC2_CARD retract 0.6
G1 F7200
G1 X110.37 Y152.13 E.08167
G1 X110.37 Y154.87 E.08167
G1 X107.63 Y154.87 E.08167
G1 X107.63 Y152.17 E.08047
G1 E-.546 F1800
;WIPE_START
G1 F30000
G1 X108.83 Y152.152 E-.054
;WIPE_END
G1 X110.79 Y151.71 Z1.6
G1 Z1.2
G1 E.6 F1800 ; CC2_CARD retract 0.6
G1 F7200
G1 X110.79 Y155.29 E.1067
G1 X107.21 Y155.29 E.1067
G1 X107.21 Y151.71 E.1067
G1 X110.75 Y151.71 E.10551
G1 E-.546 F1800
;WIPE_START
G1 F30000
G1 X110.763 Y152.91 E-.054
;WIPE_END
G1 X104.55 Y157.343 Z1.6
G1 X101.384 Y159.602 Z1.6
G1 Z1.2
G1 E.6 F1800 ; CC2_CARD retract 0.6
SET_VELOCITY_LIMIT ACCEL=3000
;TYPE:Inner wall
;WIDTH:0.45
G1 F12000
G1 X101.483 Y159.772 E.00633
G1 X102.769 Y162 E.08276
G1 X101.384 Y164.398 E.08909
G1 X98.616 Y164.398 E.08909
G1 X97.231 Y162 E.08909
G1 X98.616 Y159.602 E.08909
G1 X101.344 Y159.602 E.08781
SET_VELOCITY_LIMIT ACCEL=2000
G1 X101.611 Y159.21 F30000
;TYPE:Outer wall
;WIDTH:0.42
G1 F7200
G1 X101.822 Y159.576 E.01261
G1 X103.222 Y162 E.08341
G1 X101.611 Y164.79 E.09602
G1 X98.389 Y164.79 E.09602
G1 X96.778 Y162 E.09602
G1 X98.389 Y159.21 E.09602
G1 X101.571 Y159.21 E.09483
G1 E-.728 F1800
;WIPE_START
G1 F30000
G1 X101.822 Y159.576 E-.02667
G1 X102.2 Y160.231 E-.04533
;WIPE_END
G1 X101.507 Y163.489 Z1.6
G1 Z1.2
G1 E.8 F1800
SET_VELOCITY_LIMIT ACCEL=3000
;TYPE:Sparse infill
;WIDTH:0.45
G1 F12000
G1 X101.183 Y164.05 E.02083
G1 X100.203 Y164.05 E.03156
G1 X101.264 Y160.089 E.13192
G1 X101.183 Y159.95 E.00517
G1 X100.81 Y159.95 E.01201
G1 X98.452 Y160.582 E.07856
G1 X97.638 Y161.992 E.05239
G1 E-.728 F1800
;WIPE_START
G1 F30000
G1 X98.238 Y160.953 E-.072
;WIPE_END
G1 X92.616 Y155.791 Z1.6
G1 X88.63 Y152.13 Z1.6
G1 Z1.2
G1 E.8 F1800
SET_VELOCITY_LIMIT ACCEL=2000
;TYPE:Outer wall
;WIDTH:0.42
G1 F7200
G1 X91.37 Y152.13 E.08167
G1 X91.37 Y154.87 E.08167
G1 X88.63 Y154.87 E.08167
G1 X88.63 Y152.17 E.08047
G1 X88.21 Y151.71 F30000
G1 F7200
G1 X91.79 Y151.71 E.1067
G1 X91.79 Y155.29 E.1067
G1 X88.21 Y155.29 E.1067
G1 X88.21 Y151.75 E.10551
G1 E-.364 F1800
;WIPE_START
G1 F30000
G1 X89.41 Y151.737 E-.036
;WIPE_END
G1 X90.498 Y144.182 Z1.6
G1 X91.37 Y138.13 Z1.6
G1 Z1.2
G1 E.4 F1800 ; CC2_CARD retract 0.4
G1 F7200
G1 X91.37 Y140.87 E.08167
G1 X88.63 Y140.87 E.08167
G1 X88.63 Y138.13 E.08167
G1 X91.33 Y138.13 E.08047
G1 X91.79 Y137.71 F30000
G1 F7200
G1 X91.79 Y141.29 E.1067
G1 X88.21 Y141.29 E.1067
G1 X88.21 Y137.71 E.1067
G1 X91.75 Y137.71 E.10551
G1 E-.364 F1800
;WIPE_START
G1 F30000
G1 X91.763 Y138.91 E-.036
;WIPE_END
G1 X91.641 Y131.278 Z1.6
G1 X91.398 Y116.102 Z1.6
G1 Z1.2
G1 E.4 F1800 ; CC2_CARD retract 0.4
SET_VELOCITY_LIMIT ACCEL=3000
;TYPE:Inner wall
;WIDTH:0.45
G1 F12000
G1 X91.398 Y126.898 E.33674
G1 X80.602 Y126.898 E.33674
G1 X80.602 Y116.102 E.33674
G1 X91.358 Y116.102 E.3355
SET_VELOCITY_LIMIT ACCEL=2000
G1 X91.79 Y115.71 F30000
;TYPE:Outer wall
;WIDTH:0.42
G1 F7200
G1 X91.79 Y127.29 E.33458
G1 X80.21 Y127.29 E.33458
G1 X80.21 Y115.71 E.33458
G1 X91.75 Y115.71 E.33342
G1 E-.728 F1800
;WIPE_START
G1 F30000
G1 X91.754 Y116.91 E-.072
;WIPE_END
G1 X91.245 Y124.525 Z1.6
G1 X91.234 Y124.69 Z1.6
G1 Z1.2
G1 E.8 F1800
SET_VELOCITY_LIMIT ACCEL=3000
;TYPE:Internal solid infill
;WIDTH:0.419999
G1 F15000
G1 X89.36 Y126.565 E.07659
G1 X88.827 Y126.565 E.0154
G1 X91.065 Y124.327 E.09144
G1 X91.065 Y123.793 E.0154
G1 X88.293 Y126.565 E.11323
G1 X87.76 Y126.565 E.0154
G1 X91.065 Y123.26 E.13503
G1 X91.065 Y122.727 E.0154
G1 X87.227 Y126.565 E.15682
G1 X86.694 Y126.565 E.0154
G1 X91.065 Y122.194 E.1786
G1 X91.065 Y121.66 E.0154
G1 X86.16 Y126.565 E.20039
G1 X85.627 Y126.565 E.0154
G1 X91.065 Y121.127 E.22218
G1 X91.065 Y120.594 E.0154
G1 X85.094 Y126.565 E.24398
G1 X84.561 Y126.565 E.0154
G1 X91.065 Y120.061 E.26577
G1 X91.065 Y119.527 E.0154
G1 X84.027 Y126.565 E.28755
G1 X83.494 Y126.565 E.0154
G1 X91.065 Y118.994 E.30934
G1 X91.065 Y118.461 E.0154
G1 X82.961 Y126.565 E.33113
G1 X82.427 Y126.565 E.0154
G1 X91.065 Y117.927 E.35292
G1 X91.065 Y117.394 E.0154
G1 X81.894 Y126.565 E.37472
G1 X81.361 Y126.565 E.0154
G1 X91.065 Y116.861 E.3965
G1 X91.065 Y116.435 E.01229
G1 X90.957 Y116.435 E.00311
G1 X80.935 Y126.457 E.40949
G1 X80.935 Y125.924 E.0154
G1 X90.424 Y116.435 E.38771
G1 X89.89 Y116.435 E.0154
G1 X80.935 Y125.39 E.36591
G1 X80.935 Y124.857 E.0154
G1 X89.357 Y116.435 E.34412
G1 X88.824 Y116.435 E.0154
G1 X80.935 Y124.324 E.32233
G1 X80.935 Y123.791 E.0154
G1 X88.291 Y116.435 E.30054
G1 X87.757 Y116.435 E.0154
G1 X80.935 Y123.257 E.27876
G1 X80.935 Y122.724 E.0154
G1 X87.224 Y116.435 E.25697
G1 X86.691 Y116.435 E.0154
G1 X80.935 Y122.191 E.23517
G1 X80.935 Y121.658 E.0154
G1 X86.158 Y116.435 E.21338
G1 X85.624 Y116.435 E.0154
G1 X80.935 Y121.124 E.19159
G1 X80.935 Y120.591 E.0154
G1 X85.091 Y116.435 E.16981
G1 X84.558 Y116.435 E.0154
G1 X80.935 Y120.058 E.14802
G1 X80.935 Y119.524 E.0154
G1 X84.024 Y116.435 E.12622
G1 X83.491 Y116.435 E.0154
G1 X80.935 Y118.991 E.10443
G1 X80.935 Y118.458 E.0154
G1 X82.958 Y116.435 E.08264
G1 X82.425 Y116.435 E.0154
G1 X80.935 Y117.925 E.06086
G1 X80.935 Y117.391 E.0154
G1 X82.061 Y116.266 E.046
G1 E-.728 F1800
;WIPE_START
G1 F30000
G1 X81.213 Y117.114 E-.072
;WIPE_END
G1 X81.03 Y116.462 Z1.6
G1 Z1.2
G1 E.8 F1800
;WIDTH:0.442582
G1 F15000
G1 X80.955 Y116.505 E.00265
G1 X81.035 Y116.54 E.00267
G1 E-.78958 F1800
;WIPE_START
G1 F30000
G1 X80.955 Y116.505 E-.00523
G1 X81.03 Y116.462 E-.00519
;WIPE_END
G1 X86.409 Y121.878 Z1.6
G1 X91.006 Y126.506 Z1.6
G1 Z1.2
G1 E.8 F1800
;WIDTH:0.419999
G1 F15000
G1 X91.006 Y125.185 E.03815
G1 X89.685 Y126.506 E.05395
G1 X90.966 Y126.506 E.03699
G1 X90.644 Y126.076 F30000
;WIDTH:0.439292
G1 F15000
G1 X90.57 Y126.119 E.00261
G1 X90.649 Y126.154 E.00263
G1 E-.78967 F1800
;WIPE_START
G1 F30000
G1 X90.57 Y126.119 E-.00518
G1 X90.644 Y126.076 E-.00515
;WIPE_END
G1 X93.459 Y118.982 Z1.6
G1 X94.602 Y116.102 Z1.6
G1 Z1.2
G1 E.8 F1800
;TYPE:Inner wall
;WIDTH:0.45
G1 F12000
G1 X105.398 Y116.102 E.34028
G1 X105.398 Y126.898 E.34028
G1 X94.602 Y126.898 E.34028
G1 X94.602 Y116.142 E.33903
SET_VELOCITY_LIMIT ACCEL=2000
G1 X94.21 Y115.71 F30000
;TYPE:Outer wall
;WIDTH:0.42
G1 F7200
G1 X105.79 Y115.71 E.33811
G1 X105.79 Y127.29 E.33811
G1 X94.21 Y127.29 E.33811
G1 X94.21 Y115.75 E.33693
G1 E-.728 F1800
;WIPE_START
G1 F30000
G1 X95.41 Y115.746 E-.072
;WIPE_END
G1 X95.03 Y116.462 Z1.6
G1 Z1.2
G1 E.8 F1800
SET_VELOCITY_LIMIT ACCEL=3000
;TYPE:Internal solid infill
;WIDTH:0.442582
G1 F15000
G1 X94.955 Y116.505 E.00267
G1 X95.035 Y116.54 E.00269
G1 E-.78958 F1800
;WIPE_START
G1 F30000
G1 X94.955 Y116.505 E-.00523
G1 X95.03 Y116.462 E-.00519
;WIPE_END
G1 X100.972 Y121.253 Z1.6
G1 X105.234 Y124.69 Z1.6
G1 Z1.2
G1 E.8 F1800
;WIDTH:0.419999
G1 F15000
G1 X103.36 Y126.565 E.0774
G1 X102.827 Y126.565 E.01557
G1 X105.065 Y124.327 E.0924
G1 X105.065 Y123.793 E.01557
G1 X102.293 Y126.565 E.11443
G1 X101.76 Y126.565 E.01557
G1 X105.065 Y123.26 E.13645
G1 X105.065 Y122.727 E.01557
G1 X101.227 Y126.565 E.15847
G1 X100.694 Y126.565 E.01557
G1 X105.065 Y122.194 E.18048
G1 X105.065 Y121.66 E.01557
G1 X100.16 Y126.565 E.2025
G1 X99.627 Y126.565 E.01557
G1 X105.065 Y121.127 E.22452
G1 X105.065 Y120.594 E.01557
G1 X99.094 Y126.565 E.24654
G1 X98.561 Y126.565 E.01557
G1 X105.065 Y120.061 E.26856
G1 X105.065 Y119.527 E.01557
G1 X98.027 Y126.565 E.29058
G1 X97.494 Y126.565 E.01557
G1 X105.065 Y118.994 E.3126
G1 X105.065 Y118.461 E.01557
G1 X96.961 Y126.565 E.33462
G1 X96.427 Y126.565 E.01557
G1 X105.065 Y117.927 E.35664
G1 X105.065 Y117.394 E.01557
G1 X95.894 Y126.565 E.37866
G1 X95.361 Y126.565 E.01557
G1 X105.065 Y116.861 E.40067
G1 X105.065 Y116.435 E.01242
G1 X104.957 Y116.435 E.00314
G1 X94.935 Y126.457 E.4138
G1 X94.935 Y125.924 E.01557
G1 X104.424 Y116.435 E.39179
G1 X103.89 Y116.435 E.01557
G1 X94.935 Y125.39 E.36977
G1 X94.935 Y124.857 E.01557
G1 X103.357 Y116.435 E.34775
G1 X102.824 Y116.435 E.01557
G1 X94.935 Y124.324 E.32572
G1 X94.935 Y123.791 E.01557
G1 X102.291 Y116.435 E.3037
G1 X101.757 Y116.435 E.01557
G1 X94.935 Y123.257 E.28169
G1 X94.935 Y122.724 E.01557
G1 X101.224 Y116.435 E.25967
G1 X100.691 Y116.435 E.01557
G1 X94.935 Y122.191 E.23765
G1 X94.935 Y121.658 E.01557
G1 X100.158 Y116.435 E.21563
G1 X99.624 Y116.435 E.01557
G1 X94.935 Y121.124 E.19361
G1 X94.935 Y120.591 E.01557
G1 X99.091 Y116.435 E.1716
G1 X98.558 Y116.435 E.01557
G1 X94.935 Y120.058 E.14957
G1 X94.935 Y119.524 E.01557
G1 X98.024 Y116.435 E.12755
G1 X97.491 Y116.435 E.01557
G1 X94.935 Y118.991 E.10553
G1 X94.935 Y118.458 E.01557
M73 P65 R9
G1 X96.958 Y116.435 E.08351
G1 X96.425 Y116.435 E.01557
G1 X94.935 Y117.925 E.0615
G1 X94.935 Y117.391 E.01557
G1 X96.061 Y116.266 E.04648
G1 E-.728 F1800
;WIPE_START
G1 F30000
G1 X95.213 Y117.114 E-.072
;WIPE_END
G1 X100.721 Y122.397 Z1.6
G1 X105.006 Y126.506 Z1.6
G1 Z1.2
G1 E.8 F1800
;WIDTH:0.419999
G1 F15000
G1 X105.006 Y125.185 E.03855
G1 X103.685 Y126.506 E.05451
G1 X104.966 Y126.506 E.03738
G1 X104.644 Y126.076 F30000
;WIDTH:0.439292
G1 F15000
G1 X104.57 Y126.119 E.00264
G1 X104.649 Y126.154 E.00265
G1 E-.78967 F1800
;WIPE_START
G1 F30000
G1 X104.57 Y126.119 E-.00518
G1 X104.644 Y126.076 E-.00515
;WIPE_END
G1 X110.967 Y121.802 Z1.6
G1 X119.398 Y116.102 Z1.6
G1 Z1.2
G1 E.8 F1800
;TYPE:Inner wall
;WIDTH:0.45
G1 F12000
G1 X119.398 Y126.898 E.34383
G1 X108.602 Y126.898 E.34383
G1 X108.602 Y116.102 E.34383
G1 X119.358 Y116.102 E.34256
SET_VELOCITY_LIMIT ACCEL=2000
G1 X119.79 Y115.71 F30000
;TYPE:Outer wall
;WIDTH:0.42
G1 F7200
G1 X119.79 Y127.29 E.34163
G1 X108.21 Y127.29 E.34163
G1 X108.21 Y115.71 E.34163
G1 X119.75 Y115.71 E.34044
G1 E-.728 F1800
;WIPE_START
G1 F30000
G1 X119.754 Y116.91 E-.072
;WIPE_END
G1 X119.245 Y124.525 Z1.6
G1 X119.234 Y124.69 Z1.6
G1 Z1.2
G1 E.8 F1800
SET_VELOCITY_LIMIT ACCEL=3000
;TYPE:Internal solid infill
;WIDTH:0.419999
G1 F15000
G1 X117.36 Y126.565 E.0782
G1 X116.827 Y126.565 E.01573
G1 X119.065 Y124.327 E.09337
G1 X119.065 Y123.793 E.01573
G1 X116.293 Y126.565 E.11562
G1 X115.76 Y126.565 E.01573
G1 X119.065 Y123.26 E.13787
G1 X119.065 Y122.727 E.01573
G1 X115.227 Y126.565 E.16012
G1 X114.694 Y126.565 E.01573
G1 X119.065 Y122.194 E.18236
G1 X119.065 Y121.66 E.01573
G1 X114.16 Y126.565 E.20461
G1 X113.627 Y126.565 E.01573
G1 X119.065 Y121.127 E.22686
G1 X119.065 Y120.594 E.01573
G1 X113.094 Y126.565 E.24911
G1 X112.561 Y126.565 E.01573
G1 X119.065 Y120.061 E.27136
G1 X119.065 Y119.527 E.01573
G1 X112.027 Y126.565 E.2936
G1 X111.494 Y126.565 E.01573
G1 X119.065 Y118.994 E.31585
G1 X119.065 Y118.461 E.01573
G1 X110.961 Y126.565 E.3381
G1 X110.427 Y126.565 E.01573
G1 X119.065 Y117.927 E.36035
G1 X119.065 Y117.394 E.01573
G1 X109.894 Y126.565 E.38261
G1 X109.361 Y126.565 E.01573
G1 X119.065 Y116.861 E.40485
G1 X119.065 Y116.435 E.01255
G1 X118.957 Y116.435 E.00318
G1 X108.935 Y126.457 E.41811
G1 X108.935 Y125.924 E.01573
G1 X118.424 Y116.435 E.39587
G1 X117.89 Y116.435 E.01573
G1 X108.935 Y125.39 E.37362
G1 X108.935 Y124.857 E.01573
G1 X117.357 Y116.435 E.35137
G1 X116.824 Y116.435 E.01573
G1 X108.935 Y124.324 E.32912
G1 X108.935 Y123.791 E.01573
G1 X116.291 Y116.435 E.30687
G1 X115.757 Y116.435 E.01573
G1 X108.935 Y123.257 E.28463
G1 X108.935 Y122.724 E.01573
G1 X115.224 Y116.435 E.26238
G1 X114.691 Y116.435 E.01573
G1 X108.935 Y122.191 E.24012
G1 X108.935 Y121.658 E.01573
G1 X114.158 Y116.435 E.21787
G1 X113.624 Y116.435 E.01573
G1 X108.935 Y121.124 E.19562
G1 X108.935 Y120.591 E.01573
G1 X113.091 Y116.435 E.17338
G1 X112.558 Y116.435 E.01573
G1 X108.935 Y120.058 E.15113
G1 X108.935 Y119.524 E.01573
G1 X112.024 Y116.435 E.12888
G1 X111.491 Y116.435 E.01573
G1 X108.935 Y118.991 E.10663
G1 X108.935 Y118.458 E.01573
G1 X110.958 Y116.435 E.08438
G1 X110.425 Y116.435 E.01573
G1 X108.935 Y117.925 E.06214
G1 X108.935 Y117.391 E.01573
G1 X110.061 Y116.266 E.04697
G1 E-.728 F1800
;WIPE_START
G1 F30000
G1 X109.213 Y117.114 E-.072
;WIPE_END
G1 X109.03 Y116.462 Z1.6
G1 Z1.2
G1 E.8 F1800
;WIDTH:0.442582
G1 F15000
G1 X108.955 Y116.505 E.0027
G1 X109.035 Y116.54 E.00272
G1 E-.78958 F1800
;WIPE_START
G1 F30000
G1 X108.955 Y116.505 E-.00523
G1 X109.03 Y116.462 E-.00519
;WIPE_END
G1 X114.409 Y121.878 Z1.6
G1 X119.006 Y126.506 Z1.6
G1 Z1.2
G1 E.8 F1800
;WIDTH:0.419999
G1 F15000
G1 X119.006 Y125.185 E.03895
G1 X117.685 Y126.506 E.05508
G1 X118.966 Y126.506 E.03777
G1 X118.644 Y126.076 F30000
;WIDTH:0.439292
G1 F15000
G1 X118.57 Y126.119 E.00266
G1 X118.649 Y126.154 E.00268
G1 E-.78967 F1800
;WIPE_START
G1 F30000
G1 X118.57 Y126.119 E-.00518
G1 X118.644 Y126.076 E-.00515
;WIPE_END
G1 X121.459 Y118.982 Z1.6
G1 X122.602 Y116.102 Z1.6
G1 Z1.2
G1 E.8 F1800
;TYPE:Inner wall
;WIDTH:0.45
G1 F12000
G1 X133.398 Y116.102 E.34737
G1 X133.398 Y126.898 E.34737
G1 X122.602 Y126.898 E.34737
G1 X122.602 Y116.142 E.34609
SET_VELOCITY_LIMIT ACCEL=2000
G1 X122.21 Y115.71 F30000
;TYPE:Outer wall
;WIDTH:0.42
G1 F7200
G1 X133.79 Y115.71 E.34515
G1 X133.79 Y127.29 E.34515
G1 X122.21 Y127.29 E.34515
G1 X122.21 Y115.75 E.34395
G1 E-.728 F1800
;WIPE_START
G1 F30000
G1 X123.41 Y115.746 E-.072
;WIPE_END
G1 X123.03 Y116.462 Z1.6
G1 Z1.2
G1 E.8 F1800
SET_VELOCITY_LIMIT ACCEL=3000
;TYPE:Internal solid infill
;WIDTH:0.442582
G1 F15000
G1 X122.955 Y116.505 E.00273
G1 X123.035 Y116.54 E.00275
G1 E-.78958 F1800
;WIPE_START
G1 F30000
G1 X122.955 Y116.505 E-.00523
G1 X123.03 Y116.462 E-.00519
;WIPE_END
G1 X128.972 Y121.253 Z1.6
G1 X133.234 Y124.69 Z1.6
G1 Z1.2
G1 E.8 F1800
;WIDTH:0.419999
G1 F15000
G1 X131.36 Y126.565 E.07901
G1 X130.827 Y126.565 E.01589
G1 X133.065 Y124.327 E.09433
G1 X133.065 Y123.793 E.01589
G1 X130.293 Y126.565 E.11681
G1 X129.76 Y126.565 E.01589
G1 X133.065 Y123.26 E.13929
G1 X133.065 Y122.727 E.01589
G1 X129.227 Y126.565 E.16177
G1 X128.694 Y126.565 E.01589
G1 X133.065 Y122.194 E.18424
G1 X133.065 Y121.66 E.01589
G1 X128.16 Y126.565 E.20672
G1 X127.627 Y126.565 E.01589
G1 X133.065 Y121.127 E.2292
G1 X133.065 Y120.594 E.01589
G1 X127.094 Y126.565 E.25168
G1 X126.561 Y126.565 E.01589
G1 X133.065 Y120.061 E.27416
G1 X133.065 Y119.527 E.01589
G1 X126.027 Y126.565 E.29663
G1 X125.494 Y126.565 E.01589
G1 X133.065 Y118.994 E.31911
G1 X133.065 Y118.461 E.01589
G1 X124.961 Y126.565 E.34159
G1 X124.427 Y126.565 E.01589
G1 X133.065 Y117.927 E.36407
G1 X133.065 Y117.394 E.01589
G1 X123.894 Y126.565 E.38655
G1 X123.361 Y126.565 E.01589
G1 X133.065 Y116.861 E.40902
G1 X133.065 Y116.435 E.01268
G1 X132.957 Y116.435 E.00321
G1 X122.935 Y126.457 E.42242
G1 X122.935 Y125.924 E.01589
G1 X132.424 Y116.435 E.39995
G1 X131.89 Y116.435 E.01589
G1 X122.935 Y125.39 E.37747
G1 X122.935 Y124.857 E.01589
G1 X131.357 Y116.435 E.35499
G1 X130.824 Y116.435 E.01589
G1 X122.935 Y124.324 E.33251
G1 X122.935 Y123.791 E.01589
G1 X130.291 Y116.435 E.31003
G1 X129.757 Y116.435 E.01589
G1 X122.935 Y123.257 E.28756
G1 X122.935 Y122.724 E.01589
G1 X129.224 Y116.435 E.26508
G1 X128.691 Y116.435 E.01589
G1 X122.935 Y122.191 E.2426
G1 X122.935 Y121.658 E.01589
G1 X128.158 Y116.435 E.22012
G1 X127.624 Y116.435 E.01589
G1 X122.935 Y121.124 E.19764
G1 X122.935 Y120.591 E.01589
G1 X127.091 Y116.435 E.17517
G1 X126.558 Y116.435 E.01589
G1 X122.935 Y120.058 E.15269
G1 X122.935 Y119.524 E.01589
G1 X126.024 Y116.435 E.13021
G1 X125.491 Y116.435 E.01589
G1 X122.935 Y118.991 E.10773
G1 X122.935 Y118.458 E.01589
G1 X124.958 Y116.435 E.08525
G1 X124.425 Y116.435 E.01589
G1 X122.935 Y117.925 E.06278
G1 X122.935 Y117.391 E.01589
G1 X124.061 Y116.266 E.04745
G1 E-.728 F1800
;WIPE_START
G1 F30000
G1 X123.213 Y117.114 E-.072
;WIPE_END
G1 X128.325 Y122.781 Z1.6
G1 X131.685 Y126.506 Z1.6
G1 Z1.2
G1 E.8 F1800
;WIDTH:0.419999
G1 F15000
G1 X133.006 Y126.506 E.03935
G1 X133.006 Y125.185 E.03935
G1 X131.714 Y126.478 E.05446
G1 E-.728 F1800
;WIPE_START
G1 F30000
G1 X132.562 Y125.629 E-.072
;WIPE_END
G1 X132.644 Y126.076 Z1.6
G1 Z1.2
G1 E.8 F1800
;WIDTH:0.439292
G1 F15000
G1 X132.57 Y126.119 E.00269
G1 X132.649 Y126.154 E.00271
G1 E-.78967 F1800
;WIPE_START
G1 F30000
G1 X132.57 Y126.119 E-.00518
G1 X132.644 Y126.076 E-.00515
;WIPE_END
G1 X135.459 Y118.982 Z1.6
G1 X136.602 Y116.102 Z1.6
G1 Z1.2
G1 E.8 F1800
;TYPE:Inner wall
;WIDTH:0.45
G1 F12000
G1 X147.398 Y116.102 E.35091
G1 X147.398 Y126.898 E.35091
G1 X136.602 Y126.898 E.35091
G1 X136.602 Y116.142 E.34962
SET_VELOCITY_LIMIT ACCEL=2000
G1 X136.21 Y115.71 F30000
;TYPE:Outer wall
;WIDTH:0.42
G1 F7200
G1 X147.79 Y115.71 E.34867
G1 X147.79 Y127.29 E.34867
G1 X136.21 Y127.29 E.34867
G1 X136.21 Y115.75 E.34746
G1 E-.728 F1800
;WIPE_START
G1 F30000
G1 X137.41 Y115.746 E-.072
;WIPE_END
G1 X137.03 Y116.462 Z1.6
G1 Z1.2
G1 E.8 F1800
SET_VELOCITY_LIMIT ACCEL=3000
;TYPE:Internal solid infill
;WIDTH:0.44258
G1 F15000
G1 X136.955 Y116.505 E.00276
G1 X137.035 Y116.54 E.00278
G1 E-.78958 F1800
;WIPE_START
G1 F30000
G1 X136.955 Y116.505 E-.00523
G1 X137.03 Y116.462 E-.00519
;WIPE_END
G1 X142.972 Y121.253 Z1.6
G1 X147.234 Y124.69 Z1.6
G1 Z1.2
G1 E.8 F1800
;WIDTH:0.419999
G1 F15000
G1 X145.36 Y126.565 E.07982
G1 X144.827 Y126.565 E.01605
G1 X147.065 Y124.327 E.09529
G1 X147.065 Y123.793 E.01605
G1 X144.293 Y126.565 E.118
G1 X143.76 Y126.565 E.01605
G1 X147.065 Y123.26 E.14071
G1 X147.065 Y122.727 E.01605
G1 X143.227 Y126.565 E.16342
G1 X142.694 Y126.565 E.01605
G1 X147.065 Y122.194 E.18612
G1 X147.065 Y121.66 E.01605
G1 X142.16 Y126.565 E.20883
G1 X141.627 Y126.565 E.01605
G1 X147.065 Y121.127 E.23154
G1 X147.065 Y120.594 E.01605
G1 X141.094 Y126.565 E.25425
G1 X140.561 Y126.565 E.01605
G1 X147.065 Y120.061 E.27696
G1 X147.065 Y119.527 E.01605
M73 P66 R9
G1 X140.027 Y126.565 E.29966
G1 X139.494 Y126.565 E.01605
G1 X147.065 Y118.994 E.32237
G1 X147.065 Y118.461 E.01605
G1 X138.961 Y126.565 E.34508
G1 X138.427 Y126.565 E.01605
G1 X147.065 Y117.927 E.36778
G1 X147.065 Y117.394 E.01605
G1 X137.894 Y126.565 E.39049
G1 X137.361 Y126.565 E.01605
G1 X147.065 Y116.861 E.41319
G1 X147.065 Y116.435 E.01281
G1 X146.957 Y116.435 E.00324
G1 X136.935 Y126.457 E.42673
G1 X136.935 Y125.924 E.01605
G1 X146.424 Y116.435 E.40403
G1 X145.89 Y116.435 E.01605
G1 X136.935 Y125.39 E.38132
G1 X136.935 Y124.857 E.01605
G1 X145.357 Y116.435 E.35861
G1 X144.824 Y116.435 E.01605
G1 X136.935 Y124.324 E.3359
G1 X136.935 Y123.791 E.01605
G1 X144.291 Y116.435 E.31319
G1 X143.757 Y116.435 E.01605
G1 X136.935 Y123.257 E.29049
G1 X136.935 Y122.724 E.01605
G1 X143.224 Y116.435 E.26778
G1 X142.691 Y116.435 E.01605
G1 X136.935 Y122.191 E.24508
G1 X136.935 Y121.658 E.01605
G1 X142.158 Y116.435 E.22237
G1 X141.624 Y116.435 E.01605
G1 X136.935 Y121.124 E.19966
G1 X136.935 Y120.591 E.01605
G1 X141.091 Y116.435 E.17696
G1 X140.558 Y116.435 E.01605
G1 X136.935 Y120.058 E.15425
G1 X136.935 Y119.524 E.01605
G1 X140.024 Y116.435 E.13154
G1 X139.491 Y116.435 E.01605
G1 X136.935 Y118.991 E.10883
G1 X136.935 Y118.458 E.01605
G1 X138.958 Y116.435 E.08612
G1 X138.425 Y116.435 E.01605
G1 X136.935 Y117.925 E.06342
G1 X136.935 Y117.391 E.01605
G1 X138.061 Y116.266 E.04793
G1 E-.728 F1800
;WIPE_START
G1 F30000
G1 X137.213 Y117.114 E-.072
;WIPE_END
G1 X142.325 Y122.781 Z1.6
G1 X145.685 Y126.506 Z1.6
G1 Z1.2
G1 E.8 F1800
;WIDTH:0.419999
G1 F15000
G1 X147.006 Y126.506 E.03975
G1 X147.006 Y125.185 E.03975
G1 X145.714 Y126.478 E.05502
G1 E-.728 F1800
;WIPE_START
G1 F30000
G1 X146.562 Y125.629 E-.072
;WIPE_END
G1 X146.644 Y126.076 Z1.6
G1 Z1.2
G1 E.8 F1800
;WIDTH:0.439292
G1 F15000
G1 X146.57 Y126.119 E.00272
G1 X146.649 Y126.154 E.00274
G1 E-.78967 F1800
;WIPE_START
G1 F30000
G1 X146.57 Y126.119 E-.00518
G1 X146.644 Y126.076 E-.00515
;WIPE_END
G1 X152.967 Y121.802 Z1.6
G1 X161.398 Y116.102 Z1.6
G1 Z1.2
G1 E.8 F1800
;TYPE:Inner wall
;WIDTH:0.45
G1 F12000
G1 X161.398 Y126.898 E.35446
G1 X150.602 Y126.898 E.35446
G1 X150.602 Y116.102 E.35446
G1 X161.358 Y116.102 E.35315
SET_VELOCITY_LIMIT ACCEL=2000
G1 X161.79 Y115.71 F30000
;TYPE:Outer wall
;WIDTH:0.42
G1 F7200
G1 X161.79 Y127.29 E.35219
G1 X150.21 Y127.29 E.35219
G1 X150.21 Y115.71 E.35219
G1 X161.75 Y115.71 E.35097
G1 E-.728 F1800
;WIPE_START
G1 F30000
G1 X161.754 Y116.91 E-.072
;WIPE_END
G1 X161.245 Y124.525 Z1.6
G1 X161.234 Y124.69 Z1.6
G1 Z1.2
G1 E.8 F1800
SET_VELOCITY_LIMIT ACCEL=3000
;TYPE:Internal solid infill
;WIDTH:0.419999
G1 F15000
G1 X159.36 Y126.565 E.08062
G1 X158.827 Y126.565 E.01621
G1 X161.065 Y124.327 E.09626
G1 X161.065 Y123.793 E.01621
G1 X158.293 Y126.565 E.11919
G1 X157.76 Y126.565 E.01621
G1 X161.065 Y123.26 E.14213
G1 X161.065 Y122.727 E.01621
G1 X157.227 Y126.565 E.16507
G1 X156.694 Y126.565 E.01621
G1 X161.065 Y122.194 E.188
G1 X161.065 Y121.66 E.01621
G1 X156.16 Y126.565 E.21094
G1 X155.627 Y126.565 E.01621
G1 X161.065 Y121.127 E.23388
G1 X161.065 Y120.594 E.01621
G1 X155.094 Y126.565 E.25682
G1 X154.561 Y126.565 E.01621
G1 X161.065 Y120.061 E.27976
G1 X161.065 Y119.527 E.01621
G1 X154.027 Y126.565 E.30268
G1 X153.494 Y126.565 E.01621
G1 X161.065 Y118.994 E.32562
G1 X161.065 Y118.461 E.01621
G1 X152.961 Y126.565 E.34856
G1 X152.427 Y126.565 E.01621
G1 X161.065 Y117.927 E.3715
G1 X161.065 Y117.394 E.01621
G1 X151.894 Y126.565 E.39444
G1 X151.361 Y126.565 E.01621
G1 X161.065 Y116.861 E.41737
G1 X161.065 Y116.435 E.01294
G1 X160.957 Y116.435 E.00328
G1 X150.935 Y126.457 E.43104
G1 X150.935 Y125.924 E.01621
G1 X160.424 Y116.435 E.40811
G1 X159.89 Y116.435 E.01621
G1 X150.935 Y125.39 E.38517
G1 X150.935 Y124.857 E.01621
G1 X159.357 Y116.435 E.36223
G1 X158.824 Y116.435 E.01621
G1 X150.935 Y124.324 E.3393
G1 X150.935 Y123.791 E.01621
G1 X158.291 Y116.435 E.31636
G1 X157.757 Y116.435 E.01621
G1 X150.935 Y123.257 E.29343
G1 X150.935 Y122.724 E.01621
G1 X157.224 Y116.435 E.27049
G1 X156.691 Y116.435 E.01621
G1 X150.935 Y122.191 E.24755
G1 X150.935 Y121.658 E.01621
G1 X156.158 Y116.435 E.22461
G1 X155.624 Y116.435 E.01621
G1 X150.935 Y121.124 E.20167
G1 X150.935 Y120.591 E.01621
G1 X155.091 Y116.435 E.17874
G1 X154.558 Y116.435 E.01621
G1 X150.935 Y120.058 E.15581
G1 X150.935 Y119.524 E.01621
G1 X154.024 Y116.435 E.13287
G1 X153.491 Y116.435 E.01621
G1 X150.935 Y118.991 E.10993
G1 X150.935 Y118.458 E.01621
G1 X152.958 Y116.435 E.08699
G1 X152.425 Y116.435 E.01621
G1 X150.935 Y117.925 E.06406
G1 X150.935 Y117.391 E.01621
G1 X152.061 Y116.266 E.04842
G1 E-.728 F1800
;WIPE_START
G1 F30000
G1 X151.213 Y117.114 E-.072
;WIPE_END
G1 X151.03 Y116.462 Z1.6
G1 Z1.2
G1 E.8 F1800
;WIDTH:0.44258
G1 F15000
G1 X150.955 Y116.505 E.00279
G1 X151.035 Y116.54 E.00281
G1 E-.78958 F1800
;WIPE_START
G1 F30000
G1 X150.955 Y116.505 E-.00523
G1 X151.03 Y116.462 E-.00519
;WIPE_END
G1 X156.013 Y122.244 Z1.6
G1 X159.685 Y126.506 Z1.6
G1 Z1.2
G1 E.8 F1800
;WIDTH:0.419999
G1 F15000
G1 X161.006 Y126.506 E.04015
G1 X161.006 Y125.185 E.04015
G1 X159.714 Y126.478 E.05557
G1 E-.728 F1800
;WIPE_START
G1 F30000
G1 X160.562 Y125.629 E-.072
;WIPE_END
G1 X160.644 Y126.076 Z1.6
G1 Z1.2
G1 E.8 F1800
;WIDTH:0.439292
G1 F15000
G1 X160.57 Y126.119 E.00274
G1 X160.649 Y126.154 E.00277
G1 E-.78967 F1800
;WIPE_START
G1 F30000
G1 X160.57 Y126.119 E-.00518
G1 X160.644 Y126.076 E-.00515
;WIPE_END
G1 X164.602 Y126.898 Z1.6
G1 Z1.2
G1 E.8 F1800
;TYPE:Inner wall
;WIDTH:0.45
G1 F12000
G1 X164.602 Y116.102 E.358
G1 X175.398 Y116.102 E.358
G1 X175.398 Y126.898 E.358
G1 X164.642 Y126.898 E.35668
SET_VELOCITY_LIMIT ACCEL=2000
G1 X164.21 Y127.29 F30000
;TYPE:Outer wall
;WIDTH:0.42
G1 F7200
G1 X164.21 Y115.71 E.35572
G1 X175.79 Y115.71 E.35572
G1 X175.79 Y127.29 E.35572
G1 X164.25 Y127.29 E.35448
G1 E-.728 F1800
;WIPE_START
G1 F30000
G1 X164.246 Y126.09 E-.072
;WIPE_END
G1 X171.871 Y126.426 Z1.6
G1 X173.685 Y126.506 Z1.6
G1 Z1.2
G1 E.8 F1800
SET_VELOCITY_LIMIT ACCEL=3000
;TYPE:Internal solid infill
;WIDTH:0.419999
G1 F15000
G1 X175.006 Y126.506 E.04055
G1 X175.006 Y125.185 E.04055
G1 X173.714 Y126.478 E.05613
G1 E-.728 F1800
;WIPE_START
G1 F30000
G1 X174.562 Y125.629 E-.072
;WIPE_END
G1 X174.644 Y126.076 Z1.6
G1 Z1.2
G1 E.8 F1800
;WIDTH:0.439292
G1 F15000
G1 X174.57 Y126.119 E.00277
G1 X174.649 Y126.154 E.00279
G1 E-.78967 F1800
;WIPE_START
G1 F30000
G1 X174.57 Y126.119 E-.00518
G1 X174.644 Y126.076 E-.00515
;WIPE_END
G1 X175.234 Y124.69 Z1.6
G1 Z1.2
G1 E.8 F1800
;WIDTH:0.419999
G1 F15000
G1 X173.36 Y126.565 E.08143
G1 X172.827 Y126.565 E.01638
G1 X175.065 Y124.327 E.09722
G1 X175.065 Y123.793 E.01638
G1 X172.293 Y126.565 E.12039
G1 X171.76 Y126.565 E.01638
G1 X175.065 Y123.26 E.14355
G1 X175.065 Y122.727 E.01638
G1 X171.227 Y126.565 E.16672
G1 X170.694 Y126.565 E.01638
G1 X175.065 Y122.194 E.18988
G1 X175.065 Y121.66 E.01638
G1 X170.16 Y126.565 E.21305
G1 X169.627 Y126.565 E.01638
G1 X175.065 Y121.127 E.23622
G1 X175.065 Y120.594 E.01638
M73 P66 R8
G1 X169.094 Y126.565 E.25938
G1 X168.561 Y126.565 E.01638
G1 X175.065 Y120.061 E.28255
G1 X175.065 Y119.527 E.01638
G1 X168.027 Y126.565 E.30571
G1 X167.494 Y126.565 E.01638
G1 X175.065 Y118.994 E.32888
G1 X175.065 Y118.461 E.01638
G1 X166.961 Y126.565 E.35205
G1 X166.427 Y126.565 E.01638
G1 X175.065 Y117.927 E.37521
G1 X175.065 Y117.394 E.01638
G1 X165.894 Y126.565 E.39838
G1 X165.361 Y126.565 E.01638
G1 X175.065 Y116.861 E.42154
G1 X175.065 Y116.435 E.01307
G1 X174.957 Y116.435 E.00331
G1 X164.935 Y126.457 E.43535
G1 X164.935 Y125.924 E.01638
G1 X174.424 Y116.435 E.41219
G1 X173.89 Y116.435 E.01638
G1 X164.935 Y125.39 E.38903
G1 X164.935 Y124.857 E.01638
G1 X173.357 Y116.435 E.36586
G1 X172.824 Y116.435 E.01638
G1 X164.935 Y124.324 E.34269
G1 X164.935 Y123.791 E.01638
G1 X172.291 Y116.435 E.31952
G1 X171.757 Y116.435 E.01638
G1 X164.935 Y123.257 E.29636
G1 X164.935 Y122.724 E.01638
G1 X171.224 Y116.435 E.27319
G1 X170.691 Y116.435 E.01638
G1 X164.935 Y122.191 E.25003
G1 X164.935 Y121.658 E.01638
G1 X170.158 Y116.435 E.22686
G1 X169.624 Y116.435 E.01638
G1 X164.935 Y121.124 E.20369
G1 X164.935 Y120.591 E.01638
G1 X169.091 Y116.435 E.18053
G1 X168.558 Y116.435 E.01638
G1 X164.935 Y120.058 E.15736
G1 X164.935 Y119.524 E.01638
G1 X168.024 Y116.435 E.1342
G1 X167.491 Y116.435 E.01638
G1 X164.935 Y118.991 E.11103
G1 X164.935 Y118.458 E.01638
G1 X166.958 Y116.435 E.08786
G1 X166.425 Y116.435 E.01638
G1 X164.935 Y117.925 E.0647
G1 X164.935 Y117.391 E.01638
G1 X166.061 Y116.266 E.0489
G1 E-.728 F1800
;WIPE_START
G1 F30000
G1 X165.213 Y117.114 E-.072
;WIPE_END
G1 X165.03 Y116.462 Z1.6
G1 Z1.2
G1 E.8 F1800
;WIDTH:0.44258
G1 F15000
G1 X164.955 Y116.505 E.00281
G1 X165.035 Y116.54 E.00283
G1 E-.78958 F1800
;WIPE_START
G1 F30000
G1 X164.955 Y116.505 E-.00523
G1 X165.03 Y116.462 E-.00519
;WIPE_END
G1 X164.889 Y124.093 Z1.6
M73 P67 R8
G1 X164.63 Y138.13 Z1.6
G1 Z1.2
G1 E.8 F1800
SET_VELOCITY_LIMIT ACCEL=2000
;TYPE:Outer wall
;WIDTH:0.42
G1 F7200
G1 X167.37 Y138.13 E.08167
G1 X167.37 Y140.87 E.08167
G1 X164.63 Y140.87 E.08167
G1 X164.63 Y138.17 E.08047
G1 X164.21 Y137.71 F30000
G1 F7200
G1 X167.79 Y137.71 E.1067
G1 X167.79 Y141.29 E.1067
G1 X164.21 Y141.29 E.1067
G1 X164.21 Y137.75 E.10551
G1 E-1.092 F1800
;WIPE_START
G1 F30000
G1 X165.41 Y137.737 E-.108
;WIPE_END
G1 X164.997 Y145.358 Z1.6
G1 X164.63 Y152.13 Z1.6
G1 Z1.2
G1 E1.2 F1800 ; CC2_CARD retract 1.2
G1 F7200
G1 X167.37 Y152.13 E.08167
G1 X167.37 Y154.87 E.08167
G1 X164.63 Y154.87 E.08167
G1 X164.63 Y152.17 E.08047
G1 X164.21 Y151.71 F30000
G1 F7200
G1 X167.79 Y151.71 E.1067
G1 X167.79 Y155.29 E.1067
G1 X164.21 Y155.29 E.1067
G1 X164.21 Y151.75 E.10551
G1 E-1.092 F1800
;WIPE_START
G1 F30000
G1 X165.41 Y151.737 E-.108
;WIPE_END
G1 X157.779 Y151.888 Z1.6
G1 X145.63 Y152.13 Z1.6
G1 Z1.2
G1 E1.2 F1800 ; CC2_CARD retract 1.2
G1 F7200
G1 X148.37 Y152.13 E.08167
G1 X148.37 Y154.87 E.08167
G1 X145.63 Y154.87 E.08167
G1 X145.63 Y152.17 E.08047
G1 E-.91 F1800
;WIPE_START
G1 F30000
G1 X146.83 Y152.152 E-.09
;WIPE_END
G1 X148.79 Y151.71 Z1.6
G1 Z1.2
G1 E1 F1800 ; CC2_CARD retract 1.0
G1 F7200
G1 X148.79 Y155.29 E.1067
G1 X145.21 Y155.29 E.1067
G1 X145.21 Y151.71 E.1067
G1 X148.75 Y151.71 E.10551
G1 E-.91 F1800
;WIPE_START
G1 F30000
G1 X148.763 Y152.91 E-.09
;WIPE_END
G1 X147.18 Y145.443 Z1.6
G1 X145.63 Y138.13 Z1.6
G1 Z1.2
G1 E1 F1800 ; CC2_CARD retract 1.0
G1 F7200
G1 X148.37 Y138.13 E.08167
G1 X148.37 Y140.87 E.08167
G1 X145.63 Y140.87 E.08167
G1 X145.63 Y138.17 E.08047
G1 X145.21 Y137.71 F30000
G1 F7200
G1 X148.79 Y137.71 E.1067
G1 X148.79 Y141.29 E.1067
G1 X145.21 Y141.29 E.1067
G1 X145.21 Y137.75 E.10551
G1 E-.91 F1800
;WIPE_START
G1 F30000
G1 X146.41 Y137.737 E-.09
;WIPE_END
G1 X138.78 Y137.913 Z1.6
G1 X129.37 Y138.13 Z1.6
G1 Z1.2
G1 E1 F1800 ; CC2_CARD retract 1.0
G1 F7200
G1 X129.37 Y140.87 E.08167
G1 X126.63 Y140.87 E.08167
G1 X126.63 Y138.13 E.08167
G1 X129.33 Y138.13 E.08047
G1 X129.79 Y137.71 F30000
G1 F7200
G1 X129.79 Y141.29 E.1067
G1 X126.21 Y141.29 E.1067
G1 X126.21 Y137.71 E.1067
G1 X129.75 Y137.71 E.10551
G1 E-.728 F1800
;WIPE_START
G1 F30000
G1 X129.763 Y138.91 E-.072
;WIPE_END
G1 X128.003 Y146.337 Z1.6
G1 X126.63 Y152.13 Z1.6
G1 Z1.2
G1 E.8 F1800 ; CC2_CARD retract 0.8
G1 F7200
G1 X129.37 Y152.13 E.08167
G1 X129.37 Y154.87 E.08167
G1 X126.63 Y154.87 E.08167
G1 X126.63 Y152.17 E.08047
G1 X126.21 Y151.71 F30000
G1 F7200
G1 X129.79 Y151.71 E.1067
G1 X129.79 Y155.29 E.1067
G1 X126.21 Y155.29 E.1067
G1 X126.21 Y151.75 E.10551
;LAYER_CHANGE
;Z:1.4
;HEIGHT:0.2
;BEFORE_LAYER_CHANGE
;1.4
G92 E0

G1 E-.728 F1800
;WIPE_START
G1 F30000
G1 X127.41 Y151.737 E-.072
;WIPE_END
M73 L7
;LAYER:7
SET_PRINT_STATS_INFO TOTAL_LAYER=35 CURRENT_LAYER=7
;_SET_FAN_SPEED_CHANGING_LAYER

G1 X127.795 Y150.753 Z1.45714
G1 X128.804 Y150.441 Z1.51429
G1 X129.677 Y151.036 Z1.57143
G1 X129.757 Y152.089 Z1.62857
G1 X128.983 Y152.808 Z1.68571
G1 X127.938 Y152.651 Z1.74286
G1 X127.41 Y151.737 Z1.8
G1 X123.134 Y95.098 Z1.8
G1 Z1.4
G1 E.8 F1800 ; CC2_CARD retract 0.8
SET_VELOCITY_LIMIT ACCEL=3000
;TYPE:Inner wall
;WIDTH:0.45
G1 F12000
G1 X122.747 Y95.098 E.01243
G1 X120.494 Y99 E.14498
G1 X122.747 Y102.902 E.14498
G1 X127.253 Y102.902 E.14498
G1 X129.506 Y99 E.14498
G1 X128.3 Y96.911 E.0776
G1 X127.253 Y95.098 E.06738
G1 X123.174 Y95.098 E.13126
SET_VELOCITY_LIMIT ACCEL=2000
G1 X122.973 Y95.49 F30000
;TYPE:Outer wall
;WIDTH:0.42
G1 F7200
G1 X120.947 Y99 E.1208
G1 X122.973 Y102.51 E.1208
G1 X127.027 Y102.51 E.1208
G1 X129.053 Y99 E.1208
G1 X127.96 Y97.107 E.06513
G1 X127.027 Y95.49 E.05567
G1 X123.013 Y95.49 E.11961
G1 E-.728 F1800
;WIPE_START
G1 F30000
G1 X122.405 Y96.524 E-.072
;WIPE_END
G1 X117.494 Y102.367 Z1.8
G1 X117.129 Y102.802 Z1.8
G1 Z1.4
G1 E.8 F1800
SET_VELOCITY_LIMIT ACCEL=3000
;TYPE:Inner wall
;WIDTH:0.45
G1 F12000
G1 X117.195 Y102.802 E.00213
G1 X119.39 Y99 E.14126
G1 X117.195 Y95.198 E.14126
G1 X112.805 Y95.198 E.14126
G1 X110.61 Y99 E.14126
G1 X112.805 Y102.802 E.14126
G1 X117.089 Y102.802 E.13784
SET_VELOCITY_LIMIT ACCEL=2000
G1 X116.969 Y102.41 F30000
;TYPE:Outer wall
;WIDTH:0.42
G1 F7200
G1 X118.938 Y99 E.11736
G1 X116.969 Y95.59 E.11736
G1 X113.031 Y95.59 E.11736
G1 X111.062 Y99 E.11736
G1 X113.031 Y102.41 E.11736
G1 X116.929 Y102.41 E.11617
G1 E-.728 F1800
;WIPE_START
G1 F30000
G1 X117.538 Y101.376 E-.072
;WIPE_END
G1 X109.934 Y102.032 Z1.8
G1 X102.829 Y102.645 Z1.8
G1 Z1.4
G1 E.8 F1800
SET_VELOCITY_LIMIT ACCEL=3000
;TYPE:Inner wall
;WIDTH:0.45
G1 F12000
G1 X102.863 Y102.702 E.00213
G1 X107.137 Y102.702 E.13755
G1 X109.275 Y99 E.13755
G1 X107.137 Y95.298 E.13755
G1 X102.863 Y95.298 E.13755
G1 X100.725 Y99 E.13755
G1 X102.809 Y102.61 E.13413
SET_VELOCITY_LIMIT ACCEL=2000
G1 X103.089 Y102.31 F30000
;TYPE:Outer wall
;WIDTH:0.42
G1 F7200
G1 X106.911 Y102.31 E.11392
G1 X108.822 Y99 E.11392
G1 X106.911 Y95.69 E.11392
G1 X103.089 Y95.69 E.11392
G1 X101.178 Y99 E.11392
G1 X103.069 Y102.275 E.11273
G1 E-.728 F1800
;WIPE_START
G1 F30000
G1 X104.269 Y102.286 E-.072
;WIPE_END
G1 X97.042 Y102.652 Z1.8
G1 Z1.4
G1 E.8 F1800
SET_VELOCITY_LIMIT ACCEL=3000
;TYPE:Inner wall
;WIDTH:0.45
G1 F12000
G1 X97.109 Y102.652 E.00213
G1 X99.217 Y99 E.13569
G1 X97.109 Y95.348 E.13569
G1 X92.891 Y95.348 E.13569
G1 X90.783 Y99 E.13569
G1 X92.891 Y102.652 E.13569
G1 X97.002 Y102.652 E.13227
SET_VELOCITY_LIMIT ACCEL=2000
G1 X96.882 Y102.26 F30000
;TYPE:Outer wall
;WIDTH:0.42
G1 F7200
G1 X98.764 Y99 E.1122
G1 X96.882 Y95.74 E.1122
G1 X93.118 Y95.74 E.1122
G1 X91.236 Y99 E.1122
G1 X93.118 Y102.26 E.1122
G1 X96.842 Y102.26 E.111
G1 E-.728 F1800
;WIPE_START
G1 F30000
G1 X97.452 Y101.226 E-.072
;WIPE_END
G1 X89.88 Y102.192 Z1.8
G1 X87.113 Y102.545 Z1.8
G1 Z1.4
G1 E.8 F1800
SET_VELOCITY_LIMIT ACCEL=3000
;TYPE:Inner wall
;WIDTH:0.45
G1 F12000
G1 X89.159 Y99 E.1317
G1 X87.08 Y95.398 E.13383
G1 X82.92 Y95.398 E.13383
G1 X80.841 Y99 E.13383
G1 X82.92 Y102.602 E.13383
G1 X87.08 Y102.602 E.13383
G1 X87.093 Y102.579 E.00085
SET_VELOCITY_LIMIT ACCEL=2000
G1 X86.853 Y102.21 F30000
;TYPE:Outer wall
;WIDTH:0.42
G1 F7200
G1 X88.707 Y99 E.11048
G1 X86.853 Y95.79 E.11048
G1 X83.147 Y95.79 E.11048
G1 X81.293 Y99 E.11048
G1 X83.147 Y102.21 E.11048
G1 X86.813 Y102.21 E.10928
G1 E-.728 F1800
;WIPE_START
G1 F30000
G1 X87.423 Y101.176 E-.072
;WIPE_END
G1 X95.051 Y101.447 Z1.8
G1 X137.344 Y102.945 Z1.8
G1 Z1.4
G1 E.8 F1800
SET_VELOCITY_LIMIT ACCEL=3000
;TYPE:Inner wall
;WIDTH:0.45
G1 F12000
G1 X139.217 Y99.7 E.12054
G1 X139.398 Y99.749 E.00603
G1 X139.398 Y103.398 E.11742
G1 X80.602 Y103.398 E1.89185
G1 X80.602 Y94.602 E.28302
G1 X139.398 Y94.602 E1.89185
G1 X139.398 Y98.251 E.11742
G1 X139.217 Y98.3 E.00603
G1 X137.311 Y94.998 E.12268
G1 X132.689 Y94.998 E.1487
G1 X130.379 Y99 E.14869
G1 X132.689 Y103.002 E.14869
G1 X137.311 Y103.002 E.1487
G1 X137.324 Y102.979 E.00085
SET_VELOCITY_LIMIT ACCEL=2000
G1 X137.084 Y102.61 F30000
;TYPE:Outer wall
;WIDTH:0.42
G1 F7200
G1 X139.168 Y99 E.12424
G1 X137.084 Y95.39 E.12424
G1 X132.916 Y95.39 E.12424
G1 X130.832 Y99 E.12424
G1 X132.916 Y102.61 E.12424
G1 X137.044 Y102.61 E.12305
G1 E-.728 F1800
;WIPE_START
G1 F30000
G1 X137.653 Y101.576 E-.072
;WIPE_END
G1 X139.78 Y94.246 Z1.8
G1 X139.79 Y94.21 Z1.8
G1 Z1.4
G1 E.8 F1800
G1 F7200
G1 X139.79 Y103.79 E.28554
G1 X80.21 Y103.79 E1.77581
G1 X80.21 Y94.21 E.28554
G1 X139.75 Y94.21 E1.77461
G1 E-.728 F1800
M73 P68 R8
;WIPE_START
G1 F30000
G1 X139.755 Y95.41 E-.072
;WIPE_END
G1 X139.006 Y97.15 Z1.8
G1 Z1.4
G1 E.8 F1800
SET_VELOCITY_LIMIT ACCEL=3000
;TYPE:Internal solid infill
;WIDTH:0.419999
G1 F15000
G1 X139.006 Y94.994 E.06426
G1 X137.761 Y94.994 E.0371
G1 X138.986 Y97.115 E.073
G1 E-.728 F1800
;WIPE_START
G1 F30000
G1 X138.386 Y96.076 E-.072
;WIPE_END
G1 X138.584 Y95.392 Z1.8
G1 Z1.4
G1 E.8 F1800
;WIDTH:0.577008
G1 F12408.803
G1 X138.517 Y95.392 E.00282
G1 X138.484 Y95.45 E.00282
G1 X138.517 Y95.508 E.00282
G1 X138.584 Y95.508 E.00282
G1 X138.597 Y95.484 E.00113
G1 E-.78237 F1800
;WIPE_START
G1 F30000
G1 X138.584 Y95.508 E-.00161
G1 X138.517 Y95.508 E-.00401
G1 X138.484 Y95.45 E-.00401
G1 X138.517 Y95.392 E-.00401
G1 X138.584 Y95.392 E-.00401
;WIPE_END
G1 X139.487 Y98.43 Z1.8
G1 Z1.4
G1 E.8 F1800
;TYPE:Gap infill
;WIDTH:0.256347
G1 F15000
G1 X139.487 Y99.57 E.01922
G1 E-.73163 F1800
;WIPE_START
G1 F30000
G1 X139.487 Y98.43 E-.06837
;WIPE_END
G1 X137.761 Y103.006 Z1.8
G1 Z1.4
G1 E.8 F1800
;TYPE:Internal solid infill
;WIDTH:0.419999
G1 F15000
G1 X139.006 Y103.006 E.0371
G1 X139.006 Y100.85 E.06426
G1 X137.781 Y102.971 E.073
G1 E-.728 F1800
;WIPE_START
G1 F30000
G1 X138.381 Y101.932 E-.072
;WIPE_END
G1 X138.584 Y102.492 Z1.8
G1 Z1.4
G1 E.8 F1800
;WIDTH:0.57701
G1 F12408.758
G1 X138.517 Y102.492 E.00282
G1 X138.483 Y102.55 E.00282
G1 X138.517 Y102.608 E.00282
G1 X138.584 Y102.608 E.00282
G1 X138.597 Y102.585 E.00113
G1 E-.78237 F1800
;WIPE_START
G1 F30000
G1 X138.584 Y102.608 E-.00161
G1 X138.517 Y102.608 E-.00401
G1 X138.483 Y102.55 E-.00401
G1 X138.517 Y102.492 E-.00401
G1 X138.584 Y102.492 E-.00401
;WIPE_END
G1 X130.953 Y102.657 Z1.8
G1 X130.229 Y102.673 Z1.8
G1 Z1.4
G1 E.8 F1800
;TYPE:Sparse infill
;WIDTH:0.45
G1 F12000
G1 X128.6 Y102.673 E.05239
G1 X128.361 Y102.433 E.01089
G1 X128.56 Y102.088 E.01281
G1 X130.954 Y101.447 E.07974
G1 X130.14 Y100.037 E.05239
G1 E-.728 F1800
;WIPE_START
G1 F30000
G1 X130.74 Y101.076 E-.072
;WIPE_END
G1 X127.87 Y103.035 Z1.8
G1 Z1.4
G1 E.8 F1800
;TYPE:Internal solid infill
;WIDTH:0.384187
G1 F15000
G1 X127.736 Y103.007 E.00371
G1 X127.72 Y102.821 E.00503
G1 X129.804 Y99.208 E.11252
;WIDTH:0.40511
G1 X129.873 Y99.141 E.00276
;WIDTH:0.434697
G1 X129.942 Y99.073 E.00299
G1 X130.08 Y99.208 E.00597
;WIDTH:0.38292
G1 X132.152 Y102.797 E.11136
;WIDTH:0.404016
G1 X132.175 Y102.889 E.00273
;WIDTH:0.432869
G1 X132.198 Y102.982 E.00295
G1 X132.042 Y103.034 E.00507
;WIDTH:0.38292
G1 X127.91 Y103.035 E.11103
G1 E-.728 F1800
;WIPE_START
G1 F30000
G1 X129.11 Y103.035 E-.072
;WIPE_END
G1 X129.942 Y98.927 Z1.8
G1 Z1.4
G1 E.8 F1800
;WIDTH:0.44949
G1 F15000
G1 X130.011 Y98.859 E.0031
;WIDTH:0.383422
G1 X130.08 Y98.792 E.00259
G1 X132.165 Y95.179 E.11227
;WIDTH:0.404016
G1 X132.181 Y95.098 E.00235
;WIDTH:0.431455
G1 X132.198 Y95.018 E.00253
G1 X132.014 Y94.965 E.00587
;WIDTH:0.383474
G1 X127.843 Y94.966 E.11229
G1 X127.736 Y94.993 E.00297
G1 X127.709 Y95.153 E.00435
G1 X129.804 Y98.792 E.11304
;WIDTH:0.40511
G1 X129.859 Y98.845 E.00219
;WIDTH:0.4273
G1 X129.914 Y98.899 E.00232
G1 E-.79542 F1800
;WIPE_START
G1 F30000
G1 X129.859 Y98.845 E-.00458
;WIPE_END
G1 X127.345 Y94.85 Z1.8
G1 Z1.4
G1 E.8 F1800
;TYPE:Gap infill
;WIDTH:0.13168
G1 F15000
G1 X122.655 Y94.85 E.0329
G1 E-.728 F1800
;WIPE_START
G1 F30000
G1 X123.855 Y94.85 E-.072
;WIPE_END
G1 X120.099 Y95.327 Z1.8
G1 Z1.4
G1 E.8 F1800
;TYPE:Sparse infill
;WIDTH:0.45
G1 F12000
G1 X121.255 Y95.327 E.03722
G1 X121.586 Y95.658 E.01505
G1 X121.675 Y95.505 E.00571
G1 X118.674 Y96.309 E.09996
G1 X118.355 Y95.757 E.02051
G1 X118.47 Y95.327 E.01429
G1 X120.099 Y95.327 E.05239
G1 E-.728 F1800
;WIPE_START
G1 F30000
G1 X118.899 Y95.327 E-.072
;WIPE_END
G1 X117.258 Y94.9 Z1.8
G1 Z1.4
G1 E.8 F1800
;TYPE:Gap infill
;WIDTH:0.231688
G1 F15000
G1 X112.742 Y94.9 E.06739
G1 E-.728 F1800
;WIPE_START
G1 F30000
G1 X113.942 Y94.9 E-.072
;WIPE_END
G1 X111.839 Y95.327 Z1.8
G1 Z1.4
G1 E.8 F1800
;TYPE:Sparse infill
;WIDTH:0.45
G1 F12000
G1 X111.893 Y95.327 E.00172
G1 X111.105 Y96.691 E.05067
G1 X109.741 Y95.327 E.06206
G1 X110.041 Y95.327 E.00965
G1 X109.392 Y97.752 E.08076
G1 X109.914 Y98.656 E.03359
G1 X109.981 Y98.638 E.00225
G1 X110.795 Y97.228 E.05239
G1 E-.728 F1800
;WIPE_START
G1 F30000
G1 X110.195 Y98.267 E-.072
;WIPE_END
G1 X108.958 Y101 Z1.8
G1 Z1.4
G1 E.8 F1800
G1 F12000
G1 X108.144 Y102.41 E.05239
G1 X108.073 Y102.673 E.00875
G1 X109.702 Y102.673 E.05239
G1 E-.728 F1800
;WIPE_START
G1 F30000
G1 X108.502 Y102.673 E-.072
;WIPE_END
G1 X107.172 Y103.05 Z1.8
G1 Z1.4
G1 E.8 F1800
;TYPE:Gap infill
;WIDTH:0.331686
G1 F15000
G1 X102.828 Y103.05 E.09913
G1 X102.438 Y103.008 F30000
;TYPE:Internal solid infill
;WIDTH:0.383892
G1 F15000
G1 X102.463 Y102.741 E.00723
G1 X100.352 Y99.08 E.1139
G1 X100.314 Y98.987 E.00271
G1 X102.444 Y95.297 E.11483
G1 X102.466 Y95.124 E.0047
G1 X102.438 Y94.992 E.00363
G1 X102.307 Y94.965 E.00363
G1 X97.622 Y94.966 E.12625
G1 X97.518 Y94.992 E.00289
G1 X97.494 Y95.284 E.0079
G1 X99.59 Y98.92 E.11312
G1 X99.628 Y99.013 E.00271
G1 X97.512 Y102.678 E.11405
G1 X97.492 Y102.904 E.0061
G1 X97.518 Y103.008 E.00289
G1 X97.65 Y103.035 E.00363
G1 X102.334 Y103.034 E.12625
G1 X102.4 Y103.018 E.00182
G1 E-.728 F1800
;WIPE_START
G1 F30000
G1 X102.334 Y103.034 E-.00404
G1 X101.202 Y103.034 E-.06796
;WIPE_END
G1 X101.273 Y102.673 Z1.8
G1 Z1.4
G1 E.8 F1800
;TYPE:Sparse infill
;WIDTH:0.45
G1 F12000
G1 X99.644 Y102.673 E.05239
G1 X100.394 Y99.877 E.09314
G1 X101.059 Y101.029 E.0428
G1 X98.485 Y101.718 E.08573
G1 X99.299 Y100.308 E.05239
G1 E-.728 F1800
;WIPE_START
G1 F30000
G1 X98.699 Y101.347 E-.072
;WIPE_END
G1 X97.128 Y103.025 Z1.8
G1 Z1.4
G1 E.8 F1800
;TYPE:Gap infill
;WIDTH:0.38168
G1 F15000
G1 X92.872 Y103.025 E.11397
G1 X92.482 Y103.008 F30000
;TYPE:Internal solid infill
;WIDTH:0.383944
G1 F15000
G1 X92.506 Y102.716 E.0079
G1 X90.41 Y99.08 E.11314
G1 X90.372 Y98.987 E.00271
G1 X92.488 Y95.322 E.11407
G1 X92.509 Y95.124 E.00537
G1 X92.482 Y94.992 E.00363
G1 X92.35 Y94.965 E.00363
G1 X87.579 Y94.966 E.1286
G1 X87.475 Y94.992 E.00289
G1 X87.45 Y95.309 E.00857
G1 X89.532 Y98.92 E.11236
G1 X89.57 Y99.013 E.00271
G1 X87.469 Y102.653 E.11329
G1 X87.449 Y102.904 E.00678
G1 X87.475 Y103.008 E.00289
G1 X87.607 Y103.035 E.00363
G1 X92.378 Y103.034 E.1286
G1 X92.443 Y103.018 E.00182
G1 E-.728 F1800
;WIPE_START
G1 F30000
G1 X92.378 Y103.034 E-.00404
G1 X91.245 Y103.034 E-.06796
;WIPE_END
G1 X89.587 Y102.673 Z1.8
G1 Z1.4
G1 E.8 F1800
;TYPE:Sparse infill
;WIDTH:0.45
G1 F12000
G1 X91.216 Y102.673 E.05239
G1 X91.485 Y101.667 E.0335
G1 X90.671 Y100.257 E.05239
G1 E-.728 F1800
;WIPE_START
G1 F30000
G1 X91.271 Y101.296 E-.072
;WIPE_END
G1 X90.921 Y97.31 Z1.8
G1 Z1.4
G1 E.8 F1800
G1 F12000
G1 X90.107 Y98.721 E.05239
G1 X89.465 Y98.079 E.02919
G1 X88.279 Y96.024 E.07636
G1 X90.879 Y95.327 E.08662
G1 X92.066 Y95.327 E.03819
G1 X91.845 Y95.71 E.01421
G1 E-.728 F1800
;WIPE_START
G1 F30000
G1 X92.066 Y95.327 E-.02649
G1 X91.307 Y95.327 E-.04551
;WIPE_END
G1 X92.872 Y94.975 Z1.8
G1 Z1.4
G1 E.8 F1800
;TYPE:Gap infill
;WIDTH:0.38168
G1 F15000
G1 X97.128 Y94.975 E.11397
G1 E-.728 F1800
;WIPE_START
G1 F30000
G1 X95.928 Y94.975 E-.072
;WIPE_END
G1 X98.602 Y96.484 Z1.8
G1 Z1.4
G1 E.8 F1800
;TYPE:Sparse infill
;WIDTH:0.45
G1 F12000
G1 X97.934 Y95.327 E.04296
G1 X98.227 Y95.327 E.00943
G1 X100.624 Y97.724 E.10906
G1 X101.27 Y96.605 E.04157
G1 X101.613 Y95.327 E.04257
G1 X99.984 Y95.327 E.05239
G1 E-.728 F1800
;WIPE_START
G1 F30000
G1 X101.184 Y95.327 E-.072
;WIPE_END
G1 X102.828 Y94.95 Z1.8
G1 Z1.4
G1 E.8 F1800
;TYPE:Gap infill
;WIDTH:0.331686
G1 F15000
G1 X107.172 Y94.95 E.09913
G1 E-.728 F1800
;WIPE_START
G1 F30000
G1 X105.972 Y94.95 E-.072
;WIPE_END
G1 X110.71 Y100.934 Z1.8
G1 X112.352 Y103.008 Z1.8
G1 Z1.4
G1 E.8 F1800
;TYPE:Internal solid infill
;WIDTH:0.383812
G1 F15000
G1 X112.376 Y102.791 E.00589
G1 X110.237 Y99.08 E.11543
G1 X110.199 Y98.987 E.00271
G1 X112.358 Y95.247 E.11636
G1 X112.379 Y95.124 E.00336
G1 X112.352 Y94.992 E.00363
G1 X112.22 Y94.965 E.00363
G1 X107.666 Y94.966 E.12272
G1 X107.562 Y94.992 E.00289
G1 X107.537 Y95.259 E.00723
G1 X109.648 Y98.92 E.11387
G1 X109.686 Y99.013 E.00271
G1 X107.556 Y102.703 E.1148
G1 X107.535 Y102.904 E.00543
G1 X107.562 Y103.008 E.00289
G1 X107.693 Y103.035 E.00363
G1 X112.248 Y103.034 E.12272
G1 X112.313 Y103.018 E.00181
G1 X112.742 Y103.1 F30000
;TYPE:Gap infill
;WIDTH:0.231688
G1 F15000
G1 X117.258 Y103.1 E.06739
G1 E-.728 F1800
;WIPE_START
G1 F30000
G1 X116.058 Y103.1 E-.072
;WIPE_END
G1 X122.157 Y103.034 Z1.8
G1 Z1.4
G1 E.8 F1800
;TYPE:Internal solid infill
;WIDTH:0.383723
G1 F15000
G1 X122.264 Y103.007 E.00297
G1 X122.291 Y102.847 E.00436
G1 X120.121 Y99.08 E.11712
G1 X120.084 Y98.985 E.00275
G1 X122.267 Y95.203 E.11761
G1 X122.291 Y95.119 E.00235
G1 X122.264 Y94.993 E.00347
G1 X122.13 Y94.965 E.0037
G1 X117.752 Y94.966 E.11792
G1 X117.648 Y94.992 E.00289
G1 X117.624 Y95.209 E.00588
G1 X119.763 Y98.92 E.1154
G1 X119.8 Y99.015 E.00275
G1 X117.642 Y102.753 E.11626
G1 X117.622 Y102.904 E.00409
G1 X117.648 Y103.008 E.00289
G1 X117.78 Y103.035 E.00363
G1 X122.117 Y103.034 E.11684
G1 X122.655 Y103.15 F30000
;TYPE:Gap infill
;WIDTH:0.13168
G1 F15000
G1 X127.345 Y103.15 E.0329
G1 E-.728 F1800
;WIPE_START
G1 F30000
G1 X126.145 Y103.15 E-.072
;WIPE_END
G1 X118.512 Y103.121 Z1.8
G1 X87.085 Y103 Z1.8
G1 Z1.4
G1 E.8 F1800
;WIDTH:0.431684
G1 F15000
G1 X82.915 Y103 E.12814
G1 X82.523 Y103.006 F30000
;TYPE:Internal solid infill
;WIDTH:0.419999
G1 F15000
G1 X82.49 Y102.642 E.0109
G1 X80.994 Y100.05 E.0892
G1 X80.994 Y103.006 E.0881
G1 X82.483 Y103.006 E.04438
G1 X81.996 Y102.599 F30000
;WIDTH:0.479026
G1 F15000
G1 X81.401 Y101.567 E.04107
G1 X81.401 Y102.599 E.03557
G1 X81.956 Y102.599 E.01916
G1 E-.728 F1800
;WIPE_START
G1 F30000
G1 X81.401 Y102.599 E-.03334
G1 X81.401 Y101.955 E-.03866
;WIPE_END
G1 X80.994 Y97.95 Z1.8
G1 Z1.4
G1 E.8 F1800
;WIDTH:0.419999
G1 F15000
G1 X82.523 Y95.302 E.09113
G1 X82.523 Y94.994 E.00918
G1 X80.994 Y94.994 E.04557
G1 X80.994 Y97.91 E.08691
G1 E-.728 F1800
;WIPE_START
G1 F30000
G1 X80.994 Y96.71 E-.072
;WIPE_END
G1 X81.401 Y96.433 Z1.8
G1 Z1.4
G1 E.8 F1800
;WIDTH:0.479025
G1 F15000
G1 X81.996 Y95.401 E.04107
G1 X81.401 Y95.401 E.02054
G1 X81.401 Y96.393 E.03419
G1 E-.728 F1800
;WIPE_START
G1 F30000
G1 X81.401 Y95.401 E-.05951
G1 X81.609 Y95.401 E-.01249
;WIPE_END
G1 X82.915 Y95 Z1.8
G1 Z1.4
G1 E.8 F1800
;TYPE:Gap infill
;WIDTH:0.431684
G1 F15000
G1 X87.085 Y95 E.12814
G1 E-.728 F1800
;WIPE_START
G1 F30000
G1 X85.885 Y95 E-.072
;WIPE_END
G1 X89.321 Y101.815 Z1.8
G1 X107.63 Y138.13 Z1.8
G1 Z1.4
G1 E.8 F1800
SET_VELOCITY_LIMIT ACCEL=2000
;TYPE:Outer wall
;WIDTH:0.42
G1 F7200
G1 X110.37 Y138.13 E.08167
G1 X110.37 Y140.87 E.08167
G1 X107.63 Y140.87 E.08167
G1 X107.63 Y138.17 E.08047
G1 X107.21 Y137.71 F30000
G1 F7200
G1 X110.79 Y137.71 E.1067
G1 X110.79 Y141.29 E.1067
G1 X107.21 Y141.29 E.1067
G1 X107.21 Y137.75 E.10551
G1 E-.546 F1800
;WIPE_START
G1 F30000
G1 X108.41 Y137.737 E-.054
;WIPE_END
G1 X107.997 Y145.358 Z1.8
G1 X107.63 Y152.13 Z1.8
G1 Z1.4
G1 E.6 F1800 ; CC2_CARD retract 0.6
G1 F7200
G1 X110.37 Y152.13 E.08167
G1 X110.37 Y154.87 E.08167
G1 X107.63 Y154.87 E.08167
G1 X107.63 Y152.17 E.08047
G1 E-.546 F1800
;WIPE_START
G1 F30000
G1 X108.83 Y152.152 E-.054
;WIPE_END
G1 X110.79 Y151.71 Z1.8
G1 Z1.4
G1 E.6 F1800 ; CC2_CARD retract 0.6
G1 F7200
G1 X110.79 Y155.29 E.1067
G1 X107.21 Y155.29 E.1067
G1 X107.21 Y151.71 E.1067
G1 X110.75 Y151.71 E.10551
G1 E-.546 F1800
;WIPE_START
G1 F30000
G1 X110.763 Y152.91 E-.054
;WIPE_END
G1 X104.55 Y157.343 Z1.8
G1 X101.384 Y159.602 Z1.8
G1 Z1.4
G1 E.6 F1800 ; CC2_CARD retract 0.6
SET_VELOCITY_LIMIT ACCEL=3000
;TYPE:Inner wall
;WIDTH:0.45
G1 F12000
G1 X101.532 Y159.858 E.00952
G1 X102.769 Y162 E.07958
G1 X101.384 Y164.398 E.08909
G1 X98.616 Y164.398 E.08909
G1 X97.231 Y162 E.08909
G1 X98.616 Y159.602 E.08909
G1 X101.344 Y159.602 E.08781
SET_VELOCITY_LIMIT ACCEL=2000
G1 X101.611 Y159.21 F30000
;TYPE:Outer wall
;WIDTH:0.42
G1 F7200
G1 X101.872 Y159.662 E.01556
G1 X103.222 Y162 E.08046
G1 X101.611 Y164.79 E.09602
G1 X98.389 Y164.79 E.09602
G1 X96.778 Y162 E.09602
G1 X98.389 Y159.21 E.09602
G1 X101.571 Y159.21 E.09483
G1 E-.728 F1800
;WIPE_START
G1 F30000
G1 X101.872 Y159.662 E-.03259
G1 X102.2 Y160.231 E-.03941
;WIPE_END
G1 X101.434 Y163.616 Z1.8
G1 Z1.4
G1 E.8 F1800
SET_VELOCITY_LIMIT ACCEL=3000
;TYPE:Sparse infill
;WIDTH:0.45
G1 F12000
G1 X101.183 Y164.05 E.01612
G1 X100.056 Y164.05 E.03627
G1 X101.155 Y159.95 E.13656
G1 X101.183 Y159.95 E.00093
G1 X101.207 Y159.991 E.00149
G1 X98.352 Y160.755 E.0951
G1 X97.633 Y162 E.04624
G1 X97.729 Y162.166 E.00615
G1 E-.728 F1800
;WIPE_START
G1 F30000
G1 X97.633 Y162 E-.01148
G1 X98.138 Y161.126 E-.06052
;WIPE_END
G1 X92.594 Y155.881 Z1.8
G1 X88.63 Y152.13 Z1.8
G1 Z1.4
G1 E.8 F1800
SET_VELOCITY_LIMIT ACCEL=2000
;TYPE:Outer wall
;WIDTH:0.42
G1 F7200
G1 X91.37 Y152.13 E.08167
G1 X91.37 Y154.87 E.08167
M73 P69 R8
G1 X88.63 Y154.87 E.08167
G1 X88.63 Y152.17 E.08047
G1 X88.21 Y151.71 F30000
G1 F7200
G1 X91.79 Y151.71 E.1067
G1 X91.79 Y155.29 E.1067
G1 X88.21 Y155.29 E.1067
G1 X88.21 Y151.75 E.10551
G1 E-.364 F1800
;WIPE_START
G1 F30000
G1 X89.41 Y151.737 E-.036
;WIPE_END
G1 X90.498 Y144.182 Z1.8
G1 X91.37 Y138.13 Z1.8
G1 Z1.4
G1 E.4 F1800 ; CC2_CARD retract 0.4
G1 F7200
G1 X91.37 Y140.87 E.08167
G1 X88.63 Y140.87 E.08167
G1 X88.63 Y138.13 E.08167
G1 X91.33 Y138.13 E.08047
G1 X91.79 Y137.71 F30000
G1 F7200
G1 X91.79 Y141.29 E.1067
G1 X88.21 Y141.29 E.1067
G1 X88.21 Y137.71 E.1067
G1 X91.75 Y137.71 E.10551
G1 E-.364 F1800
;WIPE_START
G1 F30000
G1 X91.763 Y138.91 E-.036
;WIPE_END
G1 X91.772 Y131.277 Z1.8
G1 X91.79 Y115.71 Z1.8
G1 Z1.4
G1 E.4 F1800 ; CC2_CARD retract 0.4
G1 F7200
G1 X91.79 Y127.29 E.33458
G1 X80.21 Y127.29 E.33458
G1 X80.21 Y115.71 E.33458
G1 X91.75 Y115.71 E.33342
G1 E-.728 F1800
;WIPE_START
G1 F30000
G1 X91.754 Y116.91 E-.072
;WIPE_END
G1 X90.836 Y115.899 Z1.8
G1 Z1.4
G1 E.8 F1800
SET_VELOCITY_LIMIT ACCEL=1500
;TYPE:Top surface
;WIDTH:0.421411
G1 F12000
G1 X91.432 Y116.494 E.02663
G1 X91.432 Y117.029 E.01692
G1 X90.471 Y116.068 E.04297
G1 X89.935 Y116.068 E.01692
G1 X91.432 Y117.565 E.0669
G1 X91.432 Y118.1 E.01692
G1 X89.4 Y116.068 E.09083
G1 X88.865 Y116.068 E.01692
G1 X91.432 Y118.635 E.11476
G1 X91.432 Y119.17 E.01692
G1 X88.33 Y116.068 E.13868
G1 X87.794 Y116.068 E.01692
G1 X91.432 Y119.706 E.16261
G1 X91.432 Y120.241 E.01692
G1 X87.259 Y116.068 E.18654
G1 X86.724 Y116.068 E.01692
G1 X91.432 Y120.776 E.21047
G1 X91.432 Y121.312 E.01692
G1 X86.188 Y116.068 E.2344
G1 X85.653 Y116.068 E.01692
G1 X91.432 Y121.847 E.25833
G1 X91.432 Y122.382 E.01692
G1 X85.118 Y116.068 E.28226
G1 X84.583 Y116.068 E.01692
G1 X91.432 Y122.917 E.30619
G1 X91.432 Y123.453 E.01692
G1 X84.047 Y116.068 E.33012
G1 X83.512 Y116.068 E.01692
G1 X91.432 Y123.988 E.35405
G1 X91.432 Y124.523 E.01692
G1 X82.977 Y116.068 E.37797
G1 X82.442 Y116.068 E.01692
G1 X91.432 Y125.058 E.40191
G1 X91.432 Y125.594 E.01692
G1 X81.906 Y116.068 E.42583
G1 X81.371 Y116.068 E.01692
G1 X91.432 Y126.129 E.44977
G1 X91.432 Y126.664 E.01692
G1 X80.836 Y116.068 E.47369
G1 X80.568 Y116.068 E.00846
G1 X80.568 Y116.336 E.00846
G1 X91.164 Y126.932 E.47369
G1 X90.629 Y126.932 E.01692
G1 X80.568 Y116.871 E.44976
G1 X80.568 Y117.406 E.01692
G1 X90.094 Y126.932 E.42583
G1 X89.558 Y126.932 E.01692
G1 X80.568 Y117.942 E.4019
G1 X80.568 Y118.477 E.01692
G1 X89.023 Y126.932 E.37797
G1 X88.488 Y126.932 E.01692
G1 X80.568 Y119.012 E.35404
G1 X80.568 Y119.548 E.01692
G1 X87.952 Y126.932 E.33012
G1 X87.417 Y126.932 E.01692
G1 X80.568 Y120.083 E.30618
G1 X80.568 Y120.618 E.01692
G1 X86.882 Y126.932 E.28226
G1 X86.347 Y126.932 E.01692
G1 X80.568 Y121.153 E.25832
G1 X80.568 Y121.689 E.01692
G1 X85.811 Y126.932 E.2344
G1 X85.276 Y126.932 E.01692
G1 X80.568 Y122.224 E.21046
G1 X80.568 Y122.759 E.01692
G1 X84.741 Y126.932 E.18654
G1 X84.206 Y126.932 E.01692
G1 X80.568 Y123.294 E.16261
G1 X80.568 Y123.83 E.01692
G1 X83.67 Y126.932 E.13868
G1 X83.135 Y126.932 E.01692
G1 X80.568 Y124.365 E.11476
G1 X80.568 Y124.9 E.01692
G1 X82.6 Y126.932 E.09082
G1 X82.065 Y126.932 E.01692
G1 X80.568 Y125.435 E.0669
G1 X80.568 Y125.971 E.01692
G1 X81.529 Y126.932 E.04296
G1 X80.994 Y126.932 E.01692
G1 X80.399 Y126.336 E.02662
G1 E-.728 F1800
;WIPE_START
G1 F30000
G1 X80.994 Y126.932 E-.05053
G1 X81.352 Y126.932 E-.02147
;WIPE_END
G1 X87.102 Y121.913 Z1.8
G1 X94.21 Y115.71 Z1.8
G1 Z1.4
G1 E.8 F1800
SET_VELOCITY_LIMIT ACCEL=2000
;TYPE:Outer wall
;WIDTH:0.42
G1 F7200
G1 X105.79 Y115.71 E.33811
G1 X105.79 Y127.29 E.33811
G1 X94.21 Y127.29 E.33811
G1 X94.21 Y115.75 E.33693
G1 E-.728 F1800
;WIPE_START
G1 F30000
G1 X95.41 Y115.746 E-.072
;WIPE_END
G1 X103.012 Y116.431 Z1.8
G1 X105.601 Y116.664 Z1.8
G1 Z1.4
G1 E.8 F1800
SET_VELOCITY_LIMIT ACCEL=1500
;TYPE:Top surface
;WIDTH:0.421411
G1 F12000
G1 X105.006 Y116.068 E.02691
G1 X104.471 Y116.068 E.01709
G1 X105.432 Y117.029 E.04343
G1 X105.432 Y117.565 E.01709
G1 X103.935 Y116.068 E.0676
G1 X103.4 Y116.068 E.01709
G1 X105.432 Y118.1 E.09179
G1 X105.432 Y118.635 E.01709
G1 X102.865 Y116.068 E.11596
G1 X102.33 Y116.068 E.01709
G1 X105.432 Y119.17 E.14014
G1 X105.432 Y119.706 E.01709
G1 X101.794 Y116.068 E.16433
G1 X101.259 Y116.068 E.01709
G1 X105.432 Y120.241 E.1885
G1 X105.432 Y120.776 E.01709
G1 X100.724 Y116.068 E.21269
G1 X100.188 Y116.068 E.01709
G1 X105.432 Y121.312 E.23687
G1 X105.432 Y121.847 E.01709
G1 X99.653 Y116.068 E.26105
G1 X99.118 Y116.068 E.01709
G1 X105.432 Y122.382 E.28523
G1 X105.432 Y122.917 E.01709
G1 X98.583 Y116.068 E.30941
G1 X98.047 Y116.068 E.01709
G1 X105.432 Y123.453 E.33359
G1 X105.432 Y123.988 E.01709
G1 X97.512 Y116.068 E.35778
G1 X96.977 Y116.068 E.01709
G1 X105.432 Y124.523 E.38195
G1 X105.432 Y125.058 E.01709
G1 X96.442 Y116.068 E.40614
G1 X95.906 Y116.068 E.01709
G1 X105.432 Y125.594 E.43032
G1 X105.432 Y126.129 E.01709
G1 X95.371 Y116.068 E.4545
G1 X94.836 Y116.068 E.01709
G1 X105.432 Y126.664 E.47868
G1 X105.432 Y126.932 E.00855
G1 X105.164 Y126.932 E.00855
G1 X94.568 Y116.336 E.47868
G1 X94.568 Y116.871 E.01709
G1 X104.629 Y126.932 E.45449
G1 X104.094 Y126.932 E.01709
G1 X94.568 Y117.406 E.43032
G1 X94.568 Y117.942 E.01709
G1 X103.558 Y126.932 E.40613
G1 X103.023 Y126.932 E.01709
G1 X94.568 Y118.477 E.38195
G1 X94.568 Y119.012 E.01709
G1 X102.488 Y126.932 E.35777
G1 X101.952 Y126.932 E.01709
G1 X94.568 Y119.548 E.33359
G1 X94.568 Y120.083 E.01709
G1 X101.417 Y126.932 E.3094
G1 X100.882 Y126.932 E.01709
G1 X94.568 Y120.618 E.28523
G1 X94.568 Y121.153 E.01709
G1 X100.347 Y126.932 E.26104
G1 X99.811 Y126.932 E.01709
G1 X94.568 Y121.689 E.23687
G1 X94.568 Y122.224 E.01709
G1 X99.276 Y126.932 E.21268
G1 X98.741 Y126.932 E.01709
G1 X94.568 Y122.759 E.1885
G1 X94.568 Y123.294 E.01709
G1 X98.206 Y126.932 E.16432
G1 X97.67 Y126.932 E.01709
G1 X94.568 Y123.83 E.14014
G1 X94.568 Y124.365 E.01709
G1 X97.135 Y126.932 E.11596
G1 X96.6 Y126.932 E.01709
G1 X94.568 Y124.9 E.09178
G1 X94.568 Y125.435 E.01709
G1 X96.065 Y126.932 E.0676
G1 X95.529 Y126.932 E.01709
M73 P70 R8
G1 X94.568 Y125.971 E.04342
G1 X94.568 Y126.506 E.01709
G1 X95.164 Y127.101 E.0269
G1 E-.728 F1800
;WIPE_START
G1 F30000
G1 X94.568 Y126.506 E-.05053
G1 X94.568 Y126.148 E-.02147
;WIPE_END
G1 X101.621 Y123.229 Z1.8
G1 X119.79 Y115.71 Z1.8
G1 Z1.4
G1 E.8 F1800
SET_VELOCITY_LIMIT ACCEL=2000
;TYPE:Outer wall
;WIDTH:0.42
G1 F7200
G1 X119.79 Y127.29 E.34163
G1 X108.21 Y127.29 E.34163
G1 X108.21 Y115.71 E.34163
G1 X119.75 Y115.71 E.34044
G1 E-.728 F1800
;WIPE_START
G1 F30000
G1 X119.754 Y116.91 E-.072
;WIPE_END
G1 X119.601 Y116.664 Z1.8
G1 Z1.4
G1 E.8 F1800
SET_VELOCITY_LIMIT ACCEL=1500
;TYPE:Top surface
;WIDTH:0.421411
G1 F12000
G1 X119.006 Y116.068 E.02719
G1 X118.471 Y116.068 E.01727
G1 X119.432 Y117.029 E.04388
G1 X119.432 Y117.565 E.01727
G1 X117.935 Y116.068 E.06831
G1 X117.4 Y116.068 E.01727
G1 X119.432 Y118.1 E.09274
G1 X119.432 Y118.635 E.01727
G1 X116.865 Y116.068 E.11717
G1 X116.33 Y116.068 E.01727
G1 X119.432 Y119.17 E.1416
G1 X119.432 Y119.706 E.01727
G1 X115.794 Y116.068 E.16604
G1 X115.259 Y116.068 E.01727
G1 X119.432 Y120.241 E.19047
G1 X119.432 Y120.776 E.01727
G1 X114.724 Y116.068 E.2149
G1 X114.188 Y116.068 E.01727
G1 X119.432 Y121.312 E.23933
G1 X119.432 Y121.847 E.01727
G1 X113.653 Y116.068 E.26377
G1 X113.118 Y116.068 E.01727
G1 X119.432 Y122.382 E.2882
G1 X119.432 Y122.917 E.01727
G1 X112.583 Y116.068 E.31264
G1 X112.047 Y116.068 E.01727
G1 X119.432 Y123.453 E.33707
G1 X119.432 Y123.988 E.01727
G1 X111.512 Y116.068 E.3615
G1 X110.977 Y116.068 E.01727
G1 X119.432 Y124.523 E.38593
G1 X119.432 Y125.058 E.01727
G1 X110.442 Y116.068 E.41037
G1 X109.906 Y116.068 E.01727
G1 X119.432 Y125.594 E.4348
G1 X119.432 Y126.129 E.01727
G1 X109.371 Y116.068 E.45924
G1 X108.836 Y116.068 E.01727
G1 X119.432 Y126.664 E.48366
G1 X119.432 Y126.932 E.00864
G1 X119.164 Y126.932 E.00864
G1 X108.568 Y116.336 E.48366
G1 X108.568 Y116.871 E.01727
G1 X118.629 Y126.932 E.45923
G1 X118.094 Y126.932 E.01727
G1 X108.568 Y117.406 E.4348
G1 X108.568 Y117.942 E.01727
G1 X117.558 Y126.932 E.41036
G1 X117.023 Y126.932 E.01727
G1 X108.568 Y118.477 E.38593
G1 X108.568 Y119.012 E.01727
G1 X116.488 Y126.932 E.36149
G1 X115.952 Y126.932 E.01727
G1 X108.568 Y119.548 E.33707
G1 X108.568 Y120.083 E.01727
G1 X115.417 Y126.932 E.31263
G1 X114.882 Y126.932 E.01727
G1 X108.568 Y120.618 E.2882
G1 X108.568 Y121.153 E.01727
G1 X114.347 Y126.932 E.26376
G1 X113.811 Y126.932 E.01727
G1 X108.568 Y121.689 E.23933
G1 X108.568 Y122.224 E.01727
G1 X113.276 Y126.932 E.21489
G1 X112.741 Y126.932 E.01727
G1 X108.568 Y122.759 E.19047
G1 X108.568 Y123.294 E.01727
G1 X112.206 Y126.932 E.16603
G1 X111.67 Y126.932 E.01727
G1 X108.568 Y123.83 E.1416
G1 X108.568 Y124.365 E.01727
G1 X111.135 Y126.932 E.11717
G1 X110.6 Y126.932 E.01727
G1 X108.568 Y124.9 E.09273
G1 X108.568 Y125.435 E.01727
G1 X110.065 Y126.932 E.06831
G1 X109.529 Y126.932 E.01727
G1 X108.568 Y125.971 E.04387
G1 X108.568 Y126.506 E.01727
G1 X109.164 Y127.101 E.02718
G1 E-.728 F1800
;WIPE_START
G1 F30000
G1 X108.568 Y126.506 E-.05053
G1 X108.568 Y126.148 E-.02147
;WIPE_END
G1 X114.63 Y121.51 Z1.8
G1 X122.21 Y115.71 Z1.8
G1 Z1.4
M73 P70 R7
G1 E.8 F1800
SET_VELOCITY_LIMIT ACCEL=2000
;TYPE:Outer wall
;WIDTH:0.42
G1 F7200
G1 X133.79 Y115.71 E.34515
G1 X133.79 Y127.29 E.34515
G1 X122.21 Y127.29 E.34515
G1 X122.21 Y115.75 E.34395
G1 E-.728 F1800
;WIPE_START
G1 F30000
G1 X123.41 Y115.746 E-.072
;WIPE_END
G1 X131.012 Y116.431 Z1.8
G1 X133.601 Y116.664 Z1.8
G1 Z1.4
G1 E.8 F1800
SET_VELOCITY_LIMIT ACCEL=1500
;TYPE:Top surface
;WIDTH:0.421411
G1 F12000
G1 X133.006 Y116.068 E.02747
G1 X132.471 Y116.068 E.01745
G1 X133.432 Y117.029 E.04433
G1 X133.432 Y117.565 E.01745
G1 X131.935 Y116.068 E.06901
G1 X131.4 Y116.068 E.01745
G1 X133.432 Y118.1 E.0937
G1 X133.432 Y118.635 E.01745
G1 X130.865 Y116.068 E.11838
G1 X130.33 Y116.068 E.01745
G1 X133.432 Y119.17 E.14306
G1 X133.432 Y119.706 E.01745
G1 X129.794 Y116.068 E.16775
G1 X129.259 Y116.068 E.01745
G1 X133.432 Y120.241 E.19243
G1 X133.432 Y120.776 E.01745
G1 X128.724 Y116.068 E.21712
G1 X128.188 Y116.068 E.01745
G1 X133.432 Y121.312 E.2418
G1 X133.432 Y121.847 E.01745
G1 X127.653 Y116.068 E.26649
G1 X127.118 Y116.068 E.01745
G1 X133.432 Y122.382 E.29117
G1 X133.432 Y122.917 E.01745
G1 X126.583 Y116.068 E.31586
G1 X126.047 Y116.068 E.01745
G1 X133.432 Y123.453 E.34054
G1 X133.432 Y123.988 E.01745
G1 X125.512 Y116.068 E.36523
G1 X124.977 Y116.068 E.01745
G1 X133.432 Y124.523 E.38991
G1 X133.432 Y125.058 E.01745
G1 X124.442 Y116.068 E.4146
G1 X123.906 Y116.068 E.01745
G1 X133.432 Y125.594 E.43928
G1 X133.432 Y126.129 E.01745
G1 X123.371 Y116.068 E.46397
G1 X122.836 Y116.068 E.01745
G1 X133.432 Y126.664 E.48865
G1 X133.432 Y126.932 E.00873
G1 X133.164 Y126.932 E.00873
G1 X122.568 Y116.336 E.48865
G1 X122.568 Y116.871 E.01745
G1 X132.629 Y126.932 E.46396
G1 X132.094 Y126.932 E.01745
G1 X122.568 Y117.406 E.43928
G1 X122.568 Y117.942 E.01745
G1 X131.558 Y126.932 E.41459
G1 X131.023 Y126.932 E.01745
G1 X122.568 Y118.477 E.38991
G1 X122.568 Y119.012 E.01745
G1 X130.488 Y126.932 E.36522
G1 X129.952 Y126.932 E.01745
G1 X122.568 Y119.548 E.34054
G1 X122.568 Y120.083 E.01745
G1 X129.417 Y126.932 E.31585
G1 X128.882 Y126.932 E.01745
G1 X122.568 Y120.618 E.29117
G1 X122.568 Y121.153 E.01745
G1 X128.347 Y126.932 E.26648
G1 X127.811 Y126.932 E.01745
G1 X122.568 Y121.689 E.2418
G1 X122.568 Y122.224 E.01745
G1 X127.276 Y126.932 E.21711
G1 X126.741 Y126.932 E.01745
G1 X122.568 Y122.759 E.19243
G1 X122.568 Y123.294 E.01745
G1 X126.206 Y126.932 E.16774
G1 X125.67 Y126.932 E.01745
G1 X122.568 Y123.83 E.14306
G1 X122.568 Y124.365 E.01745
G1 X125.135 Y126.932 E.11838
G1 X124.6 Y126.932 E.01745
G1 X122.568 Y124.9 E.09369
G1 X122.568 Y125.435 E.01745
G1 X124.065 Y126.932 E.06901
G1 X123.529 Y126.932 E.01745
G1 X122.568 Y125.971 E.04432
G1 X122.568 Y126.506 E.01745
G1 X123.164 Y127.101 E.02746
G1 E-.728 F1800
;WIPE_START
G1 F30000
G1 X122.568 Y126.506 E-.05053
G1 X122.568 Y126.148 E-.02147
;WIPE_END
G1 X128.63 Y121.51 Z1.8
G1 X136.21 Y115.71 Z1.8
G1 Z1.4
G1 E.8 F1800
SET_VELOCITY_LIMIT ACCEL=2000
;TYPE:Outer wall
;WIDTH:0.42
G1 F7200
G1 X147.79 Y115.71 E.34867
G1 X147.79 Y127.29 E.34867
G1 X136.21 Y127.29 E.34867
G1 X136.21 Y115.75 E.34746
G1 E-.728 F1800
;WIPE_START
G1 F30000
G1 X137.41 Y115.746 E-.072
;WIPE_END
G1 X145.012 Y116.431 Z1.8
G1 X147.601 Y116.664 Z1.8
M73 P71 R7
G1 Z1.4
G1 E.8 F1800
SET_VELOCITY_LIMIT ACCEL=1500
;TYPE:Top surface
;WIDTH:0.421411
G1 F12000
G1 X147.006 Y116.068 E.02775
G1 X146.471 Y116.068 E.01763
G1 X147.432 Y117.029 E.04478
G1 X147.432 Y117.565 E.01763
G1 X145.935 Y116.068 E.06971
G1 X145.4 Y116.068 E.01763
G1 X147.432 Y118.1 E.09466
G1 X147.432 Y118.635 E.01763
G1 X144.865 Y116.068 E.11959
G1 X144.33 Y116.068 E.01763
G1 X147.432 Y119.17 E.14452
G1 X147.432 Y119.706 E.01763
G1 X143.794 Y116.068 E.16946
G1 X143.259 Y116.068 E.01763
G1 X147.432 Y120.241 E.19439
G1 X147.432 Y120.776 E.01763
G1 X142.724 Y116.068 E.21934
G1 X142.188 Y116.068 E.01763
G1 X147.432 Y121.312 E.24427
G1 X147.432 Y121.847 E.01763
G1 X141.653 Y116.068 E.26921
G1 X141.118 Y116.068 E.01763
G1 X147.432 Y122.382 E.29414
G1 X147.432 Y122.917 E.01763
G1 X140.583 Y116.068 E.31908
G1 X140.047 Y116.068 E.01763
G1 X147.432 Y123.453 E.34401
G1 X147.432 Y123.988 E.01763
G1 X139.512 Y116.068 E.36896
G1 X138.977 Y116.068 E.01763
G1 X147.432 Y124.523 E.39389
G1 X147.432 Y125.058 E.01763
G1 X138.442 Y116.068 E.41883
G1 X137.906 Y116.068 E.01763
G1 X147.432 Y125.594 E.44376
G1 X147.432 Y126.129 E.01763
G1 X137.371 Y116.068 E.4687
G1 X136.836 Y116.068 E.01763
G1 X147.432 Y126.664 E.49364
G1 X147.432 Y126.932 E.00882
G1 X147.164 Y126.932 E.00882
G1 X136.568 Y116.336 E.49364
G1 X136.568 Y116.871 E.01763
G1 X146.629 Y126.932 E.46869
G1 X146.094 Y126.932 E.01763
G1 X136.568 Y117.406 E.44376
G1 X136.568 Y117.942 E.01763
G1 X145.558 Y126.932 E.41882
G1 X145.023 Y126.932 E.01763
G1 X136.568 Y118.477 E.39389
G1 X136.568 Y119.012 E.01763
G1 X144.488 Y126.932 E.36895
G1 X143.952 Y126.932 E.01763
G1 X136.568 Y119.548 E.34401
G1 X136.568 Y120.083 E.01763
G1 X143.417 Y126.932 E.31907
G1 X142.882 Y126.932 E.01763
G1 X136.568 Y120.618 E.29414
G1 X136.568 Y121.153 E.01763
G1 X142.347 Y126.932 E.2692
G1 X141.811 Y126.932 E.01763
G1 X136.568 Y121.689 E.24427
G1 X136.568 Y122.224 E.01763
G1 X141.276 Y126.932 E.21933
G1 X140.741 Y126.932 E.01763
G1 X136.568 Y122.759 E.19439
G1 X136.568 Y123.294 E.01763
G1 X140.206 Y126.932 E.16945
G1 X139.67 Y126.932 E.01763
G1 X136.568 Y123.83 E.14452
G1 X136.568 Y124.365 E.01763
G1 X139.135 Y126.932 E.11959
G1 X138.6 Y126.932 E.01763
G1 X136.568 Y124.9 E.09465
G1 X136.568 Y125.435 E.01763
G1 X138.065 Y126.932 E.06971
G1 X137.529 Y126.932 E.01763
G1 X136.568 Y125.971 E.04477
G1 X136.568 Y126.506 E.01763
G1 X137.164 Y127.101 E.02774
G1 E-.728 F1800
;WIPE_START
G1 F30000
G1 X136.568 Y126.506 E-.05053
G1 X136.568 Y126.148 E-.02147
;WIPE_END
G1 X143.621 Y123.229 Z1.8
G1 X161.79 Y115.71 Z1.8
G1 Z1.4
G1 E.8 F1800
SET_VELOCITY_LIMIT ACCEL=2000
;TYPE:Outer wall
;WIDTH:0.42
G1 F7200
G1 X161.79 Y127.29 E.35219
G1 X150.21 Y127.29 E.35219
G1 X150.21 Y115.71 E.35219
G1 X161.75 Y115.71 E.35097
G1 E-.728 F1800
;WIPE_START
G1 F30000
G1 X161.754 Y116.91 E-.072
;WIPE_END
G1 X161.601 Y116.664 Z1.8
G1 Z1.4
G1 E.8 F1800
SET_VELOCITY_LIMIT ACCEL=1500
;TYPE:Top surface
;WIDTH:0.421411
G1 F12000
G1 X161.006 Y116.068 E.02803
G1 X160.471 Y116.068 E.01781
G1 X161.432 Y117.029 E.04523
G1 X161.432 Y117.565 E.01781
G1 X159.935 Y116.068 E.07042
G1 X159.4 Y116.068 E.01781
G1 X161.432 Y118.1 E.09561
G1 X161.432 Y118.635 E.01781
G1 X158.865 Y116.068 E.1208
G1 X158.33 Y116.068 E.01781
G1 X161.432 Y119.17 E.14598
G1 X161.432 Y119.706 E.01781
G1 X157.794 Y116.068 E.17117
G1 X157.259 Y116.068 E.01781
G1 X161.432 Y120.241 E.19636
G1 X161.432 Y120.776 E.01781
G1 X156.724 Y116.068 E.22155
G1 X156.188 Y116.068 E.01781
G1 X161.432 Y121.312 E.24673
G1 X161.432 Y121.847 E.01781
G1 X155.653 Y116.068 E.27193
G1 X155.118 Y116.068 E.01781
G1 X161.432 Y122.382 E.29711
G1 X161.432 Y122.917 E.01781
G1 X154.583 Y116.068 E.32231
G1 X154.047 Y116.068 E.01781
G1 X161.432 Y123.453 E.34749
G1 X161.432 Y123.988 E.01781
G1 X153.512 Y116.068 E.37268
G1 X152.977 Y116.068 E.01781
G1 X161.432 Y124.523 E.39787
G1 X161.432 Y125.058 E.01781
G1 X152.442 Y116.068 E.42306
G1 X151.906 Y116.068 E.01781
G1 X161.432 Y125.594 E.44824
G1 X161.432 Y126.129 E.01781
G1 X151.371 Y116.068 E.47344
G1 X150.836 Y116.068 E.01781
G1 X161.432 Y126.664 E.49862
G1 X161.432 Y126.932 E.00891
G1 X161.164 Y126.932 E.00891
G1 X150.568 Y116.336 E.49862
G1 X150.568 Y116.871 E.01781
G1 X160.629 Y126.932 E.47343
G1 X160.094 Y126.932 E.01781
G1 X150.568 Y117.406 E.44824
G1 X150.568 Y117.942 E.01781
G1 X159.558 Y126.932 E.42305
G1 X159.023 Y126.932 E.01781
G1 X150.568 Y118.477 E.39787
G1 X150.568 Y119.012 E.01781
G1 X158.488 Y126.932 E.37267
G1 X157.952 Y126.932 E.01781
G1 X150.568 Y119.548 E.34749
G1 X150.568 Y120.083 E.01781
G1 X157.417 Y126.932 E.3223
G1 X156.882 Y126.932 E.01781
G1 X150.568 Y120.618 E.29711
G1 X150.568 Y121.153 E.01781
G1 X156.347 Y126.932 E.27192
G1 X155.811 Y126.932 E.01781
G1 X150.568 Y121.689 E.24673
G1 X150.568 Y122.224 E.01781
G1 X155.276 Y126.932 E.22154
G1 X154.741 Y126.932 E.01781
G1 X150.568 Y122.759 E.19636
G1 X150.568 Y123.294 E.01781
G1 X154.206 Y126.932 E.17116
G1 X153.67 Y126.932 E.01781
G1 X150.568 Y123.83 E.14598
G1 X150.568 Y124.365 E.01781
G1 X153.135 Y126.932 E.1208
G1 X152.6 Y126.932 E.01781
G1 X150.568 Y124.9 E.0956
G1 X150.568 Y125.435 E.01781
G1 X152.065 Y126.932 E.07042
G1 X151.529 Y126.932 E.01781
G1 X150.568 Y125.971 E.04522
G1 X150.568 Y126.506 E.01781
G1 X151.164 Y127.101 E.02802
G1 E-.728 F1800
;WIPE_START
G1 F30000
G1 X150.568 Y126.506 E-.05053
G1 X150.568 Y126.148 E-.02147
;WIPE_END
G1 X158.174 Y126.785 Z1.8
G1 X164.21 Y127.29 Z1.8
G1 Z1.4
G1 E.8 F1800
SET_VELOCITY_LIMIT ACCEL=2000
;TYPE:Outer wall
;WIDTH:0.42
G1 F7200
G1 X164.21 Y115.71 E.35572
G1 X175.79 Y115.71 E.35572
G1 X175.79 Y127.29 E.35572
G1 X164.25 Y127.29 E.35448
G1 E-.728 F1800
;WIPE_START
G1 F30000
G1 X164.246 Y126.09 E-.072
;WIPE_END
G1 X169.745 Y120.798 Z1.8
G1 X174.836 Y115.899 Z1.8
G1 Z1.4
G1 E.8 F1800
SET_VELOCITY_LIMIT ACCEL=1500
;TYPE:Top surface
;WIDTH:0.421411
G1 F12000
G1 X175.432 Y116.494 E.02831
G1 X175.432 Y117.029 E.01798
G1 X174.471 Y116.068 E.04569
G1 X173.935 Y116.068 E.01798
G1 X175.432 Y117.565 E.07112
G1 X175.432 Y118.1 E.01798
G1 X173.4 Y116.068 E.09657
G1 X172.865 Y116.068 E.01798
G1 X175.432 Y118.635 E.122
G1 X175.432 Y119.17 E.01798
G1 X172.33 Y116.068 E.14744
G1 X171.794 Y116.068 E.01798
G1 X175.432 Y119.706 E.17289
G1 X175.432 Y120.241 E.01798
G1 X171.259 Y116.068 E.19832
G1 X170.724 Y116.068 E.01798
G1 X175.432 Y120.776 E.22377
G1 X175.432 Y121.312 E.01798
G1 X170.188 Y116.068 E.2492
G1 X169.653 Y116.068 E.01798
G1 X175.432 Y121.847 E.27465
G1 X175.432 Y122.382 E.01798
M73 P72 R7
G1 X169.118 Y116.068 E.30008
G1 X168.583 Y116.068 E.01798
G1 X175.432 Y122.917 E.32553
G1 X175.432 Y123.453 E.01798
G1 X168.047 Y116.068 E.35096
G1 X167.512 Y116.068 E.01798
G1 X175.432 Y123.988 E.37641
G1 X175.432 Y124.523 E.01798
G1 X166.977 Y116.068 E.40185
G1 X166.442 Y116.068 E.01798
G1 X175.432 Y125.058 E.42729
G1 X175.432 Y125.594 E.01798
G1 X165.906 Y116.068 E.45273
G1 X165.371 Y116.068 E.01798
G1 X175.432 Y126.129 E.47817
G1 X175.432 Y126.664 E.01798
G1 X164.836 Y116.068 E.50361
G1 X164.568 Y116.068 E.009
G1 X164.568 Y116.336 E.009
G1 X175.164 Y126.932 E.50361
G1 X174.629 Y126.932 E.01798
G1 X164.568 Y116.871 E.47816
G1 X164.568 Y117.406 E.01798
G1 X174.094 Y126.932 E.45273
G1 X173.558 Y126.932 E.01798
G1 X164.568 Y117.942 E.42728
G1 X164.568 Y118.477 E.01798
G1 X173.023 Y126.932 E.40185
G1 X172.488 Y126.932 E.01798
G1 X164.568 Y119.012 E.3764
G1 X164.568 Y119.548 E.01798
G1 X171.952 Y126.932 E.35096
G1 X171.417 Y126.932 E.01798
G1 X164.568 Y120.083 E.32552
G1 X164.568 Y120.618 E.01798
G1 X170.882 Y126.932 E.30008
G1 X170.347 Y126.932 E.01798
G1 X164.568 Y121.153 E.27464
G1 X164.568 Y121.689 E.01798
G1 X169.811 Y126.932 E.2492
G1 X169.276 Y126.932 E.01798
G1 X164.568 Y122.224 E.22376
G1 X164.568 Y122.759 E.01798
G1 X168.741 Y126.932 E.19832
G1 X168.206 Y126.932 E.01798
G1 X164.568 Y123.294 E.17287
G1 X164.568 Y123.83 E.01798
G1 X167.67 Y126.932 E.14744
G1 X167.135 Y126.932 E.01798
G1 X164.568 Y124.365 E.122
G1 X164.568 Y124.9 E.01798
G1 X166.6 Y126.932 E.09656
G1 X166.065 Y126.932 E.01798
G1 X164.568 Y125.435 E.07112
G1 X164.568 Y125.971 E.01798
G1 X165.529 Y126.932 E.04568
G1 X164.994 Y126.932 E.01798
G1 X164.399 Y126.336 E.0283
G1 E-.728 F1800
;WIPE_START
G1 F30000
G1 X164.994 Y126.932 E-.05053
G1 X165.352 Y126.932 E-.02147
;WIPE_END
G1 X164.861 Y134.548 Z1.8
G1 X164.63 Y138.13 Z1.8
G1 Z1.4
G1 E.8 F1800
SET_VELOCITY_LIMIT ACCEL=2000
;TYPE:Outer wall
;WIDTH:0.42
G1 F7200
G1 X167.37 Y138.13 E.08167
G1 X167.37 Y140.87 E.08167
G1 X164.63 Y140.87 E.08167
G1 X164.63 Y138.17 E.08047
G1 X164.21 Y137.71 F30000
G1 F7200
G1 X167.79 Y137.71 E.1067
G1 X167.79 Y141.29 E.1067
G1 X164.21 Y141.29 E.1067
G1 X164.21 Y137.75 E.10551
G1 E-1.092 F1800
;WIPE_START
G1 F30000
G1 X165.41 Y137.737 E-.108
;WIPE_END
G1 X164.997 Y145.358 Z1.8
G1 X164.63 Y152.13 Z1.8
G1 Z1.4
G1 E1.2 F1800 ; CC2_CARD retract 1.2
G1 F7200
G1 X167.37 Y152.13 E.08167
G1 X167.37 Y154.87 E.08167
G1 X164.63 Y154.87 E.08167
G1 X164.63 Y152.17 E.08047
G1 X164.21 Y151.71 F30000
G1 F7200
G1 X167.79 Y151.71 E.1067
G1 X167.79 Y155.29 E.1067
G1 X164.21 Y155.29 E.1067
G1 X164.21 Y151.75 E.10551
G1 E-1.092 F1800
;WIPE_START
G1 F30000
G1 X165.41 Y151.737 E-.108
;WIPE_END
G1 X157.779 Y151.888 Z1.8
G1 X145.63 Y152.13 Z1.8
G1 Z1.4
G1 E1.2 F1800 ; CC2_CARD retract 1.2
G1 F7200
G1 X148.37 Y152.13 E.08167
G1 X148.37 Y154.87 E.08167
G1 X145.63 Y154.87 E.08167
G1 X145.63 Y152.17 E.08047
G1 E-.91 F1800
;WIPE_START
G1 F30000
G1 X146.83 Y152.152 E-.09
;WIPE_END
G1 X148.79 Y151.71 Z1.8
G1 Z1.4
G1 E1 F1800 ; CC2_CARD retract 1.0
G1 F7200
G1 X148.79 Y155.29 E.1067
G1 X145.21 Y155.29 E.1067
G1 X145.21 Y151.71 E.1067
G1 X148.75 Y151.71 E.10551
G1 E-.91 F1800
;WIPE_START
G1 F30000
G1 X148.763 Y152.91 E-.09
;WIPE_END
G1 X147.18 Y145.443 Z1.8
G1 X145.63 Y138.13 Z1.8
G1 Z1.4
G1 E1 F1800 ; CC2_CARD retract 1.0
G1 F7200
G1 X148.37 Y138.13 E.08167
G1 X148.37 Y140.87 E.08167
G1 X145.63 Y140.87 E.08167
G1 X145.63 Y138.17 E.08047
G1 X145.21 Y137.71 F30000
G1 F7200
G1 X148.79 Y137.71 E.1067
G1 X148.79 Y141.29 E.1067
G1 X145.21 Y141.29 E.1067
G1 X145.21 Y137.75 E.10551
G1 E-.91 F1800
;WIPE_START
G1 F30000
G1 X146.41 Y137.737 E-.09
;WIPE_END
G1 X138.78 Y137.913 Z1.8
G1 X129.37 Y138.13 Z1.8
G1 Z1.4
G1 E1 F1800 ; CC2_CARD retract 1.0
G1 F7200
G1 X129.37 Y140.87 E.08167
G1 X126.63 Y140.87 E.08167
G1 X126.63 Y138.13 E.08167
G1 X129.33 Y138.13 E.08047
G1 X129.79 Y137.71 F30000
G1 F7200
G1 X129.79 Y141.29 E.1067
G1 X126.21 Y141.29 E.1067
G1 X126.21 Y137.71 E.1067
G1 X129.75 Y137.71 E.10551
G1 E-.728 F1800
;WIPE_START
G1 F30000
G1 X129.763 Y138.91 E-.072
;WIPE_END
G1 X128.003 Y146.337 Z1.8
G1 X126.63 Y152.13 Z1.8
G1 Z1.4
G1 E.8 F1800 ; CC2_CARD retract 0.8
G1 F7200
G1 X129.37 Y152.13 E.08167
G1 X129.37 Y154.87 E.08167
G1 X126.63 Y154.87 E.08167
G1 X126.63 Y152.17 E.08047
G1 X126.21 Y151.71 F30000
G1 F7200
G1 X129.79 Y151.71 E.1067
G1 X129.79 Y155.29 E.1067
G1 X126.21 Y155.29 E.1067
G1 X126.21 Y151.75 E.10551
M106 S242
;LAYER_CHANGE
;Z:1.6
;HEIGHT:0.2
;BEFORE_LAYER_CHANGE
;1.6
G92 E0

G1 E-.728 F1800
;WIPE_START
G1 F30000
G1 X127.41 Y151.737 E-.072
;WIPE_END
M73 L8
;LAYER:8
SET_PRINT_STATS_INFO TOTAL_LAYER=35 CURRENT_LAYER=8
;_SET_FAN_SPEED_CHANGING_LAYER

G1 X127.785 Y150.749 Z1.65714
G1 X128.79 Y150.427 Z1.71429
G1 X129.669 Y151.012 Z1.77143
G1 X129.76 Y152.064 Z1.82857
G1 X128.994 Y152.791 Z1.88571
G1 X127.948 Y152.645 Z1.94286
G1 X127.41 Y151.737 Z2
G1 X122.554 Y95.433 Z2
G1 Z1.6
G1 E.8 F1800 ; CC2_CARD retract 0.8
SET_VELOCITY_LIMIT ACCEL=3000
;TYPE:Inner wall
;WIDTH:0.45
G1 F12000
G1 X120.494 Y99 E.13255
G1 X122.747 Y102.902 E.14498
G1 X127.253 Y102.902 E.14498
G1 X129.506 Y99 E.14498
G1 X127.253 Y95.098 E.14498
G1 X122.747 Y95.098 E.14498
G1 X122.574 Y95.398 E.01115
SET_VELOCITY_LIMIT ACCEL=2000
G1 X122.973 Y95.49 F30000
;TYPE:Outer wall
;WIDTH:0.42
G1 F7200
G1 X120.947 Y99 E.1208
G1 X122.973 Y102.51 E.1208
G1 X127.027 Y102.51 E.1208
G1 X129.053 Y99 E.1208
G1 X127.027 Y95.49 E.1208
G1 X123.013 Y95.49 E.11961
G1 E-.728 F1800
;WIPE_START
G1 F30000
G1 X122.405 Y96.524 E-.072
;WIPE_END
G1 X117.494 Y102.367 Z2
G1 X117.129 Y102.802 Z2
G1 Z1.6
G1 E.8 F1800
SET_VELOCITY_LIMIT ACCEL=3000
;TYPE:Inner wall
;WIDTH:0.45
G1 F12000
G1 X117.195 Y102.802 E.00213
G1 X119.39 Y99 E.14126
G1 X117.195 Y95.198 E.14126
G1 X112.805 Y95.198 E.14126
G1 X110.61 Y99 E.14126
G1 X112.805 Y102.802 E.14126
G1 X117.089 Y102.802 E.13784
SET_VELOCITY_LIMIT ACCEL=2000
G1 X116.969 Y102.41 F30000
;TYPE:Outer wall
;WIDTH:0.42
G1 F7200
G1 X118.938 Y99 E.11736
G1 X116.969 Y95.59 E.11736
G1 X113.031 Y95.59 E.11736
G1 X111.062 Y99 E.11736
G1 X113.031 Y102.41 E.11736
G1 X116.929 Y102.41 E.11617
G1 E-.728 F1800
;WIPE_START
G1 F30000
G1 X117.538 Y101.376 E-.072
;WIPE_END
G1 X109.934 Y102.032 Z2
G1 X102.829 Y102.645 Z2
G1 Z1.6
G1 E.8 F1800
SET_VELOCITY_LIMIT ACCEL=3000
;TYPE:Inner wall
;WIDTH:0.45
G1 F12000
G1 X102.863 Y102.702 E.00213
G1 X107.137 Y102.702 E.13755
G1 X109.275 Y99 E.13755
G1 X107.137 Y95.298 E.13755
G1 X102.863 Y95.298 E.13755
G1 X100.725 Y99 E.13755
G1 X102.809 Y102.61 E.13413
SET_VELOCITY_LIMIT ACCEL=2000
G1 X103.089 Y102.31 F30000
;TYPE:Outer wall
;WIDTH:0.42
G1 F7200
G1 X106.911 Y102.31 E.11392
G1 X108.822 Y99 E.11392
G1 X106.911 Y95.69 E.11392
G1 X103.089 Y95.69 E.11392
G1 X101.178 Y99 E.11392
G1 X103.069 Y102.275 E.11273
G1 E-.728 F1800
;WIPE_START
G1 F30000
G1 X104.269 Y102.286 E-.072
;WIPE_END
G1 X97.042 Y102.652 Z2
G1 Z1.6
G1 E.8 F1800
SET_VELOCITY_LIMIT ACCEL=3000
;TYPE:Inner wall
;WIDTH:0.45
G1 F12000
G1 X97.109 Y102.652 E.00213
G1 X99.217 Y99 E.13569
G1 X97.109 Y95.348 E.13569
G1 X92.891 Y95.348 E.13569
G1 X90.783 Y99 E.13569
G1 X92.891 Y102.652 E.13569
G1 X97.002 Y102.652 E.13227
SET_VELOCITY_LIMIT ACCEL=2000
G1 X96.882 Y102.26 F30000
;TYPE:Outer wall
;WIDTH:0.42
G1 F7200
G1 X98.764 Y99 E.1122
G1 X96.882 Y95.74 E.1122
G1 X93.118 Y95.74 E.1122
G1 X91.236 Y99 E.1122
G1 X93.118 Y102.26 E.1122
M73 P73 R7
G1 X96.842 Y102.26 E.111
G1 E-.728 F1800
;WIPE_START
G1 F30000
G1 X97.452 Y101.226 E-.072
;WIPE_END
G1 X89.88 Y102.192 Z2
G1 X87.113 Y102.545 Z2
G1 Z1.6
G1 E.8 F1800
SET_VELOCITY_LIMIT ACCEL=3000
;TYPE:Inner wall
;WIDTH:0.45
G1 F12000
G1 X89.159 Y99 E.1317
G1 X87.08 Y95.398 E.13383
G1 X82.92 Y95.398 E.13383
G1 X80.841 Y99 E.13383
G1 X82.92 Y102.602 E.13383
G1 X87.08 Y102.602 E.13383
G1 X87.093 Y102.579 E.00085
SET_VELOCITY_LIMIT ACCEL=2000
G1 X86.853 Y102.21 F30000
;TYPE:Outer wall
;WIDTH:0.42
G1 F7200
G1 X88.707 Y99 E.11048
G1 X86.853 Y95.79 E.11048
G1 X83.147 Y95.79 E.11048
G1 X81.293 Y99 E.11048
G1 X83.147 Y102.21 E.11048
G1 X86.813 Y102.21 E.10928
G1 E-.728 F1800
;WIPE_START
G1 F30000
G1 X87.423 Y101.176 E-.072
;WIPE_END
G1 X95.051 Y101.447 Z2
G1 X137.344 Y102.945 Z2
G1 Z1.6
G1 E.8 F1800
SET_VELOCITY_LIMIT ACCEL=3000
;TYPE:Inner wall
;WIDTH:0.45
G1 F12000
G1 X139.217 Y99.7 E.12054
G1 X139.398 Y99.749 E.00603
G1 X139.398 Y103.398 E.11742
G1 X80.602 Y103.398 E1.89185
G1 X80.602 Y94.602 E.28302
G1 X139.398 Y94.602 E1.89185
G1 X139.398 Y98.251 E.11742
G1 X139.217 Y98.3 E.00603
G1 X137.311 Y94.998 E.12268
G1 X132.689 Y94.998 E.1487
G1 X130.379 Y99 E.14869
G1 X132.689 Y103.002 E.14869
G1 X137.311 Y103.002 E.1487
G1 X137.324 Y102.979 E.00085
SET_VELOCITY_LIMIT ACCEL=2000
G1 X137.084 Y102.61 F30000
;TYPE:Outer wall
;WIDTH:0.42
G1 F7200
G1 X139.168 Y99 E.12424
G1 X137.084 Y95.39 E.12424
G1 X132.916 Y95.39 E.12424
G1 X130.832 Y99 E.12424
G1 X132.916 Y102.61 E.12424
G1 X137.044 Y102.61 E.12305
G1 E-.728 F1800
;WIPE_START
G1 F30000
G1 X137.653 Y101.576 E-.072
;WIPE_END
G1 X139.78 Y94.246 Z2
G1 X139.79 Y94.21 Z2
G1 Z1.6
G1 E.8 F1800
G1 F7200
G1 X139.79 Y103.79 E.28554
G1 X80.21 Y103.79 E1.77581
G1 X80.21 Y94.21 E.28554
G1 X139.75 Y94.21 E1.77461
G1 E-.728 F1800
;WIPE_START
G1 F30000
G1 X139.755 Y95.41 E-.072
;WIPE_END
G1 X139.006 Y97.15 Z2
G1 Z1.6
G1 E.8 F1800
SET_VELOCITY_LIMIT ACCEL=3000
;TYPE:Internal solid infill
;WIDTH:0.419999
G1 F15000
G1 X139.006 Y94.994 E.06426
G1 X137.761 Y94.994 E.0371
G1 X138.986 Y97.115 E.073
G1 E-.728 F1800
;WIPE_START
G1 F30000
G1 X138.386 Y96.076 E-.072
;WIPE_END
G1 X138.584 Y95.392 Z2
G1 Z1.6
G1 E.8 F1800
;WIDTH:0.577008
G1 F12408.803
G1 X138.517 Y95.392 E.00282
G1 X138.484 Y95.45 E.00282
G1 X138.517 Y95.508 E.00282
G1 X138.584 Y95.508 E.00282
G1 X138.597 Y95.484 E.00113
G1 E-.78237 F1800
;WIPE_START
G1 F30000
G1 X138.584 Y95.508 E-.00161
G1 X138.517 Y95.508 E-.00401
G1 X138.484 Y95.45 E-.00401
G1 X138.517 Y95.392 E-.00401
G1 X138.584 Y95.392 E-.00401
;WIPE_END
G1 X139.487 Y98.43 Z2
G1 Z1.6
G1 E.8 F1800
;TYPE:Gap infill
;WIDTH:0.256347
G1 F15000
G1 X139.487 Y99.57 E.01922
G1 E-.73163 F1800
;WIPE_START
G1 F30000
G1 X139.487 Y98.43 E-.06837
;WIPE_END
G1 X137.761 Y103.006 Z2
G1 Z1.6
G1 E.8 F1800
;TYPE:Internal solid infill
;WIDTH:0.419999
G1 F15000
G1 X139.006 Y103.006 E.0371
G1 X139.006 Y100.85 E.06426
G1 X137.781 Y102.971 E.073
G1 E-.728 F1800
;WIPE_START
G1 F30000
G1 X138.381 Y101.932 E-.072
;WIPE_END
G1 X138.584 Y102.492 Z2
G1 Z1.6
G1 E.8 F1800
;WIDTH:0.57701
G1 F12408.758
G1 X138.517 Y102.492 E.00282
G1 X138.483 Y102.55 E.00282
G1 X138.517 Y102.608 E.00282
G1 X138.584 Y102.608 E.00282
G1 X138.597 Y102.585 E.00113
G1 E-.78237 F1800
;WIPE_START
G1 F30000
G1 X138.584 Y102.608 E-.00161
G1 X138.517 Y102.608 E-.00401
G1 X138.483 Y102.55 E-.00401
G1 X138.517 Y102.492 E-.00401
G1 X138.584 Y102.492 E-.00401
;WIPE_END
G1 X130.953 Y102.347 Z2
G1 X127.801 Y102.286 Z2
G1 Z1.6
G1 E.8 F1800
SET_VELOCITY_LIMIT ACCEL=1000
;TYPE:Internal Bridge
;WIDTH:0.4
;HEIGHT:0.4
G1 F4500
M106 S255
G1 X128 Y103.028 E.03623
G1 X128.466 Y103.028 E.02198
G1 X128.194 Y102.012 E.04964
G1 X128.512 Y101.461 E.03003
G1 X128.932 Y103.028 E.07656
G1 X129.398 Y103.028 E.02198
G1 X128.83 Y100.91 E.10348
G1 X129.148 Y100.359 E.03003
G1 X129.864 Y103.028 E.1304
G1 X130.329 Y103.028 E.02198
G1 X129.392 Y99.531 E.17083
G1 E-.728 F1800
;WIPE_START
G1 F30000
G1 X129.703 Y100.69 E-.072
;WIPE_END
G1 X127.992 Y96.044 Z2
G1 Z1.6
G1 E.8 F1800
G1 F4500
G1 X127.714 Y94.972 E.05226
G1 X128.171 Y94.972 E.02153
G1 X128.862 Y97.55 E.12592
G1 E-.728 F1800
;WIPE_START
G1 F30000
G1 X128.551 Y96.391 E-.072
;WIPE_END
G1 X128.582 Y94.769 Z2
G1 Z1.6
G1 E.8 F1800
G1 F4500
G1 X130.795 Y103.028 E.40341
G1 X131.261 Y103.028 E.02198
G1 X129.103 Y94.972 E.39352
G1 X129.568 Y94.972 E.02198
G1 X130.427 Y98.177 E.15655
G1 X130.745 Y97.626 E.03003
G1 X130.034 Y94.972 E.12963
G1 X130.5 Y94.972 E.02198
G1 X131.064 Y97.075 E.10271
G1 X131.382 Y96.523 E.03003
G1 X130.966 Y94.972 E.07579
G1 X131.432 Y94.972 E.02198
G1 X131.7 Y95.972 E.04887
G1 X132.018 Y95.421 E.03003
G1 X131.844 Y94.769 E.03184
G1 E-.728 F1800
;WIPE_START
G1 F30000
G1 X132.018 Y95.421 E-.04049
G1 X131.756 Y95.876 E-.03151
;WIPE_END
G1 X131.048 Y100.493 Z2
G1 Z1.6
G1 E.8 F1800
G1 F4500
G1 X131.727 Y103.028 E.12382
G1 X132.193 Y103.028 E.02198
G1 X131.917 Y101.999 E.05027
G1 E-.728 F1800
;WIPE_START
G1 F30000
G1 X132.193 Y103.028 E-.06393
G1 X132.058 Y103.028 E-.00807
;WIPE_END
G1 X127.345 Y103.15 Z2
G1 Z1.6
G1 E.8 F1800
SET_VELOCITY_LIMIT ACCEL=3000
;TYPE:Gap infill
;WIDTH:0.13168
;HEIGHT:0.2
G1 F15000
M106 S242
G1 X122.655 Y103.15 E.0329
G1 E-.728 F1800
;WIPE_START
G1 F30000
G1 X123.855 Y103.15 E-.072
;WIPE_END
G1 X117.595 Y102.445 Z2
G1 Z1.6
G1 E.8 F1800
SET_VELOCITY_LIMIT ACCEL=1000
;TYPE:Internal Bridge
;WIDTH:0.4
;HEIGHT:0.4
G1 F4500
M106 S255
G1 X117.751 Y103.028 E.0285
G1 X118.217 Y103.028 E.02198
G1 X117.987 Y102.17 E.04191
G1 X118.305 Y101.619 E.03003
G1 X118.683 Y103.028 E.06883
G1 X119.149 Y103.028 E.02198
G1 X118.623 Y101.068 E.09575
G1 X118.941 Y100.517 E.03003
G1 X119.614 Y103.028 E.12267
G1 X120.08 Y103.028 E.02198
G1 X119.186 Y99.689 E.1631
G1 E-.728 F1800
;WIPE_START
G1 F30000
G1 X119.496 Y100.848 E-.072
;WIPE_END
G1 X118.496 Y97.117 Z2
G1 Z1.6
G1 E.8 F1800
G1 F4500
G1 X117.922 Y94.972 E.10481
G1 X118.387 Y94.972 E.02198
G1 X119.163 Y97.867 E.14144
G1 X119.817 Y99 E.0617
G1 X119.578 Y99.415 E.02258
G1 X120.546 Y103.028 E.17651
G1 X121.012 Y103.028 E.02198
G1 X118.853 Y94.972 E.39352
G1 X119.319 Y94.972 E.02198
G1 X120.294 Y98.608 E.17762
G1 X120.067 Y99 E.02134
G1 X120.685 Y100.07 E.05831
G1 X121.478 Y103.028 E.14448
G1 X121.944 Y103.028 E.02198
G1 X121.352 Y100.82 E.10784
G1 E-.728 F1800
;WIPE_START
G1 F30000
G1 X121.663 Y101.979 E-.072
;WIPE_END
G1 X120.686 Y98.334 Z2
G1 Z1.6
G1 E.8 F1800
G1 F4500
G1 X119.785 Y94.972 E.16421
G1 X120.251 Y94.972 E.02198
G1 X120.93 Y97.506 E.12378
G1 X121.248 Y96.955 E.03003
G1 X120.717 Y94.972 E.09686
G1 X121.183 Y94.972 E.02198
G1 X121.566 Y96.404 E.06994
G1 X121.885 Y95.853 E.03003
G1 X121.649 Y94.972 E.04302
G1 X122.114 Y94.972 E.02198
G1 X122.277 Y95.578 E.02961
G1 E-.728 F1800
;WIPE_START
G1 F30000
G1 X122.114 Y94.972 E-.03766
G1 X121.649 Y94.972 E-.02795
G1 X121.676 Y95.075 E-.00639
;WIPE_END
G1 X122.655 Y94.85 Z2
G1 Z1.6
G1 E.8 F1800
SET_VELOCITY_LIMIT ACCEL=3000
;TYPE:Gap infill
;WIDTH:0.13168
;HEIGHT:0.2
G1 F15000
M106 S242
G1 X127.345 Y94.85 E.0329
G1 E-.728 F1800
;WIPE_START
G1 F30000
G1 X126.145 Y94.85 E-.072
;WIPE_END
G1 X118.512 Y94.893 Z2
G1 X117.258 Y94.9 Z2
G1 Z1.6
G1 E.8 F1800
;WIDTH:0.231688
G1 F15000
G1 X112.742 Y94.9 E.06739
G1 E-.728 F1800
;WIPE_START
G1 F30000
G1 X113.942 Y94.9 E-.072
;WIPE_END
G1 X107.172 Y94.95 Z2
G1 Z1.6
G1 E.8 F1800
;WIDTH:0.331686
G1 F15000
G1 X102.828 Y94.95 E.09913
G1 E-.728 F1800
;WIPE_START
G1 F30000
G1 X104.028 Y94.95 E-.072
;WIPE_END
G1 X97.128 Y94.975 Z2
G1 Z1.6
G1 E.8 F1800
;WIDTH:0.38168
G1 F15000
G1 X92.872 Y94.975 E.11397
G1 E-.728 F1800
;WIPE_START
G1 F30000
G1 X94.072 Y94.975 E-.072
;WIPE_END
G1 X87.085 Y95 Z2
G1 Z1.6
G1 E.8 F1800
;WIDTH:0.431684
G1 F15000
G1 X82.915 Y95 E.12814
G1 E-.728 F1800
;WIPE_START
G1 F30000
G1 X84.115 Y95 E-.072
;WIPE_END
G1 X80.994 Y97.95 Z2
G1 Z1.6
G1 E.8 F1800
;TYPE:Internal solid infill
;WIDTH:0.419999
G1 F15000
G1 X82.523 Y95.302 E.09113
G1 X82.523 Y94.994 E.00918
G1 X80.994 Y94.994 E.04557
G1 X80.994 Y97.91 E.08691
G1 E-.728 F1800
;WIPE_START
G1 F30000
G1 X80.994 Y96.71 E-.072
;WIPE_END
G1 X81.401 Y96.433 Z2
G1 Z1.6
G1 E.8 F1800
;WIDTH:0.479025
G1 F15000
G1 X81.996 Y95.401 E.04107
G1 X81.401 Y95.401 E.02054
G1 X81.401 Y96.393 E.03419
G1 E-.728 F1800
;WIPE_START
G1 F30000
G1 X81.401 Y95.401 E-.05951
G1 X81.609 Y95.401 E-.01249
;WIPE_END
G1 X82.52 Y102.979 Z2
G1 X82.523 Y103.006 Z2
G1 Z1.6
G1 E.8 F1800
;WIDTH:0.419999
G1 F15000
G1 X82.49 Y102.642 E.0109
G1 X80.994 Y100.05 E.0892
G1 X80.994 Y103.006 E.0881
G1 X82.483 Y103.006 E.04438
G1 X81.996 Y102.599 F30000
;WIDTH:0.479026
G1 F15000
G1 X81.401 Y101.567 E.04107
G1 X81.401 Y102.599 E.03557
G1 X81.956 Y102.599 E.01916
G1 E-.728 F1800
;WIPE_START
G1 F30000
G1 X81.401 Y102.599 E-.03334
G1 X81.401 Y101.955 E-.03866
M73 P74 R7
;WIPE_END
G1 X82.915 Y103 Z2
G1 Z1.6
G1 E.8 F1800
;TYPE:Gap infill
;WIDTH:0.431684
G1 F15000
G1 X87.085 Y103 E.12814
G1 X87.329 Y102.505 F30000
SET_VELOCITY_LIMIT ACCEL=1000
;TYPE:Internal Bridge
;WIDTH:0.4
;HEIGHT:0.4
G1 F4500
M106 S255
G1 X87.469 Y103.028 E.02556
G1 X87.935 Y103.028 E.02198
G1 X87.721 Y102.23 E.03897
G1 X88.039 Y101.679 E.03003
G1 X88.401 Y103.028 E.06589
G1 X88.867 Y103.028 E.02198
G1 X88.358 Y101.128 E.09281
G1 X88.676 Y100.577 E.03003
G1 X89.333 Y103.028 E.11973
G1 X89.798 Y103.028 E.02198
G1 X88.92 Y99.749 E.16016
G1 E-.728 F1800
;WIPE_START
G1 F30000
G1 X89.23 Y100.908 E-.072
;WIPE_END
G1 X88.171 Y96.953 Z2
G1 Z1.6
G1 E.8 F1800
G1 F4500
G1 X87.64 Y94.972 E.09677
G1 X88.106 Y94.972 E.02198
G1 X88.837 Y97.703 E.13341
G1 X89.586 Y99 E.07066
G1 X89.312 Y99.475 E.02586
G1 X90.264 Y103.028 E.17357
G1 X90.73 Y103.028 E.02198
G1 X88.571 Y94.972 E.39352
G1 X89.037 Y94.972 E.02198
G1 X91.196 Y103.028 E.39352
G1 X91.662 Y103.028 E.02198
G1 X89.503 Y94.972 E.39352
G1 X89.969 Y94.972 E.02198
G1 X90.829 Y98.181 E.15675
G1 X91.147 Y97.63 E.03003
G1 X90.435 Y94.972 E.12983
G1 X90.901 Y94.972 E.02198
G1 X91.465 Y97.079 E.10291
G1 X91.784 Y96.527 E.03003
G1 X91.367 Y94.972 E.07599
G1 X91.833 Y94.972 E.02198
G1 X92.102 Y95.976 E.04907
G1 X92.42 Y95.425 E.03003
G1 X92.244 Y94.769 E.03204
G1 E-.728 F1800
;WIPE_START
G1 F30000
G1 X92.42 Y95.425 E-.04074
G1 X92.159 Y95.876 E-.03126
;WIPE_END
G1 X91.446 Y100.482 Z2
G1 Z1.6
M73 P74 R6
G1 E.8 F1800
G1 F4500
G1 X92.182 Y103.231 E.13425
G1 X92.872 Y103.025 F30000
SET_VELOCITY_LIMIT ACCEL=3000
;TYPE:Gap infill
;WIDTH:0.38168
;HEIGHT:0.2
G1 F15000
M106 S242
G1 X97.128 Y103.025 E.11397
G1 X97.295 Y102.666 F30000
SET_VELOCITY_LIMIT ACCEL=1000
;TYPE:Internal Bridge
;WIDTH:0.4
;HEIGHT:0.4
G1 F4500
M106 S255
G1 X98.648 Y103.028 E.06604
G1 X100.386 Y103.028 E.08203
G1 X97.729 Y102.316 E.12978
G1 X97.962 Y101.913 E.02198
G1 X102.125 Y103.028 E.20332
G1 X102.459 Y103.028 E.01575
G1 X102.459 Y102.742 E.0135
G1 X102.397 Y102.635 E.00582
G1 X98.195 Y101.509 E.20524
G1 X98.428 Y101.106 E.02198
G1 X102.079 Y102.084 E.17832
G1 X101.761 Y101.533 E.03003
G1 X98.661 Y100.702 E.1514
G1 X98.894 Y100.299 E.02198
G1 X101.443 Y100.982 E.12448
G1 X101.124 Y100.431 E.03003
G1 X99.127 Y99.896 E.09756
G1 X99.36 Y99.492 E.02198
G1 X100.806 Y99.88 E.07064
G1 X100.488 Y99.328 E.03003
G1 X99.593 Y99.089 E.04372
G1 X99.644 Y99 E.00483
G1 X99.396 Y98.57 E.02343
G1 X100.392 Y98.837 E.04869
G1 X100.625 Y98.434 E.02198
G1 X99.077 Y98.019 E.07561
G1 X98.759 Y97.468 E.03003
G1 X100.858 Y98.03 E.10253
G1 X101.091 Y97.627 E.02198
G1 X98.441 Y96.917 E.12945
G1 X98.123 Y96.365 E.03003
G1 X101.324 Y97.223 E.15637
G1 X101.557 Y96.82 E.02198
G1 X97.805 Y95.814 E.18329
G1 X97.498 Y95.283 E.02894
G1 X97.498 Y95.266 E.00079
G1 X101.79 Y96.416 E.20965
G1 X102.023 Y96.013 E.02198
G1 X98.138 Y94.972 E.18976
G1 X99.877 Y94.972 E.08203
G1 X102.256 Y95.609 E.11621
G1 X102.459 Y95.258 E.01914
G1 X102.459 Y95.198 E.00284
G1 X100.86 Y94.769 E.07811
G1 E-.728 F1800
;WIPE_START
G1 F30000
G1 X102.019 Y95.08 E-.072
;WIPE_END
G1 X102.79 Y102.673 Z2
G1 X102.828 Y103.05 Z2
G1 Z1.6
G1 E.8 F1800
SET_VELOCITY_LIMIT ACCEL=3000
;TYPE:Gap infill
;WIDTH:0.331686
;HEIGHT:0.2
G1 F15000
M106 S242
G1 X107.172 Y103.05 E.09913
G1 X107.402 Y102.579 F30000
SET_VELOCITY_LIMIT ACCEL=1000
;TYPE:Internal Bridge
;WIDTH:0.4
;HEIGHT:0.4
G1 F4500
M106 S255
G1 X109.08 Y103.028 E.08195
G1 X110.818 Y103.028 E.08203
G1 X107.837 Y102.229 E.14561
G1 X108.07 Y101.826 E.02198
G1 X112.372 Y102.979 E.21013
G1 X112.372 Y102.792 E.00881
G1 X112.181 Y102.462 E.01799
G1 X108.303 Y101.423 E.18944
G1 X108.536 Y101.019 E.02198
G1 X111.863 Y101.911 E.16252
G1 X111.545 Y101.359 E.03003
G1 X108.769 Y100.616 E.1356
G1 X109.002 Y100.212 E.02198
G1 X111.227 Y100.808 E.10868
G1 X110.909 Y100.257 E.03003
G1 X109.235 Y99.809 E.08176
G1 X109.468 Y99.405 E.02198
G1 X110.59 Y99.706 E.05484
G1 X110.272 Y99.155 E.03003
G1 X109.701 Y99.002 E.02792
G1 X109.385 Y98.451 E.02994
G1 X110.35 Y98.71 E.04715
G1 X110.583 Y98.306 E.02198
G1 X109.067 Y97.9 E.07407
G1 X108.749 Y97.349 E.03003
G1 X110.816 Y97.903 E.10099
G1 X111.049 Y97.5 E.02198
G1 X108.43 Y96.798 E.12791
G1 X108.112 Y96.247 E.03003
G1 X111.282 Y97.096 E.15483
G1 X111.515 Y96.693 E.02198
G1 X107.794 Y95.696 E.18175
G1 X107.541 Y95.258 E.02384
G1 X107.541 Y95.162 E.00453
G1 X111.748 Y96.289 E.20547
G1 X111.981 Y95.886 E.02198
G1 X108.57 Y94.972 E.1666
G1 X110.309 Y94.972 E.08203
G1 X112.214 Y95.482 E.09305
G1 X112.372 Y95.208 E.01494
G1 X112.372 Y95.059 E.00704
G1 X111.292 Y94.769 E.05278
G1 E-.728 F1800
;WIPE_START
G1 F30000
G1 X112.372 Y95.059 E-.06712
G1 X112.372 Y95.14 E-.00488
;WIPE_END
G1 X112.726 Y102.764 Z2
G1 X112.742 Y103.1 Z2
G1 Z1.6
G1 E.8 F1800
SET_VELOCITY_LIMIT ACCEL=3000
;TYPE:Gap infill
;WIDTH:0.231688
;HEIGHT:0.2
G1 F15000
M106 S242
G1 X117.258 Y103.1 E.06739
G1 E-.728 F1800
;WIPE_START
G1 F30000
G1 X116.058 Y103.1 E-.072
;WIPE_END
G1 X122.249 Y107.565 Z2
G1 X164.63 Y138.13 Z2
G1 Z1.6
G1 E.8 F1800
SET_VELOCITY_LIMIT ACCEL=2000
;TYPE:Outer wall
;WIDTH:0.42
G1 F7200
G1 X167.37 Y138.13 E.08167
G1 X167.37 Y140.87 E.08167
G1 X164.63 Y140.87 E.08167
G1 X164.63 Y138.17 E.08047
G1 X164.21 Y137.71 F30000
G1 F7200
G1 X167.79 Y137.71 E.1067
G1 X167.79 Y141.29 E.1067
G1 X164.21 Y141.29 E.1067
G1 X164.21 Y137.75 E.10551
G1 E-1.092 F1800
;WIPE_START
G1 F30000
G1 X165.41 Y137.737 E-.108
;WIPE_END
G1 X164.997 Y145.358 Z2
G1 X164.63 Y152.13 Z2
G1 Z1.6
G1 E1.2 F1800 ; CC2_CARD retract 1.2
G1 F7200
G1 X167.37 Y152.13 E.08167
G1 X167.37 Y154.87 E.08167
G1 X164.63 Y154.87 E.08167
G1 X164.63 Y152.17 E.08047
G1 X164.21 Y151.71 F30000
G1 F7200
G1 X167.79 Y151.71 E.1067
G1 X167.79 Y155.29 E.1067
G1 X164.21 Y155.29 E.1067
G1 X164.21 Y151.75 E.10551
G1 E-1.092 F1800
;WIPE_START
G1 F30000
G1 X165.41 Y151.737 E-.108
;WIPE_END
G1 X157.779 Y151.888 Z2
G1 X145.63 Y152.13 Z2
G1 Z1.6
G1 E1.2 F1800 ; CC2_CARD retract 1.2
G1 F7200
G1 X148.37 Y152.13 E.08167
G1 X148.37 Y154.87 E.08167
G1 X145.63 Y154.87 E.08167
G1 X145.63 Y152.17 E.08047
G1 E-.91 F1800
;WIPE_START
G1 F30000
G1 X146.83 Y152.152 E-.09
;WIPE_END
G1 X148.79 Y151.71 Z2
G1 Z1.6
G1 E1 F1800 ; CC2_CARD retract 1.0
G1 F7200
G1 X148.79 Y155.29 E.1067
G1 X145.21 Y155.29 E.1067
G1 X145.21 Y151.71 E.1067
G1 X148.75 Y151.71 E.10551
G1 E-.91 F1800
;WIPE_START
G1 F30000
G1 X148.763 Y152.91 E-.09
;WIPE_END
G1 X147.18 Y145.443 Z2
G1 X145.63 Y138.13 Z2
G1 Z1.6
G1 E1 F1800 ; CC2_CARD retract 1.0
G1 F7200
G1 X148.37 Y138.13 E.08167
G1 X148.37 Y140.87 E.08167
G1 X145.63 Y140.87 E.08167
G1 X145.63 Y138.17 E.08047
G1 X145.21 Y137.71 F30000
G1 F7200
G1 X148.79 Y137.71 E.1067
G1 X148.79 Y141.29 E.1067
G1 X145.21 Y141.29 E.1067
G1 X145.21 Y137.75 E.10551
G1 E-.91 F1800
;WIPE_START
G1 F30000
G1 X146.41 Y137.737 E-.09
;WIPE_END
G1 X138.78 Y137.913 Z2
G1 X129.37 Y138.13 Z2
G1 Z1.6
G1 E1 F1800 ; CC2_CARD retract 1.0
G1 F7200
G1 X129.37 Y140.87 E.08167
G1 X126.63 Y140.87 E.08167
G1 X126.63 Y138.13 E.08167
G1 X129.33 Y138.13 E.08047
G1 X129.79 Y137.71 F30000
G1 F7200
G1 X129.79 Y141.29 E.1067
G1 X126.21 Y141.29 E.1067
G1 X126.21 Y137.71 E.1067
G1 X129.75 Y137.71 E.10551
G1 E-.728 F1800
;WIPE_START
G1 F30000
G1 X129.763 Y138.91 E-.072
;WIPE_END
G1 X128.003 Y146.337 Z2
G1 X126.63 Y152.13 Z2
G1 Z1.6
G1 E.8 F1800 ; CC2_CARD retract 0.8
G1 F7200
G1 X129.37 Y152.13 E.08167
G1 X129.37 Y154.87 E.08167
G1 X126.63 Y154.87 E.08167
G1 X126.63 Y152.17 E.08047
G1 X126.21 Y151.71 F30000
G1 F7200
G1 X129.79 Y151.71 E.1067
G1 X129.79 Y155.29 E.1067
G1 X126.21 Y155.29 E.1067
G1 X126.21 Y151.75 E.10551
G1 E-.728 F1800
;WIPE_START
G1 F30000
G1 X127.41 Y151.737 E-.072
;WIPE_END
G1 X121.122 Y147.411 Z2
G1 X107.63 Y138.13 Z2
G1 Z1.6
G1 E.8 F1800 ; CC2_CARD retract 0.8
G1 F7200
G1 X110.37 Y138.13 E.08167
G1 X110.37 Y140.87 E.08167
G1 X107.63 Y140.87 E.08167
G1 X107.63 Y138.17 E.08047
G1 X107.21 Y137.71 F30000
G1 F7200
G1 X110.79 Y137.71 E.1067
G1 X110.79 Y141.29 E.1067
G1 X107.21 Y141.29 E.1067
G1 X107.21 Y137.75 E.10551
G1 E-.546 F1800
;WIPE_START
G1 F30000
G1 X108.41 Y137.737 E-.054
;WIPE_END
G1 X107.997 Y145.358 Z2
G1 X107.63 Y152.13 Z2
G1 Z1.6
M73 P75 R6
G1 E.6 F1800 ; CC2_CARD retract 0.6
G1 F7200
G1 X110.37 Y152.13 E.08167
G1 X110.37 Y154.87 E.08167
G1 X107.63 Y154.87 E.08167
G1 X107.63 Y152.17 E.08047
G1 E-.546 F1800
;WIPE_START
G1 F30000
G1 X108.83 Y152.152 E-.054
;WIPE_END
G1 X110.79 Y151.71 Z2
G1 Z1.6
G1 E.6 F1800 ; CC2_CARD retract 0.6
G1 F7200
G1 X110.79 Y155.29 E.1067
G1 X107.21 Y155.29 E.1067
G1 X107.21 Y151.71 E.1067
G1 X110.75 Y151.71 E.10551
G1 E-.546 F1800
;WIPE_START
G1 F30000
G1 X110.763 Y152.91 E-.054
;WIPE_END
G1 X104.55 Y157.343 Z2
G1 X101.384 Y159.602 Z2
G1 Z1.6
G1 E.6 F1800 ; CC2_CARD retract 0.6
SET_VELOCITY_LIMIT ACCEL=3000
;TYPE:Inner wall
;WIDTH:0.45
G1 F12000
G1 X101.582 Y159.944 E.0127
G1 X102.769 Y162 E.07639
G1 X101.384 Y164.398 E.08909
G1 X98.616 Y164.398 E.08909
G1 X97.231 Y162 E.08909
G1 X98.616 Y159.602 E.08909
G1 X101.344 Y159.602 E.08781
SET_VELOCITY_LIMIT ACCEL=2000
G1 X101.611 Y159.21 F30000
;TYPE:Outer wall
;WIDTH:0.42
G1 F7200
G1 X101.921 Y159.748 E.01851
G1 X103.222 Y162 E.07751
G1 X101.611 Y164.79 E.09602
G1 X98.389 Y164.79 E.09602
G1 X96.778 Y162 E.09602
G1 X98.389 Y159.21 E.09602
G1 X101.571 Y159.21 E.09483
G1 E-.728 F1800
;WIPE_START
G1 F30000
G1 X101.921 Y159.748 E-.03852
G1 X102.2 Y160.231 E-.03348
;WIPE_END
G1 X101.361 Y163.742 Z2
G1 Z1.6
G1 E.8 F1800
SET_VELOCITY_LIMIT ACCEL=3000
;TYPE:Sparse infill
;WIDTH:0.45
G1 F12000
G1 X101.183 Y164.05 E.01141
G1 X99.91 Y164.05 E.04098
G1 X101.008 Y159.95 E.13656
G1 X101.183 Y159.95 E.00564
G1 X101.28 Y160.117 E.0062
G1 X98.252 Y160.929 E.10087
G1 X97.633 Y162 E.0398
G1 X97.829 Y162.339 E.01259
G1 E-.728 F1800
;WIPE_START
G1 F30000
G1 X97.633 Y162 E-.02348
G1 X98.038 Y161.3 E-.04852
;WIPE_END
G1 X92.572 Y155.972 Z2
G1 X88.63 Y152.13 Z2
G1 Z1.6
G1 E.8 F1800
SET_VELOCITY_LIMIT ACCEL=2000
;TYPE:Outer wall
;WIDTH:0.42
G1 F7200
G1 X91.37 Y152.13 E.08167
G1 X91.37 Y154.87 E.08167
G1 X88.63 Y154.87 E.08167
G1 X88.63 Y152.17 E.08047
G1 X88.21 Y151.71 F30000
G1 F7200
G1 X91.79 Y151.71 E.1067
G1 X91.79 Y155.29 E.1067
G1 X88.21 Y155.29 E.1067
G1 X88.21 Y151.75 E.10551
G1 E-.364 F1800
;WIPE_START
G1 F30000
G1 X89.41 Y151.737 E-.036
;WIPE_END
G1 X90.498 Y144.182 Z2
G1 X91.37 Y138.13 Z2
G1 Z1.6
G1 E.4 F1800 ; CC2_CARD retract 0.4
G1 F7200
G1 X91.37 Y140.87 E.08167
G1 X88.63 Y140.87 E.08167
G1 X88.63 Y138.13 E.08167
G1 X91.33 Y138.13 E.08047
G1 X91.79 Y137.71 F30000
G1 F7200
G1 X91.79 Y141.29 E.1067
G1 X88.21 Y141.29 E.1067
G1 X88.21 Y137.71 E.1067
G1 X91.75 Y137.71 E.10551
M106 S245
;LAYER_CHANGE
;Z:1.8
;HEIGHT:0.2
;BEFORE_LAYER_CHANGE
;1.8
G92 E0

G1 E-.364 F1800
;WIPE_START
G1 F30000
G1 X91.763 Y138.91 E-.036
;WIPE_END
M73 L9
;LAYER:9
SET_PRINT_STATS_INFO TOTAL_LAYER=35 CURRENT_LAYER=9
;_SET_FAN_SPEED_CHANGING_LAYER

G1 X92.6872 Y138.398 Z1.85714
G1 X93.6632 Y138.802 Z1.91429
G1 X93.9565 Y139.816 Z1.97143
G1 X93.3462 Y140.678 Z2.02857
G1 X92.2918 Y140.738 Z2.08571
G1 X91.5874 Y139.951 Z2.14286
G1 X91.7634 Y138.91 Z2.2
G1 X122.554 Y95.433 Z2.2
G1 Z1.8
G1 E.4 F1800 ; CC2_CARD retract 0.4
SET_VELOCITY_LIMIT ACCEL=3000
;TYPE:Inner wall
;WIDTH:0.45
G1 F12000
G1 X120.494 Y99 E.13255
G1 X122.747 Y102.902 E.14498
G1 X127.253 Y102.902 E.14498
G1 X129.506 Y99 E.14498
G1 X127.253 Y95.098 E.14498
G1 X122.747 Y95.098 E.14498
G1 X122.574 Y95.398 E.01115
SET_VELOCITY_LIMIT ACCEL=2000
G1 X122.973 Y95.49 F30000
;TYPE:Outer wall
;WIDTH:0.42
G1 F7200
G1 X120.947 Y99 E.1208
G1 X122.973 Y102.51 E.1208
G1 X127.027 Y102.51 E.1208
G1 X129.053 Y99 E.1208
G1 X127.027 Y95.49 E.1208
G1 X123.013 Y95.49 E.11961
G1 E-.728 F1800
;WIPE_START
G1 F30000
G1 X122.405 Y96.524 E-.072
;WIPE_END
G1 X117.494 Y102.367 Z2.2
G1 X117.129 Y102.802 Z2.2
G1 Z1.8
G1 E.8 F1800
SET_VELOCITY_LIMIT ACCEL=3000
;TYPE:Inner wall
;WIDTH:0.45
G1 F12000
G1 X117.195 Y102.802 E.00213
G1 X119.39 Y99 E.14126
G1 X117.195 Y95.198 E.14126
G1 X112.805 Y95.198 E.14126
G1 X110.61 Y99 E.14126
G1 X112.805 Y102.802 E.14126
G1 X117.089 Y102.802 E.13784
SET_VELOCITY_LIMIT ACCEL=2000
G1 X116.969 Y102.41 F30000
;TYPE:Outer wall
;WIDTH:0.42
G1 F7200
G1 X118.938 Y99 E.11736
G1 X116.969 Y95.59 E.11736
G1 X113.031 Y95.59 E.11736
G1 X111.062 Y99 E.11736
G1 X113.031 Y102.41 E.11736
G1 X116.929 Y102.41 E.11617
G1 E-.728 F1800
;WIPE_START
G1 F30000
G1 X117.538 Y101.376 E-.072
;WIPE_END
G1 X109.934 Y102.032 Z2.2
G1 X102.829 Y102.645 Z2.2
G1 Z1.8
G1 E.8 F1800
SET_VELOCITY_LIMIT ACCEL=3000
;TYPE:Inner wall
;WIDTH:0.45
G1 F12000
G1 X102.863 Y102.702 E.00213
G1 X107.137 Y102.702 E.13755
G1 X109.275 Y99 E.13755
G1 X107.137 Y95.298 E.13755
G1 X102.863 Y95.298 E.13755
G1 X100.725 Y99 E.13755
G1 X102.809 Y102.61 E.13413
SET_VELOCITY_LIMIT ACCEL=2000
G1 X103.089 Y102.31 F30000
;TYPE:Outer wall
;WIDTH:0.42
G1 F7200
G1 X106.911 Y102.31 E.11392
G1 X108.822 Y99 E.11392
G1 X106.911 Y95.69 E.11392
G1 X103.089 Y95.69 E.11392
G1 X101.178 Y99 E.11392
G1 X103.069 Y102.275 E.11273
G1 E-.728 F1800
;WIPE_START
G1 F30000
G1 X104.269 Y102.286 E-.072
;WIPE_END
G1 X97.042 Y102.652 Z2.2
G1 Z1.8
G1 E.8 F1800
SET_VELOCITY_LIMIT ACCEL=3000
;TYPE:Inner wall
;WIDTH:0.45
G1 F12000
G1 X97.109 Y102.652 E.00213
G1 X99.217 Y99 E.13569
G1 X97.109 Y95.348 E.13569
G1 X92.891 Y95.348 E.13569
G1 X90.783 Y99 E.13569
G1 X92.891 Y102.652 E.13569
G1 X97.002 Y102.652 E.13227
SET_VELOCITY_LIMIT ACCEL=2000
G1 X96.882 Y102.26 F30000
;TYPE:Outer wall
;WIDTH:0.42
G1 F7200
G1 X98.764 Y99 E.1122
G1 X96.882 Y95.74 E.1122
G1 X93.118 Y95.74 E.1122
G1 X91.236 Y99 E.1122
G1 X93.118 Y102.26 E.1122
G1 X96.842 Y102.26 E.111
G1 E-.728 F1800
;WIPE_START
G1 F30000
G1 X97.452 Y101.226 E-.072
;WIPE_END
G1 X89.88 Y102.192 Z2.2
G1 X87.113 Y102.545 Z2.2
G1 Z1.8
G1 E.8 F1800
SET_VELOCITY_LIMIT ACCEL=3000
;TYPE:Inner wall
;WIDTH:0.45
G1 F12000
G1 X89.159 Y99 E.1317
G1 X87.08 Y95.398 E.13383
G1 X82.92 Y95.398 E.13383
G1 X80.841 Y99 E.13383
G1 X82.92 Y102.602 E.13383
G1 X87.08 Y102.602 E.13383
G1 X87.093 Y102.579 E.00085
SET_VELOCITY_LIMIT ACCEL=2000
G1 X86.853 Y102.21 F30000
;TYPE:Outer wall
;WIDTH:0.42
G1 F7200
G1 X88.707 Y99 E.11048
G1 X86.853 Y95.79 E.11048
G1 X83.147 Y95.79 E.11048
G1 X81.293 Y99 E.11048
G1 X83.147 Y102.21 E.11048
G1 X86.813 Y102.21 E.10928
G1 E-.728 F1800
;WIPE_START
G1 F30000
G1 X87.423 Y101.176 E-.072
;WIPE_END
G1 X95.051 Y101.447 Z2.2
G1 X137.344 Y102.945 Z2.2
G1 Z1.8
G1 E.8 F1800
SET_VELOCITY_LIMIT ACCEL=3000
;TYPE:Inner wall
;WIDTH:0.45
G1 F12000
G1 X139.217 Y99.7 E.12054
G1 X139.398 Y99.749 E.00603
G1 X139.398 Y103.398 E.11742
G1 X80.602 Y103.398 E1.89185
G1 X80.602 Y94.602 E.28302
G1 X139.398 Y94.602 E1.89185
G1 X139.398 Y98.251 E.11742
G1 X139.217 Y98.3 E.00603
G1 X137.311 Y94.998 E.12268
G1 X132.689 Y94.998 E.1487
G1 X130.379 Y99 E.14869
G1 X132.689 Y103.002 E.14869
G1 X137.311 Y103.002 E.1487
G1 X137.324 Y102.979 E.00085
SET_VELOCITY_LIMIT ACCEL=2000
G1 X137.084 Y102.61 F30000
;TYPE:Outer wall
;WIDTH:0.42
G1 F7200
G1 X139.168 Y99 E.12424
G1 X137.084 Y95.39 E.12424
G1 X132.916 Y95.39 E.12424
G1 X130.832 Y99 E.12424
G1 X132.916 Y102.61 E.12424
G1 X137.044 Y102.61 E.12305
G1 E-.728 F1800
;WIPE_START
G1 F30000
G1 X137.653 Y101.576 E-.072
;WIPE_END
G1 X139.78 Y94.246 Z2.2
G1 X139.79 Y94.21 Z2.2
G1 Z1.8
G1 E.8 F1800
G1 F7200
G1 X139.79 Y103.79 E.28554
G1 X80.21 Y103.79 E1.77581
G1 X80.21 Y94.21 E.28554
G1 X139.75 Y94.21 E1.77461
G1 E-.728 F1800
;WIPE_START
G1 F30000
G1 X139.755 Y95.41 E-.072
;WIPE_END
G1 X139.006 Y97.15 Z2.2
G1 Z1.8
G1 E.8 F1800
SET_VELOCITY_LIMIT ACCEL=3000
;TYPE:Internal solid infill
;WIDTH:0.419999
G1 F15000
G1 X139.006 Y94.994 E.06426
G1 X137.761 Y94.994 E.0371
G1 X138.986 Y97.115 E.073
G1 E-.728 F1800
;WIPE_START
G1 F30000
G1 X138.386 Y96.076 E-.072
;WIPE_END
G1 X138.584 Y95.392 Z2.2
G1 Z1.8
G1 E.8 F1800
;WIDTH:0.577008
G1 F12408.803
G1 X138.517 Y95.392 E.00282
G1 X138.484 Y95.45 E.00282
G1 X138.517 Y95.508 E.00282
G1 X138.584 Y95.508 E.00282
G1 X138.597 Y95.484 E.00113
G1 E-.78237 F1800
;WIPE_START
G1 F30000
G1 X138.584 Y95.508 E-.00161
G1 X138.517 Y95.508 E-.00401
G1 X138.484 Y95.45 E-.00401
G1 X138.517 Y95.392 E-.00401
G1 X138.584 Y95.392 E-.00401
;WIPE_END
G1 X139.487 Y98.43 Z2.2
G1 Z1.8
G1 E.8 F1800
;TYPE:Gap infill
;WIDTH:0.256347
G1 F15000
G1 X139.487 Y99.57 E.01922
G1 E-.73163 F1800
;WIPE_START
G1 F30000
G1 X139.487 Y98.43 E-.06837
;WIPE_END
G1 X137.761 Y103.006 Z2.2
G1 Z1.8
G1 E.8 F1800
;TYPE:Internal solid infill
;WIDTH:0.419999
G1 F15000
G1 X139.006 Y103.006 E.0371
G1 X139.006 Y100.85 E.06426
G1 X137.781 Y102.971 E.073
M73 P76 R6
G1 E-.728 F1800
;WIPE_START
G1 F30000
G1 X138.381 Y101.932 E-.072
;WIPE_END
G1 X138.584 Y102.492 Z2.2
G1 Z1.8
G1 E.8 F1800
;WIDTH:0.57701
G1 F12408.758
G1 X138.517 Y102.492 E.00282
G1 X138.483 Y102.55 E.00282
G1 X138.517 Y102.608 E.00282
G1 X138.584 Y102.608 E.00282
G1 X138.597 Y102.585 E.00113
G1 E-.78237 F1800
;WIPE_START
G1 F30000
G1 X138.584 Y102.608 E-.00161
G1 X138.517 Y102.608 E-.00401
G1 X138.483 Y102.55 E-.00401
G1 X138.517 Y102.492 E-.00401
G1 X138.584 Y102.492 E-.00401
;WIPE_END
G1 X132.487 Y103.185 Z2.2
G1 Z1.8
G1 E.8 F1800
;WIDTH:0.420007
G1 F15000
G1 X129.185 Y99.883 E.13919
G1 E-.728 F1800
;WIPE_START
G1 F30000
G1 X130.034 Y100.731 E-.072
;WIPE_END
G1 X131.963 Y103.194 Z2.2
G1 Z1.8
G1 E.8 F1800
;TYPE:Gap infill
;WIDTH:0.419961
G1 F15000
G1 X129.019 Y100.25 E.12409
G1 E-.728 F1800
;WIPE_START
G1 F30000
G1 X129.868 Y101.099 E-.072
;WIPE_END
G1 X129.968 Y99.772 Z2.2
G1 Z1.8
G1 E.8 F1800
;TYPE:Internal solid infill
;WIDTH:0.453864
G1 F15000
G1 X129.917 Y99.772 E.00167
G1 X129.891 Y99.816 E.00167
G1 X129.917 Y99.861 E.00167
G1 X129.974 Y99.851 E.00188
G1 E-.78728 F1800
;WIPE_START
G1 F30000
G1 X129.917 Y99.861 E-.00347
G1 X129.891 Y99.816 E-.00308
G1 X129.917 Y99.772 E-.00308
G1 X129.968 Y99.772 E-.00308
;WIPE_END
G1 X131.78 Y102.211 Z2.2
G1 Z1.8
G1 E.8 F1800
;WIDTH:0.419999
G1 F15000
G1 X130.107 Y99.313 E.09974
G1 X130.014 Y99.339 E.00288
G1 X129.84 Y99.205 E.00653
G1 X129.45 Y99.881 E.02327
G1 X131.752 Y102.183 E.09702
G1 E-.728 F1800
;WIPE_START
G1 F30000
G1 X130.903 Y101.334 E-.072
;WIPE_END
G1 X132.408 Y103.03 Z2.2
G1 Z1.8
G1 E.8 F1800
;WIDTH:0.38292
G1 F15000
G1 X132.419 Y103.076 E.00127
G1 E-.79716 F1800
;WIPE_START
G1 F30000
G1 X132.408 Y103.03 E-.00284
;WIPE_END
G1 X128.942 Y102.257 Z2.2
G1 Z1.8
G1 E.8 F1800
;WIDTH:0.408879
G1 F15000
G1 X129.701 Y102.257 E.02195
G1 X129.22 Y101.776 E.01968
G1 X128.962 Y102.223 E.01491
G1 X128.299 Y102.629 F30000
;WIDTH:0.419999
G1 F15000
G1 X130.598 Y102.629 E.06853
G1 X129.14 Y101.171 E.06144
G1 X128.319 Y102.594 E.04897
G1 X127.737 Y103.006 F30000
G1 F15000
G1 X131.508 Y103.006 E.11241
G1 X129.059 Y100.557 E.10322
G1 X127.725 Y102.869 E.07956
G1 X127.733 Y102.966 E.00291
G1 X127.345 Y103.15 F30000
;TYPE:Gap infill
;WIDTH:0.13168
G1 F15000
G1 X122.655 Y103.15 E.0329
G1 X122.432 Y102.683 F30000
;TYPE:Internal solid infill
;WIDTH:0.420005
G1 F15000
G1 X119.399 Y99.651 E.12781
G1 X119.204 Y99.989 E.01164
G1 X122.45 Y103.234 E.13681
G1 X121.877 Y103.194 F30000
;TYPE:Gap infill
;WIDTH:0.419955
G1 F15000
G1 X118.914 Y100.232 E.12486
G1 E-.728 F1800
;WIPE_START
G1 F30000
G1 X119.763 Y101.08 E-.072
;WIPE_END
G1 X121.132 Y101.022 Z2.2
G1 Z1.8
G1 E.8 F1800
;TYPE:Internal solid infill
;WIDTH:0.553227
G1 F12987.071
G1 X120.038 Y99.128 E.08826
;WIDTH:0.531023
G1 F13577.876
G1 X120.058 Y99.054 E.00295
;WIDTH:0.486613
G1 F14936.888
G1 X120.077 Y98.98 E.00268
;WIDTH:0.420222
G1 F15000
G1 X120.096 Y98.906 E.00228
G1 X120.447 Y98.298 E.02093
G1 X118.059 Y95.911 E.10069
G1 X119.789 Y98.906 E.10314
;WIDTH:0.442204
G1 X119.808 Y98.98 E.00241
;WIDTH:0.486613
G1 F14936.888
G1 X119.827 Y99.054 E.00268
;WIDTH:0.55193
G1 F13020.166
G1 X119.846 Y99.128 E.00307
G1 X119.623 Y99.514 E.01793
G1 X121.104 Y100.994 E.08424
G1 E-.728 F1800
;WIPE_START
G1 F30000
G1 X120.255 Y100.146 E-.072
;WIPE_END
G1 X119.969 Y98.318 Z2.2
G1 Z1.8
G1 E.8 F1800
;WIDTH:0.473274
G1 F15000
G1 X119.915 Y98.318 E.00183
G1 X119.888 Y98.365 E.00183
G1 X119.915 Y98.411 E.00183
G1 X119.976 Y98.399 E.0021
G1 E-.78661 F1800
;WIPE_START
G1 F30000
G1 X119.915 Y98.411 E-.00371
G1 X119.888 Y98.365 E-.00323
G1 X119.915 Y98.318 E-.00323
G1 X119.969 Y98.318 E-.00323
;WIPE_END
G1 X121.297 Y97.282 Z2.2
G1 Z1.8
G1 E.8 F1800
;WIDTH:0.420003
G1 F15000
G1 X118.95 Y94.935 E.09892
G1 X118.417 Y94.935 E.01589
G1 X120.978 Y97.496 E.10794
G1 X120.783 Y97.834 E.01164
G1 X117.714 Y94.766 E.12934
G1 E-.728 F1800
;WIPE_START
G1 F30000
G1 X118.563 Y95.614 E-.072
;WIPE_END
G1 X120.682 Y98.267 Z2.2
G1 Z1.8
G1 E.8 F1800
;TYPE:Gap infill
;WIDTH:0.419956
G1 F15000
G1 X117.695 Y95.28 E.1259
G1 X117.462 Y94.976 E.01143
G1 X117.258 Y94.9 F30000
;WIDTH:0.231688
G1 F15000
G1 X112.742 Y94.9 E.06739
G1 E-.728 F1800
;WIPE_START
G1 F30000
G1 X113.942 Y94.9 E-.072
;WIPE_END
G1 X111.464 Y96.736 Z2.2
G1 Z1.8
G1 E.8 F1800
;TYPE:Internal solid infill
;WIDTH:0.419999
G1 F15000
G1 X112.35 Y95.202 E.05279
G1 X112.35 Y94.994 E.00619
G1 X109.723 Y94.994 E.0783
G1 X111.436 Y96.708 E.07222
G1 X111.373 Y96.043 F30000
;WIDTH:0.516944
G1 F13981.134
G1 X111.733 Y95.42 E.02695
G1 X110.75 Y95.42 E.03682
G1 X111.345 Y96.014 E.03151
G1 E-.728 F1800
;WIPE_START
G1 F30000
G1 X110.75 Y95.42 E-.05046
G1 X111.109 Y95.42 E-.02154
;WIPE_END
G1 X109.227 Y94.766 Z2.2
G1 Z1.8
G1 E.8 F1800
;WIDTH:0.420002
G1 F15000
G1 X111.41 Y96.948 E.09199
G1 X111.214 Y97.286 E.01164
G1 X108.864 Y94.935 E.09908
G1 X108.331 Y94.935 E.01589
G1 X111.019 Y97.624 E.11333
G1 X110.824 Y97.962 E.01164
G1 X107.628 Y94.766 E.13474
G1 E-.728 F1800
;WIPE_START
G1 F30000
G1 X108.476 Y95.614 E-.072
;WIPE_END
G1 X110.724 Y98.395 Z2.2
G1 Z1.8
G1 E.8 F1800
;TYPE:Gap infill
;WIDTH:0.419957
G1 F15000
G1 X107.375 Y95.046 E.14114
G1 X107.172 Y94.95 F30000
;WIDTH:0.331686
G1 F15000
G1 X102.828 Y94.95 E.09913
G1 E-.728 F1800
;WIPE_START
G1 F30000
G1 X104.028 Y94.95 E-.072
;WIPE_END
G1 X101.522 Y96.836 Z2.2
G1 Z1.8
G1 E.8 F1800
;TYPE:Internal solid infill
;WIDTH:0.419999
G1 F15000
G1 X102.436 Y95.252 E.05453
G1 X102.436 Y94.994 E.00769
G1 X99.679 Y94.994 E.08218
G1 X101.493 Y96.808 E.07646
G1 X101.426 Y96.112 F30000
;WIDTH:0.555236
G1 F12936.144
G1 X101.815 Y95.439 E.03149
G1 X100.753 Y95.439 E.04301
G1 X101.398 Y96.084 E.03694
G1 E-.728 F1800
;WIPE_START
G1 F30000
G1 X100.753 Y95.439 E-.05474
G1 X101.041 Y95.439 E-.01727
;WIPE_END
G1 X99.184 Y94.766 Z2.2
G1 Z1.8
G1 E.8 F1800
;WIDTH:0.42
G1 F15000
G1 X101.467 Y97.049 E.09623
G1 X101.272 Y97.387 E.01164
G1 X98.821 Y94.935 E.10333
G1 X98.287 Y94.935 E.01589
G1 X101.077 Y97.725 E.11758
G1 X100.881 Y98.063 E.01164
G1 X97.754 Y94.935 E.13183
G1 X97.461 Y94.935 E.00872
G1 X97.461 Y95.176 E.00718
G1 X100.686 Y98.401 E.13593
G1 X100.491 Y98.739 E.01164
G1 X98.031 Y96.279 E.10371
G1 X98.759 Y97.54 E.04342
G1 X100.506 Y99.288 E.07365
G1 X101.235 Y100.549 E.04342
G1 X99.488 Y98.802 E.07365
G1 X99.602 Y99 E.00682
G1 X99.437 Y99.285 E.00981
G1 X101.963 Y101.811 E.10648
G1 X102.495 Y102.732 E.0317
G1 X102.495 Y102.876 E.00429
G1 X99.242 Y99.623 E.13712
G1 X99.047 Y99.961 E.01164
G1 X102.32 Y103.234 E.13797
G1 X101.747 Y103.194 F30000
;TYPE:Gap infill
;WIDTH:0.419958
G1 F15000
G1 X98.757 Y100.204 E.12602
G1 E-.728 F1800
;WIPE_START
G1 F30000
G1 X99.605 Y101.053 E-.072
;WIPE_END
G1 X99.463 Y102.249 Z2.2
G1 Z1.8
G1 E.8 F1800
;TYPE:Internal solid infill
;WIDTH:0.426286
G1 F15000
G1 X98.96 Y101.745 E.02159
G1 X98.669 Y102.249 E.01763
G1 X99.423 Y102.249 E.02287
G1 E-.728 F1800
;WIPE_START
G1 F30000
G1 X98.669 Y102.249 E-.04529
G1 X98.891 Y101.863 E-.02671
;WIPE_END
G1 X100.381 Y102.629 Z2.2
G1 Z1.8
G1 E.8 F1800
;WIDTH:0.419999
G1 F15000
G1 X98.878 Y101.125 E.06337
G1 X98.01 Y102.629 E.05174
G1 X100.341 Y102.629 E.06948
G1 E-.728 F1800
;WIPE_START
G1 F30000
G1 X99.141 Y102.629 E-.072
;WIPE_END
G1 X101.292 Y103.006 Z2.2
G1 Z1.8
G1 E.8 F1800
G1 F15000
G1 X98.797 Y100.511 E.10515
G1 X97.52 Y102.723 E.07612
G1 X97.52 Y103.006 E.00843
G1 X101.252 Y103.006 E.11122
G1 E-.728 F1800
;WIPE_START
G1 F30000
G1 X100.052 Y103.006 E-.072
;WIPE_END
G1 X102.828 Y103.05 Z2.2
G1 Z1.8
G1 E.8 F1800
;TYPE:Gap infill
;WIDTH:0.331686
G1 F15000
G1 X107.172 Y103.05 E.09913
G1 E-.728 F1800
;WIPE_START
G1 F30000
G1 X105.972 Y103.05 E-.072
;WIPE_END
G1 X109.511 Y102.25 Z2.2
G1 Z1.8
G1 E.8 F1800
;TYPE:Internal solid infill
;WIDTH:0.422805
G1 F15000
G1 X109.012 Y101.751 E.0212
G1 X108.723 Y102.25 E.01731
G1 X109.471 Y102.25 E.02245
G1 E-.728 F1800
;WIPE_START
G1 F30000
G1 X108.723 Y102.25 E-.04485
G1 X108.95 Y101.858 E-.02715
;WIPE_END
G1 X110.425 Y102.629 Z2.2
G1 Z1.8
G1 E.8 F1800
;WIDTH:0.419999
G1 F15000
G1 X108.931 Y101.135 E.06298
G1 X108.068 Y102.629 E.05142
G1 X110.385 Y102.629 E.06905
G1 E-.728 F1800
;WIPE_START
G1 F30000
G1 X109.185 Y102.629 E-.072
;WIPE_END
G1 X111.335 Y103.006 Z2.2
G1 Z1.8
G1 E.8 F1800
G1 F15000
G1 X108.85 Y100.52 E.10476
G1 X107.564 Y102.748 E.07666
G1 X107.564 Y103.006 E.00769
G1 X111.295 Y103.006 E.11122
G1 E-.728 F1800
;WIPE_START
G1 F30000
G1 X110.095 Y103.006 E-.072
;WIPE_END
G1 X111.834 Y101.905 Z2.2
G1 Z1.8
G1 E.8 F1800
G1 F15000
G1 X110.294 Y99.237 E.09185
;WIDTH:0.434253
G1 X110.226 Y99.109 E.00447
;WIDTH:0.451114
G1 X110.158 Y98.981 E.00466
G1 X110.488 Y98.426 E.02083
;WIDTH:0.419999
G1 X107.904 Y95.842 E.10891
G1 X109.564 Y98.717 E.09892
;WIDTH:0.434253
G1 X109.645 Y98.868 E.00531
;WIDTH:0.451815
G1 X109.726 Y99.019 E.00554
G1 X109.435 Y99.506 E.01834
;WIDTH:0.419999
G1 X111.806 Y101.877 E.09994
G1 E-.728 F1800
;WIPE_START
G1 F30000
G1 X110.958 Y101.029 E-.072
;WIPE_END
G1 X109.969 Y99.392 Z2.2
G1 Z1.8
G1 E.8 F1800
;WIDTH:0.477256
G1 F15000
G1 X109.915 Y99.392 E.00186
G1 X109.888 Y99.439 E.00186
G1 X109.915 Y99.486 E.00186
G1 X109.977 Y99.474 E.00215
G1 E-.78647 F1800
;WIPE_START
G1 F30000
G1 X109.915 Y99.486 E-.00376
G1 X109.888 Y99.439 E-.00326
G1 X109.915 Y99.392 E-.00326
G1 X109.969 Y99.392 E-.00326
;WIPE_END
G1 X109.973 Y98.444 Z2.2
G1 Z1.8
G1 E.8 F1800
;WIDTH:0.539706
G1 F13340.54
G1 X109.911 Y98.444 E.00244
G1 X109.88 Y98.498 E.00244
G1 X109.911 Y98.552 E.00244
G1 X109.973 Y98.552 E.00244
G1 X109.984 Y98.533 E.00087
G1 E-.78377 F1800
;WIPE_START
G1 F30000
G1 X109.973 Y98.552 E-.00133
G1 X109.911 Y98.552 E-.00373
G1 X109.88 Y98.498 E-.00373
G1 X109.911 Y98.444 E-.00373
G1 X109.973 Y98.444 E-.00373
;WIPE_END
G1 X112.578 Y102.916 Z2.2
G1 Z1.8
G1 E.8 F1800
;WIDTH:0.420005
G1 F15000
G1 X109.295 Y99.632 E.13841
G1 X109.099 Y99.97 E.01164
G1 X112.363 Y103.234 E.13758
G1 X111.79 Y103.194 F30000
;TYPE:Gap infill
;WIDTH:0.419957
G1 F15000
G1 X108.809 Y100.213 E.12564
G1 E-.728 F1800
;WIPE_START
G1 F30000
G1 X109.658 Y101.062 E-.072
;WIPE_END
G1 X112.742 Y103.1 Z2.2
G1 Z1.8
G1 E.8 F1800
;WIDTH:0.231688
G1 F15000
G1 X117.258 Y103.1 E.06739
G1 E-.728 F1800
;WIPE_START
G1 F30000
G1 X116.058 Y103.1 E-.072
;WIPE_END
G1 X121.422 Y103.006 Z2.2
G1 Z1.8
G1 E.8 F1800
;TYPE:Internal solid infill
;WIDTH:0.419999
G1 F15000
G1 X118.955 Y100.539 E.10399
G1 X117.65 Y102.798 E.07775
G1 X117.65 Y103.006 E.00619
G1 X121.382 Y103.006 E.11122
G1 E-.728 F1800
;WIPE_START
G1 F30000
G1 X120.182 Y103.006 E-.072
;WIPE_END
G1 X120.511 Y102.629 Z2.2
G1 Z1.8
G1 E.8 F1800
G1 F15000
G1 X119.035 Y101.153 E.06221
G1 X118.183 Y102.629 E.05079
G1 X120.471 Y102.629 E.06819
G1 E-.728 F1800
;WIPE_START
G1 F30000
G1 X119.271 Y102.629 E-.072
;WIPE_END
G1 X119.606 Y102.254 Z2.2
G1 Z1.8
G1 E.8 F1800
;WIDTH:0.415842
G1 F15000
G1 X119.116 Y101.764 E.02043
G1 X118.833 Y102.254 E.01668
G1 X119.566 Y102.254 E.02161
G1 E-.728 F1800
;WIPE_START
G1 F30000
G1 X118.833 Y102.254 E-.04399
G1 X119.066 Y101.849 E-.02801
;WIPE_END
G1 X121.09 Y95.698 Z2.2
G1 Z1.8
G1 E.8 F1800
;WIDTH:0.396568
G1 F15000
G1 X121.024 Y95.737 E.00214
G1 X121.093 Y95.771 E.00214
G1 X121.147 Y96.332 F30000
;WIDTH:0.419999
G1 F15000
G1 X121.701 Y95.371 E.03305
G1 X120.186 Y95.371 E.04515
G1 X121.118 Y96.303 E.03929
G1 X121.228 Y96.946 F30000
G1 F15000
G1 X122.275 Y95.131 E.06245
G1 X122.263 Y94.994 E.0041
G1 X119.276 Y94.994 E.08904
G1 X121.199 Y96.917 E.08107
G1 E-.728 F1800
;WIPE_START
G1 F30000
G1 X120.351 Y96.069 E-.072
;WIPE_END
G1 X122.655 Y94.85 Z2.2
G1 Z1.8
G1 E.8 F1800
;TYPE:Gap infill
;WIDTH:0.13168
G1 F15000
G1 X127.345 Y94.85 E.0329
G1 X127.801 Y94.766 F30000
;TYPE:Internal solid infill
;WIDTH:0.420002
G1 F15000
G1 X130.741 Y97.706 E.12394
G1 X130.546 Y98.044 E.01164
G1 X127.689 Y95.188 E.12041
G1 X128.418 Y96.449 E.04342
G1 X130.351 Y98.382 E.08147
G1 X130.156 Y98.72 E.01164
G1 X128.683 Y97.247 E.06208
G1 E-.728 F1800
;WIPE_START
G1 F30000
G1 X129.531 Y98.096 E-.072
;WIPE_END
G1 X129.928 Y99.025 Z2.2
G1 Z1.8
G1 E.8 F1800
;TYPE:Gap infill
;WIDTH:0.402655
G1 F15000
G1 X129.901 Y98.974 E.00164
;WIDTH:0.368052
G1 X129.874 Y98.923 E.00148
;WIDTH:0.32887
G1 X129.77 Y98.787 E.00387
;WIDTH:0.285106
G1 X129.665 Y98.651 E.00328
;WIDTH:0.241343
G1 X129.561 Y98.515 E.00269
;WIDTH:0.197579
G1 X129.457 Y98.379 E.0021
;WIDTH:0.153815
G1 X129.352 Y98.243 E.0015
;WIDTH:0.131933
G1 X129.248 Y98.107 E.00121
G1 E-.78972 F1800
;WIPE_START
G1 F30000
G1 X129.352 Y98.243 E-.01028
;WIPE_END
G1 X130.633 Y96.259 Z2.2
G1 Z1.8
G1 E.8 F1800
;TYPE:Internal solid infill
;WIDTH:0.428234
G1 F15000
G1 X130.925 Y95.752 E.01781
G1 X130.127 Y95.752 E.02433
G1 X130.605 Y96.231 E.02059
G1 X130.715 Y96.88 F30000
;WIDTH:0.419999
G1 F15000
G1 X131.586 Y95.371 E.05192
G1 X129.206 Y95.371 E.07092
G1 X130.687 Y96.851 E.06239
G1 X130.796 Y97.494 F30000
G1 F15000
G1 X132.239 Y94.994 E.08603
G1 X128.296 Y94.994 E.11752
G1 X130.767 Y97.466 E.10417
G1 E-.728 F1800
;WIPE_START
G1 F30000
G1 X129.919 Y96.617 E-.072
;WIPE_END
G1 X122.296 Y96.235 Z2.2
G1 X97.128 Y94.975 Z2.2
G1 Z1.8
G1 E.8 F1800
;TYPE:Gap infill
;WIDTH:0.38168
G1 F15000
G1 X92.872 Y94.975 E.11397
G1 E-.728 F1800
;WIPE_START
G1 F30000
G1 X94.072 Y94.975 E-.072
;WIPE_END
G1 X91.542 Y96.901 Z2.2
G1 Z1.8
G1 E.8 F1800
;TYPE:Internal solid infill
;WIDTH:0.419999
G1 F15000
G1 X92.48 Y95.277 E.05587
G1 X92.48 Y94.994 E.00843
G1 X89.636 Y94.994 E.08476
G1 X91.514 Y96.872 E.07916
G1 X91.462 Y96.286 F30000
G1 F15000
G1 X91.99 Y95.371 E.0315
G1 X90.546 Y95.371 E.04302
G1 X91.433 Y96.258 E.03738
G1 X91.407 Y95.685 F30000
;WIDTH:0.362134
G1 F15000
G1 X91.347 Y95.719 E.00174
G1 X91.407 Y95.754 E.00174
G1 E-.79171 F1800
;WIPE_START
G1 F30000
G1 X91.347 Y95.719 E-.00414
G1 X91.407 Y95.685 E-.00415
;WIPE_END
G1 X89.141 Y94.766 Z2.2
G1 Z1.8
G1 E.8 F1800
;WIDTH:0.42
G1 F15000
G1 X91.488 Y97.113 E.09893
G1 X91.293 Y97.451 E.01164
G1 X88.777 Y94.935 E.10603
G1 X88.244 Y94.935 E.01589
G1 X91.097 Y97.789 E.12028
G1 X90.902 Y98.127 E.01164
G1 X87.711 Y94.935 E.13453
G1 X87.418 Y94.935 E.00872
G1 X87.418 Y95.176 E.00718
G1 X90.707 Y98.465 E.13863
G1 X90.512 Y98.803 E.01164
G1 X87.953 Y96.244 E.10785
G1 X88.682 Y97.506 E.04342
M73 P77 R6
G1 X90.702 Y99.527 E.08517
G1 X91.431 Y100.788 E.04342
G1 X89.41 Y98.768 E.08517
G1 X89.544 Y99 E.00799
G1 X89.385 Y99.276 E.00949
G1 X92.159 Y102.05 E.11694
G1 X92.539 Y102.707 E.02261
G1 X92.539 Y102.963 E.00762
G1 X89.19 Y99.614 E.14116
G1 X88.994 Y99.952 E.01164
G1 X92.277 Y103.234 E.13835
G1 X91.704 Y103.194 F30000
;TYPE:Gap infill
;WIDTH:0.419958
G1 F15000
G1 X88.704 Y100.195 E.12641
G1 E-.728 F1800
;WIPE_START
G1 F30000
G1 X89.553 Y101.044 E-.072
;WIPE_END
G1 X89.416 Y102.247 Z2.2
G1 Z1.8
G1 E.8 F1800
;TYPE:Internal solid infill
;WIDTH:0.429767
G1 F15000
G1 X88.908 Y101.738 E.02199
G1 X88.614 Y102.247 E.01795
G1 X89.376 Y102.247 E.0233
G1 E-.728 F1800
;WIPE_START
G1 F30000
G1 X88.614 Y102.247 E-.04572
G1 X88.833 Y101.867 E-.02628
;WIPE_END
G1 X90.338 Y102.629 Z2.2
G1 Z1.8
G1 E.8 F1800
;WIDTH:0.419999
G1 F15000
G1 X88.826 Y101.116 E.06375
G1 X87.952 Y102.629 E.05205
G1 X90.298 Y102.629 E.06991
G1 E-.728 F1800
;WIPE_START
G1 F30000
G1 X89.098 Y102.629 E-.072
;WIPE_END
G1 X91.248 Y103.006 Z2.2
G1 Z1.8
G1 E.8 F1800
G1 F15000
G1 X88.745 Y100.502 E.10553
G1 X87.477 Y102.698 E.07557
G1 X87.477 Y103.006 E.00918
G1 X91.208 Y103.006 E.11122
G1 E-.728 F1800
;WIPE_START
G1 F30000
G1 X90.008 Y103.006 E-.072
;WIPE_END
G1 X92.872 Y103.025 Z2.2
G1 Z1.8
G1 E.8 F1800
;TYPE:Gap infill
;WIDTH:0.38168
G1 F15000
G1 X97.128 Y103.025 E.11397
G1 E-.728 F1800
;WIPE_START
G1 F30000
G1 X95.928 Y103.025 E-.072
;WIPE_END
G1 X88.296 Y103.003 Z2.2
G1 X87.085 Y103 Z2.2
G1 Z1.8
G1 E.8 F1800
;WIDTH:0.431684
G1 F15000
G1 X82.915 Y103 E.12814
G1 X82.523 Y103.006 F30000
;TYPE:Internal solid infill
;WIDTH:0.419999
G1 F15000
G1 X82.49 Y102.642 E.0109
G1 X80.994 Y100.05 E.0892
G1 X80.994 Y103.006 E.0881
G1 X82.483 Y103.006 E.04438
G1 X81.996 Y102.599 F30000
;WIDTH:0.479026
G1 F15000
G1 X81.401 Y101.567 E.04107
G1 X81.401 Y102.599 E.03557
G1 X81.956 Y102.599 E.01916
G1 E-.728 F1800
;WIPE_START
G1 F30000
G1 X81.401 Y102.599 E-.03334
G1 X81.401 Y101.955 E-.03866
;WIPE_END
G1 X80.994 Y97.95 Z2.2
G1 Z1.8
G1 E.8 F1800
;WIDTH:0.419999
G1 F15000
G1 X82.523 Y95.302 E.09113
G1 X82.523 Y94.994 E.00918
G1 X80.994 Y94.994 E.04557
G1 X80.994 Y97.91 E.08691
G1 E-.728 F1800
;WIPE_START
G1 F30000
G1 X80.994 Y96.71 E-.072
;WIPE_END
G1 X81.401 Y96.433 Z2.2
G1 Z1.8
G1 E.8 F1800
;WIDTH:0.479025
G1 F15000
G1 X81.996 Y95.401 E.04107
G1 X81.401 Y95.401 E.02054
G1 X81.401 Y96.393 E.03419
G1 E-.728 F1800
;WIPE_START
G1 F30000
G1 X81.401 Y95.401 E-.05951
G1 X81.609 Y95.401 E-.01249
;WIPE_END
G1 X82.915 Y95 Z2.2
G1 Z1.8
G1 E.8 F1800
;TYPE:Gap infill
;WIDTH:0.431684
G1 F15000
G1 X87.085 Y95 E.12814
G1 E-.728 F1800
;WIPE_START
G1 F30000
G1 X85.885 Y95 E-.072
;WIPE_END
G1 X92.579 Y98.666 Z2.2
G1 X164.63 Y138.13 Z2.2
G1 Z1.8
G1 E.8 F1800
SET_VELOCITY_LIMIT ACCEL=2000
;TYPE:Outer wall
;WIDTH:0.42
G1 F7200
G1 X167.37 Y138.13 E.08167
G1 X167.37 Y140.87 E.08167
G1 X164.63 Y140.87 E.08167
G1 X164.63 Y138.17 E.08047
G1 X164.21 Y137.71 F30000
G1 F7200
G1 X167.79 Y137.71 E.1067
G1 X167.79 Y141.29 E.1067
G1 X164.21 Y141.29 E.1067
G1 X164.21 Y137.75 E.10551
G1 E-1.092 F1800
;WIPE_START
G1 F30000
G1 X165.41 Y137.737 E-.108
;WIPE_END
G1 X164.997 Y145.358 Z2.2
G1 X164.63 Y152.13 Z2.2
G1 Z1.8
G1 E1.2 F1800 ; CC2_CARD retract 1.2
G1 F7200
G1 X167.37 Y152.13 E.08167
G1 X167.37 Y154.87 E.08167
G1 X164.63 Y154.87 E.08167
G1 X164.63 Y152.17 E.08047
G1 X164.21 Y151.71 F30000
G1 F7200
G1 X167.79 Y151.71 E.1067
G1 X167.79 Y155.29 E.1067
G1 X164.21 Y155.29 E.1067
G1 X164.21 Y151.75 E.10551
G1 E-1.092 F1800
;WIPE_START
G1 F30000
G1 X165.41 Y151.737 E-.108
;WIPE_END
G1 X157.779 Y151.888 Z2.2
G1 X145.63 Y152.13 Z2.2
G1 Z1.8
G1 E1.2 F1800 ; CC2_CARD retract 1.2
G1 F7200
G1 X148.37 Y152.13 E.08167
G1 X148.37 Y154.87 E.08167
G1 X145.63 Y154.87 E.08167
G1 X145.63 Y152.17 E.08047
G1 E-.91 F1800
;WIPE_START
G1 F30000
G1 X146.83 Y152.152 E-.09
;WIPE_END
G1 X148.79 Y151.71 Z2.2
G1 Z1.8
G1 E1 F1800 ; CC2_CARD retract 1.0
G1 F7200
G1 X148.79 Y155.29 E.1067
G1 X145.21 Y155.29 E.1067
G1 X145.21 Y151.71 E.1067
G1 X148.75 Y151.71 E.10551
G1 E-.91 F1800
;WIPE_START
G1 F30000
G1 X148.763 Y152.91 E-.09
;WIPE_END
G1 X147.18 Y145.443 Z2.2
G1 X145.63 Y138.13 Z2.2
G1 Z1.8
G1 E1 F1800 ; CC2_CARD retract 1.0
G1 F7200
G1 X148.37 Y138.13 E.08167
G1 X148.37 Y140.87 E.08167
G1 X145.63 Y140.87 E.08167
G1 X145.63 Y138.17 E.08047
G1 X145.21 Y137.71 F30000
G1 F7200
G1 X148.79 Y137.71 E.1067
G1 X148.79 Y141.29 E.1067
G1 X145.21 Y141.29 E.1067
G1 X145.21 Y137.75 E.10551
G1 E-.91 F1800
;WIPE_START
G1 F30000
G1 X146.41 Y137.737 E-.09
;WIPE_END
G1 X138.78 Y137.913 Z2.2
G1 X129.37 Y138.13 Z2.2
G1 Z1.8
G1 E1 F1800 ; CC2_CARD retract 1.0
G1 F7200
G1 X129.37 Y140.87 E.08167
G1 X126.63 Y140.87 E.08167
G1 X126.63 Y138.13 E.08167
G1 X129.33 Y138.13 E.08047
G1 X129.79 Y137.71 F30000
G1 F7200
G1 X129.79 Y141.29 E.1067
G1 X126.21 Y141.29 E.1067
G1 X126.21 Y137.71 E.1067
G1 X129.75 Y137.71 E.10551
G1 E-.728 F1800
;WIPE_START
G1 F30000
G1 X129.763 Y138.91 E-.072
;WIPE_END
G1 X128.003 Y146.337 Z2.2
G1 X126.63 Y152.13 Z2.2
G1 Z1.8
G1 E.8 F1800 ; CC2_CARD retract 0.8
G1 F7200
G1 X129.37 Y152.13 E.08167
G1 X129.37 Y154.87 E.08167
G1 X126.63 Y154.87 E.08167
G1 X126.63 Y152.17 E.08047
G1 X126.21 Y151.71 F30000
G1 F7200
G1 X129.79 Y151.71 E.1067
G1 X129.79 Y155.29 E.1067
G1 X126.21 Y155.29 E.1067
G1 X126.21 Y151.75 E.10551
G1 E-.728 F1800
;WIPE_START
G1 F30000
G1 X127.41 Y151.737 E-.072
;WIPE_END
G1 X121.122 Y147.411 Z2.2
G1 X107.63 Y138.13 Z2.2
G1 Z1.8
G1 E.8 F1800 ; CC2_CARD retract 0.8
G1 F7200
G1 X110.37 Y138.13 E.08167
G1 X110.37 Y140.87 E.08167
G1 X107.63 Y140.87 E.08167
G1 X107.63 Y138.17 E.08047
G1 X107.21 Y137.71 F30000
G1 F7200
G1 X110.79 Y137.71 E.1067
G1 X110.79 Y141.29 E.1067
G1 X107.21 Y141.29 E.1067
G1 X107.21 Y137.75 E.10551
G1 E-.546 F1800
;WIPE_START
G1 F30000
G1 X108.41 Y137.737 E-.054
;WIPE_END
G1 X107.997 Y145.358 Z2.2
G1 X107.63 Y152.13 Z2.2
G1 Z1.8
G1 E.6 F1800 ; CC2_CARD retract 0.6
G1 F7200
G1 X110.37 Y152.13 E.08167
G1 X110.37 Y154.87 E.08167
G1 X107.63 Y154.87 E.08167
G1 X107.63 Y152.17 E.08047
G1 E-.546 F1800
;WIPE_START
G1 F30000
G1 X108.83 Y152.152 E-.054
;WIPE_END
G1 X110.79 Y151.71 Z2.2
G1 Z1.8
G1 E.6 F1800 ; CC2_CARD retract 0.6
G1 F7200
G1 X110.79 Y155.29 E.1067
G1 X107.21 Y155.29 E.1067
G1 X107.21 Y151.71 E.1067
G1 X110.75 Y151.71 E.10551
G1 E-.546 F1800
;WIPE_START
G1 F30000
G1 X110.763 Y152.91 E-.054
;WIPE_END
G1 X104.55 Y157.343 Z2.2
G1 X101.384 Y159.602 Z2.2
G1 Z1.8
G1 E.6 F1800 ; CC2_CARD retract 0.6
SET_VELOCITY_LIMIT ACCEL=3000
;TYPE:Inner wall
;WIDTH:0.45
G1 F12000
G1 X101.631 Y160.03 E.01588
G1 X102.769 Y162 E.07321
G1 X101.384 Y164.398 E.08909
G1 X98.616 Y164.398 E.08909
G1 X97.231 Y162 E.08909
G1 X98.616 Y159.602 E.08909
G1 X101.344 Y159.602 E.08781
SET_VELOCITY_LIMIT ACCEL=2000
G1 X101.611 Y159.21 F30000
;TYPE:Outer wall
;WIDTH:0.42
G1 F7200
G1 X101.971 Y159.834 E.02146
G1 X103.222 Y162 E.07456
G1 X101.611 Y164.79 E.09602
G1 X98.389 Y164.79 E.09602
G1 X96.778 Y162 E.09602
G1 X98.389 Y159.21 E.09602
G1 X101.571 Y159.21 E.09483
G1 E-.728 F1800
;WIPE_START
G1 F30000
G1 X101.971 Y159.834 E-.04445
G1 X102.2 Y160.231 E-.02755
;WIPE_END
G1 X101.287 Y163.869 Z2.2
G1 Z1.8
G1 E.8 F1800
SET_VELOCITY_LIMIT ACCEL=3000
;TYPE:Sparse infill
;WIDTH:0.45
G1 F12000
G1 X101.183 Y164.05 E.0067
G1 X99.763 Y164.05 E.04569
G1 X100.862 Y159.95 E.13656
G1 X101.183 Y159.95 E.01035
G1 X101.353 Y160.244 E.01092
G1 X98.152 Y161.102 E.10664
G1 X97.633 Y162 E.03337
G1 X97.929 Y162.512 E.01902
G1 E-.728 F1800
;WIPE_START
G1 F30000
G1 X97.633 Y162 E-.03548
G1 X97.938 Y161.473 E-.03652
;WIPE_END
G1 X92.551 Y156.066 Z2.2
G1 X88.63 Y152.13 Z2.2
G1 Z1.8
G1 E.8 F1800
SET_VELOCITY_LIMIT ACCEL=2000
;TYPE:Outer wall
;WIDTH:0.42
G1 F7200
G1 X91.37 Y152.13 E.08167
G1 X91.37 Y154.87 E.08167
G1 X88.63 Y154.87 E.08167
G1 X88.63 Y152.17 E.08047
M73 P77 R5
G1 X88.21 Y151.71 F30000
G1 F7200
G1 X91.79 Y151.71 E.1067
G1 X91.79 Y155.29 E.1067
G1 X88.21 Y155.29 E.1067
G1 X88.21 Y151.75 E.10551
G1 E-.364 F1800
;WIPE_START
G1 F30000
G1 X89.41 Y151.737 E-.036
;WIPE_END
G1 X90.498 Y144.182 Z2.2
G1 X91.37 Y138.13 Z2.2
G1 Z1.8
G1 E.4 F1800 ; CC2_CARD retract 0.4
G1 F7200
G1 X91.37 Y140.87 E.08167
G1 X88.63 Y140.87 E.08167
G1 X88.63 Y138.13 E.08167
G1 X91.33 Y138.13 E.08047
G1 X91.79 Y137.71 F30000
G1 F7200
G1 X91.79 Y141.29 E.1067
G1 X88.21 Y141.29 E.1067
G1 X88.21 Y137.71 E.1067
G1 X91.75 Y137.71 E.10551
;LAYER_CHANGE
;Z:2
;HEIGHT:0.2
;BEFORE_LAYER_CHANGE
;2
G92 E0

G1 E-.364 F1800
;WIPE_START
G1 F30000
G1 X91.763 Y138.91 E-.036
;WIPE_END
M73 L10
;LAYER:10
SET_PRINT_STATS_INFO TOTAL_LAYER=35 CURRENT_LAYER=10
;_SET_FAN_SPEED_CHANGING_LAYER

G1 X92.6899 Y138.403 Z2.05714
G1 X93.6638 Y138.811 Z2.11429
G1 X93.9518 Y139.827 Z2.17143
G1 X93.337 Y140.686 Z2.22857
G1 X92.2823 Y140.741 Z2.28571
G1 X91.582 Y139.95 Z2.34286
G1 X91.7634 Y138.91 Z2.4
G1 X123.134 Y95.098 Z2.4
G1 Z2
G1 E.4 F1800 ; CC2_CARD retract 0.4
SET_VELOCITY_LIMIT ACCEL=3000
;TYPE:Inner wall
;WIDTH:0.45
G1 F12000
G1 X122.747 Y95.098 E.01243
G1 X120.494 Y99 E.14498
M73 P78 R5
G1 X122.747 Y102.902 E.14498
G1 X127.253 Y102.902 E.14498
G1 X129.506 Y99 E.14498
G1 X127.824 Y96.086 E.10825
G1 X127.253 Y95.098 E.03673
G1 X123.174 Y95.098 E.13126
SET_VELOCITY_LIMIT ACCEL=2000
G1 X122.973 Y95.49 F30000
;TYPE:Outer wall
;WIDTH:0.42
G1 F7200
G1 X120.947 Y99 E.1208
G1 X122.973 Y102.51 E.1208
G1 X127.027 Y102.51 E.1208
G1 X129.053 Y99 E.1208
G1 X127.484 Y96.282 E.09353
G1 X127.027 Y95.49 E.02727
G1 X123.013 Y95.49 E.11961
G1 E-.728 F1800
;WIPE_START
G1 F30000
G1 X122.405 Y96.524 E-.072
;WIPE_END
G1 X117.494 Y102.367 Z2.4
G1 X117.129 Y102.802 Z2.4
G1 Z2
G1 E.8 F1800
SET_VELOCITY_LIMIT ACCEL=3000
;TYPE:Inner wall
;WIDTH:0.45
G1 F12000
G1 X117.195 Y102.802 E.00213
G1 X119.39 Y99 E.14126
G1 X117.195 Y95.198 E.14126
G1 X112.805 Y95.198 E.14126
G1 X110.61 Y99 E.14126
G1 X112.805 Y102.802 E.14126
G1 X117.089 Y102.802 E.13784
SET_VELOCITY_LIMIT ACCEL=2000
G1 X116.969 Y102.41 F30000
;TYPE:Outer wall
;WIDTH:0.42
G1 F7200
G1 X118.938 Y99 E.11736
G1 X116.969 Y95.59 E.11736
G1 X113.031 Y95.59 E.11736
G1 X111.062 Y99 E.11736
G1 X113.031 Y102.41 E.11736
G1 X116.929 Y102.41 E.11617
G1 E-.728 F1800
;WIPE_START
G1 F30000
G1 X117.538 Y101.376 E-.072
;WIPE_END
G1 X109.934 Y102.032 Z2.4
G1 X102.829 Y102.645 Z2.4
G1 Z2
G1 E.8 F1800
SET_VELOCITY_LIMIT ACCEL=3000
;TYPE:Inner wall
;WIDTH:0.45
G1 F12000
G1 X102.863 Y102.702 E.00213
G1 X107.137 Y102.702 E.13755
G1 X109.275 Y99 E.13755
G1 X107.137 Y95.298 E.13755
G1 X102.863 Y95.298 E.13755
G1 X100.725 Y99 E.13755
G1 X102.809 Y102.61 E.13413
SET_VELOCITY_LIMIT ACCEL=2000
G1 X103.089 Y102.31 F30000
;TYPE:Outer wall
;WIDTH:0.42
G1 F7200
G1 X106.911 Y102.31 E.11392
G1 X108.822 Y99 E.11392
G1 X106.911 Y95.69 E.11392
G1 X103.089 Y95.69 E.11392
G1 X101.178 Y99 E.11392
G1 X103.069 Y102.275 E.11273
G1 E-.728 F1800
;WIPE_START
G1 F30000
G1 X104.269 Y102.286 E-.072
;WIPE_END
G1 X97.042 Y102.652 Z2.4
G1 Z2
G1 E.8 F1800
SET_VELOCITY_LIMIT ACCEL=3000
;TYPE:Inner wall
;WIDTH:0.45
G1 F12000
G1 X97.109 Y102.652 E.00213
G1 X99.217 Y99 E.13569
G1 X97.109 Y95.348 E.13569
G1 X92.891 Y95.348 E.13569
G1 X90.783 Y99 E.13569
G1 X92.891 Y102.652 E.13569
G1 X97.002 Y102.652 E.13227
SET_VELOCITY_LIMIT ACCEL=2000
G1 X96.882 Y102.26 F30000
;TYPE:Outer wall
;WIDTH:0.42
G1 F7200
G1 X98.764 Y99 E.1122
G1 X96.882 Y95.74 E.1122
G1 X93.118 Y95.74 E.1122
G1 X91.236 Y99 E.1122
G1 X93.118 Y102.26 E.1122
G1 X96.842 Y102.26 E.111
G1 E-.728 F1800
;WIPE_START
G1 F30000
G1 X97.452 Y101.226 E-.072
;WIPE_END
G1 X89.88 Y102.192 Z2.4
G1 X87.113 Y102.545 Z2.4
G1 Z2
G1 E.8 F1800
SET_VELOCITY_LIMIT ACCEL=3000
;TYPE:Inner wall
;WIDTH:0.45
G1 F12000
G1 X89.159 Y99 E.1317
G1 X87.08 Y95.398 E.13383
G1 X82.92 Y95.398 E.13383
G1 X80.841 Y99 E.13383
G1 X82.92 Y102.602 E.13383
G1 X87.08 Y102.602 E.13383
G1 X87.093 Y102.579 E.00085
SET_VELOCITY_LIMIT ACCEL=2000
G1 X86.853 Y102.21 F30000
;TYPE:Outer wall
;WIDTH:0.42
G1 F7200
G1 X88.707 Y99 E.11048
G1 X86.853 Y95.79 E.11048
G1 X83.147 Y95.79 E.11048
G1 X81.293 Y99 E.11048
G1 X83.147 Y102.21 E.11048
G1 X86.813 Y102.21 E.10928
G1 E-.728 F1800
;WIPE_START
G1 F30000
G1 X87.423 Y101.176 E-.072
;WIPE_END
G1 X95.051 Y101.447 Z2.4
G1 X137.344 Y102.945 Z2.4
G1 Z2
G1 E.8 F1800
SET_VELOCITY_LIMIT ACCEL=3000
;TYPE:Inner wall
;WIDTH:0.45
G1 F12000
G1 X139.217 Y99.7 E.12054
G1 X139.398 Y99.749 E.00603
G1 X139.398 Y103.398 E.11742
G1 X80.602 Y103.398 E1.89185
G1 X80.602 Y94.602 E.28302
G1 X139.398 Y94.602 E1.89185
G1 X139.398 Y98.251 E.11742
G1 X139.217 Y98.3 E.00603
G1 X137.311 Y94.998 E.12268
G1 X132.689 Y94.998 E.1487
G1 X130.379 Y99 E.14869
G1 X132.689 Y103.002 E.14869
G1 X137.311 Y103.002 E.1487
G1 X137.324 Y102.979 E.00085
SET_VELOCITY_LIMIT ACCEL=2000
G1 X137.084 Y102.61 F30000
;TYPE:Outer wall
;WIDTH:0.42
G1 F7200
G1 X139.168 Y99 E.12424
G1 X137.084 Y95.39 E.12424
G1 X132.916 Y95.39 E.12424
G1 X130.832 Y99 E.12424
G1 X132.916 Y102.61 E.12424
G1 X137.044 Y102.61 E.12305
G1 E-.728 F1800
;WIPE_START
G1 F30000
G1 X137.653 Y101.576 E-.072
;WIPE_END
G1 X139.78 Y94.246 Z2.4
G1 X139.79 Y94.21 Z2.4
G1 Z2
G1 E.8 F1800
G1 F7200
G1 X139.79 Y103.79 E.28554
G1 X80.21 Y103.79 E1.77581
G1 X80.21 Y94.21 E.28554
G1 X139.75 Y94.21 E1.77461
G1 E-.728 F1800
;WIPE_START
G1 F30000
G1 X139.755 Y95.41 E-.072
;WIPE_END
G1 X139.006 Y97.15 Z2.4
G1 Z2
G1 E.8 F1800
SET_VELOCITY_LIMIT ACCEL=3000
;TYPE:Internal solid infill
;WIDTH:0.419999
G1 F15000
G1 X139.006 Y94.994 E.06426
G1 X137.761 Y94.994 E.0371
G1 X138.986 Y97.115 E.073
G1 E-.728 F1800
;WIPE_START
G1 F30000
G1 X138.386 Y96.076 E-.072
;WIPE_END
G1 X138.584 Y95.392 Z2.4
G1 Z2
G1 E.8 F1800
;WIDTH:0.577008
G1 F12408.803
G1 X138.517 Y95.392 E.00282
G1 X138.484 Y95.45 E.00282
G1 X138.517 Y95.508 E.00282
G1 X138.584 Y95.508 E.00282
G1 X138.597 Y95.484 E.00113
G1 E-.78237 F1800
;WIPE_START
G1 F30000
G1 X138.584 Y95.508 E-.00161
G1 X138.517 Y95.508 E-.00401
G1 X138.484 Y95.45 E-.00401
G1 X138.517 Y95.392 E-.00401
G1 X138.584 Y95.392 E-.00401
;WIPE_END
G1 X139.487 Y98.43 Z2.4
G1 Z2
G1 E.8 F1800
;TYPE:Gap infill
;WIDTH:0.256347
G1 F15000
G1 X139.487 Y99.57 E.01922
G1 E-.73163 F1800
;WIPE_START
G1 F30000
G1 X139.487 Y98.43 E-.06837
;WIPE_END
G1 X137.761 Y103.006 Z2.4
G1 Z2
G1 E.8 F1800
;TYPE:Internal solid infill
;WIDTH:0.419999
G1 F15000
G1 X139.006 Y103.006 E.0371
G1 X139.006 Y100.85 E.06426
G1 X137.781 Y102.971 E.073
G1 E-.728 F1800
;WIPE_START
G1 F30000
G1 X138.381 Y101.932 E-.072
;WIPE_END
G1 X138.584 Y102.492 Z2.4
G1 Z2
G1 E.8 F1800
;WIDTH:0.57701
G1 F12408.758
G1 X138.517 Y102.492 E.00282
G1 X138.483 Y102.55 E.00282
G1 X138.517 Y102.608 E.00282
G1 X138.584 Y102.608 E.00282
G1 X138.597 Y102.585 E.00113
G1 E-.78237 F1800
;WIPE_START
G1 F30000
G1 X138.584 Y102.608 E-.00161
G1 X138.517 Y102.608 E-.00401
G1 X138.483 Y102.55 E-.00401
G1 X138.517 Y102.492 E-.00401
G1 X138.584 Y102.492 E-.00401
;WIPE_END
G1 X130.954 Y102.272 Z2.4
G1 X130.127 Y102.248 Z2.4
G1 Z2
G1 E.8 F1800
;WIDTH:0.428234
G1 F15000
G1 X130.925 Y102.248 E.02433
G1 X130.633 Y101.741 E.01781
G1 X130.155 Y102.219 E.02059
G1 E-.728 F1800
;WIPE_START
G1 F30000
G1 X130.633 Y101.741 E-.04057
G1 X130.895 Y102.195 E-.03143
;WIPE_END
G1 X129.206 Y102.629 Z2.4
G1 Z2
G1 E.8 F1800
;WIDTH:0.419999
G1 F15000
G1 X131.586 Y102.629 E.07092
G1 X130.715 Y101.12 E.05192
G1 X129.235 Y102.6 E.06239
G1 E-.728 F1800
;WIPE_START
G1 F30000
G1 X130.083 Y101.752 E-.072
;WIPE_END
G1 X128.296 Y103.006 Z2.4
G1 Z2
G1 E.8 F1800
G1 F15000
G1 X132.239 Y103.006 E.11752
G1 X130.796 Y100.506 E.08603
G1 X128.324 Y102.978 E.10417
G1 X127.801 Y103.234 F30000
;WIDTH:0.420002
G1 F15000
G1 X130.741 Y100.294 E.12394
G1 X130.546 Y99.956 E.01164
G1 X127.689 Y102.812 E.12041
G1 X128.418 Y101.551 E.04342
G1 X130.351 Y99.618 E.08147
G1 X130.156 Y99.28 E.01164
G1 X128.683 Y100.753 E.06208
G1 E-.728 F1800
;WIPE_START
G1 F30000
G1 X129.531 Y99.904 E-.072
;WIPE_END
G1 X129.928 Y98.975 Z2.4
G1 Z2
G1 E.8 F1800
;TYPE:Gap infill
;WIDTH:0.402658
G1 F15000
G1 X129.901 Y99.026 E.00164
;WIDTH:0.368057
G1 X129.874 Y99.077 E.00148
;WIDTH:0.328874
G1 X129.77 Y99.213 E.00387
;WIDTH:0.28511
G1 X129.665 Y99.349 E.00328
;WIDTH:0.241345
G1 X129.561 Y99.485 E.00269
;WIDTH:0.19758
G1 X129.457 Y99.621 E.0021
;WIDTH:0.153816
G1 X129.352 Y99.757 E.0015
;WIDTH:0.131934
G1 X129.248 Y99.893 E.00121
G1 E-.78972 F1800
;WIPE_START
G1 F30000
G1 X129.352 Y99.757 E-.01028
;WIPE_END
G1 X129.185 Y98.117 Z2.4
G1 Z2
G1 E.8 F1800
;TYPE:Internal solid infill
;WIDTH:0.420007
G1 F15000
G1 X132.487 Y94.815 E.13918
G1 X131.963 Y94.806 F30000
;TYPE:Gap infill
;WIDTH:0.419959
G1 F15000
G1 X129.019 Y97.75 E.12409
G1 X129.059 Y97.443 F30000
;TYPE:Internal solid infill
;WIDTH:0.419999
G1 F15000
G1 X131.508 Y94.994 E.10322
G1 X127.737 Y94.994 E.11241
G1 X127.754 Y95.181 E.00559
G1 X129.039 Y97.408 E.07666
G1 X129.14 Y96.829 F30000
G1 F15000
G1 X130.598 Y95.371 E.06144
G1 X128.299 Y95.371 E.06853
G1 X129.12 Y96.794 E.04897
G1 X129.22 Y96.224 F30000
;WIDTH:0.408881
G1 F15000
G1 X129.701 Y95.743 E.01968
G1 X128.942 Y95.743 E.02195
G1 X129.2 Y96.189 E.01491
G1 E-.728 F1800
;WIPE_START
G1 F30000
G1 X128.942 Y95.743 E-.03092
G1 X129.627 Y95.743 E-.04108
;WIPE_END
G1 X127.345 Y94.85 Z2.4
G1 Z2
G1 E.8 F1800
;TYPE:Gap infill
;WIDTH:0.13168
G1 F15000
G1 X122.655 Y94.85 E.0329
G1 X122.432 Y95.317 F30000
;TYPE:Internal solid infill
;WIDTH:0.420005
G1 F15000
G1 X119.399 Y98.349 E.12781
G1 X119.204 Y98.011 E.01164
G1 X122.45 Y94.766 E.13681
G1 X121.877 Y94.806 F30000
;TYPE:Gap infill
;WIDTH:0.419957
G1 F15000
G1 X118.914 Y97.768 E.12486
G1 X118.955 Y97.461 F30000
;TYPE:Internal solid infill
;WIDTH:0.419999
G1 F15000
G1 X121.422 Y94.994 E.10399
G1 X117.65 Y94.994 E.11241
G1 X117.672 Y95.24 E.00736
G1 X118.935 Y97.427 E.07525
G1 X119.035 Y96.847 F30000
G1 F15000
G1 X120.511 Y95.371 E.06221
G1 X118.183 Y95.371 E.06939
G1 X119.015 Y96.812 E.0496
G1 X119.116 Y96.236 F30000
;WIDTH:0.415842
G1 F15000
G1 X119.606 Y95.746 E.02043
G1 X118.833 Y95.746 E.02279
G1 X119.096 Y96.202 E.0155
G1 E-.728 F1800
;WIPE_START
G1 F30000
G1 X118.833 Y95.746 E-.03156
G1 X119.507 Y95.746 E-.04044
;WIPE_END
G1 X117.258 Y94.9 Z2.4
G1 Z2
G1 E.8 F1800
;TYPE:Gap infill
;WIDTH:0.231688
G1 F15000
G1 X112.742 Y94.9 E.06739
G1 X112.578 Y95.084 F30000
;TYPE:Internal solid infill
;WIDTH:0.420005
G1 F15000
G1 X109.295 Y98.368 E.13841
G1 X109.099 Y98.03 E.01164
G1 X112.363 Y94.766 E.13758
G1 X111.79 Y94.806 F30000
;TYPE:Gap infill
;WIDTH:0.419958
G1 F15000
G1 X108.809 Y97.787 E.12564
G1 E-.728 F1800
;WIPE_START
G1 F30000
G1 X109.658 Y96.938 E-.072
;WIPE_END
G1 X109.012 Y96.249 Z2.4
G1 Z2
G1 E.8 F1800
;TYPE:Internal solid infill
;WIDTH:0.422805
G1 F15000
G1 X109.511 Y95.75 E.0212
G1 X108.723 Y95.75 E.02365
G1 X108.992 Y96.214 E.01611
G1 X108.931 Y96.865 F30000
;WIDTH:0.419999
G1 F15000
G1 X110.425 Y95.371 E.06298
G1 X108.068 Y95.371 E.07025
G1 X108.911 Y96.831 E.05023
G1 X108.85 Y97.48 F30000
G1 F15000
G1 X111.335 Y94.994 E.10476
G1 X107.564 Y94.994 E.11241
G1 X107.591 Y95.299 E.00913
G1 X108.83 Y97.445 E.07385
G1 E-.728 F1800
;WIPE_START
G1 F30000
G1 X108.23 Y96.406 E-.072
;WIPE_END
G1 X107.172 Y94.95 Z2.4
G1 Z2
G1 E.8 F1800
;TYPE:Gap infill
;WIDTH:0.331686
G1 F15000
G1 X102.828 Y94.95 E.09913
G1 E-.728 F1800
M73 P79 R5
;WIPE_START
G1 F30000
G1 X104.028 Y94.95 E-.072
;WIPE_END
G1 X98.96 Y96.255 Z2.4
G1 Z2
G1 E.8 F1800
;TYPE:Internal solid infill
;WIDTH:0.426287
G1 F15000
G1 X99.463 Y95.751 E.02159
G1 X98.669 Y95.751 E.02408
G1 X98.94 Y96.221 E.01642
G1 X98.878 Y96.875 F30000
;WIDTH:0.419999
G1 F15000
G1 X100.381 Y95.371 E.06337
G1 X98.01 Y95.371 E.07068
G1 X98.858 Y96.84 E.05055
G1 X98.797 Y97.489 F30000
G1 F15000
G1 X101.292 Y94.994 E.10515
G1 X97.52 Y94.994 E.11241
G1 X97.52 Y95.277 E.00843
G1 X98.777 Y97.454 E.07493
G1 E-.728 F1800
;WIPE_START
G1 F30000
G1 X98.177 Y96.415 E-.072
;WIPE_END
G1 X97.128 Y94.975 Z2.4
G1 Z2
G1 E.8 F1800
;TYPE:Gap infill
;WIDTH:0.38168
G1 F15000
G1 X92.872 Y94.975 E.11397
G1 E-.728 F1800
;WIPE_START
G1 F30000
G1 X94.072 Y94.975 E-.072
;WIPE_END
G1 X89.416 Y95.753 Z2.4
G1 Z2
G1 E.8 F1800
;TYPE:Internal solid infill
;WIDTH:0.429767
G1 F15000
G1 X88.614 Y95.753 E.02452
G1 X88.908 Y96.262 E.01795
G1 X89.388 Y95.781 E.02076
G1 E-.728 F1800
;WIPE_START
G1 F30000
G1 X88.908 Y96.262 E-.04074
G1 X88.647 Y95.81 E-.03126
;WIPE_END
G1 X90.338 Y95.371 Z2.4
G1 Z2
G1 E.8 F1800
;WIDTH:0.419999
G1 F15000
G1 X87.952 Y95.371 E.07111
G1 X88.826 Y96.884 E.05205
G1 X90.31 Y95.4 E.06256
G1 E-.728 F1800
;WIPE_START
G1 F30000
G1 X89.461 Y96.248 E-.072
;WIPE_END
G1 X91.248 Y94.994 Z2.4
G1 Z2
G1 E.8 F1800
G1 F15000
G1 X87.477 Y94.994 E.11241
G1 X87.477 Y95.302 E.00918
G1 X88.745 Y97.498 E.07557
G1 X91.22 Y95.022 E.10434
G1 E-.728 F1800
;WIPE_START
G1 F30000
G1 X90.372 Y95.871 E-.072
;WIPE_END
G1 X87.085 Y95 Z2.4
G1 Z2
G1 E.8 F1800
;TYPE:Gap infill
;WIDTH:0.431684
G1 F15000
G1 X82.915 Y95 E.12814
G1 E-.728 F1800
;WIPE_START
G1 F30000
G1 X84.115 Y95 E-.072
;WIPE_END
G1 X80.994 Y97.95 Z2.4
G1 Z2
G1 E.8 F1800
;TYPE:Internal solid infill
;WIDTH:0.419999
G1 F15000
G1 X82.523 Y95.302 E.09113
G1 X82.523 Y94.994 E.00918
G1 X80.994 Y94.994 E.04557
G1 X80.994 Y97.91 E.08691
G1 E-.728 F1800
;WIPE_START
G1 F30000
G1 X80.994 Y96.71 E-.072
;WIPE_END
G1 X81.401 Y96.433 Z2.4
G1 Z2
G1 E.8 F1800
;WIDTH:0.479025
G1 F15000
G1 X81.996 Y95.401 E.04107
G1 X81.401 Y95.401 E.02054
G1 X81.401 Y96.393 E.03419
G1 E-.728 F1800
;WIPE_START
G1 F30000
G1 X81.401 Y95.401 E-.05951
G1 X81.609 Y95.401 E-.01249
;WIPE_END
G1 X82.52 Y102.979 Z2.4
G1 X82.523 Y103.006 Z2.4
G1 Z2
G1 E.8 F1800
;WIDTH:0.419999
G1 F15000
G1 X82.49 Y102.642 E.0109
G1 X80.994 Y100.05 E.0892
G1 X80.994 Y103.006 E.0881
G1 X82.483 Y103.006 E.04438
G1 X81.996 Y102.599 F30000
;WIDTH:0.479026
G1 F15000
G1 X81.401 Y101.567 E.04107
G1 X81.401 Y102.599 E.03557
G1 X81.956 Y102.599 E.01916
G1 E-.728 F1800
;WIPE_START
G1 F30000
G1 X81.401 Y102.599 E-.03334
G1 X81.401 Y101.955 E-.03866
;WIPE_END
G1 X82.915 Y103 Z2.4
G1 Z2
G1 E.8 F1800
;TYPE:Gap infill
;WIDTH:0.431684
G1 F15000
G1 X87.085 Y103 E.12814
G1 E-.728 F1800
;WIPE_START
G1 F30000
G1 X85.885 Y103 E-.072
;WIPE_END
G1 X89.141 Y103.234 Z2.4
G1 Z2
G1 E.8 F1800
;TYPE:Internal solid infill
;WIDTH:0.42
G1 F15000
G1 X91.488 Y100.887 E.09893
G1 X91.293 Y100.549 E.01164
G1 X88.777 Y103.065 E.10603
G1 X88.244 Y103.065 E.01589
G1 X91.097 Y100.211 E.12028
G1 X90.902 Y99.873 E.01164
G1 X87.711 Y103.065 E.13453
G1 X87.418 Y103.065 E.00872
G1 X87.418 Y102.824 E.00718
G1 X90.707 Y99.535 E.13863
G1 X90.512 Y99.197 E.01164
G1 X87.953 Y101.756 E.10785
G1 X88.682 Y100.494 E.04342
G1 X90.702 Y98.473 E.08517
G1 X91.431 Y97.212 E.04342
G1 X89.41 Y99.232 E.08517
G1 X89.544 Y99 E.00799
G1 X89.385 Y98.724 E.00949
G1 X92.159 Y95.95 E.11694
G1 X92.539 Y95.293 E.02261
G1 X92.539 Y95.037 E.00762
G1 X89.19 Y98.386 E.14116
G1 X88.994 Y98.048 E.01164
G1 X92.277 Y94.766 E.13835
G1 X91.704 Y94.806 F30000
;TYPE:Gap infill
;WIDTH:0.419959
G1 F15000
G1 X88.704 Y97.805 E.12641
G1 E-.728 F1800
;WIPE_START
G1 F30000
G1 X89.553 Y96.956 E-.072
;WIPE_END
G1 X91.407 Y102.246 Z2.4
G1 Z2
G1 E.8 F1800
;TYPE:Internal solid infill
;WIDTH:0.362134
G1 F15000
G1 X91.347 Y102.281 E.00174
G1 X91.407 Y102.315 E.00174
G1 X91.99 Y102.629 F30000
;WIDTH:0.419999
G1 F15000
G1 X91.462 Y101.714 E.0315
G1 X90.546 Y102.629 E.03857
G1 X91.95 Y102.629 E.04183
G1 X92.48 Y103.006 F30000
G1 F15000
G1 X92.45 Y102.671 E.01001
G1 X91.542 Y101.099 E.05409
G1 X89.636 Y103.006 E.08035
G1 X92.44 Y103.006 E.08356
G1 X92.872 Y103.025 F30000
;TYPE:Gap infill
;WIDTH:0.38168
G1 F15000
G1 X97.128 Y103.025 E.11397
G1 E-.728 F1800
;WIPE_START
G1 F30000
G1 X95.928 Y103.025 E-.072
;WIPE_END
G1 X99.184 Y103.234 Z2.4
G1 Z2
G1 E.8 F1800
;TYPE:Internal solid infill
;WIDTH:0.42
G1 F15000
G1 X101.467 Y100.951 E.09623
G1 X101.272 Y100.613 E.01164
G1 X98.821 Y103.065 E.10333
G1 X98.287 Y103.065 E.01589
G1 X101.077 Y100.275 E.11758
G1 X100.881 Y99.937 E.01164
G1 X97.754 Y103.065 E.13183
G1 X97.461 Y103.065 E.00872
G1 X97.461 Y102.824 E.00718
G1 X100.686 Y99.599 E.13593
G1 X100.491 Y99.261 E.01164
G1 X98.031 Y101.721 E.10371
G1 X98.759 Y100.46 E.04342
G1 X100.506 Y98.712 E.07365
G1 X101.235 Y97.451 E.04342
G1 X99.488 Y99.198 E.07365
G1 X99.602 Y99 E.00682
G1 X99.437 Y98.715 E.00981
G1 X101.963 Y96.189 E.10648
G1 X102.495 Y95.268 E.0317
G1 X102.495 Y95.124 E.00429
G1 X99.242 Y98.377 E.13712
G1 X99.047 Y98.039 E.01164
G1 X102.32 Y94.766 E.13797
G1 X101.747 Y94.806 F30000
;TYPE:Gap infill
;WIDTH:0.419958
G1 F15000
G1 X98.757 Y97.796 E.12602
G1 E-.728 F1800
;WIPE_START
G1 F30000
G1 X99.605 Y96.947 E-.072
;WIPE_END
G1 X102.436 Y103.006 Z2.4
G1 Z2
G1 E.8 F1800
;TYPE:Internal solid infill
;WIDTH:0.419999
G1 F15000
G1 X102.409 Y102.701 E.00913
G1 X101.522 Y101.164 E.05291
G1 X99.679 Y103.006 E.07765
G1 X102.396 Y103.006 E.08098
G1 X101.815 Y102.561 F30000
;WIDTH:0.555236
G1 F12936.144
G1 X101.426 Y101.888 E.03149
G1 X100.753 Y102.561 E.03856
G1 X101.775 Y102.561 E.04139
G1 E-.728 F1800
;WIPE_START
G1 F30000
G1 X100.753 Y102.561 E-.06133
G1 X100.879 Y102.435 E-.01067
;WIPE_END
G1 X102.828 Y103.05 Z2.4
G1 Z2
G1 E.8 F1800
;TYPE:Gap infill
;WIDTH:0.331686
G1 F15000
G1 X107.172 Y103.05 E.09913
G1 E-.728 F1800
;WIPE_START
G1 F30000
G1 X105.972 Y103.05 E-.072
;WIPE_END
G1 X107.904 Y102.158 Z2.4
G1 Z2
G1 E.8 F1800
;TYPE:Internal solid infill
;WIDTH:0.420203
G1 F15000
G1 X110.488 Y99.574 E.10897
G1 X110.2 Y99.101 E.01652
G1 X110.162 Y98.991 E.00346
G1 X111.834 Y96.095 E.09975
G1 X109.435 Y98.494 E.10118
G1 X109.732 Y98.992 E.01729
G1 X107.924 Y102.123 E.10783
G1 E-.728 F1800
;WIPE_START
G1 F30000
G1 X108.524 Y101.084 E-.072
;WIPE_END
G1 X109.973 Y99.448 Z2.4
G1 Z2
G1 E.8 F1800
;WIDTH:0.539706
G1 F13340.54
G1 X109.911 Y99.448 E.00244
G1 X109.88 Y99.502 E.00244
G1 X109.911 Y99.556 E.00244
G1 X109.973 Y99.556 E.00244
G1 X109.984 Y99.537 E.00087
G1 E-.78377 F1800
;WIPE_START
G1 F30000
G1 X109.973 Y99.556 E-.00133
G1 X109.911 Y99.556 E-.00373
G1 X109.88 Y99.502 E-.00373
G1 X109.911 Y99.448 E-.00373
G1 X109.973 Y99.448 E-.00373
;WIPE_END
G1 X109.969 Y98.514 Z2.4
G1 Z2
G1 E.8 F1800
;WIDTH:0.477254
G1 F15000
G1 X109.915 Y98.514 E.00186
G1 X109.888 Y98.561 E.00186
G1 X109.915 Y98.608 E.00186
G1 X109.977 Y98.595 E.00215
G1 E-.78647 F1800
;WIPE_START
G1 F30000
G1 X109.915 Y98.608 E-.00376
G1 X109.888 Y98.561 E-.00326
G1 X109.915 Y98.514 E-.00326
G1 X109.969 Y98.514 E-.00326
;WIPE_END
G1 X109.227 Y103.234 Z2.4
G1 Z2
G1 E.8 F1800
;WIDTH:0.420002
G1 F15000
G1 X111.41 Y101.052 E.09199
G1 X111.214 Y100.714 E.01164
G1 X108.864 Y103.065 E.09908
G1 X108.331 Y103.065 E.01589
G1 X111.019 Y100.376 E.11333
G1 X110.824 Y100.038 E.01164
G1 X107.628 Y103.234 E.13474
G1 E-.728 F1800
;WIPE_START
G1 F30000
G1 X108.476 Y102.386 E-.072
;WIPE_END
G1 X110.724 Y99.605 Z2.4
G1 Z2
G1 E.8 F1800
;TYPE:Gap infill
;WIDTH:0.419957
G1 F15000
G1 X107.375 Y102.954 E.14114
G1 E-.728 F1800
;WIPE_START
G1 F30000
G1 X108.224 Y102.105 E-.072
;WIPE_END
G1 X112.35 Y103.006 Z2.4
G1 Z2
G1 E.8 F1800
;TYPE:Internal solid infill
;WIDTH:0.419999
G1 F15000
G1 X112.35 Y102.842 E.00489
G1 X111.464 Y101.264 E.05392
G1 X109.723 Y103.006 E.07341
G1 X112.31 Y103.006 E.07711
G1 X111.733 Y102.58 F30000
;WIDTH:0.516944
G1 F13981.134
G1 X111.373 Y101.957 E.02695
G1 X110.75 Y102.58 E.03301
G1 X111.693 Y102.58 E.03532
G1 E-.728 F1800
;WIPE_START
G1 F30000
G1 X110.75 Y102.58 E-.05656
G1 X110.932 Y102.398 E-.01544
;WIPE_END
G1 X112.742 Y103.1 Z2.4
G1 Z2
G1 E.8 F1800
;TYPE:Gap infill
;WIDTH:0.231688
G1 F15000
G1 X117.258 Y103.1 E.06739
G1 E-.728 F1800
;WIPE_START
G1 F30000
G1 X116.058 Y103.1 E-.072
;WIPE_END
G1 X118.059 Y102.089 Z2.4
G1 Z2
G1 E.8 F1800
;TYPE:Internal solid infill
;WIDTH:0.419999
G1 F15000
G1 X120.447 Y99.702 E.10063
G1 X120.096 Y99.094 E.02091
;WIDTH:0.442204
G1 X120.066 Y99.07 E.00122
;WIDTH:0.486613
G1 F14936.906
G1 X120.035 Y99.046 E.00136
;WIDTH:0.553058
G1 F12991.371
G1 X120.005 Y99.022 E.00156
G1 X120.038 Y98.872 E.00619
G1 X121.132 Y96.978 E.08823
G1 X119.623 Y98.486 E.08604
G1 X119.846 Y98.872 E.01797
G1 X119.879 Y99.022 E.00619
;WIDTH:0.531022
G1 F13577.899
G1 X119.849 Y99.046 E.00149
;WIDTH:0.486613
G1 F14936.906
G1 X119.819 Y99.07 E.00136
;WIDTH:0.420496
G1 F15000
G1 X119.789 Y99.094 E.00115
G1 X118.079 Y102.055 E.10202
G1 E-.728 F1800
;WIPE_START
G1 F30000
G1 X118.679 Y101.015 E-.072
;WIPE_END
G1 X119.969 Y99.589 Z2.4
G1 Z2
G1 E.8 F1800
;WIDTH:0.473276
G1 F15000
G1 X119.915 Y99.589 E.00183
G1 X119.888 Y99.635 E.00183
G1 X119.915 Y99.682 E.00183
G1 X119.976 Y99.67 E.0021
G1 E-.78661 F1800
;WIPE_START
G1 F30000
G1 X119.915 Y99.682 E-.00371
G1 X119.888 Y99.635 E-.00323
G1 X119.915 Y99.589 E-.00323
G1 X119.969 Y99.589 E-.00323
;WIPE_END
G1 X121.297 Y100.718 Z2.4
G1 Z2
G1 E.8 F1800
;WIDTH:0.420003
G1 F15000
G1 X118.95 Y103.065 E.09892
G1 X118.417 Y103.065 E.01589
G1 X120.978 Y100.504 E.10794
G1 X120.783 Y100.166 E.01164
G1 X117.714 Y103.234 E.12934
G1 E-.728 F1800
;WIPE_START
G1 F30000
G1 X118.563 Y102.386 E-.072
;WIPE_END
G1 X120.682 Y99.733 Z2.4
G1 Z2
G1 E.8 F1800
;TYPE:Gap infill
;WIDTH:0.419955
G1 F15000
G1 X117.695 Y102.72 E.1259
G1 X117.462 Y103.024 E.01143
G1 E-.728 F1800
;WIPE_START
G1 F30000
G1 X117.695 Y102.72 E-.02301
G1 X118.272 Y102.143 E-.04899
;WIPE_END
G1 X121.09 Y102.225 Z2.4
G1 Z2
G1 E.8 F1800
;TYPE:Internal solid infill
;WIDTH:0.396568
G1 F15000
G1 X121.024 Y102.263 E.00214
G1 X121.093 Y102.298 E.00214
G1 X121.701 Y102.629 F30000
;WIDTH:0.419999
G1 F15000
G1 X121.147 Y101.668 E.03305
G1 X120.186 Y102.629 E.04048
G1 X121.661 Y102.629 E.04396
G1 X122.263 Y103.006 F30000
G1 F15000
G1 X122.275 Y102.869 E.0041
G1 X121.228 Y101.054 E.06245
G1 X119.276 Y103.006 E.08226
G1 X122.223 Y103.006 E.08784
G1 X122.655 Y103.15 F30000
;TYPE:Gap infill
;WIDTH:0.13168
G1 F15000
G1 X127.345 Y103.15 E.0329
G1 E-.728 F1800
;WIPE_START
G1 F30000
G1 X126.145 Y103.15 E-.072
;WIPE_END
G1 X130.784 Y97.09 Z2.4
G1 X132.413 Y94.962 Z2.4
G1 Z2
G1 E.8 F1800
;TYPE:Internal solid infill
;WIDTH:0.38292
G1 F15000
G1 X132.428 Y94.885 E.00211
G1 X132.421 Y94.923 E.00104
G1 E-.79297 F1800
;WIPE_START
G1 F30000
G1 X132.428 Y94.885 E-.00232
G1 X132.413 Y94.962 E-.00472
;WIPE_END
G1 X129.968 Y98.139 Z2.4
G1 Z2
G1 E.8 F1800
;WIDTH:0.453862
G1 F15000
G1 X129.917 Y98.139 E.00167
G1 X129.891 Y98.184 E.00167
G1 X129.917 Y98.228 E.00167
G1 X129.974 Y98.219 E.00188
G1 X129.84 Y98.795 F30000
;WIDTH:0.404705
G1 F15000
G1 X130.014 Y98.661 E.00627
G1 X130.095 Y98.684 E.00242
G1 X132.405 Y94.974 E.12499
G1 X129.45 Y98.119 E.12342
G1 X129.82 Y98.761 E.02118
G1 E-.728 F1800
;WIPE_START
G1 F30000
G1 X129.45 Y98.119 E-.04445
G1 X129.764 Y97.784 E-.02755
;WIPE_END
G1 X134.755 Y103.559 Z2.4
G1 X164.63 Y138.13 Z2.4
G1 Z2
G1 E.8 F1800
SET_VELOCITY_LIMIT ACCEL=2000
;TYPE:Outer wall
;WIDTH:0.42
G1 F7200
G1 X167.37 Y138.13 E.08167
G1 X167.37 Y140.87 E.08167
G1 X164.63 Y140.87 E.08167
G1 X164.63 Y138.17 E.08047
G1 X164.21 Y137.71 F30000
G1 F7200
G1 X167.79 Y137.71 E.1067
G1 X167.79 Y141.29 E.1067
G1 X164.21 Y141.29 E.1067
G1 X164.21 Y137.75 E.10551
G1 E-1.092 F1800
;WIPE_START
G1 F30000
G1 X165.41 Y137.737 E-.108
;WIPE_END
G1 X164.997 Y145.358 Z2.4
G1 X164.63 Y152.13 Z2.4
G1 Z2
G1 E1.2 F1800 ; CC2_CARD retract 1.2
G1 F7200
G1 X167.37 Y152.13 E.08167
G1 X167.37 Y154.87 E.08167
G1 X164.63 Y154.87 E.08167
G1 X164.63 Y152.17 E.08047
G1 X164.21 Y151.71 F30000
G1 F7200
G1 X167.79 Y151.71 E.1067
G1 X167.79 Y155.29 E.1067
G1 X164.21 Y155.29 E.1067
G1 X164.21 Y151.75 E.10551
G1 E-1.092 F1800
;WIPE_START
G1 F30000
G1 X165.41 Y151.737 E-.108
;WIPE_END
G1 X157.779 Y151.888 Z2.4
G1 X145.63 Y152.13 Z2.4
G1 Z2
G1 E1.2 F1800 ; CC2_CARD retract 1.2
G1 F7200
G1 X148.37 Y152.13 E.08167
G1 X148.37 Y154.87 E.08167
G1 X145.63 Y154.87 E.08167
G1 X145.63 Y152.17 E.08047
G1 E-.91 F1800
;WIPE_START
G1 F30000
G1 X146.83 Y152.152 E-.09
;WIPE_END
G1 X148.79 Y151.71 Z2.4
G1 Z2
G1 E1 F1800 ; CC2_CARD retract 1.0
G1 F7200
G1 X148.79 Y155.29 E.1067
G1 X145.21 Y155.29 E.1067
M73 P80 R5
G1 X145.21 Y151.71 E.1067
G1 X148.75 Y151.71 E.10551
G1 E-.91 F1800
;WIPE_START
G1 F30000
G1 X148.763 Y152.91 E-.09
;WIPE_END
G1 X147.18 Y145.443 Z2.4
G1 X145.63 Y138.13 Z2.4
G1 Z2
G1 E1 F1800 ; CC2_CARD retract 1.0
G1 F7200
G1 X148.37 Y138.13 E.08167
G1 X148.37 Y140.87 E.08167
G1 X145.63 Y140.87 E.08167
G1 X145.63 Y138.17 E.08047
G1 X145.21 Y137.71 F30000
G1 F7200
G1 X148.79 Y137.71 E.1067
G1 X148.79 Y141.29 E.1067
G1 X145.21 Y141.29 E.1067
G1 X145.21 Y137.75 E.10551
G1 E-.91 F1800
;WIPE_START
G1 F30000
G1 X146.41 Y137.737 E-.09
;WIPE_END
G1 X138.78 Y137.913 Z2.4
G1 X129.37 Y138.13 Z2.4
G1 Z2
G1 E1 F1800 ; CC2_CARD retract 1.0
G1 F7200
G1 X129.37 Y140.87 E.08167
G1 X126.63 Y140.87 E.08167
G1 X126.63 Y138.13 E.08167
G1 X129.33 Y138.13 E.08047
G1 X129.79 Y137.71 F30000
G1 F7200
G1 X129.79 Y141.29 E.1067
G1 X126.21 Y141.29 E.1067
G1 X126.21 Y137.71 E.1067
G1 X129.75 Y137.71 E.10551
G1 E-.728 F1800
;WIPE_START
G1 F30000
G1 X129.763 Y138.91 E-.072
;WIPE_END
G1 X128.003 Y146.337 Z2.4
G1 X126.63 Y152.13 Z2.4
G1 Z2
G1 E.8 F1800 ; CC2_CARD retract 0.8
G1 F7200
G1 X129.37 Y152.13 E.08167
G1 X129.37 Y154.87 E.08167
G1 X126.63 Y154.87 E.08167
G1 X126.63 Y152.17 E.08047
G1 X126.21 Y151.71 F30000
G1 F7200
G1 X129.79 Y151.71 E.1067
G1 X129.79 Y155.29 E.1067
G1 X126.21 Y155.29 E.1067
G1 X126.21 Y151.75 E.10551
G1 E-.728 F1800
;WIPE_START
G1 F30000
G1 X127.41 Y151.737 E-.072
;WIPE_END
G1 X121.122 Y147.411 Z2.4
G1 X107.63 Y138.13 Z2.4
G1 Z2
G1 E.8 F1800 ; CC2_CARD retract 0.8
G1 F7200
G1 X110.37 Y138.13 E.08167
G1 X110.37 Y140.87 E.08167
G1 X107.63 Y140.87 E.08167
G1 X107.63 Y138.17 E.08047
G1 X107.21 Y137.71 F30000
G1 F7200
G1 X110.79 Y137.71 E.1067
G1 X110.79 Y141.29 E.1067
G1 X107.21 Y141.29 E.1067
G1 X107.21 Y137.75 E.10551
G1 E-.546 F1800
;WIPE_START
G1 F30000
G1 X108.41 Y137.737 E-.054
;WIPE_END
G1 X107.997 Y145.358 Z2.4
G1 X107.63 Y152.13 Z2.4
G1 Z2
G1 E.6 F1800 ; CC2_CARD retract 0.6
G1 F7200
G1 X110.37 Y152.13 E.08167
G1 X110.37 Y154.87 E.08167
G1 X107.63 Y154.87 E.08167
G1 X107.63 Y152.17 E.08047
G1 E-.546 F1800
;WIPE_START
G1 F30000
G1 X108.83 Y152.152 E-.054
;WIPE_END
G1 X110.79 Y151.71 Z2.4
G1 Z2
G1 E.6 F1800 ; CC2_CARD retract 0.6
G1 F7200
G1 X110.79 Y155.29 E.1067
G1 X107.21 Y155.29 E.1067
G1 X107.21 Y151.71 E.1067
G1 X110.75 Y151.71 E.10551
G1 E-.546 F1800
;WIPE_START
G1 F30000
G1 X110.763 Y152.91 E-.054
;WIPE_END
G1 X104.55 Y157.343 Z2.4
G1 X101.384 Y159.602 Z2.4
G1 Z2
G1 E.6 F1800 ; CC2_CARD retract 0.6
SET_VELOCITY_LIMIT ACCEL=3000
;TYPE:Inner wall
;WIDTH:0.45
G1 F12000
G1 X101.681 Y160.115 E.01907
G1 X102.769 Y162 E.07002
G1 X101.384 Y164.398 E.08909
G1 X98.616 Y164.398 E.08909
G1 X97.231 Y162 E.08909
G1 X98.616 Y159.602 E.08909
G1 X101.344 Y159.602 E.08781
SET_VELOCITY_LIMIT ACCEL=2000
G1 X101.611 Y159.21 F30000
;TYPE:Outer wall
;WIDTH:0.42
G1 F7200
G1 X102.02 Y159.919 E.02441
G1 X103.222 Y162 E.07161
G1 X101.611 Y164.79 E.09602
G1 X98.389 Y164.79 E.09602
G1 X96.778 Y162 E.09602
G1 X98.389 Y159.21 E.09602
G1 X101.571 Y159.21 E.09483
G1 E-.728 F1800
;WIPE_START
G1 F30000
G1 X102.02 Y159.919 E-.05038
G1 X102.2 Y160.231 E-.02162
;WIPE_END
G1 X101.214 Y163.996 Z2.4
G1 Z2
G1 E.8 F1800
SET_VELOCITY_LIMIT ACCEL=3000
;TYPE:Sparse infill
;WIDTH:0.45
G1 F12000
G1 X101.183 Y164.05 E.00199
G1 X99.617 Y164.05 E.0504
G1 X100.715 Y159.95 E.13656
G1 X101.183 Y159.95 E.01506
G1 X101.426 Y160.371 E.01563
G1 X98.052 Y161.275 E.11241
G1 X97.633 Y162 E.02693
G1 X98.029 Y162.685 E.02546
G1 E-.728 F1800
;WIPE_START
G1 F30000
G1 X97.633 Y162 E-.04748
G1 X97.838 Y161.646 E-.02452
;WIPE_END
G1 X92.53 Y156.161 Z2.4
G1 X88.63 Y152.13 Z2.4
G1 Z2
G1 E.8 F1800
SET_VELOCITY_LIMIT ACCEL=2000
;TYPE:Outer wall
;WIDTH:0.42
G1 F7200
G1 X91.37 Y152.13 E.08167
G1 X91.37 Y154.87 E.08167
G1 X88.63 Y154.87 E.08167
G1 X88.63 Y152.17 E.08047
G1 X88.21 Y151.71 F30000
G1 F7200
G1 X91.79 Y151.71 E.1067
G1 X91.79 Y155.29 E.1067
G1 X88.21 Y155.29 E.1067
G1 X88.21 Y151.75 E.10551
G1 E-.364 F1800
;WIPE_START
G1 F30000
G1 X89.41 Y151.737 E-.036
;WIPE_END
G1 X90.498 Y144.182 Z2.4
G1 X91.37 Y138.13 Z2.4
G1 Z2
G1 E.4 F1800 ; CC2_CARD retract 0.4
G1 F7200
G1 X91.37 Y140.87 E.08167
G1 X88.63 Y140.87 E.08167
G1 X88.63 Y138.13 E.08167
G1 X91.33 Y138.13 E.08047
G1 X91.79 Y137.71 F30000
G1 F7200
G1 X91.79 Y141.29 E.1067
G1 X88.21 Y141.29 E.1067
G1 X88.21 Y137.71 E.1067
G1 X91.75 Y137.71 E.10551
;LAYER_CHANGE
;Z:2.2
;HEIGHT:0.2
;BEFORE_LAYER_CHANGE
;2.2
G92 E0

G1 E-.364 F1800
;WIPE_START
G1 F30000
G1 X91.763 Y138.91 E-.036
;WIPE_END
M73 L11
;LAYER:11
SET_PRINT_STATS_INFO TOTAL_LAYER=35 CURRENT_LAYER=11
;_SET_FAN_SPEED_CHANGING_LAYER

G1 X92.6899 Y138.403 Z2.25714
G1 X93.6638 Y138.811 Z2.31429
G1 X93.9518 Y139.827 Z2.37143
G1 X93.337 Y140.686 Z2.42857
G1 X92.2823 Y140.741 Z2.48571
G1 X91.582 Y139.95 Z2.54286
G1 X91.7634 Y138.91 Z2.6
G1 X123.134 Y95.098 Z2.6
G1 Z2.2
G1 E.4 F1800 ; CC2_CARD retract 0.4
SET_VELOCITY_LIMIT ACCEL=3000
;TYPE:Inner wall
;WIDTH:0.45
G1 F12000
G1 X122.747 Y95.098 E.01243
G1 X120.494 Y99 E.14498
G1 X122.747 Y102.902 E.14498
G1 X127.253 Y102.902 E.14498
G1 X129.506 Y99 E.14498
G1 X127.665 Y95.811 E.11847
G1 X127.253 Y95.098 E.02651
G1 X123.174 Y95.098 E.13126
SET_VELOCITY_LIMIT ACCEL=2000
G1 X122.973 Y95.49 F30000
;TYPE:Outer wall
;WIDTH:0.42
G1 F7200
G1 X120.947 Y99 E.1208
G1 X122.973 Y102.51 E.1208
G1 X127.027 Y102.51 E.1208
G1 X129.053 Y99 E.1208
G1 X127.325 Y96.007 E.10299
G1 X127.027 Y95.49 E.01781
G1 X123.013 Y95.49 E.11961
G1 E-.728 F1800
;WIPE_START
G1 F30000
G1 X122.405 Y96.524 E-.072
;WIPE_END
G1 X117.494 Y102.367 Z2.6
G1 X117.129 Y102.802 Z2.6
G1 Z2.2
G1 E.8 F1800
SET_VELOCITY_LIMIT ACCEL=3000
;TYPE:Inner wall
;WIDTH:0.45
G1 F12000
G1 X117.195 Y102.802 E.00213
G1 X119.39 Y99 E.14126
G1 X117.195 Y95.198 E.14126
G1 X112.805 Y95.198 E.14126
G1 X110.61 Y99 E.14126
G1 X112.805 Y102.802 E.14126
G1 X117.089 Y102.802 E.13784
SET_VELOCITY_LIMIT ACCEL=2000
G1 X116.969 Y102.41 F30000
;TYPE:Outer wall
;WIDTH:0.42
G1 F7200
G1 X118.938 Y99 E.11736
G1 X116.969 Y95.59 E.11736
G1 X113.031 Y95.59 E.11736
G1 X111.062 Y99 E.11736
G1 X113.031 Y102.41 E.11736
G1 X116.929 Y102.41 E.11617
G1 E-.728 F1800
;WIPE_START
G1 F30000
G1 X117.538 Y101.376 E-.072
;WIPE_END
G1 X109.934 Y102.032 Z2.6
G1 X102.829 Y102.645 Z2.6
G1 Z2.2
G1 E.8 F1800
SET_VELOCITY_LIMIT ACCEL=3000
;TYPE:Inner wall
;WIDTH:0.45
G1 F12000
G1 X102.863 Y102.702 E.00213
G1 X107.137 Y102.702 E.13755
G1 X109.275 Y99 E.13755
G1 X107.137 Y95.298 E.13755
G1 X102.863 Y95.298 E.13755
G1 X100.725 Y99 E.13755
G1 X102.809 Y102.61 E.13413
SET_VELOCITY_LIMIT ACCEL=2000
G1 X103.089 Y102.31 F30000
;TYPE:Outer wall
;WIDTH:0.42
G1 F7200
G1 X106.911 Y102.31 E.11392
G1 X108.822 Y99 E.11392
G1 X106.911 Y95.69 E.11392
G1 X103.089 Y95.69 E.11392
G1 X101.178 Y99 E.11392
G1 X103.069 Y102.275 E.11273
G1 E-.728 F1800
;WIPE_START
G1 F30000
G1 X104.269 Y102.286 E-.072
;WIPE_END
G1 X97.042 Y102.652 Z2.6
G1 Z2.2
G1 E.8 F1800
SET_VELOCITY_LIMIT ACCEL=3000
;TYPE:Inner wall
;WIDTH:0.45
G1 F12000
G1 X97.109 Y102.652 E.00213
G1 X99.217 Y99 E.13569
G1 X97.109 Y95.348 E.13569
G1 X92.891 Y95.348 E.13569
G1 X90.783 Y99 E.13569
G1 X92.891 Y102.652 E.13569
G1 X97.002 Y102.652 E.13227
SET_VELOCITY_LIMIT ACCEL=2000
G1 X96.882 Y102.26 F30000
;TYPE:Outer wall
;WIDTH:0.42
G1 F7200
G1 X98.764 Y99 E.1122
G1 X96.882 Y95.74 E.1122
G1 X93.118 Y95.74 E.1122
G1 X91.236 Y99 E.1122
G1 X93.118 Y102.26 E.1122
G1 X96.842 Y102.26 E.111
G1 E-.728 F1800
;WIPE_START
G1 F30000
G1 X97.452 Y101.226 E-.072
;WIPE_END
G1 X89.88 Y102.192 Z2.6
G1 X87.113 Y102.545 Z2.6
G1 Z2.2
G1 E.8 F1800
SET_VELOCITY_LIMIT ACCEL=3000
;TYPE:Inner wall
;WIDTH:0.45
G1 F12000
G1 X89.159 Y99 E.1317
G1 X87.08 Y95.398 E.13383
G1 X82.92 Y95.398 E.13383
G1 X80.841 Y99 E.13383
G1 X82.92 Y102.602 E.13383
G1 X87.08 Y102.602 E.13383
G1 X87.093 Y102.579 E.00085
SET_VELOCITY_LIMIT ACCEL=2000
G1 X86.853 Y102.21 F30000
;TYPE:Outer wall
;WIDTH:0.42
G1 F7200
G1 X88.707 Y99 E.11048
G1 X86.853 Y95.79 E.11048
G1 X83.147 Y95.79 E.11048
G1 X81.293 Y99 E.11048
G1 X83.147 Y102.21 E.11048
G1 X86.813 Y102.21 E.10928
G1 E-.728 F1800
;WIPE_START
G1 F30000
G1 X87.423 Y101.176 E-.072
;WIPE_END
G1 X95.051 Y101.447 Z2.6
G1 X137.344 Y102.945 Z2.6
G1 Z2.2
G1 E.8 F1800
SET_VELOCITY_LIMIT ACCEL=3000
;TYPE:Inner wall
;WIDTH:0.45
G1 F12000
G1 X139.217 Y99.7 E.12054
G1 X139.398 Y99.749 E.00603
G1 X139.398 Y103.398 E.11742
G1 X80.602 Y103.398 E1.89185
G1 X80.602 Y94.602 E.28302
M73 P81 R5
G1 X139.398 Y94.602 E1.89185
G1 X139.398 Y98.251 E.11742
G1 X139.217 Y98.3 E.00603
G1 X137.311 Y94.998 E.12268
G1 X132.689 Y94.998 E.1487
G1 X130.379 Y99 E.14869
G1 X132.689 Y103.002 E.14869
G1 X137.311 Y103.002 E.1487
G1 X137.324 Y102.979 E.00085
SET_VELOCITY_LIMIT ACCEL=2000
G1 X137.084 Y102.61 F30000
;TYPE:Outer wall
;WIDTH:0.42
G1 F7200
G1 X139.168 Y99 E.12424
G1 X137.084 Y95.39 E.12424
G1 X132.916 Y95.39 E.12424
G1 X130.832 Y99 E.12424
G1 X132.916 Y102.61 E.12424
G1 X137.044 Y102.61 E.12305
G1 E-.728 F1800
;WIPE_START
G1 F30000
G1 X137.653 Y101.576 E-.072
;WIPE_END
G1 X139.78 Y94.246 Z2.6
G1 X139.79 Y94.21 Z2.6
G1 Z2.2
G1 E.8 F1800
G1 F7200
G1 X139.79 Y103.79 E.28554
G1 X80.21 Y103.79 E1.77581
G1 X80.21 Y94.21 E.28554
G1 X139.75 Y94.21 E1.77461
G1 E-.728 F1800
;WIPE_START
G1 F30000
G1 X139.755 Y95.41 E-.072
;WIPE_END
G1 X139.006 Y97.15 Z2.6
G1 Z2.2
G1 E.8 F1800
SET_VELOCITY_LIMIT ACCEL=3000
;TYPE:Internal solid infill
;WIDTH:0.419999
G1 F15000
G1 X139.006 Y94.994 E.06426
G1 X137.761 Y94.994 E.0371
G1 X138.986 Y97.115 E.073
G1 E-.728 F1800
;WIPE_START
G1 F30000
G1 X138.386 Y96.076 E-.072
;WIPE_END
G1 X138.584 Y95.392 Z2.6
G1 Z2.2
G1 E.8 F1800
;WIDTH:0.577008
G1 F12408.803
G1 X138.517 Y95.392 E.00282
G1 X138.484 Y95.45 E.00282
G1 X138.517 Y95.508 E.00282
G1 X138.584 Y95.508 E.00282
G1 X138.597 Y95.484 E.00113
G1 E-.78237 F1800
;WIPE_START
G1 F30000
G1 X138.584 Y95.508 E-.00161
G1 X138.517 Y95.508 E-.00401
G1 X138.484 Y95.45 E-.00401
G1 X138.517 Y95.392 E-.00401
G1 X138.584 Y95.392 E-.00401
;WIPE_END
G1 X139.487 Y98.43 Z2.6
G1 Z2.2
G1 E.8 F1800
;TYPE:Gap infill
;WIDTH:0.256347
G1 F15000
G1 X139.487 Y99.57 E.01922
G1 E-.73163 F1800
;WIPE_START
G1 F30000
G1 X139.487 Y98.43 E-.06837
;WIPE_END
G1 X137.761 Y103.006 Z2.6
G1 Z2.2
G1 E.8 F1800
;TYPE:Internal solid infill
;WIDTH:0.419999
G1 F15000
G1 X139.006 Y103.006 E.0371
G1 X139.006 Y100.85 E.06426
G1 X137.781 Y102.971 E.073
G1 E-.728 F1800
;WIPE_START
G1 F30000
G1 X138.381 Y101.932 E-.072
;WIPE_END
G1 X138.584 Y102.492 Z2.6
G1 Z2.2
G1 E.8 F1800
;WIDTH:0.57701
G1 F12408.758
G1 X138.517 Y102.492 E.00282
G1 X138.483 Y102.55 E.00282
G1 X138.517 Y102.608 E.00282
G1 X138.584 Y102.608 E.00282
G1 X138.597 Y102.585 E.00113
G1 E-.78237 F1800
;WIPE_START
G1 F30000
G1 X138.584 Y102.608 E-.00161
G1 X138.517 Y102.608 E-.00401
G1 X138.483 Y102.55 E-.00401
G1 X138.517 Y102.492 E-.00401
G1 X138.584 Y102.492 E-.00401
;WIPE_END
G1 X132.487 Y103.185 Z2.6
G1 Z2.2
G1 E.8 F1800
;WIDTH:0.420007
G1 F15000
G1 X129.185 Y99.883 E.13919
G1 E-.728 F1800
;WIPE_START
G1 F30000
G1 X130.034 Y100.731 E-.072
;WIPE_END
G1 X131.963 Y103.194 Z2.6
G1 Z2.2
G1 E.8 F1800
;TYPE:Gap infill
;WIDTH:0.419961
G1 F15000
G1 X129.019 Y100.25 E.12409
G1 E-.728 F1800
;WIPE_START
G1 F30000
G1 X129.868 Y101.099 E-.072
;WIPE_END
G1 X129.968 Y99.772 Z2.6
G1 Z2.2
G1 E.8 F1800
;TYPE:Internal solid infill
;WIDTH:0.453864
G1 F15000
G1 X129.917 Y99.772 E.00167
G1 X129.891 Y99.816 E.00167
G1 X129.917 Y99.861 E.00167
G1 X129.974 Y99.851 E.00188
G1 E-.78728 F1800
;WIPE_START
G1 F30000
G1 X129.917 Y99.861 E-.00347
G1 X129.891 Y99.816 E-.00308
G1 X129.917 Y99.772 E-.00308
G1 X129.968 Y99.772 E-.00308
;WIPE_END
G1 X131.78 Y102.211 Z2.6
G1 Z2.2
G1 E.8 F1800
;WIDTH:0.419999
G1 F15000
G1 X130.107 Y99.313 E.09974
G1 X130.014 Y99.339 E.00288
G1 X129.84 Y99.205 E.00653
G1 X129.45 Y99.881 E.02327
G1 X131.752 Y102.183 E.09702
G1 E-.728 F1800
;WIPE_START
G1 F30000
G1 X130.903 Y101.334 E-.072
;WIPE_END
G1 X132.408 Y103.03 Z2.6
G1 Z2.2
G1 E.8 F1800
;WIDTH:0.38292
G1 F15000
G1 X132.419 Y103.076 E.00127
G1 E-.79716 F1800
;WIPE_START
G1 F30000
G1 X132.408 Y103.03 E-.00284
;WIPE_END
G1 X128.942 Y102.257 Z2.6
G1 Z2.2
G1 E.8 F1800
;WIDTH:0.408879
G1 F15000
G1 X129.701 Y102.257 E.02195
G1 X129.22 Y101.776 E.01968
G1 X128.962 Y102.223 E.01491
G1 X128.299 Y102.629 F30000
;WIDTH:0.419999
G1 F15000
G1 X130.598 Y102.629 E.06853
G1 X129.14 Y101.171 E.06144
G1 X128.319 Y102.594 E.04897
G1 X127.737 Y103.006 F30000
G1 F15000
G1 X131.508 Y103.006 E.11241
G1 X129.059 Y100.557 E.10322
G1 X127.725 Y102.869 E.07956
G1 X127.733 Y102.966 E.00291
G1 X127.345 Y103.15 F30000
;TYPE:Gap infill
;WIDTH:0.13168
G1 F15000
G1 X122.655 Y103.15 E.0329
G1 X122.432 Y102.683 F30000
;TYPE:Internal solid infill
;WIDTH:0.420005
G1 F15000
G1 X119.399 Y99.651 E.12781
G1 X119.204 Y99.989 E.01164
G1 X122.45 Y103.234 E.13681
G1 X121.877 Y103.194 F30000
;TYPE:Gap infill
;WIDTH:0.419955
G1 F15000
G1 X118.914 Y100.232 E.12486
G1 E-.728 F1800
;WIPE_START
G1 F30000
G1 X119.763 Y101.08 E-.072
;WIPE_END
G1 X121.132 Y101.022 Z2.6
G1 Z2.2
G1 E.8 F1800
;TYPE:Internal solid infill
;WIDTH:0.553227
G1 F12987.071
G1 X120.038 Y99.128 E.08826
;WIDTH:0.531023
G1 F13577.876
G1 X120.058 Y99.054 E.00295
;WIDTH:0.486613
G1 F14936.888
G1 X120.077 Y98.98 E.00268
;WIDTH:0.420222
G1 F15000
G1 X120.096 Y98.906 E.00228
G1 X120.447 Y98.298 E.02093
G1 X118.059 Y95.911 E.10069
G1 X119.789 Y98.906 E.10314
;WIDTH:0.442204
G1 X119.808 Y98.98 E.00241
;WIDTH:0.486613
G1 F14936.888
G1 X119.827 Y99.054 E.00268
;WIDTH:0.55193
G1 F13020.166
G1 X119.846 Y99.128 E.00307
G1 X119.623 Y99.514 E.01793
G1 X121.104 Y100.994 E.08424
G1 E-.728 F1800
;WIPE_START
G1 F30000
G1 X120.255 Y100.146 E-.072
;WIPE_END
G1 X119.969 Y98.318 Z2.6
G1 Z2.2
G1 E.8 F1800
;WIDTH:0.473274
G1 F15000
G1 X119.915 Y98.318 E.00183
G1 X119.888 Y98.365 E.00183
G1 X119.915 Y98.411 E.00183
G1 X119.976 Y98.399 E.0021
G1 E-.78661 F1800
;WIPE_START
G1 F30000
G1 X119.915 Y98.411 E-.00371
G1 X119.888 Y98.365 E-.00323
G1 X119.915 Y98.318 E-.00323
G1 X119.969 Y98.318 E-.00323
;WIPE_END
G1 X121.297 Y97.282 Z2.6
G1 Z2.2
G1 E.8 F1800
;WIDTH:0.420003
G1 F15000
G1 X118.95 Y94.935 E.09892
G1 X118.417 Y94.935 E.01589
G1 X120.978 Y97.496 E.10794
G1 X120.783 Y97.834 E.01164
G1 X117.714 Y94.766 E.12934
G1 E-.728 F1800
;WIPE_START
G1 F30000
G1 X118.563 Y95.614 E-.072
;WIPE_END
G1 X120.682 Y98.267 Z2.6
G1 Z2.2
G1 E.8 F1800
;TYPE:Gap infill
;WIDTH:0.419956
G1 F15000
G1 X117.695 Y95.28 E.1259
G1 X117.462 Y94.976 E.01143
G1 X117.258 Y94.9 F30000
;WIDTH:0.231688
G1 F15000
G1 X112.742 Y94.9 E.06739
G1 E-.728 F1800
;WIPE_START
G1 F30000
G1 X113.942 Y94.9 E-.072
;WIPE_END
G1 X111.464 Y96.736 Z2.6
G1 Z2.2
G1 E.8 F1800
;TYPE:Internal solid infill
;WIDTH:0.419999
G1 F15000
G1 X112.35 Y95.202 E.05279
G1 X112.35 Y94.994 E.00619
G1 X109.723 Y94.994 E.0783
G1 X111.436 Y96.708 E.07222
G1 X111.373 Y96.043 F30000
;WIDTH:0.516944
G1 F13981.134
G1 X111.733 Y95.42 E.02695
G1 X110.75 Y95.42 E.03682
G1 X111.345 Y96.014 E.03151
G1 E-.728 F1800
;WIPE_START
G1 F30000
G1 X110.75 Y95.42 E-.05046
G1 X111.109 Y95.42 E-.02154
M73 P81 R4
;WIPE_END
G1 X109.227 Y94.766 Z2.6
G1 Z2.2
G1 E.8 F1800
;WIDTH:0.420002
G1 F15000
G1 X111.41 Y96.948 E.09199
G1 X111.214 Y97.286 E.01164
G1 X108.864 Y94.935 E.09908
G1 X108.331 Y94.935 E.01589
G1 X111.019 Y97.624 E.11333
G1 X110.824 Y97.962 E.01164
G1 X107.628 Y94.766 E.13474
G1 E-.728 F1800
;WIPE_START
G1 F30000
G1 X108.476 Y95.614 E-.072
;WIPE_END
G1 X110.724 Y98.395 Z2.6
G1 Z2.2
G1 E.8 F1800
;TYPE:Gap infill
;WIDTH:0.419957
G1 F15000
G1 X107.375 Y95.046 E.14114
G1 X107.172 Y94.95 F30000
;WIDTH:0.331686
G1 F15000
G1 X102.828 Y94.95 E.09913
G1 E-.728 F1800
;WIPE_START
G1 F30000
G1 X104.028 Y94.95 E-.072
;WIPE_END
G1 X101.522 Y96.836 Z2.6
G1 Z2.2
G1 E.8 F1800
;TYPE:Internal solid infill
;WIDTH:0.419999
G1 F15000
G1 X102.436 Y95.252 E.05453
G1 X102.436 Y94.994 E.00769
G1 X99.679 Y94.994 E.08218
G1 X101.493 Y96.808 E.07646
G1 X101.426 Y96.112 F30000
;WIDTH:0.555236
G1 F12936.144
G1 X101.815 Y95.439 E.03149
G1 X100.753 Y95.439 E.04301
G1 X101.398 Y96.084 E.03694
G1 E-.728 F1800
;WIPE_START
G1 F30000
G1 X100.753 Y95.439 E-.05474
G1 X101.041 Y95.439 E-.01727
;WIPE_END
G1 X99.184 Y94.766 Z2.6
G1 Z2.2
G1 E.8 F1800
;WIDTH:0.42
G1 F15000
G1 X101.467 Y97.049 E.09623
G1 X101.272 Y97.387 E.01164
G1 X98.821 Y94.935 E.10333
G1 X98.287 Y94.935 E.01589
G1 X101.077 Y97.725 E.11758
G1 X100.881 Y98.063 E.01164
G1 X97.754 Y94.935 E.13183
G1 X97.461 Y94.935 E.00872
G1 X97.461 Y95.176 E.00718
G1 X100.686 Y98.401 E.13593
G1 X100.491 Y98.739 E.01164
G1 X98.031 Y96.279 E.10371
G1 X98.759 Y97.54 E.04342
G1 X100.506 Y99.288 E.07365
G1 X101.235 Y100.549 E.04342
G1 X99.488 Y98.802 E.07365
G1 X99.602 Y99 E.00682
G1 X99.437 Y99.285 E.00981
G1 X101.963 Y101.811 E.10648
G1 X102.495 Y102.732 E.0317
G1 X102.495 Y102.876 E.00429
G1 X99.242 Y99.623 E.13712
G1 X99.047 Y99.961 E.01164
G1 X102.32 Y103.234 E.13797
G1 X101.747 Y103.194 F30000
;TYPE:Gap infill
;WIDTH:0.419958
G1 F15000
G1 X98.757 Y100.204 E.12602
G1 E-.728 F1800
;WIPE_START
G1 F30000
G1 X99.605 Y101.053 E-.072
;WIPE_END
G1 X99.463 Y102.249 Z2.6
G1 Z2.2
G1 E.8 F1800
;TYPE:Internal solid infill
;WIDTH:0.426286
G1 F15000
G1 X98.96 Y101.745 E.02159
G1 X98.669 Y102.249 E.01763
G1 X99.423 Y102.249 E.02287
G1 E-.728 F1800
;WIPE_START
G1 F30000
G1 X98.669 Y102.249 E-.04529
G1 X98.891 Y101.863 E-.02671
;WIPE_END
G1 X100.381 Y102.629 Z2.6
G1 Z2.2
G1 E.8 F1800
;WIDTH:0.419999
G1 F15000
G1 X98.878 Y101.125 E.06337
G1 X98.01 Y102.629 E.05174
G1 X100.341 Y102.629 E.06948
G1 E-.728 F1800
;WIPE_START
G1 F30000
G1 X99.141 Y102.629 E-.072
;WIPE_END
G1 X101.292 Y103.006 Z2.6
G1 Z2.2
G1 E.8 F1800
G1 F15000
G1 X98.797 Y100.511 E.10515
G1 X97.52 Y102.723 E.07612
G1 X97.52 Y103.006 E.00843
G1 X101.252 Y103.006 E.11122
G1 E-.728 F1800
;WIPE_START
G1 F30000
G1 X100.052 Y103.006 E-.072
;WIPE_END
G1 X102.828 Y103.05 Z2.6
G1 Z2.2
G1 E.8 F1800
;TYPE:Gap infill
;WIDTH:0.331686
G1 F15000
G1 X107.172 Y103.05 E.09913
G1 E-.728 F1800
;WIPE_START
G1 F30000
G1 X105.972 Y103.05 E-.072
;WIPE_END
G1 X109.511 Y102.25 Z2.6
G1 Z2.2
G1 E.8 F1800
;TYPE:Internal solid infill
;WIDTH:0.422805
G1 F15000
G1 X109.012 Y101.751 E.0212
G1 X108.723 Y102.25 E.01731
G1 X109.471 Y102.25 E.02245
G1 E-.728 F1800
;WIPE_START
G1 F30000
G1 X108.723 Y102.25 E-.04485
G1 X108.95 Y101.858 E-.02715
;WIPE_END
G1 X110.425 Y102.629 Z2.6
G1 Z2.2
G1 E.8 F1800
;WIDTH:0.419999
G1 F15000
G1 X108.931 Y101.135 E.06298
G1 X108.068 Y102.629 E.05142
G1 X110.385 Y102.629 E.06905
G1 E-.728 F1800
;WIPE_START
G1 F30000
G1 X109.185 Y102.629 E-.072
;WIPE_END
G1 X111.335 Y103.006 Z2.6
G1 Z2.2
G1 E.8 F1800
G1 F15000
G1 X108.85 Y100.52 E.10476
G1 X107.564 Y102.748 E.07666
G1 X107.564 Y103.006 E.00769
G1 X111.295 Y103.006 E.11122
G1 E-.728 F1800
;WIPE_START
G1 F30000
G1 X110.095 Y103.006 E-.072
;WIPE_END
G1 X111.834 Y101.905 Z2.6
G1 Z2.2
G1 E.8 F1800
G1 F15000
G1 X110.294 Y99.237 E.09185
;WIDTH:0.434253
G1 X110.226 Y99.109 E.00447
;WIDTH:0.451114
G1 X110.158 Y98.981 E.00466
G1 X110.488 Y98.426 E.02083
;WIDTH:0.419999
G1 X107.904 Y95.842 E.10891
G1 X109.564 Y98.717 E.09892
;WIDTH:0.434253
G1 X109.645 Y98.868 E.00531
;WIDTH:0.451815
G1 X109.726 Y99.019 E.00554
G1 X109.435 Y99.506 E.01834
;WIDTH:0.419999
G1 X111.806 Y101.877 E.09994
G1 E-.728 F1800
;WIPE_START
G1 F30000
G1 X110.958 Y101.029 E-.072
;WIPE_END
G1 X109.969 Y99.392 Z2.6
G1 Z2.2
G1 E.8 F1800
;WIDTH:0.477256
G1 F15000
G1 X109.915 Y99.392 E.00186
G1 X109.888 Y99.439 E.00186
G1 X109.915 Y99.486 E.00186
G1 X109.977 Y99.474 E.00215
G1 E-.78647 F1800
;WIPE_START
G1 F30000
G1 X109.915 Y99.486 E-.00376
G1 X109.888 Y99.439 E-.00326
G1 X109.915 Y99.392 E-.00326
G1 X109.969 Y99.392 E-.00326
;WIPE_END
G1 X109.973 Y98.444 Z2.6
G1 Z2.2
G1 E.8 F1800
;WIDTH:0.539706
G1 F13340.54
G1 X109.911 Y98.444 E.00244
G1 X109.88 Y98.498 E.00244
G1 X109.911 Y98.552 E.00244
G1 X109.973 Y98.552 E.00244
G1 X109.984 Y98.533 E.00087
G1 E-.78377 F1800
;WIPE_START
G1 F30000
G1 X109.973 Y98.552 E-.00133
G1 X109.911 Y98.552 E-.00373
G1 X109.88 Y98.498 E-.00373
G1 X109.911 Y98.444 E-.00373
G1 X109.973 Y98.444 E-.00373
;WIPE_END
G1 X112.578 Y102.916 Z2.6
G1 Z2.2
G1 E.8 F1800
;WIDTH:0.420005
G1 F15000
G1 X109.295 Y99.632 E.13841
G1 X109.099 Y99.97 E.01164
G1 X112.363 Y103.234 E.13758
G1 X111.79 Y103.194 F30000
;TYPE:Gap infill
;WIDTH:0.419957
G1 F15000
G1 X108.809 Y100.213 E.12564
G1 E-.728 F1800
;WIPE_START
G1 F30000
G1 X109.658 Y101.062 E-.072
;WIPE_END
G1 X112.742 Y103.1 Z2.6
G1 Z2.2
G1 E.8 F1800
;WIDTH:0.231688
G1 F15000
G1 X117.258 Y103.1 E.06739
G1 E-.728 F1800
;WIPE_START
G1 F30000
G1 X116.058 Y103.1 E-.072
;WIPE_END
G1 X121.422 Y103.006 Z2.6
G1 Z2.2
G1 E.8 F1800
;TYPE:Internal solid infill
;WIDTH:0.419999
G1 F15000
G1 X118.955 Y100.539 E.10399
G1 X117.65 Y102.798 E.07775
G1 X117.65 Y103.006 E.00619
M73 P82 R4
G1 X121.382 Y103.006 E.11122
G1 E-.728 F1800
;WIPE_START
G1 F30000
G1 X120.182 Y103.006 E-.072
;WIPE_END
G1 X120.511 Y102.629 Z2.6
G1 Z2.2
G1 E.8 F1800
G1 F15000
G1 X119.035 Y101.153 E.06221
G1 X118.183 Y102.629 E.05079
G1 X120.471 Y102.629 E.06819
G1 E-.728 F1800
;WIPE_START
G1 F30000
G1 X119.271 Y102.629 E-.072
;WIPE_END
G1 X119.606 Y102.254 Z2.6
G1 Z2.2
G1 E.8 F1800
;WIDTH:0.415842
G1 F15000
G1 X119.116 Y101.764 E.02043
G1 X118.833 Y102.254 E.01668
G1 X119.566 Y102.254 E.02161
G1 E-.728 F1800
;WIPE_START
G1 F30000
G1 X118.833 Y102.254 E-.04399
G1 X119.066 Y101.849 E-.02801
;WIPE_END
G1 X121.09 Y95.698 Z2.6
G1 Z2.2
G1 E.8 F1800
;WIDTH:0.396568
G1 F15000
G1 X121.024 Y95.737 E.00214
G1 X121.093 Y95.771 E.00214
G1 X121.147 Y96.332 F30000
;WIDTH:0.419999
G1 F15000
G1 X121.701 Y95.371 E.03305
G1 X120.186 Y95.371 E.04515
G1 X121.118 Y96.303 E.03929
G1 X121.228 Y96.946 F30000
G1 F15000
G1 X122.275 Y95.131 E.06245
G1 X122.263 Y94.994 E.0041
G1 X119.276 Y94.994 E.08904
G1 X121.199 Y96.917 E.08107
G1 E-.728 F1800
;WIPE_START
G1 F30000
G1 X120.351 Y96.069 E-.072
;WIPE_END
G1 X122.655 Y94.85 Z2.6
G1 Z2.2
G1 E.8 F1800
;TYPE:Gap infill
;WIDTH:0.13168
G1 F15000
G1 X127.345 Y94.85 E.0329
G1 X127.801 Y94.766 F30000
;TYPE:Internal solid infill
;WIDTH:0.420002
G1 F15000
G1 X130.741 Y97.706 E.12394
G1 X130.546 Y98.044 E.01164
G1 X127.689 Y95.188 E.12041
G1 X128.418 Y96.449 E.04342
G1 X130.351 Y98.382 E.08147
G1 X130.156 Y98.72 E.01164
G1 X128.683 Y97.247 E.06208
G1 E-.728 F1800
;WIPE_START
G1 F30000
G1 X129.531 Y98.096 E-.072
;WIPE_END
G1 X129.928 Y99.025 Z2.6
G1 Z2.2
G1 E.8 F1800
;TYPE:Gap infill
;WIDTH:0.402655
G1 F15000
G1 X129.901 Y98.974 E.00164
;WIDTH:0.368052
G1 X129.874 Y98.923 E.00148
;WIDTH:0.328869
G1 X129.77 Y98.787 E.00387
;WIDTH:0.285106
G1 X129.665 Y98.651 E.00328
;WIDTH:0.241342
G1 X129.561 Y98.515 E.00269
;WIDTH:0.197579
G1 X129.457 Y98.379 E.0021
;WIDTH:0.153815
G1 X129.352 Y98.243 E.0015
;WIDTH:0.131933
G1 X129.248 Y98.107 E.00121
G1 E-.78972 F1800
;WIPE_START
G1 F30000
G1 X129.352 Y98.243 E-.01028
;WIPE_END
G1 X130.633 Y96.259 Z2.6
G1 Z2.2
G1 E.8 F1800
;TYPE:Internal solid infill
;WIDTH:0.428234
G1 F15000
G1 X130.925 Y95.752 E.01781
G1 X130.127 Y95.752 E.02433
G1 X130.605 Y96.231 E.02059
G1 X130.715 Y96.88 F30000
;WIDTH:0.419999
G1 F15000
G1 X131.586 Y95.371 E.05192
G1 X129.206 Y95.371 E.07092
G1 X130.687 Y96.851 E.06239
G1 X130.796 Y97.494 F30000
G1 F15000
G1 X132.239 Y94.994 E.08603
G1 X128.296 Y94.994 E.11752
G1 X130.767 Y97.466 E.10417
G1 E-.728 F1800
;WIPE_START
G1 F30000
G1 X129.919 Y96.617 E-.072
;WIPE_END
G1 X122.296 Y96.235 Z2.6
G1 X97.128 Y94.975 Z2.6
G1 Z2.2
G1 E.8 F1800
;TYPE:Gap infill
;WIDTH:0.38168
G1 F15000
G1 X92.872 Y94.975 E.11397
G1 E-.728 F1800
;WIPE_START
G1 F30000
G1 X94.072 Y94.975 E-.072
;WIPE_END
G1 X91.542 Y96.901 Z2.6
G1 Z2.2
G1 E.8 F1800
;TYPE:Internal solid infill
;WIDTH:0.419999
G1 F15000
G1 X92.48 Y95.277 E.05587
G1 X92.48 Y94.994 E.00843
G1 X89.636 Y94.994 E.08476
G1 X91.514 Y96.872 E.07916
G1 X91.462 Y96.286 F30000
G1 F15000
G1 X91.99 Y95.371 E.0315
G1 X90.546 Y95.371 E.04302
G1 X91.433 Y96.258 E.03738
G1 X91.407 Y95.685 F30000
;WIDTH:0.362134
G1 F15000
G1 X91.347 Y95.719 E.00174
G1 X91.407 Y95.754 E.00174
G1 E-.79171 F1800
;WIPE_START
G1 F30000
G1 X91.347 Y95.719 E-.00414
G1 X91.407 Y95.685 E-.00415
;WIPE_END
G1 X89.141 Y94.766 Z2.6
G1 Z2.2
G1 E.8 F1800
;WIDTH:0.42
G1 F15000
G1 X91.488 Y97.113 E.09893
G1 X91.293 Y97.451 E.01164
G1 X88.777 Y94.935 E.10603
G1 X88.244 Y94.935 E.01589
G1 X91.097 Y97.789 E.12028
G1 X90.902 Y98.127 E.01164
G1 X87.711 Y94.935 E.13453
G1 X87.418 Y94.935 E.00872
G1 X87.418 Y95.176 E.00718
G1 X90.707 Y98.465 E.13863
G1 X90.512 Y98.803 E.01164
G1 X87.953 Y96.244 E.10785
G1 X88.682 Y97.506 E.04342
G1 X90.702 Y99.527 E.08517
G1 X91.431 Y100.788 E.04342
G1 X89.41 Y98.768 E.08517
G1 X89.544 Y99 E.00799
G1 X89.385 Y99.276 E.00949
G1 X92.159 Y102.05 E.11694
G1 X92.539 Y102.707 E.02261
G1 X92.539 Y102.963 E.00762
G1 X89.19 Y99.614 E.14116
G1 X88.994 Y99.952 E.01164
G1 X92.277 Y103.234 E.13835
G1 X91.704 Y103.194 F30000
;TYPE:Gap infill
;WIDTH:0.419958
G1 F15000
G1 X88.704 Y100.195 E.12641
G1 E-.728 F1800
;WIPE_START
G1 F30000
G1 X89.553 Y101.044 E-.072
;WIPE_END
G1 X89.416 Y102.247 Z2.6
G1 Z2.2
G1 E.8 F1800
;TYPE:Internal solid infill
;WIDTH:0.429767
G1 F15000
G1 X88.908 Y101.738 E.02199
G1 X88.614 Y102.247 E.01795
G1 X89.376 Y102.247 E.0233
G1 E-.728 F1800
;WIPE_START
G1 F30000
G1 X88.614 Y102.247 E-.04572
G1 X88.833 Y101.867 E-.02628
;WIPE_END
G1 X90.338 Y102.629 Z2.6
G1 Z2.2
G1 E.8 F1800
;WIDTH:0.419999
G1 F15000
G1 X88.826 Y101.116 E.06375
G1 X87.952 Y102.629 E.05205
G1 X90.298 Y102.629 E.06991
G1 E-.728 F1800
;WIPE_START
G1 F30000
G1 X89.098 Y102.629 E-.072
;WIPE_END
G1 X91.248 Y103.006 Z2.6
G1 Z2.2
G1 E.8 F1800
G1 F15000
G1 X88.745 Y100.502 E.10553
G1 X87.477 Y102.698 E.07557
G1 X87.477 Y103.006 E.00918
G1 X91.208 Y103.006 E.11122
G1 E-.728 F1800
;WIPE_START
G1 F30000
G1 X90.008 Y103.006 E-.072
;WIPE_END
G1 X92.872 Y103.025 Z2.6
G1 Z2.2
G1 E.8 F1800
;TYPE:Gap infill
;WIDTH:0.38168
G1 F15000
G1 X97.128 Y103.025 E.11397
G1 E-.728 F1800
;WIPE_START
G1 F30000
G1 X95.928 Y103.025 E-.072
;WIPE_END
G1 X88.296 Y103.003 Z2.6
G1 X87.085 Y103 Z2.6
G1 Z2.2
G1 E.8 F1800
;WIDTH:0.431684
G1 F15000
G1 X82.915 Y103 E.12814
G1 X82.523 Y103.006 F30000
;TYPE:Internal solid infill
;WIDTH:0.419999
G1 F15000
G1 X82.49 Y102.642 E.0109
G1 X80.994 Y100.05 E.0892
G1 X80.994 Y103.006 E.0881
G1 X82.483 Y103.006 E.04438
G1 X81.996 Y102.599 F30000
;WIDTH:0.479026
G1 F15000
G1 X81.401 Y101.567 E.04107
G1 X81.401 Y102.599 E.03557
G1 X81.956 Y102.599 E.01916
G1 E-.728 F1800
;WIPE_START
G1 F30000
G1 X81.401 Y102.599 E-.03334
G1 X81.401 Y101.955 E-.03866
;WIPE_END
G1 X80.994 Y97.95 Z2.6
G1 Z2.2
G1 E.8 F1800
;WIDTH:0.419999
G1 F15000
G1 X82.523 Y95.302 E.09113
G1 X82.523 Y94.994 E.00918
G1 X80.994 Y94.994 E.04557
G1 X80.994 Y97.91 E.08691
G1 E-.728 F1800
;WIPE_START
G1 F30000
G1 X80.994 Y96.71 E-.072
;WIPE_END
G1 X81.401 Y96.433 Z2.6
G1 Z2.2
G1 E.8 F1800
;WIDTH:0.479025
G1 F15000
G1 X81.996 Y95.401 E.04107
G1 X81.401 Y95.401 E.02054
G1 X81.401 Y96.393 E.03419
G1 E-.728 F1800
;WIPE_START
G1 F30000
G1 X81.401 Y95.401 E-.05951
G1 X81.609 Y95.401 E-.01249
;WIPE_END
G1 X82.915 Y95 Z2.6
G1 Z2.2
G1 E.8 F1800
;TYPE:Gap infill
;WIDTH:0.431684
G1 F15000
G1 X87.085 Y95 E.12814
G1 E-.728 F1800
;WIPE_START
G1 F30000
G1 X85.885 Y95 E-.072
;WIPE_END
G1 X92.579 Y98.666 Z2.6
G1 X164.63 Y138.13 Z2.6
G1 Z2.2
G1 E.8 F1800
SET_VELOCITY_LIMIT ACCEL=2000
;TYPE:Outer wall
;WIDTH:0.42
G1 F7200
G1 X167.37 Y138.13 E.08167
G1 X167.37 Y140.87 E.08167
G1 X164.63 Y140.87 E.08167
G1 X164.63 Y138.17 E.08047
G1 X164.21 Y137.71 F30000
G1 F7200
G1 X167.79 Y137.71 E.1067
G1 X167.79 Y141.29 E.1067
G1 X164.21 Y141.29 E.1067
G1 X164.21 Y137.75 E.10551
G1 E-1.092 F1800
;WIPE_START
G1 F30000
G1 X165.41 Y137.737 E-.108
;WIPE_END
G1 X164.997 Y145.358 Z2.6
G1 X164.63 Y152.13 Z2.6
G1 Z2.2
G1 E1.2 F1800 ; CC2_CARD retract 1.2
G1 F7200
G1 X167.37 Y152.13 E.08167
G1 X167.37 Y154.87 E.08167
G1 X164.63 Y154.87 E.08167
G1 X164.63 Y152.17 E.08047
G1 X164.21 Y151.71 F30000
G1 F7200
G1 X167.79 Y151.71 E.1067
G1 X167.79 Y155.29 E.1067
G1 X164.21 Y155.29 E.1067
G1 X164.21 Y151.75 E.10551
G1 E-1.092 F1800
;WIPE_START
G1 F30000
G1 X165.41 Y151.737 E-.108
;WIPE_END
G1 X157.779 Y151.888 Z2.6
G1 X145.63 Y152.13 Z2.6
G1 Z2.2
G1 E1.2 F1800 ; CC2_CARD retract 1.2
G1 F7200
G1 X148.37 Y152.13 E.08167
G1 X148.37 Y154.87 E.08167
G1 X145.63 Y154.87 E.08167
G1 X145.63 Y152.17 E.08047
G1 E-.91 F1800
;WIPE_START
G1 F30000
G1 X146.83 Y152.152 E-.09
;WIPE_END
G1 X148.79 Y151.71 Z2.6
G1 Z2.2
G1 E1 F1800 ; CC2_CARD retract 1.0
G1 F7200
G1 X148.79 Y155.29 E.1067
G1 X145.21 Y155.29 E.1067
G1 X145.21 Y151.71 E.1067
G1 X148.75 Y151.71 E.10551
G1 E-.91 F1800
;WIPE_START
G1 F30000
G1 X148.763 Y152.91 E-.09
;WIPE_END
G1 X147.18 Y145.443 Z2.6
G1 X145.63 Y138.13 Z2.6
G1 Z2.2
G1 E1 F1800 ; CC2_CARD retract 1.0
G1 F7200
G1 X148.37 Y138.13 E.08167
G1 X148.37 Y140.87 E.08167
G1 X145.63 Y140.87 E.08167
G1 X145.63 Y138.17 E.08047
G1 X145.21 Y137.71 F30000
G1 F7200
G1 X148.79 Y137.71 E.1067
G1 X148.79 Y141.29 E.1067
G1 X145.21 Y141.29 E.1067
G1 X145.21 Y137.75 E.10551
G1 E-.91 F1800
;WIPE_START
G1 F30000
G1 X146.41 Y137.737 E-.09
;WIPE_END
G1 X138.78 Y137.913 Z2.6
G1 X129.37 Y138.13 Z2.6
G1 Z2.2
G1 E1 F1800 ; CC2_CARD retract 1.0
G1 F7200
G1 X129.37 Y140.87 E.08167
G1 X126.63 Y140.87 E.08167
G1 X126.63 Y138.13 E.08167
G1 X129.33 Y138.13 E.08047
G1 X129.79 Y137.71 F30000
G1 F7200
G1 X129.79 Y141.29 E.1067
G1 X126.21 Y141.29 E.1067
G1 X126.21 Y137.71 E.1067
G1 X129.75 Y137.71 E.10551
G1 E-.728 F1800
;WIPE_START
G1 F30000
G1 X129.763 Y138.91 E-.072
;WIPE_END
G1 X128.003 Y146.337 Z2.6
G1 X126.63 Y152.13 Z2.6
G1 Z2.2
G1 E.8 F1800 ; CC2_CARD retract 0.8
G1 F7200
G1 X129.37 Y152.13 E.08167
G1 X129.37 Y154.87 E.08167
G1 X126.63 Y154.87 E.08167
G1 X126.63 Y152.17 E.08047
G1 X126.21 Y151.71 F30000
G1 F7200
G1 X129.79 Y151.71 E.1067
G1 X129.79 Y155.29 E.1067
G1 X126.21 Y155.29 E.1067
G1 X126.21 Y151.75 E.10551
G1 E-.728 F1800
;WIPE_START
G1 F30000
G1 X127.41 Y151.737 E-.072
;WIPE_END
G1 X121.122 Y147.411 Z2.6
G1 X107.63 Y138.13 Z2.6
G1 Z2.2
G1 E.8 F1800 ; CC2_CARD retract 0.8
G1 F7200
G1 X110.37 Y138.13 E.08167
G1 X110.37 Y140.87 E.08167
G1 X107.63 Y140.87 E.08167
G1 X107.63 Y138.17 E.08047
G1 X107.21 Y137.71 F30000
G1 F7200
G1 X110.79 Y137.71 E.1067
G1 X110.79 Y141.29 E.1067
G1 X107.21 Y141.29 E.1067
G1 X107.21 Y137.75 E.10551
G1 E-.546 F1800
;WIPE_START
G1 F30000
G1 X108.41 Y137.737 E-.054
;WIPE_END
G1 X107.997 Y145.358 Z2.6
G1 X107.63 Y152.13 Z2.6
G1 Z2.2
G1 E.6 F1800 ; CC2_CARD retract 0.6
G1 F7200
G1 X110.37 Y152.13 E.08167
G1 X110.37 Y154.87 E.08167
G1 X107.63 Y154.87 E.08167
G1 X107.63 Y152.17 E.08047
G1 E-.546 F1800
;WIPE_START
G1 F30000
G1 X108.83 Y152.152 E-.054
;WIPE_END
G1 X110.79 Y151.71 Z2.6
G1 Z2.2
G1 E.6 F1800 ; CC2_CARD retract 0.6
G1 F7200
G1 X110.79 Y155.29 E.1067
G1 X107.21 Y155.29 E.1067
M73 P83 R4
G1 X107.21 Y151.71 E.1067
G1 X110.75 Y151.71 E.10551
G1 E-.546 F1800
;WIPE_START
G1 F30000
G1 X110.763 Y152.91 E-.054
;WIPE_END
G1 X104.55 Y157.343 Z2.6
G1 X101.384 Y159.602 Z2.6
G1 Z2.2
G1 E.6 F1800 ; CC2_CARD retract 0.6
SET_VELOCITY_LIMIT ACCEL=3000
;TYPE:Inner wall
;WIDTH:0.45
G1 F12000
G1 X101.73 Y160.201 E.02225
G1 X102.769 Y162 E.06684
G1 X101.384 Y164.398 E.08909
G1 X98.616 Y164.398 E.08909
G1 X97.231 Y162 E.08909
G1 X98.616 Y159.602 E.08909
G1 X101.344 Y159.602 E.08781
SET_VELOCITY_LIMIT ACCEL=2000
G1 X101.611 Y159.21 F30000
;TYPE:Outer wall
;WIDTH:0.42
G1 F7200
G1 X102.07 Y160.005 E.02736
G1 X103.222 Y162 E.06866
G1 X101.611 Y164.79 E.09602
G1 X98.389 Y164.79 E.09602
G1 X96.778 Y162 E.09602
G1 X98.389 Y159.21 E.09602
G1 X101.571 Y159.21 E.09483
G1 E-.728 F1800
;WIPE_START
G1 F30000
G1 X102.07 Y160.005 E-.05632
G1 X102.2 Y160.231 E-.01568
;WIPE_END
G1 X101.099 Y164.05 Z2.6
G1 Z2.2
G1 E.8 F1800
SET_VELOCITY_LIMIT ACCEL=3000
;TYPE:Sparse infill
;WIDTH:0.45
G1 F12000
G1 X99.47 Y164.05 E.05239
G1 X100.569 Y159.95 E.13656
G1 X101.183 Y159.95 E.01977
G1 X101.499 Y160.498 E.02034
G1 X97.952 Y161.448 E.11818
G1 X97.633 Y162 E.0205
G1 X98.129 Y162.858 E.0319
G1 E-.728 F1800
;WIPE_START
G1 F30000
G1 X97.633 Y162 E-.05948
G1 X97.738 Y161.819 E-.01252
;WIPE_END
G1 X92.51 Y156.258 Z2.6
G1 X88.63 Y152.13 Z2.6
G1 Z2.2
G1 E.8 F1800
SET_VELOCITY_LIMIT ACCEL=2000
;TYPE:Outer wall
;WIDTH:0.42
G1 F7200
G1 X91.37 Y152.13 E.08167
G1 X91.37 Y154.87 E.08167
G1 X88.63 Y154.87 E.08167
G1 X88.63 Y152.17 E.08047
G1 X88.21 Y151.71 F30000
G1 F7200
G1 X91.79 Y151.71 E.1067
G1 X91.79 Y155.29 E.1067
G1 X88.21 Y155.29 E.1067
G1 X88.21 Y151.75 E.10551
G1 E-.364 F1800
;WIPE_START
G1 F30000
G1 X89.41 Y151.737 E-.036
;WIPE_END
G1 X90.498 Y144.182 Z2.6
G1 X91.37 Y138.13 Z2.6
G1 Z2.2
G1 E.4 F1800 ; CC2_CARD retract 0.4
G1 F7200
G1 X91.37 Y140.87 E.08167
G1 X88.63 Y140.87 E.08167
G1 X88.63 Y138.13 E.08167
G1 X91.33 Y138.13 E.08047
G1 X91.79 Y137.71 F30000
G1 F7200
G1 X91.79 Y141.29 E.1067
G1 X88.21 Y141.29 E.1067
G1 X88.21 Y137.71 E.1067
G1 X91.75 Y137.71 E.10551
;LAYER_CHANGE
;Z:2.4
;HEIGHT:0.2
;BEFORE_LAYER_CHANGE
;2.4
G92 E0

G1 E-.364 F1800
;WIPE_START
G1 F30000
G1 X91.763 Y138.91 E-.036
;WIPE_END
M73 L12
;LAYER:12
SET_PRINT_STATS_INFO TOTAL_LAYER=35 CURRENT_LAYER=12
;_SET_FAN_SPEED_CHANGING_LAYER

G1 X92.6908 Y138.405 Z2.45714
G1 X93.664 Y138.815 Z2.51429
G1 X93.9501 Y139.831 Z2.57143
G1 X93.3337 Y140.689 Z2.62857
G1 X92.279 Y140.742 Z2.68571
G1 X91.5801 Y139.95 Z2.74286
G1 X91.7634 Y138.91 Z2.8
G1 X122.973 Y95.49 Z2.8
G1 Z2.4
G1 E.4 F1800 ; CC2_CARD retract 0.4
G1 F7200
G1 X120.947 Y99 E.1208
G1 X122.833 Y102.268 E.11246
G1 X122.973 Y102.51 E.00835
G1 X127.027 Y102.51 E.1208
G1 X129.053 Y99 E.1208
G1 X127.167 Y95.732 E.11246
G1 X127.027 Y95.49 E.00835
G1 X123.013 Y95.49 E.11961
G1 E-.728 F1800
;WIPE_START
G1 F30000
G1 X122.405 Y96.524 E-.072
;WIPE_END
G1 X117.226 Y102.131 Z2.8
G1 X116.969 Y102.41 Z2.8
G1 Z2.4
G1 E.8 F1800
G1 F7200
G1 X118.938 Y99 E.11736
G1 X116.969 Y95.59 E.11736
G1 X113.031 Y95.59 E.11736
G1 X111.062 Y99 E.11736
G1 X113.031 Y102.41 E.11736
G1 X116.929 Y102.41 E.11617
G1 E-.728 F1800
;WIPE_START
G1 F30000
G1 X117.538 Y101.376 E-.072
;WIPE_END
G1 X109.921 Y101.868 Z2.8
G1 X103.089 Y102.31 Z2.8
G1 Z2.4
G1 E.8 F1800
G1 F7200
G1 X106.911 Y102.31 E.11392
G1 X108.822 Y99 E.11392
G1 X107.046 Y95.924 E.10586
G1 X106.911 Y95.69 E.00806
G1 X103.089 Y95.69 E.11392
G1 X101.178 Y99 E.11392
G1 X102.954 Y102.076 E.10586
G1 X103.069 Y102.275 E.00687
G1 E-.728 F1800
;WIPE_START
G1 F30000
G1 X104.269 Y102.286 E-.072
;WIPE_END
G1 X96.882 Y102.26 Z2.8
G1 Z2.4
G1 E.8 F1800
G1 F7200
G1 X98.764 Y99 E.1122
G1 X96.882 Y95.74 E.1122
G1 X93.118 Y95.74 E.1122
G1 X91.236 Y99 E.1122
G1 X93.118 Y102.26 E.1122
G1 X96.842 Y102.26 E.111
G1 E-.728 F1800
;WIPE_START
G1 F30000
G1 X97.452 Y101.226 E-.072
;WIPE_END
G1 X89.852 Y101.932 Z2.8
G1 X86.853 Y102.21 Z2.8
G1 Z2.4
G1 E.8 F1800
G1 F7200
G1 X88.707 Y99 E.11048
G1 X86.853 Y95.79 E.11048
G1 X83.147 Y95.79 E.11048
G1 X81.293 Y99 E.11048
G1 X83.147 Y102.21 E.11048
G1 X86.813 Y102.21 E.10928
G1 E-.728 F1800
;WIPE_START
G1 F30000
G1 X87.423 Y101.176 E-.072
;WIPE_END
G1 X95.052 Y101.397 Z2.8
G1 X137.084 Y102.61 Z2.8
G1 Z2.4
G1 E.8 F1800
G1 F7200
G1 X139.168 Y99 E.12424
G1 X137.084 Y95.39 E.12424
G1 X132.916 Y95.39 E.12424
G1 X130.832 Y99 E.12424
G1 X132.773 Y102.363 E.11575
G1 X132.916 Y102.61 E.00849
G1 X137.044 Y102.61 E.12305
G1 E-.728 F1800
;WIPE_START
G1 F30000
G1 X137.653 Y101.576 E-.072
;WIPE_END
G1 X139.78 Y94.246 Z2.8
G1 X139.79 Y94.21 Z2.8
G1 Z2.4
G1 E.8 F1800
G1 F7200
G1 X139.79 Y103.79 E.28554
G1 X80.21 Y103.79 E1.77581
G1 X80.21 Y94.21 E.28554
G1 X139.75 Y94.21 E1.77461
G1 E-.728 F1800
;WIPE_START
G1 F30000
G1 X139.755 Y95.41 E-.072
;WIPE_END
G1 X138.905 Y102.995 Z2.8
G1 X138.837 Y103.601 Z2.8
G1 Z2.4
G1 E.8 F1800
SET_VELOCITY_LIMIT ACCEL=1500
;TYPE:Top surface
;WIDTH:0.421229
G1 F12000
G1 X139.432 Y103.006 E.02744
G1 X139.432 Y102.471 E.01744
G1 X138.471 Y103.432 E.04427
G1 X137.936 Y103.432 E.01744
G1 X139.432 Y101.936 E.06894
G1 X139.432 Y101.401 E.01744
G1 X137.401 Y103.432 E.0936
G1 X136.866 Y103.432 E.01744
G1 X139.432 Y100.866 E.11826
G1 X139.432 Y100.331 E.01744
G1 X137.969 Y101.794 E.06743
G1 X137.291 Y102.968 E.04419
G1 X136.795 Y102.968 E.01618
G1 X136.162 Y103.601 E.02919
G1 E-.728 F1800
;WIPE_START
G1 F30000
G1 X136.795 Y102.968 E-.05373
G1 X137.099 Y102.968 E-.01827
;WIPE_END
G1 X136.429 Y102.799 Z2.8
G1 Z2.4
G1 E.8 F1800
G1 F12000
G1 X135.796 Y103.432 E.02919
G1 X135.261 Y103.432 E.01744
G1 X135.725 Y102.968 E.02137
G1 X135.19 Y102.968 E.01744
G1 X134.726 Y103.432 E.02137
G1 X134.191 Y103.432 E.01744
G1 X134.655 Y102.968 E.02137
G1 X134.12 Y102.968 E.01744
G1 X133.656 Y103.432 E.02137
G1 X133.121 Y103.432 E.01744
G1 X133.585 Y102.968 E.02137
G1 X133.05 Y102.968 E.01744
G1 X132.586 Y103.432 E.02137
G1 X132.051 Y103.432 E.01744
G1 X132.638 Y102.845 E.02704
G1 X132.442 Y102.506 E.01277
G1 X131.516 Y103.432 E.04268
G1 X130.981 Y103.432 E.01744
G1 X132.246 Y102.167 E.05831
G1 X132.05 Y101.828 E.01277
G1 X130.446 Y103.432 E.07395
G1 X129.911 Y103.432 E.01744
G1 X131.855 Y101.488 E.08958
G1 X131.659 Y101.149 E.01277
G1 X129.376 Y103.432 E.10522
G1 X128.841 Y103.432 E.01744
G1 X131.463 Y100.81 E.12085
G1 X131.267 Y100.471 E.01277
G1 X128.306 Y103.432 E.13649
G1 X127.771 Y103.432 E.01744
G1 X131.071 Y100.132 E.15212
G1 X130.875 Y99.792 E.01277
G1 X127.236 Y103.432 E.16775
G1 X126.701 Y103.432 E.01744
G1 X130.68 Y99.453 E.18339
G1 X130.484 Y99.114 E.01277
G1 X127.921 Y101.676 E.11811
G1 X127.233 Y102.868 E.04486
G1 X126.73 Y102.868 E.01642
G1 X126.166 Y103.432 E.02598
G1 X125.631 Y103.432 E.01744
G1 X126.195 Y102.868 E.02598
G1 X125.66 Y102.868 E.01744
G1 X125.096 Y103.432 E.02598
G1 X124.561 Y103.432 E.01744
G1 X125.125 Y102.868 E.02598
G1 X124.59 Y102.868 E.01744
G1 X124.026 Y103.432 E.02598
G1 X123.491 Y103.432 E.01744
G1 X124.055 Y102.868 E.02598
G1 X123.52 Y102.868 E.01744
G1 X122.956 Y103.432 E.02598
G1 X122.421 Y103.432 E.01744
G1 X122.985 Y102.868 E.02598
G1 X122.767 Y102.868 E.0071
G1 X122.651 Y102.667 E.00757
G1 X121.886 Y103.432 E.03525
G1 X121.351 Y103.432 E.01744
G1 X122.455 Y102.328 E.05088
G1 X122.259 Y101.989 E.01277
G1 X120.816 Y103.432 E.06651
G1 X120.281 Y103.432 E.01744
G1 X122.063 Y101.65 E.08215
G1 X121.867 Y101.31 E.01277
G1 X119.746 Y103.432 E.09778
G1 X119.211 Y103.432 E.01744
G1 X121.671 Y100.971 E.11342
G1 X121.476 Y100.632 E.01277
G1 X118.676 Y103.432 E.12905
G1 X118.141 Y103.432 E.01744
G1 X121.28 Y100.293 E.14469
G1 X121.084 Y99.954 E.01277
G1 X117.606 Y103.432 E.16032
G1 X117.071 Y103.432 E.01744
G1 X120.888 Y99.615 E.17596
G1 X120.692 Y99.275 E.01277
G1 X116.536 Y103.432 E.19159
G1 X116.001 Y103.432 E.01744
G1 X116.664 Y102.768 E.03059
G1 X117.176 Y102.768 E.01666
G1 X117.874 Y101.559 E.04552
G1 X120.671 Y98.762 E.12893
G1 X121.402 Y97.496 E.04764
G1 X118.141 Y100.756 E.1503
G1 E-.728 F1800
;WIPE_START
G1 F30000
G1 X118.99 Y99.908 E-.072
;WIPE_END
G1 X116.299 Y102.599 Z2.8
G1 Z2.4
G1 E.8 F1800
G1 F12000
G1 X115.466 Y103.432 E.03841
G1 X114.931 Y103.432 E.01744
G1 X115.594 Y102.768 E.03059
G1 X115.059 Y102.768 E.01744
G1 X114.396 Y103.432 E.03059
G1 X113.861 Y103.432 E.01744
G1 X114.524 Y102.768 E.03059
G1 X113.989 Y102.768 E.01744
G1 X113.326 Y103.432 E.03059
M73 P84 R4
G1 X112.791 Y103.432 E.01744
G1 X113.454 Y102.768 E.03059
G1 X112.919 Y102.768 E.01744
G1 X112.256 Y103.432 E.03059
G1 X111.721 Y103.432 E.01744
G1 X112.663 Y102.489 E.04345
G1 X112.468 Y102.15 E.01277
G1 X111.186 Y103.432 E.05908
G1 X110.651 Y103.432 E.01744
G1 X112.272 Y101.811 E.07472
G1 X112.076 Y101.472 E.01277
G1 X110.116 Y103.432 E.09035
G1 X109.581 Y103.432 E.01744
G1 X111.88 Y101.132 E.10598
G1 X111.684 Y100.793 E.01277
G1 X109.046 Y103.432 E.12162
G1 X108.511 Y103.432 E.01744
G1 X111.488 Y100.454 E.13725
G1 X111.293 Y100.115 E.01277
G1 X107.976 Y103.432 E.15289
G1 X107.441 Y103.432 E.01744
G1 X111.097 Y99.776 E.16852
G1 X110.901 Y99.437 E.01277
G1 X106.906 Y103.432 E.18416
G1 X106.371 Y103.432 E.01744
G1 X110.705 Y99.097 E.19979
G1 X110.649 Y99 E.00367
G1 X111.17 Y98.098 E.03396
G1 X107.826 Y101.441 E.15412
G1 X107.118 Y102.668 E.04618
G1 X106.599 Y102.668 E.0169
G1 X105.836 Y103.432 E.0352
G1 X105.301 Y103.432 E.01744
G1 X106.064 Y102.668 E.0352
G1 X105.529 Y102.668 E.01744
G1 X104.766 Y103.432 E.0352
G1 X104.231 Y103.432 E.01744
G1 X104.994 Y102.668 E.0352
G1 X104.459 Y102.668 E.01744
G1 X103.696 Y103.432 E.0352
G1 X103.161 Y103.432 E.01744
G1 X103.924 Y102.668 E.0352
G1 X103.389 Y102.668 E.01744
G1 X102.626 Y103.432 E.0352
G1 X102.091 Y103.432 E.01744
G1 X102.872 Y102.65 E.03601
G1 X102.676 Y102.311 E.01277
G1 X101.556 Y103.432 E.05165
G1 X101.021 Y103.432 E.01744
G1 X102.48 Y101.972 E.06728
G1 X102.284 Y101.633 E.01277
G1 X100.486 Y103.432 E.08292
G1 X99.951 Y103.432 E.01744
G1 X102.089 Y101.294 E.09855
G1 X101.893 Y100.955 E.01277
G1 X99.416 Y103.432 E.11419
G1 X98.881 Y103.432 E.01744
G1 X101.697 Y100.615 E.12982
G1 X101.501 Y100.276 E.01277
G1 X98.346 Y103.432 E.14546
G1 X97.811 Y103.432 E.01744
G1 X101.305 Y99.937 E.16109
G1 X101.109 Y99.598 E.01277
G1 X97.276 Y103.432 E.17672
G1 X96.74 Y103.432 E.01744
G1 X100.914 Y99.259 E.19236
G1 X100.764 Y99 E.00973
G1 X100.938 Y98.699 E.01131
G1 X96.036 Y103.601 E.22596
G1 E-.728 F1800
;WIPE_START
G1 F30000
G1 X96.884 Y102.753 E-.072
;WIPE_END
G1 X96.654 Y102.449 Z2.8
G1 Z2.4
G1 E.8 F1800
G1 F12000
G1 X95.67 Y103.432 E.04532
G1 X95.135 Y103.432 E.01744
G1 X95.949 Y102.618 E.0375
G1 X95.414 Y102.618 E.01744
G1 X94.6 Y103.432 E.0375
G1 X94.065 Y103.432 E.01744
G1 X94.879 Y102.618 E.0375
G1 X94.344 Y102.618 E.01744
G1 X93.53 Y103.432 E.0375
G1 X92.995 Y103.432 E.01744
G1 X93.809 Y102.618 E.0375
G1 X93.274 Y102.618 E.01744
G1 X92.46 Y103.432 E.0375
G1 X91.925 Y103.432 E.01744
G1 X92.848 Y102.509 E.04253
G1 X92.652 Y102.17 E.01277
G1 X91.39 Y103.432 E.05816
G1 X90.855 Y103.432 E.01744
G1 X92.456 Y101.831 E.0738
G1 X92.261 Y101.492 E.01277
G1 X90.32 Y103.432 E.08943
G1 X89.785 Y103.432 E.01744
G1 X92.065 Y101.152 E.10507
G1 X91.869 Y100.813 E.01277
G1 X89.25 Y103.432 E.1207
G1 X88.715 Y103.432 E.01744
G1 X91.673 Y100.474 E.13634
G1 X91.477 Y100.135 E.01277
G1 X88.18 Y103.432 E.15197
G1 X87.645 Y103.432 E.01744
G1 X91.281 Y99.796 E.1676
G1 X91.086 Y99.457 E.01277
G1 X87.11 Y103.432 E.18324
G1 X86.575 Y103.432 E.01744
G1 X90.89 Y99.117 E.19887
G1 X90.822 Y99 E.00442
G1 X91.3 Y98.172 E.03116
G1 X86.04 Y103.432 E.24245
G1 X85.505 Y103.432 E.01744
G1 X86.369 Y102.568 E.03981
G1 X85.834 Y102.568 E.01744
G1 X84.97 Y103.432 E.03981
G1 X84.435 Y103.432 E.01744
G1 X85.299 Y102.568 E.03981
G1 X84.764 Y102.568 E.01744
G1 X83.9 Y103.432 E.0398
G1 X83.365 Y103.432 E.01744
G1 X84.229 Y102.568 E.0398
G1 X83.694 Y102.568 E.01744
G1 X82.83 Y103.432 E.0398
G1 X82.295 Y103.432 E.01744
G1 X83.159 Y102.568 E.03981
G1 X82.94 Y102.568 E.00713
G1 X82.824 Y102.368 E.00754
G1 X81.76 Y103.432 E.04904
G1 X81.225 Y103.432 E.01744
G1 X82.628 Y102.029 E.06468
G1 X82.433 Y101.689 E.01277
G1 X80.69 Y103.432 E.08031
G1 X80.568 Y103.432 E.00398
G1 X80.568 Y103.019 E.01346
G1 X82.237 Y101.35 E.07691
G1 X82.041 Y101.011 E.01277
G1 X80.568 Y102.484 E.06788
G1 X80.568 Y101.949 E.01744
G1 X81.845 Y100.672 E.05885
G1 X81.649 Y100.333 E.01277
G1 X80.568 Y101.414 E.04983
G1 X80.568 Y100.879 E.01744
G1 X81.453 Y99.994 E.0408
G1 X81.258 Y99.654 E.01277
G1 X80.568 Y100.344 E.03177
G1 X80.568 Y99.809 E.01744
G1 X81.062 Y99.315 E.02275
G1 X80.88 Y99 E.01186
G1 X80.931 Y98.91 E.00337
G1 X80.568 Y99.274 E.01674
G1 X80.568 Y98.739 E.01744
G1 X82.126 Y97.181 E.0718
G1 E-.728 F1800
;WIPE_START
G1 F30000
G1 X81.277 Y98.029 E-.072
;WIPE_END
G1 X87.541 Y101.396 Z2.8
G1 Z2.4
G1 E.8 F1800
G1 F12000
G1 X92.495 Y96.443 E.22834
G1 E-.728 F1800
;WIPE_START
G1 F30000
G1 X91.646 Y97.291 E-.072
;WIPE_END
G1 X97.452 Y101.65 Z2.8
G1 Z2.4
G1 E.8 F1800
G1 F12000
G1 X102.132 Y96.97 E.21574
G1 E-.728 F1800
;WIPE_START
G1 F30000
G1 X101.284 Y97.819 E-.072
;WIPE_END
G1 X108.094 Y100.639 Z2.8
G1 Z2.4
G1 E.8 F1800
G1 F12000
G1 X112.364 Y96.368 E.19686
G1 E-.728 F1800
;WIPE_START
G1 F30000
G1 X111.516 Y97.217 E-.072
;WIPE_END
G1 X119.146 Y97.401 Z2.8
G1 X131.367 Y97.696 Z2.8
G1 Z2.4
G1 E.8 F1800
G1 F12000
G1 X128.652 Y100.411 E.12511
G1 X129.383 Y99.145 E.04764
G1 X132.097 Y96.43 E.12511
G1 E-.728 F1800
;WIPE_START
G1 F30000
G1 X131.249 Y97.279 E-.072
;WIPE_END
G1 X137.989 Y100.86 Z2.8
G1 X138.236 Y100.992 Z2.8
G1 Z2.4
G1 E.8 F1800
G1 F12000
G1 X139.601 Y99.627 E.06293
G1 E-.728 F1800
;WIPE_START
G1 F30000
G1 X138.753 Y100.475 E-.072
;WIPE_END
G1 X139.107 Y98.516 Z2.8
G1 Z2.4
G1 E.8 F1800
G1 F12000
G1 X139.432 Y98.191 E.01498
G1 X139.432 Y97.656 E.01744
G1 X139.035 Y98.053 E.01828
G1 X138.839 Y97.714 E.01277
G1 X139.432 Y97.121 E.02731
G1 X139.432 Y96.586 E.01744
G1 X138.644 Y97.374 E.03633
G1 X138.448 Y97.035 E.01277
G1 X139.432 Y96.051 E.04536
G1 X139.432 Y95.516 E.01744
G1 X138.252 Y96.696 E.05439
G1 X138.056 Y96.357 E.01277
G1 X139.432 Y94.981 E.06341
G1 X139.432 Y94.568 E.01346
G1 X139.31 Y94.568 E.00398
G1 X137.86 Y96.018 E.06681
G1 X137.664 Y95.678 E.01277
G1 X138.775 Y94.568 E.05118
G1 X138.24 Y94.568 E.01744
G1 X137.469 Y95.339 E.03554
G1 X137.291 Y95.032 E.01157
G1 X137.241 Y95.032 E.00163
G1 X137.705 Y94.568 E.02137
G1 X137.17 Y94.568 E.01744
G1 X136.706 Y95.032 E.02137
G1 X136.171 Y95.032 E.01744
G1 X136.635 Y94.568 E.02137
G1 X136.1 Y94.568 E.01744
G1 X135.636 Y95.032 E.02137
G1 X135.101 Y95.032 E.01744
G1 X135.565 Y94.568 E.02137
G1 X135.03 Y94.568 E.01744
G1 X134.566 Y95.032 E.02137
G1 X134.031 Y95.032 E.01744
G1 X134.495 Y94.568 E.02137
G1 X133.96 Y94.568 E.01744
G1 X133.326 Y95.201 E.02919
G1 E-.728 F1800
;WIPE_START
G1 F30000
G1 X133.96 Y94.568 E-.05373
G1 X134.264 Y94.568 E-.01827
;WIPE_END
G1 X133.594 Y94.399 Z2.8
G1 Z2.4
G1 E.8 F1800
G1 F12000
G1 X129.293 Y98.7 E.19825
G1 X129.097 Y98.36 E.01277
G1 X132.89 Y94.568 E.1748
G1 X132.355 Y94.568 E.01744
G1 X128.902 Y98.021 E.15916
G1 X128.706 Y97.682 E.01277
G1 X131.82 Y94.568 E.14353
G1 X131.285 Y94.568 E.01744
G1 X128.51 Y97.343 E.1279
G1 X128.314 Y97.004 E.01277
G1 X130.75 Y94.568 E.11226
G1 X130.214 Y94.568 E.01744
G1 X128.118 Y96.664 E.09663
G1 X127.922 Y96.325 E.01277
G1 X129.679 Y94.568 E.08099
G1 X129.144 Y94.568 E.01744
G1 X127.727 Y95.986 E.06536
G1 X127.531 Y95.647 E.01277
G1 X128.609 Y94.568 E.04972
G1 X128.074 Y94.568 E.01744
G1 X127.335 Y95.308 E.03409
G1 X127.233 Y95.132 E.00662
G1 X126.976 Y95.132 E.00839
G1 X127.539 Y94.568 E.02598
G1 X127.004 Y94.568 E.01744
G1 X126.441 Y95.132 E.02598
G1 X125.906 Y95.132 E.01744
G1 X126.469 Y94.568 E.02598
G1 X125.934 Y94.568 E.01744
G1 X125.371 Y95.132 E.02598
G1 X124.836 Y95.132 E.01744
G1 X125.399 Y94.568 E.02598
G1 X124.864 Y94.568 E.01744
G1 X124.301 Y95.132 E.02598
G1 X123.766 Y95.132 E.01744
G1 X124.329 Y94.568 E.02598
G1 X123.794 Y94.568 E.01744
G1 X123.231 Y95.132 E.02598
G1 X122.767 Y95.132 E.01513
G1 X122.133 Y96.23 E.04133
G1 X119.336 Y99.027 E.12893
G1 X119.351 Y99 E.00102
G1 X119.16 Y98.668 E.01249
G1 X123.259 Y94.568 E.18898
G1 X122.724 Y94.568 E.01744
G1 X118.964 Y98.329 E.17335
G1 X118.768 Y97.99 E.01277
G1 X122.189 Y94.568 E.15771
G1 X121.654 Y94.568 E.01744
G1 X118.572 Y97.651 E.14208
G1 X118.376 Y97.311 E.01277
G1 X121.119 Y94.568 E.12644
G1 X120.584 Y94.568 E.01744
G1 X118.18 Y96.972 E.11081
G1 X117.985 Y96.633 E.01277
G1 X120.049 Y94.568 E.09517
G1 X119.514 Y94.568 E.01744
G1 X117.789 Y96.294 E.07954
G1 X117.593 Y95.955 E.01277
G1 X118.979 Y94.568 E.0639
G1 X118.444 Y94.568 E.01744
G1 X117.397 Y95.615 E.04827
G1 X117.201 Y95.276 E.01277
G1 X117.909 Y94.568 E.03264
G1 X117.374 Y94.568 E.01744
G1 X116.711 Y95.232 E.03059
G1 X116.176 Y95.232 E.01744
G1 X116.839 Y94.568 E.03059
G1 X116.304 Y94.568 E.01744
G1 X115.641 Y95.232 E.03059
G1 X115.106 Y95.232 E.01744
G1 X115.769 Y94.568 E.03059
G1 X115.234 Y94.568 E.01744
G1 X114.571 Y95.232 E.03059
G1 X114.036 Y95.232 E.01744
G1 X114.699 Y94.568 E.03059
G1 X114.164 Y94.568 E.01744
G1 X113.331 Y95.401 E.03841
G1 E-.728 F1800
;WIPE_START
G1 F30000
G1 X114.164 Y94.568 E-.0707
G1 X114.186 Y94.568 E-.0013
;WIPE_END
G1 X113.799 Y94.399 Z2.8
G1 Z2.4
G1 E.8 F1800
G1 F12000
G1 X109.222 Y98.976 E.21098
G1 X109.026 Y98.637 E.01277
G1 X113.094 Y94.568 E.18753
G1 X112.559 Y94.568 E.01744
G1 X108.83 Y98.297 E.17189
G1 X108.634 Y97.958 E.01277
G1 X112.024 Y94.568 E.15626
G1 X111.489 Y94.568 E.01744
G1 X108.438 Y97.619 E.14062
G1 X108.243 Y97.28 E.01277
G1 X110.954 Y94.568 E.12499
G1 X110.419 Y94.568 E.01744
G1 X108.047 Y96.941 E.10936
G1 X107.851 Y96.601 E.01277
G1 X109.884 Y94.568 E.09372
G1 X109.349 Y94.568 E.01744
G1 X107.655 Y96.262 E.07809
G1 X107.459 Y95.923 E.01277
G1 X108.814 Y94.568 E.06245
G1 X108.279 Y94.568 E.01744
G1 X107.263 Y95.584 E.04682
G1 X107.118 Y95.332 E.00949
G1 X106.981 Y95.332 E.00448
G1 X107.744 Y94.568 E.0352
G1 X107.209 Y94.568 E.01744
G1 X106.446 Y95.332 E.0352
M73 P85 R4
G1 X105.911 Y95.332 E.01744
G1 X106.674 Y94.568 E.0352
G1 X106.139 Y94.568 E.01744
G1 X105.376 Y95.332 E.0352
G1 X104.84 Y95.332 E.01744
G1 X105.604 Y94.568 E.0352
G1 X105.069 Y94.568 E.01744
G1 X104.305 Y95.332 E.0352
G1 X103.77 Y95.332 E.01744
G1 X104.534 Y94.568 E.0352
G1 X103.999 Y94.568 E.01744
G1 X103.235 Y95.332 E.0352
G1 X102.882 Y95.332 E.01152
G1 X102.4 Y96.168 E.03146
G1 X98.646 Y99.921 E.17301
G1 X99.178 Y99 E.03466
G1 X99.125 Y98.908 E.00348
G1 X103.464 Y94.568 E.20002
G1 X102.929 Y94.568 E.01744
G1 X98.929 Y98.568 E.18439
G1 X98.733 Y98.229 E.01277
G1 X102.394 Y94.568 E.16875
G1 X101.859 Y94.568 E.01744
G1 X98.537 Y97.89 E.15312
G1 X98.341 Y97.551 E.01277
G1 X101.324 Y94.568 E.13748
G1 X100.789 Y94.568 E.01744
G1 X98.145 Y97.212 E.12185
G1 X97.95 Y96.873 E.01277
G1 X100.254 Y94.568 E.10622
G1 X99.719 Y94.568 E.01744
G1 X97.754 Y96.533 E.09058
G1 X97.558 Y96.194 E.01277
G1 X99.184 Y94.568 E.07495
G1 X98.649 Y94.568 E.01744
G1 X97.362 Y95.855 E.05931
G1 X97.166 Y95.516 E.01277
G1 X98.114 Y94.568 E.04368
G1 X97.579 Y94.568 E.01744
G1 X96.765 Y95.382 E.0375
G1 X96.23 Y95.382 E.01744
G1 X97.044 Y94.568 E.0375
G1 X96.509 Y94.568 E.01744
G1 X95.695 Y95.382 E.0375
G1 X95.16 Y95.382 E.01744
G1 X95.974 Y94.568 E.0375
G1 X95.439 Y94.568 E.01744
G1 X94.625 Y95.382 E.0375
G1 X94.09 Y95.382 E.01744
G1 X94.904 Y94.568 E.0375
G1 X94.369 Y94.568 E.01744
G1 X93.386 Y95.551 E.04532
G1 E-.728 F1800
;WIPE_START
G1 F30000
G1 X94.234 Y94.703 E-.072
;WIPE_END
G1 X94.004 Y94.399 Z2.8
G1 Z2.4
G1 E.8 F1800
G1 F12000
G1 X88.735 Y99.667 E.24284
G1 X89.12 Y99 E.0251
G1 X89.028 Y98.839 E.00604
G1 X93.299 Y94.568 E.19688
G1 X92.764 Y94.568 E.01744
G1 X88.832 Y98.5 E.18125
G1 X88.636 Y98.161 E.01277
G1 X92.229 Y94.568 E.16561
G1 X91.694 Y94.568 E.01744
G1 X88.44 Y97.822 E.14998
G1 X88.244 Y97.483 E.01277
G1 X91.159 Y94.568 E.13434
G1 X90.624 Y94.568 E.01744
G1 X88.048 Y97.144 E.11871
G1 X87.853 Y96.804 E.01277
G1 X90.089 Y94.568 E.10308
G1 X89.554 Y94.568 E.01744
G1 X87.657 Y96.465 E.08744
G1 X87.461 Y96.126 E.01277
G1 X89.019 Y94.568 E.07181
G1 X88.484 Y94.568 E.01744
G1 X87.265 Y95.787 E.05617
G1 X87.069 Y95.448 E.01277
G1 X87.949 Y94.568 E.04054
G1 X87.414 Y94.568 E.01744
G1 X86.55 Y95.432 E.0398
G1 X86.015 Y95.432 E.01744
G1 X86.879 Y94.568 E.0398
G1 X86.344 Y94.568 E.01744
M73 P85 R3
G1 X85.48 Y95.432 E.0398
G1 X84.945 Y95.432 E.01744
G1 X85.809 Y94.568 E.0398
G1 X85.274 Y94.568 E.01744
G1 X84.41 Y95.432 E.03981
G1 X83.875 Y95.432 E.01744
G1 X84.739 Y94.568 E.0398
G1 X84.204 Y94.568 E.01744
G1 X83.34 Y95.432 E.0398
G1 X82.94 Y95.432 E.01304
G1 X82.393 Y96.379 E.03564
G1 X80.568 Y98.204 E.08412
G1 X80.568 Y97.669 E.01744
G1 X83.669 Y94.568 E.14291
G1 X83.134 Y94.568 E.01744
G1 X80.568 Y97.134 E.11825
G1 X80.568 Y96.599 E.01744
G1 X82.599 Y94.568 E.09359
G1 X82.064 Y94.568 E.01744
G1 X80.568 Y96.064 E.06893
G1 X80.568 Y95.529 E.01744
G1 X81.529 Y94.568 E.04427
G1 X80.994 Y94.568 E.01744
G1 X80.399 Y95.163 E.02743
G1 E-.728 F1800
;WIPE_START
G1 F30000
G1 X80.994 Y94.568 E-.05049
G1 X81.352 Y94.568 E-.02151
;WIPE_END
G1 X81.669 Y97.933 Z2.8
G1 Z2.4
G1 E.8 F1800
SET_VELOCITY_LIMIT ACCEL=3000
;TYPE:Gap infill
;WIDTH:0.111016
G1 F15000
G1 X81.543 Y98.098 E.00111
;WIDTH:0.156711
G1 X81.417 Y98.262 E.00186
;WIDTH:0.202405
G1 X81.291 Y98.426 E.00261
;WIDTH:0.2481
G1 X81.165 Y98.59 E.00336
;WIDTH:0.270947
G1 X81.039 Y98.754 E.00373
G1 E-.78758 F1800
;WIPE_START
G1 F30000
G1 X81.165 Y98.59 E-.01242
;WIPE_END
G1 X88.735 Y97.619 Z2.8
G1 X92.037 Y97.195 Z2.8
G1 Z2.4
G1 E.8 F1800
;WIDTH:0.111016
G1 F15000
G1 X91.911 Y97.359 E.00111
;WIDTH:0.156711
G1 X91.785 Y97.523 E.00186
;WIDTH:0.202405
G1 X91.659 Y97.688 E.00261
;WIDTH:0.2481
G1 X91.533 Y97.852 E.00336
;WIDTH:0.270947
G1 X91.407 Y98.016 E.00373
G1 E-.78758 F1800
;WIPE_START
G1 F30000
G1 X91.533 Y97.852 E-.01242
;WIPE_END
G1 X88.628 Y99.823 Z2.8
G1 Z2.4
G1 E.8 F1800
;WIDTH:0.293793
G1 F15000
G1 X88.502 Y99.987 E.0041
;WIDTH:0.248099
G1 X88.376 Y100.151 E.00336
;WIDTH:0.202405
G1 X88.25 Y100.315 E.00261
;WIDTH:0.15671
G1 X88.124 Y100.48 E.00186
;WIDTH:0.133863
G1 X87.998 Y100.644 E.00149
G1 E-.78758 F1800
;WIPE_START
G1 F30000
G1 X88.124 Y100.48 E-.01242
;WIPE_END
G1 X95.603 Y98.958 Z2.8
G1 X101.675 Y97.723 Z2.8
G1 Z2.4
G1 E.8 F1800
;WIDTH:0.111016
G1 F15000
G1 X101.549 Y97.887 E.00111
;WIDTH:0.156711
G1 X101.423 Y98.051 E.00186
;WIDTH:0.202405
G1 X101.297 Y98.215 E.00261
;WIDTH:0.2481
G1 X101.171 Y98.379 E.00336
;WIDTH:0.270947
G1 X101.045 Y98.543 E.00373
G1 E-.78758 F1800
;WIPE_START
G1 F30000
G1 X101.171 Y98.379 E-.01242
;WIPE_END
G1 X98.539 Y100.077 Z2.8
G1 Z2.4
G1 E.8 F1800
;WIDTH:0.293793
G1 F15000
G1 X98.413 Y100.241 E.0041
;WIDTH:0.248099
G1 X98.287 Y100.405 E.00336
;WIDTH:0.202405
G1 X98.161 Y100.57 E.00261
;WIDTH:0.15671
G1 X98.035 Y100.734 E.00186
;WIDTH:0.133863
G1 X97.909 Y100.898 E.00149
G1 E-.78758 F1800
;WIPE_START
G1 F30000
G1 X98.035 Y100.734 E-.01242
;WIPE_END
G1 X105.421 Y98.81 Z2.8
G1 X111.907 Y97.121 Z2.8
G1 Z2.4
G1 E.8 F1800
;WIDTH:0.111016
G1 F15000
G1 X111.781 Y97.285 E.00111
;WIDTH:0.156711
G1 X111.655 Y97.449 E.00186
;WIDTH:0.202405
G1 X111.529 Y97.613 E.00261
;WIDTH:0.2481
G1 X111.403 Y97.777 E.00336
;WIDTH:0.270947
G1 X111.277 Y97.942 E.00373
G1 E-.78758 F1800
;WIPE_START
G1 F30000
G1 X111.403 Y97.777 E-.01242
;WIPE_END
G1 X118.984 Y96.889 Z2.8
G1 X122.139 Y96.519 Z2.8
G1 Z2.4
G1 E.8 F1800
;WIDTH:0.111016
G1 F15000
G1 X122.013 Y96.683 E.00111
;WIDTH:0.156711
G1 X121.887 Y96.847 E.00186
;WIDTH:0.202405
G1 X121.761 Y97.011 E.00261
;WIDTH:0.2481
G1 X121.635 Y97.176 E.00336
;WIDTH:0.270947
G1 X121.509 Y97.34 E.00373
G1 E-.78758 F1800
;WIPE_START
G1 F30000
G1 X121.635 Y97.176 E-.01242
;WIPE_END
G1 X119.228 Y99.183 Z2.8
G1 Z2.4
G1 E.8 F1800
;WIDTH:0.293794
G1 F15000
G1 X119.102 Y99.347 E.0041
;WIDTH:0.2481
G1 X118.976 Y99.511 E.00336
;WIDTH:0.202405
G1 X118.85 Y99.676 E.00261
;WIDTH:0.156711
G1 X118.724 Y99.84 E.00186
;WIDTH:0.133863
G1 X118.598 Y100.004 E.00149
G1 E-.78758 F1800
;WIPE_START
G1 F30000
G1 X118.724 Y99.84 E-.01242
;WIPE_END
G1 X126.336 Y100.403 Z2.8
G1 X128.545 Y100.567 Z2.8
G1 Z2.4
G1 E.8 F1800
;WIDTH:0.293794
G1 F15000
G1 X128.419 Y100.731 E.0041
;WIDTH:0.2481
G1 X128.293 Y100.895 E.00336
;WIDTH:0.202405
G1 X128.167 Y101.059 E.00261
;WIDTH:0.156711
G1 X128.041 Y101.223 E.00186
;WIDTH:0.133864
G1 X127.915 Y101.387 E.00149
G1 E-.78758 F1800
;WIPE_START
G1 F30000
G1 X128.041 Y101.223 E-.01242
;WIPE_END
G1 X135.593 Y100.117 Z2.8
G1 X139.601 Y99.53 Z2.8
G1 Z2.4
G1 E.8 F1800
;WIDTH:0.224167
G1 F15000
G1 X139.557 Y99.478 E.00098
;WIDTH:0.273241
G1 X139.513 Y99.426 E.00124
;WIDTH:0.322316
G1 X139.469 Y99.374 E.00151
;WIDTH:0.371391
G1 X139.425 Y99.322 E.00177
;WIDTH:0.387469
G1 X139.354 Y99.379 E.00249
;WIDTH:0.342298
G1 X139.244 Y99.522 E.00428
;WIDTH:0.296093
G1 X139.134 Y99.666 E.00362
;WIDTH:0.249888
G1 X139.024 Y99.809 E.00296
;WIDTH:0.203682
G1 X138.914 Y99.952 E.0023
;WIDTH:0.157477
G1 X138.803 Y100.096 E.00164
;WIDTH:0.134374
G1 X138.693 Y100.239 E.00131
G1 E-.78915 F1800
;WIPE_START
G1 F30000
G1 X138.803 Y100.096 E-.01085
;WIPE_END
G1 X143.091 Y106.41 Z2.8
G1 X164.63 Y138.13 Z2.8
G1 Z2.4
G1 E.8 F1800
SET_VELOCITY_LIMIT ACCEL=2000
;TYPE:Outer wall
;WIDTH:0.42
G1 F7200
G1 X167.37 Y138.13 E.08167
G1 X167.37 Y140.87 E.08167
G1 X164.63 Y140.87 E.08167
G1 X164.63 Y138.17 E.08047
G1 X164.21 Y137.71 F30000
G1 F7200
G1 X167.79 Y137.71 E.1067
G1 X167.79 Y141.29 E.1067
G1 X164.21 Y141.29 E.1067
G1 X164.21 Y137.75 E.10551
G1 E-1.092 F1800
;WIPE_START
G1 F30000
G1 X165.41 Y137.737 E-.108
;WIPE_END
G1 X164.997 Y145.358 Z2.8
G1 X164.63 Y152.13 Z2.8
G1 Z2.4
G1 E1.2 F1800 ; CC2_CARD retract 1.2
G1 F7200
G1 X167.37 Y152.13 E.08167
G1 X167.37 Y154.87 E.08167
G1 X164.63 Y154.87 E.08167
G1 X164.63 Y152.17 E.08047
G1 X164.21 Y151.71 F30000
G1 F7200
G1 X167.79 Y151.71 E.1067
G1 X167.79 Y155.29 E.1067
G1 X164.21 Y155.29 E.1067
G1 X164.21 Y151.75 E.10551
G1 E-1.092 F1800
;WIPE_START
G1 F30000
G1 X165.41 Y151.737 E-.108
;WIPE_END
G1 X157.779 Y151.888 Z2.8
G1 X145.63 Y152.13 Z2.8
G1 Z2.4
G1 E1.2 F1800 ; CC2_CARD retract 1.2
G1 F7200
G1 X148.37 Y152.13 E.08167
G1 X148.37 Y154.87 E.08167
G1 X145.63 Y154.87 E.08167
G1 X145.63 Y152.17 E.08047
G1 E-.91 F1800
;WIPE_START
G1 F30000
G1 X146.83 Y152.152 E-.09
;WIPE_END
G1 X148.79 Y151.71 Z2.8
G1 Z2.4
G1 E1 F1800 ; CC2_CARD retract 1.0
G1 F7200
G1 X148.79 Y155.29 E.1067
G1 X145.21 Y155.29 E.1067
G1 X145.21 Y151.71 E.1067
G1 X148.75 Y151.71 E.10551
G1 E-.91 F1800
;WIPE_START
G1 F30000
G1 X148.763 Y152.91 E-.09
;WIPE_END
G1 X147.18 Y145.443 Z2.8
G1 X145.63 Y138.13 Z2.8
G1 Z2.4
G1 E1 F1800 ; CC2_CARD retract 1.0
G1 F7200
G1 X148.37 Y138.13 E.08167
G1 X148.37 Y140.87 E.08167
G1 X145.63 Y140.87 E.08167
G1 X145.63 Y138.17 E.08047
G1 X145.21 Y137.71 F30000
G1 F7200
G1 X148.79 Y137.71 E.1067
G1 X148.79 Y141.29 E.1067
G1 X145.21 Y141.29 E.1067
G1 X145.21 Y137.75 E.10551
G1 E-.91 F1800
;WIPE_START
G1 F30000
G1 X146.41 Y137.737 E-.09
;WIPE_END
G1 X138.78 Y137.913 Z2.8
G1 X129.37 Y138.13 Z2.8
G1 Z2.4
G1 E1 F1800 ; CC2_CARD retract 1.0
G1 F7200
G1 X129.37 Y140.87 E.08167
G1 X126.63 Y140.87 E.08167
G1 X126.63 Y138.13 E.08167
G1 X129.33 Y138.13 E.08047
G1 X129.79 Y137.71 F30000
G1 F7200
G1 X129.79 Y141.29 E.1067
G1 X126.21 Y141.29 E.1067
G1 X126.21 Y137.71 E.1067
G1 X129.75 Y137.71 E.10551
G1 E-.728 F1800
;WIPE_START
G1 F30000
G1 X129.763 Y138.91 E-.072
;WIPE_END
G1 X128.003 Y146.337 Z2.8
G1 X126.63 Y152.13 Z2.8
G1 Z2.4
G1 E.8 F1800 ; CC2_CARD retract 0.8
G1 F7200
G1 X129.37 Y152.13 E.08167
G1 X129.37 Y154.87 E.08167
G1 X126.63 Y154.87 E.08167
G1 X126.63 Y152.17 E.08047
G1 X126.21 Y151.71 F30000
G1 F7200
G1 X129.79 Y151.71 E.1067
G1 X129.79 Y155.29 E.1067
G1 X126.21 Y155.29 E.1067
G1 X126.21 Y151.75 E.10551
G1 E-.728 F1800
;WIPE_START
G1 F30000
G1 X127.41 Y151.737 E-.072
;WIPE_END
G1 X121.122 Y147.411 Z2.8
G1 X107.63 Y138.13 Z2.8
G1 Z2.4
G1 E.8 F1800 ; CC2_CARD retract 0.8
G1 F7200
G1 X110.37 Y138.13 E.08167
G1 X110.37 Y140.87 E.08167
G1 X107.63 Y140.87 E.08167
G1 X107.63 Y138.17 E.08047
G1 X107.21 Y137.71 F30000
G1 F7200
G1 X110.79 Y137.71 E.1067
G1 X110.79 Y141.29 E.1067
G1 X107.21 Y141.29 E.1067
G1 X107.21 Y137.75 E.10551
G1 E-.546 F1800
;WIPE_START
G1 F30000
G1 X108.41 Y137.737 E-.054
;WIPE_END
G1 X107.997 Y145.358 Z2.8
G1 X107.63 Y152.13 Z2.8
G1 Z2.4
G1 E.6 F1800 ; CC2_CARD retract 0.6
G1 F7200
G1 X110.37 Y152.13 E.08167
G1 X110.37 Y154.87 E.08167
G1 X107.63 Y154.87 E.08167
G1 X107.63 Y152.17 E.08047
G1 E-.546 F1800
;WIPE_START
G1 F30000
G1 X108.83 Y152.152 E-.054
;WIPE_END
G1 X110.79 Y151.71 Z2.8
G1 Z2.4
G1 E.6 F1800 ; CC2_CARD retract 0.6
G1 F7200
G1 X110.79 Y155.29 E.1067
G1 X107.21 Y155.29 E.1067
M73 P86 R3
G1 X107.21 Y151.71 E.1067
G1 X110.75 Y151.71 E.10551
G1 E-.546 F1800
;WIPE_START
G1 F30000
G1 X110.763 Y152.91 E-.054
;WIPE_END
G1 X104.55 Y157.343 Z2.8
G1 X101.384 Y159.602 Z2.8
G1 Z2.4
G1 E.6 F1800 ; CC2_CARD retract 0.6
SET_VELOCITY_LIMIT ACCEL=3000
;TYPE:Inner wall
;WIDTH:0.45
G1 F12000
G1 X101.78 Y160.287 E.02544
G1 X102.769 Y162 E.06365
G1 X101.384 Y164.398 E.08909
G1 X98.616 Y164.398 E.08909
G1 X97.231 Y162 E.08909
G1 X98.616 Y159.602 E.08909
G1 X101.344 Y159.602 E.08781
SET_VELOCITY_LIMIT ACCEL=2000
G1 X101.611 Y159.21 F30000
;TYPE:Outer wall
;WIDTH:0.42
G1 F7200
G1 X102.119 Y160.091 E.03031
G1 X103.222 Y162 E.06571
G1 X101.611 Y164.79 E.09602
G1 X98.389 Y164.79 E.09602
G1 X96.778 Y162 E.09602
G1 X98.389 Y159.21 E.09602
G1 X101.571 Y159.21 E.09483
G1 E-.728 F1800
;WIPE_START
G1 F30000
G1 X102.119 Y160.091 E-.06225
G1 X102.201 Y160.231 E-.00975
;WIPE_END
G1 X98.666 Y160.211 Z2.8
G1 Z2.4
G1 E.8 F1800
SET_VELOCITY_LIMIT ACCEL=3000
;TYPE:Sparse infill
;WIDTH:0.45
G1 F12000
G1 X97.852 Y161.621 E.05239
G1 X101.573 Y160.625 E.12395
G1 X101.183 Y159.95 E.02505
G1 X100.422 Y159.95 E.02448
G1 X99.324 Y164.05 E.13656
G1 X100.952 Y164.05 E.05239
G1 E-.728 F1800
;WIPE_START
G1 F30000
G1 X99.752 Y164.05 E-.072
;WIPE_END
G1 X94.545 Y158.469 Z2.8
G1 X88.63 Y152.13 Z2.8
G1 Z2.4
G1 E.8 F1800
SET_VELOCITY_LIMIT ACCEL=2000
;TYPE:Outer wall
;WIDTH:0.42
G1 F7200
G1 X91.37 Y152.13 E.08167
G1 X91.37 Y154.87 E.08167
G1 X88.63 Y154.87 E.08167
G1 X88.63 Y152.17 E.08047
G1 X88.21 Y151.71 F30000
G1 F7200
G1 X91.79 Y151.71 E.1067
G1 X91.79 Y155.29 E.1067
G1 X88.21 Y155.29 E.1067
G1 X88.21 Y151.75 E.10551
G1 E-.364 F1800
;WIPE_START
G1 F30000
G1 X89.41 Y151.737 E-.036
;WIPE_END
G1 X90.498 Y144.182 Z2.8
G1 X91.37 Y138.13 Z2.8
G1 Z2.4
G1 E.4 F1800 ; CC2_CARD retract 0.4
G1 F7200
G1 X91.37 Y140.87 E.08167
G1 X88.63 Y140.87 E.08167
G1 X88.63 Y138.13 E.08167
G1 X91.33 Y138.13 E.08047
G1 X91.79 Y137.71 F30000
G1 F7200
G1 X91.79 Y141.29 E.1067
G1 X88.21 Y141.29 E.1067
G1 X88.21 Y137.71 E.1067
G1 X91.75 Y137.71 E.10551
M106 S252
;LAYER_CHANGE
;Z:2.6
;HEIGHT:0.2
;BEFORE_LAYER_CHANGE
;2.6
G92 E0

G1 E-.364 F1800
;WIPE_START
G1 F30000
G1 X91.763 Y138.91 E-.036
;WIPE_END
M73 L13
;LAYER:13
SET_PRINT_STATS_INFO TOTAL_LAYER=35 CURRENT_LAYER=13
;_SET_FAN_SPEED_CHANGING_LAYER

G1 X92.7197 Y139.358 Z2.65714
G1 X92.9657 Y140.385 Z2.71429
G1 X92.3162 Y141.218 Z2.77143
G1 X91.2602 Y141.229 Z2.82857
G1 X90.5929 Y140.41 Z2.88571
G1 X90.8169 Y139.378 Z2.94286
G1 X91.7634 Y138.91 Z3
G1 X164.63 Y138.13 Z3
G1 Z2.6
G1 E.4 F1800 ; CC2_CARD retract 0.4
G1 F2712
G1 X167.37 Y138.13 E.08167
G1 X167.37 Y140.87 E.08167
G1 X164.63 Y140.87 E.08167
G1 X164.63 Y138.17 E.08047
G1 X164.21 Y137.71 F30000
G1 F2712
G1 X167.79 Y137.71 E.1067
G1 X167.79 Y141.29 E.1067
G1 X164.21 Y141.29 E.1067
G1 X164.21 Y137.75 E.10551
G1 E-1.092 F1800
;WIPE_START
G1 F30000
G1 X165.41 Y137.737 E-.108
;WIPE_END
G1 X164.997 Y145.358 Z3
G1 X164.63 Y152.13 Z3
G1 Z2.6
G1 E1.2 F1800 ; CC2_CARD retract 1.2
G1 F2712
G1 X167.37 Y152.13 E.08167
G1 X167.37 Y154.87 E.08167
G1 X164.63 Y154.87 E.08167
G1 X164.63 Y152.17 E.08047
G1 X164.21 Y151.71 F30000
G1 F2712
G1 X167.79 Y151.71 E.1067
G1 X167.79 Y155.29 E.1067
G1 X164.21 Y155.29 E.1067
G1 X164.21 Y151.75 E.10551
G1 E-1.092 F1800
;WIPE_START
G1 F30000
G1 X165.41 Y151.737 E-.108
;WIPE_END
G1 X157.779 Y151.888 Z3
G1 X145.63 Y152.13 Z3
G1 Z2.6
G1 E1.2 F1800 ; CC2_CARD retract 1.2
G1 F2712
G1 X148.37 Y152.13 E.08167
G1 X148.37 Y154.87 E.08167
G1 X145.63 Y154.87 E.08167
G1 X145.63 Y152.17 E.08047
G1 E-.91 F1800
;WIPE_START
G1 F30000
G1 X146.83 Y152.152 E-.09
;WIPE_END
G1 X148.79 Y151.71 Z3
G1 Z2.6
G1 E1 F1800 ; CC2_CARD retract 1.0
G1 F2712
G1 X148.79 Y155.29 E.1067
G1 X145.21 Y155.29 E.1067
G1 X145.21 Y151.71 E.1067
G1 X148.75 Y151.71 E.10551
G1 E-.91 F1800
;WIPE_START
G1 F30000
G1 X148.763 Y152.91 E-.09
;WIPE_END
G1 X147.18 Y145.443 Z3
G1 X145.63 Y138.13 Z3
G1 Z2.6
G1 E1 F1800 ; CC2_CARD retract 1.0
G1 F2712
G1 X148.37 Y138.13 E.08167
G1 X148.37 Y140.87 E.08167
G1 X145.63 Y140.87 E.08167
G1 X145.63 Y138.17 E.08047
G1 X145.21 Y137.71 F30000
G1 F2712
G1 X148.79 Y137.71 E.1067
G1 X148.79 Y141.29 E.1067
G1 X145.21 Y141.29 E.1067
G1 X145.21 Y137.75 E.10551
G1 E-.91 F1800
;WIPE_START
G1 F30000
G1 X146.41 Y137.737 E-.09
;WIPE_END
G1 X140.238 Y142.227 Z3
G1 X126.63 Y152.13 Z3
G1 Z2.6
G1 E1 F1800 ; CC2_CARD retract 1.0
G1 F2712
G1 X129.37 Y152.13 E.08167
G1 X129.37 Y154.87 E.08167
G1 X126.63 Y154.87 E.08167
G1 X126.63 Y152.17 E.08047
G1 X126.21 Y151.71 F30000
G1 F2712
G1 X129.79 Y151.71 E.1067
G1 X129.79 Y155.29 E.1067
G1 X126.21 Y155.29 E.1067
G1 X126.21 Y151.75 E.10551
G1 E-.728 F1800
;WIPE_START
G1 F30000
G1 X127.41 Y151.737 E-.072
;WIPE_END
G1 X128.498 Y144.182 Z3
G1 X129.37 Y138.13 Z3
G1 Z2.6
G1 E.8 F1800 ; CC2_CARD retract 0.8
G1 F2712
G1 X129.37 Y140.87 E.08167
G1 X126.63 Y140.87 E.08167
G1 X126.63 Y138.13 E.08167
G1 X129.33 Y138.13 E.08047
G1 X129.79 Y137.71 F30000
G1 F2712
G1 X129.79 Y141.29 E.1067
G1 X126.21 Y141.29 E.1067
G1 X126.21 Y137.71 E.1067
G1 X129.75 Y137.71 E.10551
G1 E-.728 F1800
;WIPE_START
G1 F30000
G1 X129.763 Y138.91 E-.072
;WIPE_END
G1 X122.136 Y138.641 Z3
G1 X107.63 Y138.13 Z3
G1 Z2.6
G1 E.8 F1800 ; CC2_CARD retract 0.8
G1 F2712
G1 X110.37 Y138.13 E.08167
G1 X110.37 Y140.87 E.08167
G1 X107.63 Y140.87 E.08167
G1 X107.63 Y138.17 E.08047
G1 X107.21 Y137.71 F30000
G1 F2712
G1 X110.79 Y137.71 E.1067
G1 X110.79 Y141.29 E.1067
G1 X107.21 Y141.29 E.1067
G1 X107.21 Y137.75 E.10551
G1 E-.546 F1800
;WIPE_START
G1 F30000
G1 X108.41 Y137.737 E-.054
;WIPE_END
G1 X107.997 Y145.358 Z3
G1 X107.63 Y152.13 Z3
G1 Z2.6
G1 E.6 F1800 ; CC2_CARD retract 0.6
G1 F2712
G1 X110.37 Y152.13 E.08167
G1 X110.37 Y154.87 E.08167
G1 X107.63 Y154.87 E.08167
G1 X107.63 Y152.17 E.08047
G1 E-.546 F1800
;WIPE_START
G1 F30000
G1 X108.83 Y152.152 E-.054
;WIPE_END
G1 X110.79 Y151.71 Z3
G1 Z2.6
G1 E.6 F1800 ; CC2_CARD retract 0.6
G1 F2712
G1 X110.79 Y155.29 E.1067
G1 X107.21 Y155.29 E.1067
G1 X107.21 Y151.71 E.1067
G1 X110.75 Y151.71 E.10551
G1 E-.546 F1800
;WIPE_START
G1 F30000
G1 X110.763 Y152.91 E-.054
;WIPE_END
G1 X104.55 Y157.343 Z3
G1 X101.384 Y159.602 Z3
G1 Z2.6
G1 E.6 F1800 ; CC2_CARD retract 0.6
SET_VELOCITY_LIMIT ACCEL=3000
;TYPE:Inner wall
;WIDTH:0.45
G1 F2712
G1 X101.829 Y160.372 E.02862
G1 X102.769 Y162 E.06047
G1 X101.384 Y164.398 E.08909
G1 X98.616 Y164.398 E.08909
G1 X97.231 Y162 E.08909
G1 X98.616 Y159.602 E.08909
G1 X101.344 Y159.602 E.08781
SET_VELOCITY_LIMIT ACCEL=2000
G1 X101.611 Y159.21 F30000
;TYPE:Outer wall
;WIDTH:0.42
G1 F2712
G1 X102.169 Y160.176 E.03326
G1 X103.222 Y162 E.06276
G1 X101.611 Y164.79 E.09602
G1 X98.389 Y164.79 E.09602
G1 X96.778 Y162 E.09602
G1 X98.389 Y159.21 E.09602
G1 X101.571 Y159.21 E.09483
G1 E-.728 F1800
;WIPE_START
G1 F30000
G1 X102.169 Y160.176 E-.06819
G1 X102.201 Y160.231 E-.00381
;WIPE_END
G1 X98.566 Y160.385 Z3
G1 Z2.6
G1 E.8 F1800
SET_VELOCITY_LIMIT ACCEL=3000
;TYPE:Sparse infill
;WIDTH:0.45
G1 F2712
G1 X97.752 Y161.795 E.05239
G1 X101.646 Y160.751 E.12972
G1 X101.183 Y159.95 E.02976
G1 X100.276 Y159.95 E.02919
G1 X99.178 Y164.05 E.13656
G1 X100.806 Y164.05 E.05239
G1 E-.728 F1800
;WIPE_START
G1 F30000
G1 X99.606 Y164.05 E-.072
;WIPE_END
G1 X94.436 Y158.435 Z3
G1 X88.63 Y152.13 Z3
G1 Z2.6
G1 E.8 F1800
SET_VELOCITY_LIMIT ACCEL=2000
;TYPE:Outer wall
;WIDTH:0.42
G1 F2712
G1 X91.37 Y152.13 E.08167
G1 X91.37 Y154.87 E.08167
G1 X88.63 Y154.87 E.08167
G1 X88.63 Y152.17 E.08047
G1 X88.21 Y151.71 F30000
G1 F2712
G1 X91.79 Y151.71 E.1067
G1 X91.79 Y155.29 E.1067
G1 X88.21 Y155.29 E.1067
G1 X88.21 Y151.75 E.10551
G1 E-.364 F1800
M73 P87 R3
;WIPE_START
G1 F30000
G1 X89.41 Y151.737 E-.036
;WIPE_END
G1 X90.498 Y144.182 Z3
G1 X91.37 Y138.13 Z3
G1 Z2.6
G1 E.4 F1800 ; CC2_CARD retract 0.4
G1 F2712
G1 X91.37 Y140.87 E.08167
G1 X88.63 Y140.87 E.08167
G1 X88.63 Y138.13 E.08167
G1 X91.33 Y138.13 E.08047
G1 X91.79 Y137.71 F30000
G1 F2712
G1 X91.79 Y141.29 E.1067
G1 X88.21 Y141.29 E.1067
G1 X88.21 Y137.71 E.1067
G1 X91.75 Y137.71 E.10551
;LAYER_CHANGE
;Z:2.8
;HEIGHT:0.2
;BEFORE_LAYER_CHANGE
;2.8
G92 E0

G1 E-.364 F1800
;WIPE_START
G1 F30000
G1 X91.763 Y138.91 E-.036
;WIPE_END
M73 L14
;LAYER:14
SET_PRINT_STATS_INFO TOTAL_LAYER=35 CURRENT_LAYER=14
;_SET_FAN_SPEED_CHANGING_LAYER

G1 X92.7197 Y139.358 Z2.85714
G1 X92.9657 Y140.385 Z2.91429
G1 X92.3162 Y141.218 Z2.97143
G1 X91.2602 Y141.229 Z3.02857
G1 X90.5929 Y140.41 Z3.08571
G1 X90.8169 Y139.378 Z3.14286
G1 X91.7634 Y138.91 Z3.2
G1 X164.63 Y138.13 Z3.2
G1 Z2.8
G1 E.4 F1800 ; CC2_CARD retract 0.4
G1 F2723
G1 X167.37 Y138.13 E.08167
G1 X167.37 Y140.87 E.08167
G1 X164.63 Y140.87 E.08167
G1 X164.63 Y138.17 E.08047
G1 X164.21 Y137.71 F30000
G1 F2723
G1 X167.79 Y137.71 E.1067
G1 X167.79 Y141.29 E.1067
G1 X164.21 Y141.29 E.1067
G1 X164.21 Y137.75 E.10551
G1 E-1.092 F1800
;WIPE_START
G1 F30000
G1 X165.41 Y137.737 E-.108
;WIPE_END
G1 X164.997 Y145.358 Z3.2
G1 X164.63 Y152.13 Z3.2
G1 Z2.8
G1 E1.2 F1800 ; CC2_CARD retract 1.2
G1 F2723
G1 X167.37 Y152.13 E.08167
G1 X167.37 Y154.87 E.08167
G1 X164.63 Y154.87 E.08167
G1 X164.63 Y152.17 E.08047
G1 X164.21 Y151.71 F30000
G1 F2723
G1 X167.79 Y151.71 E.1067
G1 X167.79 Y155.29 E.1067
G1 X164.21 Y155.29 E.1067
G1 X164.21 Y151.75 E.10551
G1 E-1.092 F1800
;WIPE_START
G1 F30000
G1 X165.41 Y151.737 E-.108
;WIPE_END
G1 X157.779 Y151.888 Z3.2
G1 X145.63 Y152.13 Z3.2
G1 Z2.8
G1 E1.2 F1800 ; CC2_CARD retract 1.2
G1 F2723
G1 X148.37 Y152.13 E.08167
G1 X148.37 Y154.87 E.08167
G1 X145.63 Y154.87 E.08167
G1 X145.63 Y152.17 E.08047
G1 E-.91 F1800
;WIPE_START
G1 F30000
G1 X146.83 Y152.152 E-.09
;WIPE_END
G1 X148.79 Y151.71 Z3.2
G1 Z2.8
G1 E1 F1800 ; CC2_CARD retract 1.0
G1 F2723
G1 X148.79 Y155.29 E.1067
G1 X145.21 Y155.29 E.1067
G1 X145.21 Y151.71 E.1067
G1 X148.75 Y151.71 E.10551
G1 E-.91 F1800
;WIPE_START
G1 F30000
G1 X148.763 Y152.91 E-.09
;WIPE_END
G1 X147.18 Y145.443 Z3.2
G1 X145.63 Y138.13 Z3.2
G1 Z2.8
G1 E1 F1800 ; CC2_CARD retract 1.0
G1 F2723
G1 X148.37 Y138.13 E.08167
G1 X148.37 Y140.87 E.08167
G1 X145.63 Y140.87 E.08167
G1 X145.63 Y138.17 E.08047
G1 X145.21 Y137.71 F30000
G1 F2723
G1 X148.79 Y137.71 E.1067
G1 X148.79 Y141.29 E.1067
G1 X145.21 Y141.29 E.1067
G1 X145.21 Y137.75 E.10551
G1 E-.91 F1800
;WIPE_START
G1 F30000
G1 X146.41 Y137.737 E-.09
;WIPE_END
G1 X140.238 Y142.227 Z3.2
G1 X126.63 Y152.13 Z3.2
G1 Z2.8
G1 E1 F1800 ; CC2_CARD retract 1.0
G1 F2723
G1 X129.37 Y152.13 E.08167
G1 X129.37 Y154.87 E.08167
G1 X126.63 Y154.87 E.08167
G1 X126.63 Y152.17 E.08047
G1 X126.21 Y151.71 F30000
G1 F2723
G1 X129.79 Y151.71 E.1067
G1 X129.79 Y155.29 E.1067
G1 X126.21 Y155.29 E.1067
G1 X126.21 Y151.75 E.10551
G1 E-.728 F1800
;WIPE_START
G1 F30000
G1 X127.41 Y151.737 E-.072
;WIPE_END
G1 X128.498 Y144.182 Z3.2
G1 X129.37 Y138.13 Z3.2
G1 Z2.8
G1 E.8 F1800 ; CC2_CARD retract 0.8
G1 F2723
G1 X129.37 Y140.87 E.08167
G1 X126.63 Y140.87 E.08167
G1 X126.63 Y138.13 E.08167
G1 X129.33 Y138.13 E.08047
G1 X129.79 Y137.71 F30000
G1 F2723
G1 X129.79 Y141.29 E.1067
G1 X126.21 Y141.29 E.1067
G1 X126.21 Y137.71 E.1067
G1 X129.75 Y137.71 E.10551
G1 E-.728 F1800
;WIPE_START
G1 F30000
G1 X129.763 Y138.91 E-.072
;WIPE_END
G1 X122.136 Y138.641 Z3.2
G1 X107.63 Y138.13 Z3.2
G1 Z2.8
G1 E.8 F1800 ; CC2_CARD retract 0.8
G1 F2723
G1 X110.37 Y138.13 E.08167
G1 X110.37 Y140.87 E.08167
G1 X107.63 Y140.87 E.08167
G1 X107.63 Y138.17 E.08047
G1 X107.21 Y137.71 F30000
G1 F2723
G1 X110.79 Y137.71 E.1067
G1 X110.79 Y141.29 E.1067
G1 X107.21 Y141.29 E.1067
G1 X107.21 Y137.75 E.10551
G1 E-.546 F1800
;WIPE_START
G1 F30000
G1 X108.41 Y137.737 E-.054
;WIPE_END
G1 X107.997 Y145.358 Z3.2
G1 X107.63 Y152.13 Z3.2
G1 Z2.8
G1 E.6 F1800 ; CC2_CARD retract 0.6
G1 F2723
G1 X110.37 Y152.13 E.08167
G1 X110.37 Y154.87 E.08167
G1 X107.63 Y154.87 E.08167
G1 X107.63 Y152.17 E.08047
G1 E-.546 F1800
;WIPE_START
G1 F30000
G1 X108.83 Y152.152 E-.054
;WIPE_END
G1 X110.79 Y151.71 Z3.2
G1 Z2.8
G1 E.6 F1800 ; CC2_CARD retract 0.6
G1 F2723
G1 X110.79 Y155.29 E.1067
G1 X107.21 Y155.29 E.1067
G1 X107.21 Y151.71 E.1067
G1 X110.75 Y151.71 E.10551
G1 E-.546 F1800
;WIPE_START
G1 F30000
G1 X110.763 Y152.91 E-.054
;WIPE_END
G1 X104.55 Y157.343 Z3.2
G1 X101.384 Y159.602 Z3.2
G1 Z2.8
G1 E.6 F1800 ; CC2_CARD retract 0.6
SET_VELOCITY_LIMIT ACCEL=3000
;TYPE:Inner wall
;WIDTH:0.45
G1 F2723
G1 X101.879 Y160.458 E.03181
G1 X102.769 Y162 E.05729
G1 X101.384 Y164.398 E.08909
G1 X98.616 Y164.398 E.08909
G1 X97.231 Y162 E.08909
G1 X98.616 Y159.602 E.08909
G1 X101.344 Y159.602 E.08781
SET_VELOCITY_LIMIT ACCEL=2000
G1 X101.611 Y159.21 F30000
;TYPE:Outer wall
;WIDTH:0.42
G1 F2723
G1 X102.218 Y160.262 E.03621
G1 X103.222 Y162 E.05981
G1 X101.611 Y164.79 E.09602
G1 X98.389 Y164.79 E.09602
G1 X96.778 Y162 E.09602
G1 X98.389 Y159.21 E.09602
G1 X101.571 Y159.21 E.09483
G1 E-.728 F1800
;WIPE_START
G1 F30000
G1 X102.2 Y160.232 E-.072
;WIPE_END
G1 X98.659 Y160.223 Z3.2
G1 Z2.8
G1 E.8 F1800
SET_VELOCITY_LIMIT ACCEL=3000
;TYPE:Sparse infill
;WIDTH:0.45
G1 F2723
G1 X98.817 Y159.95 E.01014
G1 X100.13 Y159.95 E.04225
G1 X99.031 Y164.05 E.13656
G1 X99.266 Y164.05 E.00755
G1 X98.203 Y162.987 E.04838
G1 X97.633 Y162 E.03665
G1 X97.652 Y161.968 E.00119
G1 X101.719 Y160.878 E.13549
G1 X102.367 Y162 E.04168
G1 X102.2 Y162.288 E.01071
G1 E-.728 F1800
;WIPE_START
G1 F30000
G1 X102.367 Y162 E-.01997
G1 X101.933 Y161.249 E-.05203
;WIPE_END
G1 X95.638 Y156.934 Z3.2
G1 X88.63 Y152.13 Z3.2
G1 Z2.8
G1 E.8 F1800
SET_VELOCITY_LIMIT ACCEL=2000
;TYPE:Outer wall
;WIDTH:0.42
G1 F2723
G1 X91.37 Y152.13 E.08167
G1 X91.37 Y154.87 E.08167
G1 X88.63 Y154.87 E.08167
G1 X88.63 Y152.17 E.08047
G1 X88.21 Y151.71 F30000
G1 F2723
G1 X91.79 Y151.71 E.1067
G1 X91.79 Y155.29 E.1067
G1 X88.21 Y155.29 E.1067
G1 X88.21 Y151.75 E.10551
G1 E-.364 F1800
;WIPE_START
G1 F30000
G1 X89.41 Y151.737 E-.036
;WIPE_END
G1 X90.498 Y144.182 Z3.2
G1 X91.37 Y138.13 Z3.2
G1 Z2.8
G1 E.4 F1800 ; CC2_CARD retract 0.4
G1 F2723
G1 X91.37 Y140.87 E.08167
G1 X88.63 Y140.87 E.08167
G1 X88.63 Y138.13 E.08167
G1 X91.33 Y138.13 E.08047
G1 X91.79 Y137.71 F30000
G1 F2723
G1 X91.79 Y141.29 E.1067
G1 X88.21 Y141.29 E.1067
G1 X88.21 Y137.71 E.1067
G1 X91.75 Y137.71 E.10551
;LAYER_CHANGE
;Z:3
;HEIGHT:0.2
;BEFORE_LAYER_CHANGE
;3
G92 E0

G1 E-.364 F1800
;WIPE_START
G1 F30000
G1 X91.763 Y138.91 E-.036
;WIPE_END
M73 L15
;LAYER:15
SET_PRINT_STATS_INFO TOTAL_LAYER=35 CURRENT_LAYER=15
;_SET_FAN_SPEED_CHANGING_LAYER

G1 X92.7197 Y139.358 Z3.05714
G1 X92.9657 Y140.385 Z3.11429
G1 X92.3162 Y141.218 Z3.17143
G1 X91.2602 Y141.229 Z3.22857
G1 X90.5929 Y140.41 Z3.28571
G1 X90.8169 Y139.378 Z3.34286
G1 X91.7634 Y138.91 Z3.4
G1 X164.63 Y138.13 Z3.4
G1 Z3
G1 E.4 F1800 ; CC2_CARD retract 0.4
G1 F2726
G1 X167.37 Y138.13 E.08167
G1 X167.37 Y140.87 E.08167
G1 X164.63 Y140.87 E.08167
G1 X164.63 Y138.17 E.08047
G1 X164.21 Y137.71 F30000
G1 F2726
G1 X167.79 Y137.71 E.1067
G1 X167.79 Y141.29 E.1067
G1 X164.21 Y141.29 E.1067
G1 X164.21 Y137.75 E.10551
G1 E-1.092 F1800
M73 P88 R3
;WIPE_START
G1 F30000
G1 X165.41 Y137.737 E-.108
;WIPE_END
G1 X164.997 Y145.358 Z3.4
G1 X164.63 Y152.13 Z3.4
G1 Z3
G1 E1.2 F1800 ; CC2_CARD retract 1.2
G1 F2726
G1 X167.37 Y152.13 E.08167
G1 X167.37 Y154.87 E.08167
G1 X164.63 Y154.87 E.08167
G1 X164.63 Y152.17 E.08047
G1 X164.21 Y151.71 F30000
G1 F2726
G1 X167.79 Y151.71 E.1067
G1 X167.79 Y155.29 E.1067
G1 X164.21 Y155.29 E.1067
G1 X164.21 Y151.75 E.10551
G1 E-1.092 F1800
;WIPE_START
G1 F30000
G1 X165.41 Y151.737 E-.108
;WIPE_END
G1 X157.779 Y151.888 Z3.4
G1 X145.63 Y152.13 Z3.4
G1 Z3
G1 E1.2 F1800 ; CC2_CARD retract 1.2
G1 F2726
G1 X148.37 Y152.13 E.08167
G1 X148.37 Y154.87 E.08167
G1 X145.63 Y154.87 E.08167
G1 X145.63 Y152.17 E.08047
G1 E-.91 F1800
;WIPE_START
G1 F30000
G1 X146.83 Y152.152 E-.09
;WIPE_END
G1 X148.79 Y151.71 Z3.4
G1 Z3
G1 E1 F1800 ; CC2_CARD retract 1.0
G1 F2726
G1 X148.79 Y155.29 E.1067
G1 X145.21 Y155.29 E.1067
G1 X145.21 Y151.71 E.1067
G1 X148.75 Y151.71 E.10551
G1 E-.91 F1800
;WIPE_START
G1 F30000
G1 X148.763 Y152.91 E-.09
;WIPE_END
G1 X147.18 Y145.443 Z3.4
G1 X145.63 Y138.13 Z3.4
G1 Z3
G1 E1 F1800 ; CC2_CARD retract 1.0
G1 F2726
G1 X148.37 Y138.13 E.08167
G1 X148.37 Y140.87 E.08167
G1 X145.63 Y140.87 E.08167
G1 X145.63 Y138.17 E.08047
G1 X145.21 Y137.71 F30000
G1 F2726
G1 X148.79 Y137.71 E.1067
G1 X148.79 Y141.29 E.1067
G1 X145.21 Y141.29 E.1067
G1 X145.21 Y137.75 E.10551
G1 E-.91 F1800
;WIPE_START
G1 F30000
G1 X146.41 Y137.737 E-.09
;WIPE_END
G1 X140.238 Y142.227 Z3.4
G1 X126.63 Y152.13 Z3.4
G1 Z3
G1 E1 F1800 ; CC2_CARD retract 1.0
G1 F2726
G1 X129.37 Y152.13 E.08167
G1 X129.37 Y154.87 E.08167
G1 X126.63 Y154.87 E.08167
G1 X126.63 Y152.17 E.08047
G1 X126.21 Y151.71 F30000
G1 F2726
G1 X129.79 Y151.71 E.1067
G1 X129.79 Y155.29 E.1067
G1 X126.21 Y155.29 E.1067
G1 X126.21 Y151.75 E.10551
G1 E-.728 F1800
;WIPE_START
G1 F30000
G1 X127.41 Y151.737 E-.072
;WIPE_END
G1 X128.498 Y144.182 Z3.4
G1 X129.37 Y138.13 Z3.4
G1 Z3
G1 E.8 F1800 ; CC2_CARD retract 0.8
G1 F2726
G1 X129.37 Y140.87 E.08167
G1 X126.63 Y140.87 E.08167
G1 X126.63 Y138.13 E.08167
G1 X129.33 Y138.13 E.08047
G1 X129.79 Y137.71 F30000
G1 F2726
G1 X129.79 Y141.29 E.1067
G1 X126.21 Y141.29 E.1067
G1 X126.21 Y137.71 E.1067
G1 X129.75 Y137.71 E.10551
G1 E-.728 F1800
;WIPE_START
G1 F30000
G1 X129.763 Y138.91 E-.072
;WIPE_END
G1 X122.136 Y138.641 Z3.4
G1 X107.63 Y138.13 Z3.4
G1 Z3
G1 E.8 F1800 ; CC2_CARD retract 0.8
G1 F2726
G1 X110.37 Y138.13 E.08167
G1 X110.37 Y140.87 E.08167
G1 X107.63 Y140.87 E.08167
G1 X107.63 Y138.17 E.08047
G1 X107.21 Y137.71 F30000
G1 F2726
G1 X110.79 Y137.71 E.1067
G1 X110.79 Y141.29 E.1067
G1 X107.21 Y141.29 E.1067
G1 X107.21 Y137.75 E.10551
G1 E-.546 F1800
;WIPE_START
G1 F30000
G1 X108.41 Y137.737 E-.054
;WIPE_END
G1 X107.997 Y145.358 Z3.4
G1 X107.63 Y152.13 Z3.4
G1 Z3
G1 E.6 F1800 ; CC2_CARD retract 0.6
G1 F2726
G1 X110.37 Y152.13 E.08167
G1 X110.37 Y154.87 E.08167
G1 X107.63 Y154.87 E.08167
G1 X107.63 Y152.17 E.08047
G1 E-.546 F1800
;WIPE_START
G1 F30000
G1 X108.83 Y152.152 E-.054
;WIPE_END
G1 X110.79 Y151.71 Z3.4
G1 Z3
G1 E.6 F1800 ; CC2_CARD retract 0.6
G1 F2726
G1 X110.79 Y155.29 E.1067
G1 X107.21 Y155.29 E.1067
G1 X107.21 Y151.71 E.1067
G1 X110.75 Y151.71 E.10551
G1 E-.546 F1800
;WIPE_START
G1 F30000
G1 X110.763 Y152.91 E-.054
;WIPE_END
G1 X104.55 Y157.343 Z3.4
G1 X101.384 Y159.602 Z3.4
G1 Z3
G1 E.6 F1800 ; CC2_CARD retract 0.6
SET_VELOCITY_LIMIT ACCEL=3000
;TYPE:Inner wall
;WIDTH:0.45
G1 F2726
G1 X101.928 Y160.544 E.03499
G1 X102.769 Y162 E.0541
G1 X101.384 Y164.398 E.08909
G1 X98.616 Y164.398 E.08909
G1 X97.231 Y162 E.08909
G1 X98.616 Y159.602 E.08909
G1 X101.344 Y159.602 E.08781
SET_VELOCITY_LIMIT ACCEL=2000
G1 X101.611 Y159.21 F30000
;TYPE:Outer wall
;WIDTH:0.42
G1 F2726
G1 X102.268 Y160.348 E.03916
G1 X103.222 Y162 E.05686
G1 X101.611 Y164.79 E.09602
G1 X98.389 Y164.79 E.09602
G1 X96.778 Y162 E.09602
G1 X98.389 Y159.21 E.09602
G1 X101.571 Y159.21 E.09483
G1 E-.728 F1800
;WIPE_START
G1 F30000
G1 X102.198 Y160.233 E-.072
;WIPE_END
G1 X98.586 Y160.35 Z3.4
G1 Z3
G1 E.8 F1800
SET_VELOCITY_LIMIT ACCEL=3000
;TYPE:Sparse infill
;WIDTH:0.45
G1 F2726
G1 X98.817 Y159.95 E.01486
G1 X99.983 Y159.95 E.03754
G1 X98.885 Y164.05 E.13656
G1 X99.466 Y164.05 E.0187
G1 X97.93 Y162.513 E.06991
G1 X97.693 Y162.103 E.01523
G1 X101.792 Y161.005 E.13656
G1 X102.367 Y162 E.03697
G1 X102.127 Y162.415 E.01542
G1 E-.728 F1800
;WIPE_START
G1 F30000
G1 X102.367 Y162 E-.02876
G1 X102.006 Y161.376 E-.04324
;WIPE_END
G1 X95.728 Y157.036 Z3.4
G1 X88.63 Y152.13 Z3.4
G1 Z3
G1 E.8 F1800
SET_VELOCITY_LIMIT ACCEL=2000
;TYPE:Outer wall
;WIDTH:0.42
G1 F2726
G1 X91.37 Y152.13 E.08167
G1 X91.37 Y154.87 E.08167
G1 X88.63 Y154.87 E.08167
G1 X88.63 Y152.17 E.08047
G1 X88.21 Y151.71 F30000
G1 F2726
G1 X91.79 Y151.71 E.1067
G1 X91.79 Y155.29 E.1067
G1 X88.21 Y155.29 E.1067
G1 X88.21 Y151.75 E.10551
G1 E-.364 F1800
;WIPE_START
G1 F30000
G1 X89.41 Y151.737 E-.036
;WIPE_END
G1 X90.498 Y144.182 Z3.4
G1 X91.37 Y138.13 Z3.4
G1 Z3
G1 E.4 F1800 ; CC2_CARD retract 0.4
G1 F2726
G1 X91.37 Y140.87 E.08167
G1 X88.63 Y140.87 E.08167
G1 X88.63 Y138.13 E.08167
G1 X91.33 Y138.13 E.08047
G1 X91.79 Y137.71 F30000
G1 F2726
G1 X91.79 Y141.29 E.1067
G1 X88.21 Y141.29 E.1067
G1 X88.21 Y137.71 E.1067
G1 X91.75 Y137.71 E.10551
;LAYER_CHANGE
;Z:3.2
;HEIGHT:0.2
;BEFORE_LAYER_CHANGE
;3.2
G92 E0

G1 E-.364 F1800
;WIPE_START
G1 F30000
G1 X91.763 Y138.91 E-.036
;WIPE_END
M73 L16
;LAYER:16
SET_PRINT_STATS_INFO TOTAL_LAYER=35 CURRENT_LAYER=16
;_SET_FAN_SPEED_CHANGING_LAYER

G1 X92.7197 Y139.358 Z3.25714
G1 X92.9657 Y140.385 Z3.31429
G1 X92.3162 Y141.218 Z3.37143
G1 X91.2602 Y141.229 Z3.42857
G1 X90.5929 Y140.41 Z3.48571
G1 X90.8169 Y139.378 Z3.54286
G1 X91.7634 Y138.91 Z3.6
G1 X164.63 Y138.13 Z3.6
G1 Z3.2
G1 E.4 F1800 ; CC2_CARD retract 0.4
G1 F2732
G1 X167.37 Y138.13 E.08167
G1 X167.37 Y140.87 E.08167
G1 X164.63 Y140.87 E.08167
G1 X164.63 Y138.17 E.08047
G1 X164.21 Y137.71 F30000
G1 F2732
G1 X167.79 Y137.71 E.1067
G1 X167.79 Y141.29 E.1067
G1 X164.21 Y141.29 E.1067
G1 X164.21 Y137.75 E.10551
G1 E-1.092 F1800
;WIPE_START
G1 F30000
G1 X165.41 Y137.737 E-.108
;WIPE_END
G1 X164.997 Y145.358 Z3.6
G1 X164.63 Y152.13 Z3.6
G1 Z3.2
G1 E1.2 F1800 ; CC2_CARD retract 1.2
G1 F2732
G1 X167.37 Y152.13 E.08167
G1 X167.37 Y154.87 E.08167
G1 X164.63 Y154.87 E.08167
G1 X164.63 Y152.17 E.08047
G1 X164.21 Y151.71 F30000
G1 F2732
G1 X167.79 Y151.71 E.1067
G1 X167.79 Y155.29 E.1067
G1 X164.21 Y155.29 E.1067
G1 X164.21 Y151.75 E.10551
G1 E-1.092 F1800
;WIPE_START
G1 F30000
G1 X165.41 Y151.737 E-.108
;WIPE_END
G1 X157.779 Y151.888 Z3.6
G1 X145.63 Y152.13 Z3.6
G1 Z3.2
G1 E1.2 F1800 ; CC2_CARD retract 1.2
G1 F2732
G1 X148.37 Y152.13 E.08167
G1 X148.37 Y154.87 E.08167
G1 X145.63 Y154.87 E.08167
G1 X145.63 Y152.17 E.08047
M73 P88 R2
G1 E-.91 F1800
;WIPE_START
G1 F30000
G1 X146.83 Y152.152 E-.09
;WIPE_END
G1 X148.79 Y151.71 Z3.6
G1 Z3.2
G1 E1 F1800 ; CC2_CARD retract 1.0
G1 F2732
G1 X148.79 Y155.29 E.1067
G1 X145.21 Y155.29 E.1067
G1 X145.21 Y151.71 E.1067
G1 X148.75 Y151.71 E.10551
G1 E-.91 F1800
;WIPE_START
G1 F30000
G1 X148.763 Y152.91 E-.09
;WIPE_END
G1 X147.18 Y145.443 Z3.6
G1 X145.63 Y138.13 Z3.6
M73 P89 R2
G1 Z3.2
G1 E1 F1800 ; CC2_CARD retract 1.0
G1 F2732
G1 X148.37 Y138.13 E.08167
G1 X148.37 Y140.87 E.08167
G1 X145.63 Y140.87 E.08167
G1 X145.63 Y138.17 E.08047
G1 X145.21 Y137.71 F30000
G1 F2732
G1 X148.79 Y137.71 E.1067
G1 X148.79 Y141.29 E.1067
G1 X145.21 Y141.29 E.1067
G1 X145.21 Y137.75 E.10551
G1 E-.91 F1800
;WIPE_START
G1 F30000
G1 X146.41 Y137.737 E-.09
;WIPE_END
G1 X140.238 Y142.227 Z3.6
G1 X126.63 Y152.13 Z3.6
G1 Z3.2
G1 E1 F1800 ; CC2_CARD retract 1.0
G1 F2732
G1 X129.37 Y152.13 E.08167
G1 X129.37 Y154.87 E.08167
G1 X126.63 Y154.87 E.08167
G1 X126.63 Y152.17 E.08047
G1 X126.21 Y151.71 F30000
G1 F2732
G1 X129.79 Y151.71 E.1067
G1 X129.79 Y155.29 E.1067
G1 X126.21 Y155.29 E.1067
G1 X126.21 Y151.75 E.10551
G1 E-.728 F1800
;WIPE_START
G1 F30000
G1 X127.41 Y151.737 E-.072
;WIPE_END
G1 X128.498 Y144.182 Z3.6
G1 X129.37 Y138.13 Z3.6
G1 Z3.2
G1 E.8 F1800 ; CC2_CARD retract 0.8
G1 F2732
G1 X129.37 Y140.87 E.08167
G1 X126.63 Y140.87 E.08167
G1 X126.63 Y138.13 E.08167
G1 X129.33 Y138.13 E.08047
G1 X129.79 Y137.71 F30000
G1 F2732
G1 X129.79 Y141.29 E.1067
G1 X126.21 Y141.29 E.1067
G1 X126.21 Y137.71 E.1067
G1 X129.75 Y137.71 E.10551
G1 E-.728 F1800
;WIPE_START
G1 F30000
G1 X129.763 Y138.91 E-.072
;WIPE_END
G1 X122.136 Y138.641 Z3.6
G1 X107.63 Y138.13 Z3.6
G1 Z3.2
G1 E.8 F1800 ; CC2_CARD retract 0.8
G1 F2732
G1 X110.37 Y138.13 E.08167
G1 X110.37 Y140.87 E.08167
G1 X107.63 Y140.87 E.08167
G1 X107.63 Y138.17 E.08047
G1 X107.21 Y137.71 F30000
G1 F2732
G1 X110.79 Y137.71 E.1067
G1 X110.79 Y141.29 E.1067
G1 X107.21 Y141.29 E.1067
G1 X107.21 Y137.75 E.10551
G1 E-.546 F1800
;WIPE_START
G1 F30000
G1 X108.41 Y137.737 E-.054
;WIPE_END
G1 X107.997 Y145.358 Z3.6
G1 X107.63 Y152.13 Z3.6
G1 Z3.2
G1 E.6 F1800 ; CC2_CARD retract 0.6
G1 F2732
G1 X110.37 Y152.13 E.08167
G1 X110.37 Y154.87 E.08167
G1 X107.63 Y154.87 E.08167
G1 X107.63 Y152.17 E.08047
G1 E-.546 F1800
;WIPE_START
G1 F30000
G1 X108.83 Y152.152 E-.054
;WIPE_END
G1 X110.79 Y151.71 Z3.6
G1 Z3.2
G1 E.6 F1800 ; CC2_CARD retract 0.6
G1 F2732
G1 X110.79 Y155.29 E.1067
G1 X107.21 Y155.29 E.1067
G1 X107.21 Y151.71 E.1067
G1 X110.75 Y151.71 E.10551
G1 E-.546 F1800
;WIPE_START
G1 F30000
G1 X110.763 Y152.91 E-.054
;WIPE_END
G1 X104.55 Y157.343 Z3.6
G1 X101.384 Y159.602 Z3.6
G1 Z3.2
G1 E.6 F1800 ; CC2_CARD retract 0.6
SET_VELOCITY_LIMIT ACCEL=3000
;TYPE:Inner wall
;WIDTH:0.45
G1 F2732
G1 X101.978 Y160.63 E.03818
G1 X102.769 Y162 E.05092
G1 X101.384 Y164.398 E.08909
G1 X98.616 Y164.398 E.08909
G1 X97.231 Y162 E.08909
G1 X98.616 Y159.602 E.08909
G1 X101.344 Y159.602 E.08781
SET_VELOCITY_LIMIT ACCEL=2000
G1 X101.611 Y159.21 F30000
;TYPE:Outer wall
;WIDTH:0.42
G1 F2732
G1 X102.317 Y160.434 E.04211
G1 X103.222 Y162 E.05391
G1 X101.611 Y164.79 E.09602
G1 X98.389 Y164.79 E.09602
G1 X96.778 Y162 E.09602
G1 X98.389 Y159.21 E.09602
G1 X101.571 Y159.21 E.09483
G1 E-.728 F1800
;WIPE_START
G1 F30000
G1 X102.196 Y160.234 E-.072
;WIPE_END
G1 X98.513 Y160.477 Z3.6
G1 Z3.2
G1 E.8 F1800
SET_VELOCITY_LIMIT ACCEL=3000
;TYPE:Sparse infill
;WIDTH:0.45
G1 F2732
G1 X98.817 Y159.95 E.01957
G1 X99.837 Y159.95 E.03283
G1 X98.763 Y163.957 E.13347
G1 X98.817 Y164.05 E.00344
G1 X99.666 Y164.05 E.02733
G1 X97.656 Y162.04 E.09144
G1 X97.766 Y162.23 E.00706
G1 X101.865 Y161.132 E.13656
G1 X102.367 Y162 E.03226
G1 X102.054 Y162.542 E.02013
G1 E-.728 F1800
;WIPE_START
G1 F30000
G1 X102.367 Y162 E-.03754
G1 X102.08 Y161.503 E-.03446
;WIPE_END
G1 X95.818 Y157.139 Z3.6
G1 X88.63 Y152.13 Z3.6
G1 Z3.2
G1 E.8 F1800
SET_VELOCITY_LIMIT ACCEL=2000
;TYPE:Outer wall
;WIDTH:0.42
G1 F2732
G1 X91.37 Y152.13 E.08167
G1 X91.37 Y154.87 E.08167
G1 X88.63 Y154.87 E.08167
G1 X88.63 Y152.17 E.08047
G1 X88.21 Y151.71 F30000
G1 F2732
G1 X91.79 Y151.71 E.1067
G1 X91.79 Y155.29 E.1067
G1 X88.21 Y155.29 E.1067
G1 X88.21 Y151.75 E.10551
G1 E-.364 F1800
;WIPE_START
G1 F30000
G1 X89.41 Y151.737 E-.036
;WIPE_END
G1 X90.498 Y144.182 Z3.6
G1 X91.37 Y138.13 Z3.6
G1 Z3.2
G1 E.4 F1800 ; CC2_CARD retract 0.4
G1 F2732
G1 X91.37 Y140.87 E.08167
G1 X88.63 Y140.87 E.08167
G1 X88.63 Y138.13 E.08167
G1 X91.33 Y138.13 E.08047
G1 X91.79 Y137.71 F30000
G1 F2732
G1 X91.79 Y141.29 E.1067
G1 X88.21 Y141.29 E.1067
G1 X88.21 Y137.71 E.1067
G1 X91.75 Y137.71 E.10551
;LAYER_CHANGE
;Z:3.4
;HEIGHT:0.2
;BEFORE_LAYER_CHANGE
;3.4
G92 E0

G1 E-.364 F1800
;WIPE_START
G1 F30000
G1 X91.763 Y138.91 E-.036
;WIPE_END
M73 L17
;LAYER:17
SET_PRINT_STATS_INFO TOTAL_LAYER=35 CURRENT_LAYER=17
;_SET_FAN_SPEED_CHANGING_LAYER

G1 X92.7197 Y139.358 Z3.45714
G1 X92.9657 Y140.385 Z3.51429
G1 X92.3162 Y141.218 Z3.57143
G1 X91.2602 Y141.229 Z3.62857
G1 X90.5929 Y140.41 Z3.68571
G1 X90.8169 Y139.378 Z3.74286
G1 X91.7634 Y138.91 Z3.8
G1 X164.63 Y138.13 Z3.8
G1 Z3.4
G1 E.4 F1800 ; CC2_CARD retract 0.4
G1 F2739
G1 X167.37 Y138.13 E.08167
G1 X167.37 Y140.87 E.08167
G1 X164.63 Y140.87 E.08167
G1 X164.63 Y138.17 E.08047
G1 X164.21 Y137.71 F30000
G1 F2739
G1 X167.79 Y137.71 E.1067
G1 X167.79 Y141.29 E.1067
G1 X164.21 Y141.29 E.1067
G1 X164.21 Y137.75 E.10551
G1 E-1.092 F1800
;WIPE_START
G1 F30000
G1 X165.41 Y137.737 E-.108
;WIPE_END
G1 X164.997 Y145.358 Z3.8
G1 X164.63 Y152.13 Z3.8
G1 Z3.4
G1 E1.2 F1800 ; CC2_CARD retract 1.2
G1 F2739
G1 X167.37 Y152.13 E.08167
G1 X167.37 Y154.87 E.08167
G1 X164.63 Y154.87 E.08167
G1 X164.63 Y152.17 E.08047
G1 X164.21 Y151.71 F30000
G1 F2739
G1 X167.79 Y151.71 E.1067
G1 X167.79 Y155.29 E.1067
G1 X164.21 Y155.29 E.1067
G1 X164.21 Y151.75 E.10551
G1 E-1.092 F1800
;WIPE_START
G1 F30000
G1 X165.41 Y151.737 E-.108
;WIPE_END
G1 X157.779 Y151.888 Z3.8
G1 X145.63 Y152.13 Z3.8
G1 Z3.4
G1 E1.2 F1800 ; CC2_CARD retract 1.2
G1 F2739
G1 X148.37 Y152.13 E.08167
G1 X148.37 Y154.87 E.08167
G1 X145.63 Y154.87 E.08167
G1 X145.63 Y152.17 E.08047
G1 E-.91 F1800
;WIPE_START
G1 F30000
G1 X146.83 Y152.152 E-.09
;WIPE_END
G1 X148.79 Y151.71 Z3.8
G1 Z3.4
G1 E1 F1800 ; CC2_CARD retract 1.0
G1 F2739
G1 X148.79 Y155.29 E.1067
G1 X145.21 Y155.29 E.1067
G1 X145.21 Y151.71 E.1067
G1 X148.75 Y151.71 E.10551
G1 E-.91 F1800
;WIPE_START
G1 F30000
G1 X148.763 Y152.91 E-.09
;WIPE_END
G1 X147.18 Y145.443 Z3.8
G1 X145.63 Y138.13 Z3.8
G1 Z3.4
G1 E1 F1800 ; CC2_CARD retract 1.0
G1 F2739
G1 X148.37 Y138.13 E.08167
G1 X148.37 Y140.87 E.08167
G1 X145.63 Y140.87 E.08167
G1 X145.63 Y138.17 E.08047
G1 X145.21 Y137.71 F30000
G1 F2739
G1 X148.79 Y137.71 E.1067
G1 X148.79 Y141.29 E.1067
G1 X145.21 Y141.29 E.1067
G1 X145.21 Y137.75 E.10551
G1 E-.91 F1800
;WIPE_START
G1 F30000
G1 X146.41 Y137.737 E-.09
;WIPE_END
G1 X140.238 Y142.227 Z3.8
G1 X126.63 Y152.13 Z3.8
G1 Z3.4
G1 E1 F1800 ; CC2_CARD retract 1.0
G1 F2739
G1 X129.37 Y152.13 E.08167
G1 X129.37 Y154.87 E.08167
G1 X126.63 Y154.87 E.08167
G1 X126.63 Y152.17 E.08047
G1 X126.21 Y151.71 F30000
G1 F2739
G1 X129.79 Y151.71 E.1067
G1 X129.79 Y155.29 E.1067
G1 X126.21 Y155.29 E.1067
G1 X126.21 Y151.75 E.10551
G1 E-.728 F1800
;WIPE_START
G1 F30000
G1 X127.41 Y151.737 E-.072
;WIPE_END
G1 X128.498 Y144.182 Z3.8
G1 X129.37 Y138.13 Z3.8
G1 Z3.4
G1 E.8 F1800 ; CC2_CARD retract 0.8
G1 F2739
G1 X129.37 Y140.87 E.08167
G1 X126.63 Y140.87 E.08167
M73 P90 R2
G1 X126.63 Y138.13 E.08167
G1 X129.33 Y138.13 E.08047
G1 X129.79 Y137.71 F30000
G1 F2739
G1 X129.79 Y141.29 E.1067
G1 X126.21 Y141.29 E.1067
G1 X126.21 Y137.71 E.1067
G1 X129.75 Y137.71 E.10551
G1 E-.728 F1800
;WIPE_START
G1 F30000
G1 X129.763 Y138.91 E-.072
;WIPE_END
G1 X122.136 Y138.641 Z3.8
G1 X107.63 Y138.13 Z3.8
G1 Z3.4
G1 E.8 F1800 ; CC2_CARD retract 0.8
G1 F2739
G1 X110.37 Y138.13 E.08167
G1 X110.37 Y140.87 E.08167
G1 X107.63 Y140.87 E.08167
G1 X107.63 Y138.17 E.08047
G1 X107.21 Y137.71 F30000
G1 F2739
G1 X110.79 Y137.71 E.1067
G1 X110.79 Y141.29 E.1067
G1 X107.21 Y141.29 E.1067
G1 X107.21 Y137.75 E.10551
G1 E-.546 F1800
;WIPE_START
G1 F30000
G1 X108.41 Y137.737 E-.054
;WIPE_END
G1 X107.997 Y145.358 Z3.8
G1 X107.63 Y152.13 Z3.8
G1 Z3.4
G1 E.6 F1800 ; CC2_CARD retract 0.6
G1 F2739
G1 X110.37 Y152.13 E.08167
G1 X110.37 Y154.87 E.08167
G1 X107.63 Y154.87 E.08167
G1 X107.63 Y152.17 E.08047
G1 E-.546 F1800
;WIPE_START
G1 F30000
G1 X108.83 Y152.152 E-.054
;WIPE_END
G1 X110.79 Y151.71 Z3.8
G1 Z3.4
G1 E.6 F1800 ; CC2_CARD retract 0.6
G1 F2739
G1 X110.79 Y155.29 E.1067
G1 X107.21 Y155.29 E.1067
G1 X107.21 Y151.71 E.1067
G1 X110.75 Y151.71 E.10551
G1 E-.546 F1800
;WIPE_START
G1 F30000
G1 X110.763 Y152.91 E-.054
;WIPE_END
G1 X104.55 Y157.343 Z3.8
G1 X101.384 Y159.602 Z3.8
G1 Z3.4
G1 E.6 F1800 ; CC2_CARD retract 0.6
SET_VELOCITY_LIMIT ACCEL=3000
;TYPE:Inner wall
;WIDTH:0.45
G1 F2739
G1 X102.027 Y160.715 E.04136
G1 X102.769 Y162 E.04773
G1 X101.384 Y164.398 E.08909
G1 X98.616 Y164.398 E.08909
G1 X97.231 Y162 E.08909
G1 X98.616 Y159.602 E.08909
G1 X101.344 Y159.602 E.08781
SET_VELOCITY_LIMIT ACCEL=2000
G1 X101.611 Y159.21 F30000
;TYPE:Outer wall
;WIDTH:0.42
G1 F2739
G1 X102.367 Y160.519 E.04506
G1 X103.222 Y162 E.05096
G1 X101.611 Y164.79 E.09602
G1 X98.389 Y164.79 E.09602
G1 X96.778 Y162 E.09602
G1 X98.389 Y159.21 E.09602
G1 X101.571 Y159.21 E.09483
G1 E-.728 F1800
;WIPE_START
G1 F30000
G1 X102.194 Y160.235 E-.072
;WIPE_END
G1 X98.439 Y160.604 Z3.8
G1 Z3.4
G1 E.8 F1800
SET_VELOCITY_LIMIT ACCEL=3000
;TYPE:Sparse infill
;WIDTH:0.45
G1 F2739
G1 X98.817 Y159.95 E.02428
G1 X99.69 Y159.95 E.02812
G1 X98.663 Y163.784 E.1277
G1 X98.817 Y164.05 E.00987
G1 X99.866 Y164.05 E.03376
G1 X97.7 Y161.884 E.09855
G1 X97.633 Y162 E.00431
G1 X97.839 Y162.357 E.01326
G1 X101.939 Y161.258 E.13656
G1 X102.367 Y162 E.02755
G1 X101.981 Y162.669 E.02484
G1 E-.728 F1800
;WIPE_START
G1 F30000
G1 X102.367 Y162 E-.04633
G1 X102.153 Y161.629 E-.02567
;WIPE_END
G1 X95.907 Y157.242 Z3.8
G1 X88.63 Y152.13 Z3.8
G1 Z3.4
G1 E.8 F1800
SET_VELOCITY_LIMIT ACCEL=2000
;TYPE:Outer wall
;WIDTH:0.42
G1 F2739
G1 X91.37 Y152.13 E.08167
G1 X91.37 Y154.87 E.08167
G1 X88.63 Y154.87 E.08167
G1 X88.63 Y152.17 E.08047
G1 X88.21 Y151.71 F30000
G1 F2739
G1 X91.79 Y151.71 E.1067
G1 X91.79 Y155.29 E.1067
G1 X88.21 Y155.29 E.1067
G1 X88.21 Y151.75 E.10551
G1 E-.364 F1800
;WIPE_START
G1 F30000
G1 X89.41 Y151.737 E-.036
;WIPE_END
G1 X90.498 Y144.182 Z3.8
G1 X91.37 Y138.13 Z3.8
G1 Z3.4
G1 E.4 F1800 ; CC2_CARD retract 0.4
G1 F2739
G1 X91.37 Y140.87 E.08167
G1 X88.63 Y140.87 E.08167
G1 X88.63 Y138.13 E.08167
G1 X91.33 Y138.13 E.08047
G1 X91.79 Y137.71 F30000
G1 F2739
G1 X91.79 Y141.29 E.1067
G1 X88.21 Y141.29 E.1067
G1 X88.21 Y137.71 E.1067
G1 X91.75 Y137.71 E.10551
;LAYER_CHANGE
;Z:3.6
;HEIGHT:0.2
;BEFORE_LAYER_CHANGE
;3.6
G92 E0

G1 E-.364 F1800
;WIPE_START
G1 F30000
G1 X91.763 Y138.91 E-.036
;WIPE_END
M73 L18
;LAYER:18
SET_PRINT_STATS_INFO TOTAL_LAYER=35 CURRENT_LAYER=18
;_SET_FAN_SPEED_CHANGING_LAYER

G1 X92.7197 Y139.358 Z3.65714
G1 X92.9657 Y140.385 Z3.71429
G1 X92.3162 Y141.218 Z3.77143
G1 X91.2602 Y141.229 Z3.82857
G1 X90.5929 Y140.41 Z3.88571
G1 X90.8169 Y139.378 Z3.94286
G1 X91.7634 Y138.91 Z4
G1 X164.63 Y138.13 Z4
G1 Z3.6
G1 E.4 F1800 ; CC2_CARD retract 0.4
G1 F2743
G1 X167.37 Y138.13 E.08167
G1 X167.37 Y140.87 E.08167
G1 X164.63 Y140.87 E.08167
G1 X164.63 Y138.17 E.08047
G1 X164.21 Y137.71 F30000
G1 F2743
G1 X167.79 Y137.71 E.1067
G1 X167.79 Y141.29 E.1067
G1 X164.21 Y141.29 E.1067
G1 X164.21 Y137.75 E.10551
G1 E-1.092 F1800
;WIPE_START
G1 F30000
G1 X165.41 Y137.737 E-.108
;WIPE_END
G1 X164.997 Y145.358 Z4
G1 X164.63 Y152.13 Z4
G1 Z3.6
G1 E1.2 F1800 ; CC2_CARD retract 1.2
G1 F2743
G1 X167.37 Y152.13 E.08167
G1 X167.37 Y154.87 E.08167
G1 X164.63 Y154.87 E.08167
G1 X164.63 Y152.17 E.08047
G1 X164.21 Y151.71 F30000
G1 F2743
G1 X167.79 Y151.71 E.1067
G1 X167.79 Y155.29 E.1067
G1 X164.21 Y155.29 E.1067
G1 X164.21 Y151.75 E.10551
G1 E-1.092 F1800
;WIPE_START
G1 F30000
G1 X165.41 Y151.737 E-.108
;WIPE_END
G1 X157.779 Y151.888 Z4
G1 X145.63 Y152.13 Z4
G1 Z3.6
G1 E1.2 F1800 ; CC2_CARD retract 1.2
G1 F2743
G1 X148.37 Y152.13 E.08167
G1 X148.37 Y154.87 E.08167
G1 X145.63 Y154.87 E.08167
G1 X145.63 Y152.17 E.08047
G1 E-.91 F1800
;WIPE_START
G1 F30000
G1 X146.83 Y152.152 E-.09
;WIPE_END
G1 X148.79 Y151.71 Z4
G1 Z3.6
G1 E1 F1800 ; CC2_CARD retract 1.0
G1 F2743
G1 X148.79 Y155.29 E.1067
G1 X145.21 Y155.29 E.1067
G1 X145.21 Y151.71 E.1067
G1 X148.75 Y151.71 E.10551
G1 E-.91 F1800
;WIPE_START
G1 F30000
G1 X148.763 Y152.91 E-.09
;WIPE_END
G1 X147.18 Y145.443 Z4
G1 X145.63 Y138.13 Z4
G1 Z3.6
G1 E1 F1800 ; CC2_CARD retract 1.0
G1 F2743
G1 X148.37 Y138.13 E.08167
G1 X148.37 Y140.87 E.08167
G1 X145.63 Y140.87 E.08167
G1 X145.63 Y138.17 E.08047
G1 X145.21 Y137.71 F30000
G1 F2743
G1 X148.79 Y137.71 E.1067
G1 X148.79 Y141.29 E.1067
G1 X145.21 Y141.29 E.1067
G1 X145.21 Y137.75 E.10551
G1 E-.91 F1800
;WIPE_START
G1 F30000
G1 X146.41 Y137.737 E-.09
;WIPE_END
G1 X140.238 Y142.227 Z4
G1 X126.63 Y152.13 Z4
G1 Z3.6
G1 E1 F1800 ; CC2_CARD retract 1.0
G1 F2743
G1 X129.37 Y152.13 E.08167
G1 X129.37 Y154.87 E.08167
G1 X126.63 Y154.87 E.08167
G1 X126.63 Y152.17 E.08047
G1 X126.21 Y151.71 F30000
G1 F2743
G1 X129.79 Y151.71 E.1067
G1 X129.79 Y155.29 E.1067
G1 X126.21 Y155.29 E.1067
G1 X126.21 Y151.75 E.10551
G1 E-.728 F1800
;WIPE_START
G1 F30000
G1 X127.41 Y151.737 E-.072
;WIPE_END
G1 X128.498 Y144.182 Z4
G1 X129.37 Y138.13 Z4
G1 Z3.6
G1 E.8 F1800 ; CC2_CARD retract 0.8
G1 F2743
G1 X129.37 Y140.87 E.08167
G1 X126.63 Y140.87 E.08167
G1 X126.63 Y138.13 E.08167
G1 X129.33 Y138.13 E.08047
G1 X129.79 Y137.71 F30000
G1 F2743
G1 X129.79 Y141.29 E.1067
G1 X126.21 Y141.29 E.1067
G1 X126.21 Y137.71 E.1067
G1 X129.75 Y137.71 E.10551
G1 E-.728 F1800
;WIPE_START
G1 F30000
G1 X129.763 Y138.91 E-.072
;WIPE_END
G1 X122.136 Y138.641 Z4
G1 X107.63 Y138.13 Z4
G1 Z3.6
G1 E.8 F1800 ; CC2_CARD retract 0.8
G1 F2743
G1 X110.37 Y138.13 E.08167
G1 X110.37 Y140.87 E.08167
G1 X107.63 Y140.87 E.08167
G1 X107.63 Y138.17 E.08047
G1 X107.21 Y137.71 F30000
G1 F2743
G1 X110.79 Y137.71 E.1067
G1 X110.79 Y141.29 E.1067
G1 X107.21 Y141.29 E.1067
G1 X107.21 Y137.75 E.10551
G1 E-.546 F1800
;WIPE_START
G1 F30000
G1 X108.41 Y137.737 E-.054
;WIPE_END
G1 X107.997 Y145.358 Z4
G1 X107.63 Y152.13 Z4
G1 Z3.6
G1 E.6 F1800 ; CC2_CARD retract 0.6
G1 F2743
G1 X110.37 Y152.13 E.08167
G1 X110.37 Y154.87 E.08167
G1 X107.63 Y154.87 E.08167
G1 X107.63 Y152.17 E.08047
G1 E-.546 F1800
;WIPE_START
G1 F30000
G1 X108.83 Y152.152 E-.054
;WIPE_END
G1 X110.79 Y151.71 Z4
G1 Z3.6
M73 P91 R2
G1 E.6 F1800 ; CC2_CARD retract 0.6
G1 F2743
G1 X110.79 Y155.29 E.1067
G1 X107.21 Y155.29 E.1067
G1 X107.21 Y151.71 E.1067
G1 X110.75 Y151.71 E.10551
G1 E-.546 F1800
;WIPE_START
G1 F30000
G1 X110.763 Y152.91 E-.054
;WIPE_END
G1 X104.55 Y157.343 Z4
G1 X101.384 Y159.602 Z4
G1 Z3.6
G1 E.6 F1800 ; CC2_CARD retract 0.6
SET_VELOCITY_LIMIT ACCEL=3000
;TYPE:Inner wall
;WIDTH:0.45
G1 F2743
G1 X102.769 Y162 E.08909
G1 X101.384 Y164.398 E.08909
G1 X98.616 Y164.398 E.08909
G1 X97.231 Y162 E.08909
G1 X98.616 Y159.602 E.08909
G1 X101.344 Y159.602 E.08781
SET_VELOCITY_LIMIT ACCEL=2000
G1 X101.611 Y159.21 F30000
;TYPE:Outer wall
;WIDTH:0.42
G1 F2743
G1 X103.222 Y162 E.09602
G1 X101.611 Y164.79 E.09602
G1 X98.389 Y164.79 E.09602
G1 X96.778 Y162 E.09602
G1 X98.389 Y159.21 E.09602
G1 X101.571 Y159.21 E.09483
G1 E-.728 F1800
;WIPE_START
G1 F30000
G1 X102.182 Y160.243 E-.072
;WIPE_END
G1 X101.172 Y159.95 Z4
G1 Z3.6
G1 E.8 F1800
SET_VELOCITY_LIMIT ACCEL=3000
;TYPE:Sparse infill
;WIDTH:0.45
G1 F2743
G1 X99.544 Y159.95 E.05239
G1 X98.563 Y163.611 E.12193
G1 X98.817 Y164.05 E.01631
G1 X100.066 Y164.05 E.0402
G1 X97.773 Y161.757 E.10432
G1 X97.633 Y162 E.00902
G1 X97.913 Y162.484 E.01797
G1 X102.012 Y161.385 E.13656
G1 X102.367 Y162 E.02284
G1 X101.907 Y162.795 E.02955
G1 E-.728 F1800
;WIPE_START
G1 F30000
G1 X102.367 Y162 E-.05511
G1 X102.226 Y161.756 E-.01689
;WIPE_END
G1 X95.997 Y157.346 Z4
G1 X88.63 Y152.13 Z4
G1 Z3.6
G1 E.8 F1800
SET_VELOCITY_LIMIT ACCEL=2000
;TYPE:Outer wall
;WIDTH:0.42
G1 F2743
G1 X91.37 Y152.13 E.08167
G1 X91.37 Y154.87 E.08167
G1 X88.63 Y154.87 E.08167
G1 X88.63 Y152.17 E.08047
G1 X88.21 Y151.71 F30000
G1 F2743
G1 X91.79 Y151.71 E.1067
G1 X91.79 Y155.29 E.1067
G1 X88.21 Y155.29 E.1067
G1 X88.21 Y151.75 E.10551
G1 E-.364 F1800
;WIPE_START
G1 F30000
G1 X89.41 Y151.737 E-.036
;WIPE_END
G1 X90.498 Y144.182 Z4
G1 X91.37 Y138.13 Z4
G1 Z3.6
G1 E.4 F1800 ; CC2_CARD retract 0.4
G1 F2743
G1 X91.37 Y140.87 E.08167
G1 X88.63 Y140.87 E.08167
G1 X88.63 Y138.13 E.08167
G1 X91.33 Y138.13 E.08047
G1 X91.79 Y137.71 F30000
G1 F2743
G1 X91.79 Y141.29 E.1067
G1 X88.21 Y141.29 E.1067
G1 X88.21 Y137.71 E.1067
G1 X91.75 Y137.71 E.10551
;LAYER_CHANGE
;Z:3.8
;HEIGHT:0.2
;BEFORE_LAYER_CHANGE
;3.8
G92 E0

G1 E-.364 F1800
;WIPE_START
G1 F30000
G1 X91.763 Y138.91 E-.036
;WIPE_END
M73 L19
;LAYER:19
SET_PRINT_STATS_INFO TOTAL_LAYER=35 CURRENT_LAYER=19
;_SET_FAN_SPEED_CHANGING_LAYER

G1 X92.7197 Y139.358 Z3.85714
G1 X92.9657 Y140.385 Z3.91429
G1 X92.3162 Y141.218 Z3.97143
G1 X91.2602 Y141.229 Z4.02857
G1 X90.5929 Y140.41 Z4.08571
G1 X90.8169 Y139.378 Z4.14286
G1 X91.7634 Y138.91 Z4.2
G1 X164.63 Y138.13 Z4.2
G1 Z3.8
G1 E.4 F1800 ; CC2_CARD retract 0.4
G1 F2751
G1 X167.37 Y138.13 E.08167
G1 X167.37 Y140.87 E.08167
G1 X164.63 Y140.87 E.08167
G1 X164.63 Y138.17 E.08047
G1 X164.21 Y137.71 F30000
G1 F2751
G1 X167.79 Y137.71 E.1067
G1 X167.79 Y141.29 E.1067
G1 X164.21 Y141.29 E.1067
G1 X164.21 Y137.75 E.10551
G1 E-1.092 F1800
;WIPE_START
G1 F30000
G1 X165.41 Y137.737 E-.108
;WIPE_END
G1 X164.997 Y145.358 Z4.2
G1 X164.63 Y152.13 Z4.2
G1 Z3.8
G1 E1.2 F1800 ; CC2_CARD retract 1.2
G1 F2751
G1 X167.37 Y152.13 E.08167
G1 X167.37 Y154.87 E.08167
G1 X164.63 Y154.87 E.08167
G1 X164.63 Y152.17 E.08047
G1 X164.21 Y151.71 F30000
G1 F2751
G1 X167.79 Y151.71 E.1067
G1 X167.79 Y155.29 E.1067
G1 X164.21 Y155.29 E.1067
G1 X164.21 Y151.75 E.10551
G1 E-1.092 F1800
;WIPE_START
G1 F30000
G1 X165.41 Y151.737 E-.108
;WIPE_END
G1 X157.779 Y151.888 Z4.2
G1 X145.63 Y152.13 Z4.2
G1 Z3.8
G1 E1.2 F1800 ; CC2_CARD retract 1.2
G1 F2751
G1 X148.37 Y152.13 E.08167
G1 X148.37 Y154.87 E.08167
G1 X145.63 Y154.87 E.08167
G1 X145.63 Y152.17 E.08047
G1 E-.91 F1800
;WIPE_START
G1 F30000
G1 X146.83 Y152.152 E-.09
;WIPE_END
G1 X148.79 Y151.71 Z4.2
G1 Z3.8
G1 E1 F1800 ; CC2_CARD retract 1.0
G1 F2751
G1 X148.79 Y155.29 E.1067
G1 X145.21 Y155.29 E.1067
G1 X145.21 Y151.71 E.1067
G1 X148.75 Y151.71 E.10551
G1 E-.91 F1800
;WIPE_START
G1 F30000
G1 X148.763 Y152.91 E-.09
;WIPE_END
G1 X147.18 Y145.443 Z4.2
G1 X145.63 Y138.13 Z4.2
G1 Z3.8
G1 E1 F1800 ; CC2_CARD retract 1.0
G1 F2751
G1 X148.37 Y138.13 E.08167
G1 X148.37 Y140.87 E.08167
G1 X145.63 Y140.87 E.08167
G1 X145.63 Y138.17 E.08047
G1 X145.21 Y137.71 F30000
G1 F2751
G1 X148.79 Y137.71 E.1067
G1 X148.79 Y141.29 E.1067
G1 X145.21 Y141.29 E.1067
G1 X145.21 Y137.75 E.10551
G1 E-.91 F1800
;WIPE_START
G1 F30000
G1 X146.41 Y137.737 E-.09
;WIPE_END
G1 X140.238 Y142.227 Z4.2
G1 X126.63 Y152.13 Z4.2
G1 Z3.8
G1 E1 F1800 ; CC2_CARD retract 1.0
G1 F2751
G1 X129.37 Y152.13 E.08167
G1 X129.37 Y154.87 E.08167
G1 X126.63 Y154.87 E.08167
G1 X126.63 Y152.17 E.08047
G1 X126.21 Y151.71 F30000
G1 F2751
G1 X129.79 Y151.71 E.1067
G1 X129.79 Y155.29 E.1067
G1 X126.21 Y155.29 E.1067
G1 X126.21 Y151.75 E.10551
G1 E-.728 F1800
;WIPE_START
G1 F30000
G1 X127.41 Y151.737 E-.072
;WIPE_END
G1 X128.498 Y144.182 Z4.2
G1 X129.37 Y138.13 Z4.2
G1 Z3.8
G1 E.8 F1800 ; CC2_CARD retract 0.8
G1 F2751
G1 X129.37 Y140.87 E.08167
G1 X126.63 Y140.87 E.08167
G1 X126.63 Y138.13 E.08167
G1 X129.33 Y138.13 E.08047
G1 X129.79 Y137.71 F30000
G1 F2751
G1 X129.79 Y141.29 E.1067
G1 X126.21 Y141.29 E.1067
G1 X126.21 Y137.71 E.1067
G1 X129.75 Y137.71 E.10551
G1 E-.728 F1800
;WIPE_START
G1 F30000
G1 X129.763 Y138.91 E-.072
;WIPE_END
G1 X122.136 Y138.641 Z4.2
G1 X107.63 Y138.13 Z4.2
G1 Z3.8
G1 E.8 F1800 ; CC2_CARD retract 0.8
G1 F2751
G1 X110.37 Y138.13 E.08167
G1 X110.37 Y140.87 E.08167
G1 X107.63 Y140.87 E.08167
G1 X107.63 Y138.17 E.08047
G1 X107.21 Y137.71 F30000
G1 F2751
G1 X110.79 Y137.71 E.1067
G1 X110.79 Y141.29 E.1067
G1 X107.21 Y141.29 E.1067
G1 X107.21 Y137.75 E.10551
G1 E-.546 F1800
;WIPE_START
G1 F30000
G1 X108.41 Y137.737 E-.054
;WIPE_END
G1 X107.997 Y145.358 Z4.2
G1 X107.63 Y152.13 Z4.2
G1 Z3.8
G1 E.6 F1800 ; CC2_CARD retract 0.6
G1 F2751
G1 X110.37 Y152.13 E.08167
G1 X110.37 Y154.87 E.08167
G1 X107.63 Y154.87 E.08167
G1 X107.63 Y152.17 E.08047
G1 E-.546 F1800
;WIPE_START
G1 F30000
G1 X108.83 Y152.152 E-.054
;WIPE_END
G1 X110.79 Y151.71 Z4.2
G1 Z3.8
G1 E.6 F1800 ; CC2_CARD retract 0.6
G1 F2751
G1 X110.79 Y155.29 E.1067
G1 X107.21 Y155.29 E.1067
G1 X107.21 Y151.71 E.1067
G1 X110.75 Y151.71 E.10551
G1 E-.546 F1800
;WIPE_START
G1 F30000
G1 X110.763 Y152.91 E-.054
;WIPE_END
G1 X104.55 Y157.343 Z4.2
G1 X101.384 Y159.602 Z4.2
G1 Z3.8
G1 E.6 F1800 ; CC2_CARD retract 0.6
SET_VELOCITY_LIMIT ACCEL=3000
;TYPE:Inner wall
;WIDTH:0.45
G1 F2751
G1 X102.126 Y160.887 E.04773
G1 X102.769 Y162 E.04136
G1 X101.384 Y164.398 E.08909
G1 X98.616 Y164.398 E.08909
G1 X97.231 Y162 E.08909
G1 X98.616 Y159.602 E.08909
G1 X101.344 Y159.602 E.08781
SET_VELOCITY_LIMIT ACCEL=2000
G1 X101.611 Y159.21 F30000
;TYPE:Outer wall
;WIDTH:0.42
G1 F2751
G1 X102.466 Y160.691 E.05096
G1 X103.222 Y162 E.04506
G1 X101.611 Y164.79 E.09602
G1 X98.389 Y164.79 E.09602
G1 X96.778 Y162 E.09602
G1 X98.389 Y159.21 E.09602
G1 X101.571 Y159.21 E.09483
G1 E-.728 F1800
;WIPE_START
G1 F30000
G1 X102.191 Y160.237 E-.072
;WIPE_END
G1 X101.271 Y160.102 Z4.2
G1 Z3.8
G1 E.8 F1800
SET_VELOCITY_LIMIT ACCEL=3000
;TYPE:Sparse infill
;WIDTH:0.45
G1 F2751
G1 X102.085 Y161.512 E.05239
G1 X97.986 Y162.61 E.13656
G1 X98.463 Y163.438 E.03073
G1 X99.398 Y159.95 E.11616
G1 X98.817 Y159.95 E.01869
G1 X97.847 Y161.63 E.06242
G1 X100.266 Y164.05 E.11009
G1 X101.183 Y164.05 E.02952
G1 X101.539 Y163.434 E.02287
G1 E-.728 F1800
;WIPE_START
G1 F30000
G1 X101.183 Y164.05 E-.04265
G1 X100.694 Y164.05 E-.02935
;WIPE_END
G1 X95.265 Y158.685 Z4.2
G1 X88.63 Y152.13 Z4.2
M73 P92 R2
G1 Z3.8
G1 E.8 F1800
SET_VELOCITY_LIMIT ACCEL=2000
;TYPE:Outer wall
;WIDTH:0.42
G1 F2751
G1 X91.37 Y152.13 E.08167
G1 X91.37 Y154.87 E.08167
G1 X88.63 Y154.87 E.08167
G1 X88.63 Y152.17 E.08047
G1 X88.21 Y151.71 F30000
G1 F2751
G1 X91.79 Y151.71 E.1067
G1 X91.79 Y155.29 E.1067
G1 X88.21 Y155.29 E.1067
G1 X88.21 Y151.75 E.10551
G1 E-.364 F1800
;WIPE_START
G1 F30000
G1 X89.41 Y151.737 E-.036
;WIPE_END
G1 X90.498 Y144.182 Z4.2
G1 X91.37 Y138.13 Z4.2
G1 Z3.8
G1 E.4 F1800 ; CC2_CARD retract 0.4
G1 F2751
G1 X91.37 Y140.87 E.08167
G1 X88.63 Y140.87 E.08167
G1 X88.63 Y138.13 E.08167
G1 X91.33 Y138.13 E.08047
G1 X91.79 Y137.71 F30000
G1 F2751
G1 X91.79 Y141.29 E.1067
G1 X88.21 Y141.29 E.1067
G1 X88.21 Y137.71 E.1067
G1 X91.75 Y137.71 E.10551
;LAYER_CHANGE
;Z:4
;HEIGHT:0.2
;BEFORE_LAYER_CHANGE
;4
G92 E0

G1 E-.364 F1800
;WIPE_START
G1 F30000
G1 X91.763 Y138.91 E-.036
;WIPE_END
M73 L20
;LAYER:20
SET_PRINT_STATS_INFO TOTAL_LAYER=35 CURRENT_LAYER=20
;_SET_FAN_SPEED_CHANGING_LAYER

G1 X92.7197 Y139.358 Z4.05714
G1 X92.9657 Y140.385 Z4.11429
G1 X92.3162 Y141.218 Z4.17143
G1 X91.2602 Y141.229 Z4.22857
G1 X90.5929 Y140.41 Z4.28571
G1 X90.8169 Y139.378 Z4.34286
G1 X91.7634 Y138.91 Z4.4
G1 X164.63 Y138.13 Z4.4
G1 Z4
G1 E.4 F1800 ; CC2_CARD retract 0.4
G1 F2746
G1 X167.37 Y138.13 E.08167
G1 X167.37 Y140.87 E.08167
G1 X164.63 Y140.87 E.08167
G1 X164.63 Y138.17 E.08047
G1 X164.21 Y137.71 F30000
G1 F2746
G1 X167.79 Y137.71 E.1067
G1 X167.79 Y141.29 E.1067
G1 X164.21 Y141.29 E.1067
G1 X164.21 Y137.75 E.10551
G1 E-1.092 F1800
;WIPE_START
G1 F30000
G1 X165.41 Y137.737 E-.108
;WIPE_END
G1 X164.997 Y145.358 Z4.4
G1 X164.63 Y152.13 Z4.4
G1 Z4
G1 E1.2 F1800 ; CC2_CARD retract 1.2
G1 F2746
G1 X167.37 Y152.13 E.08167
G1 X167.37 Y154.87 E.08167
G1 X164.63 Y154.87 E.08167
G1 X164.63 Y152.17 E.08047
G1 X164.21 Y151.71 F30000
G1 F2746
G1 X167.79 Y151.71 E.1067
G1 X167.79 Y155.29 E.1067
G1 X164.21 Y155.29 E.1067
G1 X164.21 Y151.75 E.10551
G1 E-1.092 F1800
;WIPE_START
G1 F30000
G1 X165.41 Y151.737 E-.108
;WIPE_END
G1 X157.779 Y151.888 Z4.4
G1 X145.63 Y152.13 Z4.4
G1 Z4
G1 E1.2 F1800 ; CC2_CARD retract 1.2
G1 F2746
G1 X148.37 Y152.13 E.08167
G1 X148.37 Y154.87 E.08167
G1 X145.63 Y154.87 E.08167
G1 X145.63 Y152.17 E.08047
G1 E-.91 F1800
;WIPE_START
G1 F30000
G1 X146.83 Y152.152 E-.09
;WIPE_END
G1 X148.79 Y151.71 Z4.4
G1 Z4
G1 E1 F1800 ; CC2_CARD retract 1.0
G1 F2746
G1 X148.79 Y155.29 E.1067
G1 X145.21 Y155.29 E.1067
G1 X145.21 Y151.71 E.1067
G1 X148.75 Y151.71 E.10551
G1 E-.91 F1800
;WIPE_START
G1 F30000
G1 X148.763 Y152.91 E-.09
;WIPE_END
G1 X147.18 Y145.443 Z4.4
G1 X145.63 Y138.13 Z4.4
G1 Z4
G1 E1 F1800 ; CC2_CARD retract 1.0
G1 F2746
G1 X148.37 Y138.13 E.08167
G1 X148.37 Y140.87 E.08167
G1 X145.63 Y140.87 E.08167
G1 X145.63 Y138.17 E.08047
G1 X145.21 Y137.71 F30000
G1 F2746
G1 X148.79 Y137.71 E.1067
G1 X148.79 Y141.29 E.1067
G1 X145.21 Y141.29 E.1067
G1 X145.21 Y137.75 E.10551
G1 E-.91 F1800
;WIPE_START
G1 F30000
G1 X146.41 Y137.737 E-.09
;WIPE_END
G1 X140.238 Y142.227 Z4.4
G1 X126.63 Y152.13 Z4.4
G1 Z4
G1 E1 F1800 ; CC2_CARD retract 1.0
G1 F2746
G1 X129.37 Y152.13 E.08167
G1 X129.37 Y154.87 E.08167
G1 X126.63 Y154.87 E.08167
G1 X126.63 Y152.17 E.08047
G1 X126.21 Y151.71 F30000
G1 F2746
G1 X129.79 Y151.71 E.1067
G1 X129.79 Y155.29 E.1067
G1 X126.21 Y155.29 E.1067
G1 X126.21 Y151.75 E.10551
G1 E-.728 F1800
;WIPE_START
G1 F30000
G1 X127.41 Y151.737 E-.072
;WIPE_END
G1 X128.498 Y144.182 Z4.4
G1 X129.37 Y138.13 Z4.4
G1 Z4
G1 E.8 F1800 ; CC2_CARD retract 0.8
G1 F2746
G1 X129.37 Y140.87 E.08167
G1 X126.63 Y140.87 E.08167
G1 X126.63 Y138.13 E.08167
G1 X129.33 Y138.13 E.08047
G1 X129.79 Y137.71 F30000
G1 F2746
G1 X129.79 Y141.29 E.1067
G1 X126.21 Y141.29 E.1067
G1 X126.21 Y137.71 E.1067
G1 X129.75 Y137.71 E.10551
G1 E-.728 F1800
;WIPE_START
G1 F30000
G1 X129.763 Y138.91 E-.072
;WIPE_END
G1 X122.136 Y138.641 Z4.4
G1 X107.63 Y138.13 Z4.4
G1 Z4
G1 E.8 F1800 ; CC2_CARD retract 0.8
G1 F2746
G1 X110.37 Y138.13 E.08167
G1 X110.37 Y140.87 E.08167
G1 X107.63 Y140.87 E.08167
G1 X107.63 Y138.17 E.08047
G1 X107.21 Y137.71 F30000
G1 F2746
G1 X110.79 Y137.71 E.1067
G1 X110.79 Y141.29 E.1067
G1 X107.21 Y141.29 E.1067
G1 X107.21 Y137.75 E.10551
G1 E-.546 F1800
;WIPE_START
G1 F30000
G1 X108.41 Y137.737 E-.054
;WIPE_END
G1 X107.997 Y145.358 Z4.4
G1 X107.63 Y152.13 Z4.4
M73 P92 R1
G1 Z4
G1 E.6 F1800 ; CC2_CARD retract 0.6
G1 F2746
G1 X110.37 Y152.13 E.08167
G1 X110.37 Y154.87 E.08167
G1 X107.63 Y154.87 E.08167
G1 X107.63 Y152.17 E.08047
G1 E-.546 F1800
;WIPE_START
G1 F30000
G1 X108.83 Y152.152 E-.054
;WIPE_END
G1 X110.79 Y151.71 Z4.4
G1 Z4
G1 E.6 F1800 ; CC2_CARD retract 0.6
G1 F2746
G1 X110.79 Y155.29 E.1067
G1 X107.21 Y155.29 E.1067
G1 X107.21 Y151.71 E.1067
G1 X110.75 Y151.71 E.10551
G1 E-.546 F1800
;WIPE_START
G1 F30000
G1 X110.763 Y152.91 E-.054
;WIPE_END
G1 X104.55 Y157.343 Z4.4
G1 X101.384 Y159.602 Z4.4
G1 Z4
G1 E.6 F1800 ; CC2_CARD retract 0.6
SET_VELOCITY_LIMIT ACCEL=3000
;TYPE:Inner wall
;WIDTH:0.45
G1 F2746
G1 X102.176 Y160.972 E.05092
G1 X102.769 Y162 E.03818
G1 X101.384 Y164.398 E.08909
G1 X98.616 Y164.398 E.08909
G1 X97.231 Y162 E.08909
G1 X98.616 Y159.602 E.08909
G1 X101.344 Y159.602 E.08781
SET_VELOCITY_LIMIT ACCEL=2000
G1 X101.611 Y159.21 F30000
;TYPE:Outer wall
;WIDTH:0.42
G1 F2746
G1 X102.515 Y160.776 E.05391
G1 X103.222 Y162 E.04211
G1 X101.611 Y164.79 E.09602
G1 X98.389 Y164.79 E.09602
G1 X96.778 Y162 E.09602
G1 X98.389 Y159.21 E.09602
G1 X101.571 Y159.21 E.09483
G1 E-.728 F1800
;WIPE_START
G1 F30000
G1 X102.19 Y160.238 E-.072
;WIPE_END
G1 X101.344 Y160.229 Z4.4
G1 Z4
G1 E.8 F1800
SET_VELOCITY_LIMIT ACCEL=3000
;TYPE:Sparse infill
;WIDTH:0.45
G1 F2746
G1 X102.158 Y161.639 E.05239
G1 X98.059 Y162.737 E.13656
G1 X98.363 Y163.264 E.01958
G1 X99.251 Y159.95 E.11039
G1 X98.817 Y159.95 E.01398
G1 X97.92 Y161.504 E.05771
G1 X100.466 Y164.05 E.11586
G1 X101.183 Y164.05 E.02308
G1 X101.639 Y163.261 E.02931
G1 E-.728 F1800
;WIPE_START
G1 F30000
G1 X101.183 Y164.05 E-.05465
G1 X100.894 Y164.05 E-.01735
;WIPE_END
G1 X95.421 Y158.73 Z4.4
G1 X88.63 Y152.13 Z4.4
G1 Z4
G1 E.8 F1800
SET_VELOCITY_LIMIT ACCEL=2000
;TYPE:Outer wall
;WIDTH:0.42
G1 F2746
G1 X91.37 Y152.13 E.08167
G1 X91.37 Y154.87 E.08167
G1 X88.63 Y154.87 E.08167
G1 X88.63 Y152.17 E.08047
G1 X88.21 Y151.71 F30000
G1 F2746
G1 X91.79 Y151.71 E.1067
G1 X91.79 Y155.29 E.1067
G1 X88.21 Y155.29 E.1067
G1 X88.21 Y151.75 E.10551
G1 E-.364 F1800
;WIPE_START
G1 F30000
G1 X89.41 Y151.737 E-.036
;WIPE_END
G1 X90.498 Y144.182 Z4.4
G1 X91.37 Y138.13 Z4.4
G1 Z4
G1 E.4 F1800 ; CC2_CARD retract 0.4
G1 F2746
G1 X91.37 Y140.87 E.08167
G1 X88.63 Y140.87 E.08167
G1 X88.63 Y138.13 E.08167
G1 X91.33 Y138.13 E.08047
G1 X91.79 Y137.71 F30000
G1 F2746
G1 X91.79 Y141.29 E.1067
G1 X88.21 Y141.29 E.1067
G1 X88.21 Y137.71 E.1067
G1 X91.75 Y137.71 E.10551
;LAYER_CHANGE
;Z:4.2
;HEIGHT:0.2
;BEFORE_LAYER_CHANGE
;4.2
G92 E0

G1 E-.364 F1800
;WIPE_START
G1 F30000
G1 X91.763 Y138.91 E-.036
;WIPE_END
M73 L21
;LAYER:21
SET_PRINT_STATS_INFO TOTAL_LAYER=35 CURRENT_LAYER=21
;_SET_FAN_SPEED_CHANGING_LAYER

G1 X92.7197 Y139.358 Z4.25714
G1 X92.9657 Y140.385 Z4.31429
G1 X92.3162 Y141.218 Z4.37143
G1 X91.2602 Y141.229 Z4.42857
G1 X90.5929 Y140.41 Z4.48571
G1 X90.8169 Y139.378 Z4.54286
G1 X91.7634 Y138.91 Z4.6
G1 X164.63 Y138.13 Z4.6
G1 Z4.2
M73 P93 R1
G1 E.4 F1800 ; CC2_CARD retract 0.4
G1 F2740
G1 X167.37 Y138.13 E.08167
G1 X167.37 Y140.87 E.08167
G1 X164.63 Y140.87 E.08167
G1 X164.63 Y138.17 E.08047
G1 X164.21 Y137.71 F30000
G1 F2740
G1 X167.79 Y137.71 E.1067
G1 X167.79 Y141.29 E.1067
G1 X164.21 Y141.29 E.1067
G1 X164.21 Y137.75 E.10551
G1 E-1.092 F1800
;WIPE_START
G1 F30000
G1 X165.41 Y137.737 E-.108
;WIPE_END
G1 X164.997 Y145.358 Z4.6
G1 X164.63 Y152.13 Z4.6
G1 Z4.2
G1 E1.2 F1800 ; CC2_CARD retract 1.2
G1 F2740
G1 X167.37 Y152.13 E.08167
G1 X167.37 Y154.87 E.08167
G1 X164.63 Y154.87 E.08167
G1 X164.63 Y152.17 E.08047
G1 X164.21 Y151.71 F30000
G1 F2740
G1 X167.79 Y151.71 E.1067
G1 X167.79 Y155.29 E.1067
G1 X164.21 Y155.29 E.1067
G1 X164.21 Y151.75 E.10551
G1 E-1.092 F1800
;WIPE_START
G1 F30000
G1 X165.41 Y151.737 E-.108
;WIPE_END
G1 X157.779 Y151.888 Z4.6
G1 X145.63 Y152.13 Z4.6
G1 Z4.2
G1 E1.2 F1800 ; CC2_CARD retract 1.2
G1 F2740
G1 X148.37 Y152.13 E.08167
G1 X148.37 Y154.87 E.08167
G1 X145.63 Y154.87 E.08167
G1 X145.63 Y152.17 E.08047
G1 E-.91 F1800
;WIPE_START
G1 F30000
G1 X146.83 Y152.152 E-.09
;WIPE_END
G1 X148.79 Y151.71 Z4.6
G1 Z4.2
G1 E1 F1800 ; CC2_CARD retract 1.0
G1 F2740
G1 X148.79 Y155.29 E.1067
G1 X145.21 Y155.29 E.1067
G1 X145.21 Y151.71 E.1067
G1 X148.75 Y151.71 E.10551
G1 E-.91 F1800
;WIPE_START
G1 F30000
G1 X148.763 Y152.91 E-.09
;WIPE_END
G1 X147.18 Y145.443 Z4.6
G1 X145.63 Y138.13 Z4.6
G1 Z4.2
G1 E1 F1800 ; CC2_CARD retract 1.0
G1 F2740
G1 X148.37 Y138.13 E.08167
G1 X148.37 Y140.87 E.08167
G1 X145.63 Y140.87 E.08167
G1 X145.63 Y138.17 E.08047
G1 X145.21 Y137.71 F30000
G1 F2740
G1 X148.79 Y137.71 E.1067
G1 X148.79 Y141.29 E.1067
G1 X145.21 Y141.29 E.1067
G1 X145.21 Y137.75 E.10551
G1 E-.91 F1800
;WIPE_START
G1 F30000
G1 X146.41 Y137.737 E-.09
;WIPE_END
G1 X140.238 Y142.227 Z4.6
G1 X126.63 Y152.13 Z4.6
G1 Z4.2
G1 E1 F1800 ; CC2_CARD retract 1.0
G1 F2740
G1 X129.37 Y152.13 E.08167
G1 X129.37 Y154.87 E.08167
G1 X126.63 Y154.87 E.08167
G1 X126.63 Y152.17 E.08047
G1 X126.21 Y151.71 F30000
G1 F2740
G1 X129.79 Y151.71 E.1067
G1 X129.79 Y155.29 E.1067
G1 X126.21 Y155.29 E.1067
G1 X126.21 Y151.75 E.10551
G1 E-.728 F1800
;WIPE_START
G1 F30000
G1 X127.41 Y151.737 E-.072
;WIPE_END
G1 X128.498 Y144.182 Z4.6
G1 X129.37 Y138.13 Z4.6
G1 Z4.2
G1 E.8 F1800 ; CC2_CARD retract 0.8
G1 F2740
G1 X129.37 Y140.87 E.08167
G1 X126.63 Y140.87 E.08167
G1 X126.63 Y138.13 E.08167
G1 X129.33 Y138.13 E.08047
G1 X129.79 Y137.71 F30000
G1 F2740
G1 X129.79 Y141.29 E.1067
G1 X126.21 Y141.29 E.1067
G1 X126.21 Y137.71 E.1067
G1 X129.75 Y137.71 E.10551
G1 E-.728 F1800
;WIPE_START
G1 F30000
G1 X129.763 Y138.91 E-.072
;WIPE_END
G1 X122.136 Y138.641 Z4.6
G1 X107.63 Y138.13 Z4.6
G1 Z4.2
G1 E.8 F1800 ; CC2_CARD retract 0.8
G1 F2740
G1 X110.37 Y138.13 E.08167
G1 X110.37 Y140.87 E.08167
G1 X107.63 Y140.87 E.08167
G1 X107.63 Y138.17 E.08047
G1 X107.21 Y137.71 F30000
G1 F2740
G1 X110.79 Y137.71 E.1067
G1 X110.79 Y141.29 E.1067
G1 X107.21 Y141.29 E.1067
G1 X107.21 Y137.75 E.10551
G1 E-.546 F1800
;WIPE_START
G1 F30000
G1 X108.41 Y137.737 E-.054
;WIPE_END
G1 X107.997 Y145.358 Z4.6
G1 X107.63 Y152.13 Z4.6
G1 Z4.2
G1 E.6 F1800 ; CC2_CARD retract 0.6
G1 F2740
G1 X110.37 Y152.13 E.08167
G1 X110.37 Y154.87 E.08167
G1 X107.63 Y154.87 E.08167
G1 X107.63 Y152.17 E.08047
G1 E-.546 F1800
;WIPE_START
G1 F30000
G1 X108.83 Y152.152 E-.054
;WIPE_END
G1 X110.79 Y151.71 Z4.6
G1 Z4.2
G1 E.6 F1800 ; CC2_CARD retract 0.6
G1 F2740
G1 X110.79 Y155.29 E.1067
G1 X107.21 Y155.29 E.1067
G1 X107.21 Y151.71 E.1067
G1 X110.75 Y151.71 E.10551
G1 E-.546 F1800
;WIPE_START
G1 F30000
G1 X110.763 Y152.91 E-.054
;WIPE_END
G1 X104.55 Y157.343 Z4.6
G1 X101.384 Y159.602 Z4.6
G1 Z4.2
G1 E.6 F1800 ; CC2_CARD retract 0.6
SET_VELOCITY_LIMIT ACCEL=3000
;TYPE:Inner wall
;WIDTH:0.45
G1 F2740
G1 X102.225 Y161.058 E.0541
G1 X102.769 Y162 E.03499
G1 X101.384 Y164.398 E.08909
G1 X98.616 Y164.398 E.08909
G1 X97.231 Y162 E.08909
G1 X98.616 Y159.602 E.08909
G1 X101.344 Y159.602 E.08781
SET_VELOCITY_LIMIT ACCEL=2000
G1 X101.611 Y159.21 F30000
;TYPE:Outer wall
;WIDTH:0.42
G1 F2740
G1 X102.565 Y160.862 E.05686
G1 X103.222 Y162 E.03916
G1 X101.611 Y164.79 E.09602
G1 X98.389 Y164.79 E.09602
G1 X96.778 Y162 E.09602
G1 X98.389 Y159.21 E.09602
G1 X101.571 Y159.21 E.09483
G1 E-.728 F1800
;WIPE_START
G1 F30000
G1 X102.189 Y160.238 E-.072
;WIPE_END
G1 X101.417 Y160.355 Z4.6
G1 Z4.2
G1 E.8 F1800
SET_VELOCITY_LIMIT ACCEL=3000
;TYPE:Sparse infill
;WIDTH:0.45
G1 F2740
G1 X102.231 Y161.766 E.05239
G1 X98.132 Y162.864 E.13656
G1 X98.263 Y163.091 E.00844
G1 X99.105 Y159.95 E.10462
G1 X98.817 Y159.95 E.00927
G1 X97.993 Y161.377 E.053
G1 X100.666 Y164.05 E.12163
G1 X101.183 Y164.05 E.01665
G1 X101.739 Y163.088 E.03575
G1 E-.728 F1800
;WIPE_START
G1 F30000
G1 X101.183 Y164.05 E-.06665
G1 X101.094 Y164.05 E-.00535
;WIPE_END
G1 X95.578 Y158.775 Z4.6
G1 X88.63 Y152.13 Z4.6
G1 Z4.2
G1 E.8 F1800
SET_VELOCITY_LIMIT ACCEL=2000
;TYPE:Outer wall
;WIDTH:0.42
G1 F2740
G1 X91.37 Y152.13 E.08167
G1 X91.37 Y154.87 E.08167
G1 X88.63 Y154.87 E.08167
G1 X88.63 Y152.17 E.08047
G1 X88.21 Y151.71 F30000
G1 F2740
G1 X91.79 Y151.71 E.1067
G1 X91.79 Y155.29 E.1067
G1 X88.21 Y155.29 E.1067
G1 X88.21 Y151.75 E.10551
G1 E-.364 F1800
;WIPE_START
G1 F30000
G1 X89.41 Y151.737 E-.036
;WIPE_END
G1 X90.498 Y144.182 Z4.6
G1 X91.37 Y138.13 Z4.6
G1 Z4.2
G1 E.4 F1800 ; CC2_CARD retract 0.4
G1 F2740
G1 X91.37 Y140.87 E.08167
G1 X88.63 Y140.87 E.08167
G1 X88.63 Y138.13 E.08167
G1 X91.33 Y138.13 E.08047
G1 X91.79 Y137.71 F30000
G1 F2740
G1 X91.79 Y141.29 E.1067
G1 X88.21 Y141.29 E.1067
G1 X88.21 Y137.71 E.1067
G1 X91.75 Y137.71 E.10551
;LAYER_CHANGE
;Z:4.4
;HEIGHT:0.2
;BEFORE_LAYER_CHANGE
;4.4
G92 E0

G1 E-.364 F1800
;WIPE_START
G1 F30000
G1 X91.763 Y138.91 E-.036
;WIPE_END
M73 L22
;LAYER:22
SET_PRINT_STATS_INFO TOTAL_LAYER=35 CURRENT_LAYER=22
;_SET_FAN_SPEED_CHANGING_LAYER

G1 X92.7197 Y139.358 Z4.45714
G1 X92.9657 Y140.385 Z4.51429
G1 X92.3162 Y141.218 Z4.57143
G1 X91.2602 Y141.229 Z4.62857
G1 X90.5929 Y140.41 Z4.68571
G1 X90.8169 Y139.378 Z4.74286
G1 X91.7634 Y138.91 Z4.8
G1 X164.63 Y138.13 Z4.8
G1 Z4.4
G1 E.4 F1800 ; CC2_CARD retract 0.4
G1 F2744
G1 X167.37 Y138.13 E.08167
G1 X167.37 Y140.87 E.08167
G1 X164.63 Y140.87 E.08167
G1 X164.63 Y138.17 E.08047
G1 X164.21 Y137.71 F30000
G1 F2744
G1 X167.79 Y137.71 E.1067
G1 X167.79 Y141.29 E.1067
G1 X164.21 Y141.29 E.1067
G1 X164.21 Y137.75 E.10551
G1 E-1.092 F1800
;WIPE_START
G1 F30000
G1 X165.41 Y137.737 E-.108
;WIPE_END
G1 X164.997 Y145.358 Z4.8
G1 X164.63 Y152.13 Z4.8
G1 Z4.4
G1 E1.2 F1800 ; CC2_CARD retract 1.2
G1 F2744
G1 X167.37 Y152.13 E.08167
G1 X167.37 Y154.87 E.08167
G1 X164.63 Y154.87 E.08167
G1 X164.63 Y152.17 E.08047
G1 X164.21 Y151.71 F30000
G1 F2744
G1 X167.79 Y151.71 E.1067
G1 X167.79 Y155.29 E.1067
G1 X164.21 Y155.29 E.1067
G1 X164.21 Y151.75 E.10551
G1 E-1.092 F1800
;WIPE_START
G1 F30000
G1 X165.41 Y151.737 E-.108
;WIPE_END
G1 X157.779 Y151.888 Z4.8
G1 X145.63 Y152.13 Z4.8
G1 Z4.4
G1 E1.2 F1800 ; CC2_CARD retract 1.2
G1 F2744
G1 X148.37 Y152.13 E.08167
G1 X148.37 Y154.87 E.08167
G1 X145.63 Y154.87 E.08167
G1 X145.63 Y152.17 E.08047
M73 P94 R1
G1 E-.91 F1800
;WIPE_START
G1 F30000
G1 X146.83 Y152.152 E-.09
;WIPE_END
G1 X148.79 Y151.71 Z4.8
G1 Z4.4
G1 E1 F1800 ; CC2_CARD retract 1.0
G1 F2744
G1 X148.79 Y155.29 E.1067
G1 X145.21 Y155.29 E.1067
G1 X145.21 Y151.71 E.1067
G1 X148.75 Y151.71 E.10551
G1 E-.91 F1800
;WIPE_START
G1 F30000
G1 X148.763 Y152.91 E-.09
;WIPE_END
G1 X147.18 Y145.443 Z4.8
G1 X145.63 Y138.13 Z4.8
G1 Z4.4
G1 E1 F1800 ; CC2_CARD retract 1.0
G1 F2744
G1 X148.37 Y138.13 E.08167
G1 X148.37 Y140.87 E.08167
G1 X145.63 Y140.87 E.08167
G1 X145.63 Y138.17 E.08047
G1 X145.21 Y137.71 F30000
G1 F2744
G1 X148.79 Y137.71 E.1067
G1 X148.79 Y141.29 E.1067
G1 X145.21 Y141.29 E.1067
G1 X145.21 Y137.75 E.10551
G1 E-.91 F1800
;WIPE_START
G1 F30000
G1 X146.41 Y137.737 E-.09
;WIPE_END
G1 X140.238 Y142.227 Z4.8
G1 X126.63 Y152.13 Z4.8
G1 Z4.4
G1 E1 F1800 ; CC2_CARD retract 1.0
G1 F2744
G1 X129.37 Y152.13 E.08167
G1 X129.37 Y154.87 E.08167
G1 X126.63 Y154.87 E.08167
G1 X126.63 Y152.17 E.08047
G1 X126.21 Y151.71 F30000
G1 F2744
G1 X129.79 Y151.71 E.1067
G1 X129.79 Y155.29 E.1067
G1 X126.21 Y155.29 E.1067
G1 X126.21 Y151.75 E.10551
G1 E-.728 F1800
;WIPE_START
G1 F30000
G1 X127.41 Y151.737 E-.072
;WIPE_END
G1 X128.498 Y144.182 Z4.8
G1 X129.37 Y138.13 Z4.8
G1 Z4.4
G1 E.8 F1800 ; CC2_CARD retract 0.8
G1 F2744
G1 X129.37 Y140.87 E.08167
G1 X126.63 Y140.87 E.08167
G1 X126.63 Y138.13 E.08167
G1 X129.33 Y138.13 E.08047
G1 X129.79 Y137.71 F30000
G1 F2744
G1 X129.79 Y141.29 E.1067
G1 X126.21 Y141.29 E.1067
G1 X126.21 Y137.71 E.1067
G1 X129.75 Y137.71 E.10551
G1 E-.728 F1800
;WIPE_START
G1 F30000
G1 X129.763 Y138.91 E-.072
;WIPE_END
G1 X122.136 Y138.641 Z4.8
G1 X107.63 Y138.13 Z4.8
G1 Z4.4
G1 E.8 F1800 ; CC2_CARD retract 0.8
G1 F2744
G1 X110.37 Y138.13 E.08167
G1 X110.37 Y140.87 E.08167
G1 X107.63 Y140.87 E.08167
G1 X107.63 Y138.17 E.08047
G1 X107.21 Y137.71 F30000
G1 F2744
G1 X110.79 Y137.71 E.1067
G1 X110.79 Y141.29 E.1067
G1 X107.21 Y141.29 E.1067
G1 X107.21 Y137.75 E.10551
G1 E-.546 F1800
;WIPE_START
G1 F30000
G1 X108.41 Y137.737 E-.054
;WIPE_END
G1 X107.997 Y145.358 Z4.8
G1 X107.63 Y152.13 Z4.8
G1 Z4.4
G1 E.6 F1800 ; CC2_CARD retract 0.6
G1 F2744
G1 X110.37 Y152.13 E.08167
G1 X110.37 Y154.87 E.08167
G1 X107.63 Y154.87 E.08167
G1 X107.63 Y152.17 E.08047
G1 E-.546 F1800
;WIPE_START
G1 F30000
G1 X108.83 Y152.152 E-.054
;WIPE_END
G1 X110.79 Y151.71 Z4.8
G1 Z4.4
G1 E.6 F1800 ; CC2_CARD retract 0.6
G1 F2744
G1 X110.79 Y155.29 E.1067
G1 X107.21 Y155.29 E.1067
G1 X107.21 Y151.71 E.1067
G1 X110.75 Y151.71 E.10551
G1 E-.546 F1800
;WIPE_START
G1 F30000
G1 X110.763 Y152.91 E-.054
;WIPE_END
G1 X104.55 Y157.343 Z4.8
G1 X101.384 Y159.602 Z4.8
G1 Z4.4
G1 E.6 F1800 ; CC2_CARD retract 0.6
SET_VELOCITY_LIMIT ACCEL=3000
;TYPE:Inner wall
;WIDTH:0.45
G1 F2744
G1 X102.275 Y161.144 E.05729
G1 X102.769 Y162 E.03181
G1 X101.384 Y164.398 E.08909
G1 X98.616 Y164.398 E.08909
G1 X97.231 Y162 E.08909
G1 X98.616 Y159.602 E.08909
G1 X101.344 Y159.602 E.08781
SET_VELOCITY_LIMIT ACCEL=2000
G1 X101.611 Y159.21 F30000
;TYPE:Outer wall
;WIDTH:0.42
G1 F2744
G1 X102.614 Y160.948 E.05981
G1 X103.222 Y162 E.03621
G1 X101.611 Y164.79 E.09602
G1 X98.389 Y164.79 E.09602
G1 X96.778 Y162 E.09602
G1 X98.389 Y159.21 E.09602
G1 X101.571 Y159.21 E.09483
G1 E-.728 F1800
;WIPE_START
G1 F30000
G1 X102.188 Y160.239 E-.072
;WIPE_END
G1 X100.587 Y159.95 Z4.8
G1 Z4.4
G1 E.8 F1800
SET_VELOCITY_LIMIT ACCEL=3000
;TYPE:Sparse infill
;WIDTH:0.45
G1 F2744
G1 X98.958 Y159.95 E.05239
G1 X98.163 Y162.918 E.09886
G1 X98.205 Y162.991 E.00271
G1 X102.305 Y161.892 E.13656
G1 X102.367 Y162 E.004
G1 X101.183 Y164.05 E.07615
G1 X100.866 Y164.05 E.01021
G1 X98.066 Y161.25 E.1274
G1 X97.633 Y162 E.02787
G1 X98.014 Y162.66 E.02453
G1 E-.728 F1800
;WIPE_START
G1 F30000
G1 X97.633 Y162 E-.04574
G1 X97.852 Y161.621 E-.02626
;WIPE_END
G1 X92.533 Y156.147 Z4.8
G1 X88.63 Y152.13 Z4.8
G1 Z4.4
G1 E.8 F1800
SET_VELOCITY_LIMIT ACCEL=2000
;TYPE:Outer wall
;WIDTH:0.42
G1 F2744
G1 X91.37 Y152.13 E.08167
G1 X91.37 Y154.87 E.08167
G1 X88.63 Y154.87 E.08167
G1 X88.63 Y152.17 E.08047
G1 X88.21 Y151.71 F30000
G1 F2744
G1 X91.79 Y151.71 E.1067
G1 X91.79 Y155.29 E.1067
G1 X88.21 Y155.29 E.1067
G1 X88.21 Y151.75 E.10551
G1 E-.364 F1800
;WIPE_START
G1 F30000
G1 X89.41 Y151.737 E-.036
;WIPE_END
G1 X90.498 Y144.182 Z4.8
G1 X91.37 Y138.13 Z4.8
G1 Z4.4
G1 E.4 F1800 ; CC2_CARD retract 0.4
G1 F2744
G1 X91.37 Y140.87 E.08167
G1 X88.63 Y140.87 E.08167
G1 X88.63 Y138.13 E.08167
G1 X91.33 Y138.13 E.08047
G1 X91.79 Y137.71 F30000
G1 F2744
G1 X91.79 Y141.29 E.1067
G1 X88.21 Y141.29 E.1067
G1 X88.21 Y137.71 E.1067
G1 X91.75 Y137.71 E.10551
;LAYER_CHANGE
;Z:4.6
;HEIGHT:0.2
;BEFORE_LAYER_CHANGE
;4.6
G92 E0

G1 E-.364 F1800
;WIPE_START
G1 F30000
G1 X91.763 Y138.91 E-.036
;WIPE_END
M73 L23
;LAYER:23
SET_PRINT_STATS_INFO TOTAL_LAYER=35 CURRENT_LAYER=23
;_SET_FAN_SPEED_CHANGING_LAYER

G1 X92.7197 Y139.358 Z4.65714
G1 X92.9657 Y140.385 Z4.71429
G1 X92.3162 Y141.218 Z4.77143
G1 X91.2602 Y141.229 Z4.82857
G1 X90.5929 Y140.41 Z4.88571
G1 X90.8169 Y139.378 Z4.94286
G1 X91.7634 Y138.91 Z5
G1 X164.63 Y138.13 Z5
G1 Z4.6
G1 E.4 F1800 ; CC2_CARD retract 0.4
G1 F2743
G1 X167.37 Y138.13 E.08167
G1 X167.37 Y140.87 E.08167
G1 X164.63 Y140.87 E.08167
G1 X164.63 Y138.17 E.08047
G1 X164.21 Y137.71 F30000
G1 F2743
G1 X167.79 Y137.71 E.1067
G1 X167.79 Y141.29 E.1067
G1 X164.21 Y141.29 E.1067
G1 X164.21 Y137.75 E.10551
G1 E-1.092 F1800
;WIPE_START
G1 F30000
G1 X165.41 Y137.737 E-.108
;WIPE_END
G1 X164.997 Y145.358 Z5
G1 X164.63 Y152.13 Z5
G1 Z4.6
G1 E1.2 F1800 ; CC2_CARD retract 1.2
G1 F2743
G1 X167.37 Y152.13 E.08167
G1 X167.37 Y154.87 E.08167
G1 X164.63 Y154.87 E.08167
G1 X164.63 Y152.17 E.08047
G1 X164.21 Y151.71 F30000
G1 F2743
G1 X167.79 Y151.71 E.1067
G1 X167.79 Y155.29 E.1067
G1 X164.21 Y155.29 E.1067
G1 X164.21 Y151.75 E.10551
G1 E-1.092 F1800
;WIPE_START
G1 F30000
G1 X165.41 Y151.737 E-.108
;WIPE_END
G1 X157.779 Y151.888 Z5
G1 X145.63 Y152.13 Z5
G1 Z4.6
G1 E1.2 F1800 ; CC2_CARD retract 1.2
G1 F2743
G1 X148.37 Y152.13 E.08167
G1 X148.37 Y154.87 E.08167
G1 X145.63 Y154.87 E.08167
G1 X145.63 Y152.17 E.08047
G1 E-.91 F1800
;WIPE_START
G1 F30000
G1 X146.83 Y152.152 E-.09
;WIPE_END
G1 X148.79 Y151.71 Z5
G1 Z4.6
G1 E1 F1800 ; CC2_CARD retract 1.0
G1 F2743
G1 X148.79 Y155.29 E.1067
G1 X145.21 Y155.29 E.1067
G1 X145.21 Y151.71 E.1067
G1 X148.75 Y151.71 E.10551
G1 E-.91 F1800
;WIPE_START
G1 F30000
G1 X148.763 Y152.91 E-.09
;WIPE_END
G1 X147.18 Y145.443 Z5
G1 X145.63 Y138.13 Z5
G1 Z4.6
G1 E1 F1800 ; CC2_CARD retract 1.0
G1 F2743
G1 X148.37 Y138.13 E.08167
G1 X148.37 Y140.87 E.08167
G1 X145.63 Y140.87 E.08167
G1 X145.63 Y138.17 E.08047
G1 X145.21 Y137.71 F30000
G1 F2743
G1 X148.79 Y137.71 E.1067
G1 X148.79 Y141.29 E.1067
G1 X145.21 Y141.29 E.1067
G1 X145.21 Y137.75 E.10551
G1 E-.91 F1800
;WIPE_START
G1 F30000
G1 X146.41 Y137.737 E-.09
;WIPE_END
G1 X140.238 Y142.227 Z5
G1 X126.63 Y152.13 Z5
G1 Z4.6
G1 E1 F1800 ; CC2_CARD retract 1.0
G1 F2743
G1 X129.37 Y152.13 E.08167
G1 X129.37 Y154.87 E.08167
G1 X126.63 Y154.87 E.08167
G1 X126.63 Y152.17 E.08047
G1 X126.21 Y151.71 F30000
G1 F2743
G1 X129.79 Y151.71 E.1067
G1 X129.79 Y155.29 E.1067
M73 P95 R1
G1 X126.21 Y155.29 E.1067
G1 X126.21 Y151.75 E.10551
G1 E-.728 F1800
;WIPE_START
G1 F30000
G1 X127.41 Y151.737 E-.072
;WIPE_END
G1 X128.498 Y144.182 Z5
G1 X129.37 Y138.13 Z5
G1 Z4.6
G1 E.8 F1800 ; CC2_CARD retract 0.8
G1 F2743
G1 X129.37 Y140.87 E.08167
G1 X126.63 Y140.87 E.08167
G1 X126.63 Y138.13 E.08167
G1 X129.33 Y138.13 E.08047
G1 X129.79 Y137.71 F30000
G1 F2743
G1 X129.79 Y141.29 E.1067
G1 X126.21 Y141.29 E.1067
G1 X126.21 Y137.71 E.1067
G1 X129.75 Y137.71 E.10551
G1 E-.728 F1800
;WIPE_START
G1 F30000
G1 X129.763 Y138.91 E-.072
;WIPE_END
G1 X122.136 Y138.641 Z5
G1 X107.63 Y138.13 Z5
G1 Z4.6
G1 E.8 F1800 ; CC2_CARD retract 0.8
G1 F2743
G1 X110.37 Y138.13 E.08167
G1 X110.37 Y140.87 E.08167
G1 X107.63 Y140.87 E.08167
G1 X107.63 Y138.17 E.08047
G1 X107.21 Y137.71 F30000
G1 F2743
G1 X110.79 Y137.71 E.1067
G1 X110.79 Y141.29 E.1067
G1 X107.21 Y141.29 E.1067
G1 X107.21 Y137.75 E.10551
G1 E-.546 F1800
;WIPE_START
G1 F30000
G1 X108.41 Y137.737 E-.054
;WIPE_END
G1 X107.997 Y145.358 Z5
G1 X107.63 Y152.13 Z5
G1 Z4.6
G1 E.6 F1800 ; CC2_CARD retract 0.6
G1 F2743
G1 X110.37 Y152.13 E.08167
G1 X110.37 Y154.87 E.08167
G1 X107.63 Y154.87 E.08167
G1 X107.63 Y152.17 E.08047
G1 E-.546 F1800
;WIPE_START
G1 F30000
G1 X108.83 Y152.152 E-.054
;WIPE_END
G1 X110.79 Y151.71 Z5
G1 Z4.6
G1 E.6 F1800 ; CC2_CARD retract 0.6
G1 F2743
G1 X110.79 Y155.29 E.1067
G1 X107.21 Y155.29 E.1067
G1 X107.21 Y151.71 E.1067
G1 X110.75 Y151.71 E.10551
G1 E-.546 F1800
;WIPE_START
G1 F30000
G1 X110.763 Y152.91 E-.054
;WIPE_END
G1 X104.55 Y157.343 Z5
G1 X101.384 Y159.602 Z5
G1 Z4.6
G1 E.6 F1800 ; CC2_CARD retract 0.6
SET_VELOCITY_LIMIT ACCEL=3000
;TYPE:Inner wall
;WIDTH:0.45
G1 F2743
G1 X102.324 Y161.23 E.06047
G1 X102.769 Y162 E.02862
G1 X101.384 Y164.398 E.08909
G1 X98.616 Y164.398 E.08909
G1 X97.231 Y162 E.08909
G1 X98.616 Y159.602 E.08909
G1 X101.344 Y159.602 E.08781
SET_VELOCITY_LIMIT ACCEL=2000
G1 X101.611 Y159.21 F30000
;TYPE:Outer wall
;WIDTH:0.42
G1 F2743
G1 X102.664 Y161.034 E.06276
G1 X103.222 Y162 E.03326
G1 X101.611 Y164.79 E.09602
G1 X98.389 Y164.79 E.09602
G1 X96.778 Y162 E.09602
G1 X98.389 Y159.21 E.09602
G1 X101.571 Y159.21 E.09483
G1 E-.728 F1800
;WIPE_START
G1 F30000
G1 X102.188 Y160.239 E-.072
;WIPE_END
G1 X100.428 Y159.95 Z5
G1 Z4.6
G1 E.8 F1800
SET_VELOCITY_LIMIT ACCEL=3000
;TYPE:Sparse infill
;WIDTH:0.45
G1 F2743
G1 X98.817 Y159.95 E.05183
G1 X98.063 Y162.745 E.09312
G1 X98.279 Y163.118 E.01386
G1 X102.352 Y162.026 E.13568
G1 X101.183 Y164.05 E.07518
G1 X101.066 Y164.05 E.00378
G1 X98.139 Y161.123 E.13317
G1 X97.633 Y162 E.03258
G1 X97.941 Y162.533 E.01982
G1 E-.728 F1800
;WIPE_START
G1 F30000
G1 X97.633 Y162 E-.03695
G1 X97.925 Y161.494 E-.03505
;WIPE_END
G1 X92.548 Y156.077 Z5
G1 X88.63 Y152.13 Z5
G1 Z4.6
G1 E.8 F1800
SET_VELOCITY_LIMIT ACCEL=2000
;TYPE:Outer wall
;WIDTH:0.42
G1 F2743
G1 X91.37 Y152.13 E.08167
G1 X91.37 Y154.87 E.08167
G1 X88.63 Y154.87 E.08167
G1 X88.63 Y152.17 E.08047
G1 X88.21 Y151.71 F30000
G1 F2743
G1 X91.79 Y151.71 E.1067
G1 X91.79 Y155.29 E.1067
G1 X88.21 Y155.29 E.1067
G1 X88.21 Y151.75 E.10551
G1 E-.364 F1800
;WIPE_START
G1 F30000
G1 X89.41 Y151.737 E-.036
;WIPE_END
G1 X90.498 Y144.182 Z5
G1 X91.37 Y138.13 Z5
G1 Z4.6
G1 E.4 F1800 ; CC2_CARD retract 0.4
G1 F2743
G1 X91.37 Y140.87 E.08167
G1 X88.63 Y140.87 E.08167
G1 X88.63 Y138.13 E.08167
G1 X91.33 Y138.13 E.08047
G1 X91.79 Y137.71 F30000
G1 F2743
G1 X91.79 Y141.29 E.1067
G1 X88.21 Y141.29 E.1067
G1 X88.21 Y137.71 E.1067
G1 X91.75 Y137.71 E.10551
;LAYER_CHANGE
;Z:4.8
;HEIGHT:0.2
;BEFORE_LAYER_CHANGE
;4.8
G92 E0

G1 E-.364 F1800
;WIPE_START
G1 F30000
G1 X91.763 Y138.91 E-.036
;WIPE_END
M73 L24
;LAYER:24
SET_PRINT_STATS_INFO TOTAL_LAYER=35 CURRENT_LAYER=24
;_SET_FAN_SPEED_CHANGING_LAYER

G1 X92.7197 Y139.358 Z4.85714
G1 X92.9657 Y140.385 Z4.91429
G1 X92.3162 Y141.218 Z4.97143
G1 X91.2602 Y141.229 Z5.02857
G1 X90.5929 Y140.41 Z5.08571
G1 X90.8169 Y139.378 Z5.14286
G1 X91.7634 Y138.91 Z5.2
G1 X164.63 Y138.13 Z5.2
G1 Z4.8
G1 E.4 F1800 ; CC2_CARD retract 0.4
G1 F2724
G1 X167.37 Y138.13 E.08167
G1 X167.37 Y140.87 E.08167
G1 X164.63 Y140.87 E.08167
G1 X164.63 Y138.17 E.08047
G1 X164.21 Y137.71 F30000
G1 F2724
G1 X167.79 Y137.71 E.1067
G1 X167.79 Y141.29 E.1067
G1 X164.21 Y141.29 E.1067
G1 X164.21 Y137.75 E.10551
G1 E-1.092 F1800
;WIPE_START
G1 F30000
G1 X165.41 Y137.737 E-.108
;WIPE_END
G1 X164.997 Y145.358 Z5.2
G1 X164.63 Y152.13 Z5.2
G1 Z4.8
G1 E1.2 F1800 ; CC2_CARD retract 1.2
G1 F2724
G1 X167.37 Y152.13 E.08167
G1 X167.37 Y154.87 E.08167
G1 X164.63 Y154.87 E.08167
G1 X164.63 Y152.17 E.08047
G1 X164.21 Y151.71 F30000
G1 F2724
G1 X167.79 Y151.71 E.1067
G1 X167.79 Y155.29 E.1067
G1 X164.21 Y155.29 E.1067
G1 X164.21 Y151.75 E.10551
G1 E-1.092 F1800
;WIPE_START
G1 F30000
G1 X165.41 Y151.737 E-.108
;WIPE_END
G1 X157.779 Y151.888 Z5.2
G1 X145.63 Y152.13 Z5.2
G1 Z4.8
G1 E1.2 F1800 ; CC2_CARD retract 1.2
G1 F2724
G1 X148.37 Y152.13 E.08167
G1 X148.37 Y154.87 E.08167
G1 X145.63 Y154.87 E.08167
G1 X145.63 Y152.17 E.08047
G1 E-.91 F1800
;WIPE_START
G1 F30000
G1 X146.83 Y152.152 E-.09
;WIPE_END
G1 X148.79 Y151.71 Z5.2
G1 Z4.8
G1 E1 F1800 ; CC2_CARD retract 1.0
G1 F2724
G1 X148.79 Y155.29 E.1067
G1 X145.21 Y155.29 E.1067
G1 X145.21 Y151.71 E.1067
G1 X148.75 Y151.71 E.10551
G1 E-.91 F1800
;WIPE_START
G1 F30000
G1 X148.763 Y152.91 E-.09
;WIPE_END
G1 X147.18 Y145.443 Z5.2
G1 X145.63 Y138.13 Z5.2
G1 Z4.8
G1 E1 F1800 ; CC2_CARD retract 1.0
G1 F2724
G1 X148.37 Y138.13 E.08167
G1 X148.37 Y140.87 E.08167
G1 X145.63 Y140.87 E.08167
G1 X145.63 Y138.17 E.08047
G1 X145.21 Y137.71 F30000
G1 F2724
G1 X148.79 Y137.71 E.1067
G1 X148.79 Y141.29 E.1067
G1 X145.21 Y141.29 E.1067
G1 X145.21 Y137.75 E.10551
G1 E-.91 F1800
;WIPE_START
G1 F30000
G1 X146.41 Y137.737 E-.09
;WIPE_END
G1 X140.238 Y142.227 Z5.2
G1 X126.63 Y152.13 Z5.2
G1 Z4.8
G1 E1 F1800 ; CC2_CARD retract 1.0
G1 F2724
G1 X129.37 Y152.13 E.08167
G1 X129.37 Y154.87 E.08167
G1 X126.63 Y154.87 E.08167
G1 X126.63 Y152.17 E.08047
G1 X126.21 Y151.71 F30000
G1 F2724
G1 X129.79 Y151.71 E.1067
G1 X129.79 Y155.29 E.1067
G1 X126.21 Y155.29 E.1067
G1 X126.21 Y151.75 E.10551
G1 E-.728 F1800
;WIPE_START
G1 F30000
G1 X127.41 Y151.737 E-.072
;WIPE_END
G1 X128.498 Y144.182 Z5.2
G1 X129.37 Y138.13 Z5.2
G1 Z4.8
G1 E.8 F1800 ; CC2_CARD retract 0.8
G1 F2724
G1 X129.37 Y140.87 E.08167
G1 X126.63 Y140.87 E.08167
G1 X126.63 Y138.13 E.08167
G1 X129.33 Y138.13 E.08047
G1 X129.79 Y137.71 F30000
G1 F2724
G1 X129.79 Y141.29 E.1067
G1 X126.21 Y141.29 E.1067
G1 X126.21 Y137.71 E.1067
G1 X129.75 Y137.71 E.10551
G1 E-.728 F1800
;WIPE_START
G1 F30000
G1 X129.763 Y138.91 E-.072
;WIPE_END
G1 X122.136 Y138.641 Z5.2
G1 X107.63 Y138.13 Z5.2
G1 Z4.8
G1 E.8 F1800 ; CC2_CARD retract 0.8
G1 F2724
G1 X110.37 Y138.13 E.08167
G1 X110.37 Y140.87 E.08167
G1 X107.63 Y140.87 E.08167
G1 X107.63 Y138.17 E.08047
G1 X107.21 Y137.71 F30000
G1 F2724
G1 X110.79 Y137.71 E.1067
G1 X110.79 Y141.29 E.1067
G1 X107.21 Y141.29 E.1067
G1 X107.21 Y137.75 E.10551
G1 E-.546 F1800
;WIPE_START
G1 F30000
G1 X108.41 Y137.737 E-.054
;WIPE_END
G1 X107.997 Y145.358 Z5.2
M73 P96 R1
G1 X107.63 Y152.13 Z5.2
G1 Z4.8
G1 E.6 F1800 ; CC2_CARD retract 0.6
G1 F2724
G1 X110.37 Y152.13 E.08167
G1 X110.37 Y154.87 E.08167
G1 X107.63 Y154.87 E.08167
G1 X107.63 Y152.17 E.08047
G1 E-.546 F1800
;WIPE_START
G1 F30000
G1 X108.83 Y152.152 E-.054
;WIPE_END
G1 X110.79 Y151.71 Z5.2
G1 Z4.8
G1 E.6 F1800 ; CC2_CARD retract 0.6
G1 F2724
G1 X110.79 Y155.29 E.1067
G1 X107.21 Y155.29 E.1067
G1 X107.21 Y151.71 E.1067
G1 X110.75 Y151.71 E.10551
G1 E-.546 F1800
;WIPE_START
G1 F30000
G1 X110.763 Y152.91 E-.054
;WIPE_END
G1 X104.55 Y157.343 Z5.2
G1 X101.384 Y159.602 Z5.2
G1 Z4.8
G1 E.6 F1800 ; CC2_CARD retract 0.6
SET_VELOCITY_LIMIT ACCEL=3000
;TYPE:Inner wall
;WIDTH:0.45
G1 F2724
G1 X102.374 Y161.315 E.06365
G1 X102.769 Y162 E.02544
G1 X101.384 Y164.398 E.08909
G1 X98.616 Y164.398 E.08909
G1 X97.231 Y162 E.08909
G1 X98.616 Y159.602 E.08909
G1 X101.344 Y159.602 E.08781
SET_VELOCITY_LIMIT ACCEL=2000
G1 X101.611 Y159.21 F30000
;TYPE:Outer wall
;WIDTH:0.42
G1 F2724
G1 X102.713 Y161.119 E.06571
G1 X103.222 Y162 E.03031
G1 X101.611 Y164.79 E.09602
G1 X98.389 Y164.79 E.09602
G1 X96.778 Y162 E.09602
G1 X98.389 Y159.21 E.09602
G1 X101.571 Y159.21 E.09483
G1 E-.728 F1800
;WIPE_START
G1 F30000
G1 X102.187 Y160.24 E-.072
;WIPE_END
G1 X99.881 Y159.95 Z5.2
G1 Z4.8
G1 E.8 F1800
SET_VELOCITY_LIMIT ACCEL=3000
;TYPE:Sparse infill
;WIDTH:0.45
G1 F2724
G1 X98.817 Y159.95 E.03425
G1 X98.535 Y160.439 E.01814
G1 X97.963 Y162.572 E.07105
G1 X98.352 Y163.244 E.025
G1 X102.252 Y162.2 E.12991
G1 X101.214 Y163.997 E.0668
G1 X98.213 Y160.996 E.13656
G1 E-.728 F1800
;WIPE_START
G1 F30000
G1 X99.061 Y161.845 E-.072
;WIPE_END
G1 X93.476 Y156.643 Z5.2
G1 X88.63 Y152.13 Z5.2
G1 Z4.8
G1 E.8 F1800
SET_VELOCITY_LIMIT ACCEL=2000
;TYPE:Outer wall
;WIDTH:0.42
G1 F2724
G1 X91.37 Y152.13 E.08167
G1 X91.37 Y154.87 E.08167
G1 X88.63 Y154.87 E.08167
G1 X88.63 Y152.17 E.08047
G1 X88.21 Y151.71 F30000
G1 F2724
G1 X91.79 Y151.71 E.1067
G1 X91.79 Y155.29 E.1067
G1 X88.21 Y155.29 E.1067
G1 X88.21 Y151.75 E.10551
G1 E-.364 F1800
;WIPE_START
G1 F30000
G1 X89.41 Y151.737 E-.036
;WIPE_END
G1 X90.498 Y144.182 Z5.2
G1 X91.37 Y138.13 Z5.2
G1 Z4.8
G1 E.4 F1800 ; CC2_CARD retract 0.4
G1 F2724
G1 X91.37 Y140.87 E.08167
G1 X88.63 Y140.87 E.08167
G1 X88.63 Y138.13 E.08167
G1 X91.33 Y138.13 E.08047
G1 X91.79 Y137.71 F30000
G1 F2724
G1 X91.79 Y141.29 E.1067
G1 X88.21 Y141.29 E.1067
G1 X88.21 Y137.71 E.1067
G1 X91.75 Y137.71 E.10551
;LAYER_CHANGE
;Z:5
;HEIGHT:0.2
;BEFORE_LAYER_CHANGE
;5
G92 E0

G1 E-.364 F1800
;WIPE_START
G1 F30000
G1 X91.763 Y138.91 E-.036
;WIPE_END
M73 L25
;LAYER:25
SET_PRINT_STATS_INFO TOTAL_LAYER=35 CURRENT_LAYER=25
;_SET_FAN_SPEED_CHANGING_LAYER

G1 X92.7197 Y139.358 Z5.05714
G1 X92.9657 Y140.385 Z5.11429
G1 X92.3162 Y141.218 Z5.17143
G1 X91.2602 Y141.229 Z5.22857
G1 X90.5929 Y140.41 Z5.28571
G1 X90.8169 Y139.378 Z5.34286
M73 P96 R0
G1 X91.7634 Y138.91 Z5.4
G1 X164.63 Y138.13 Z5.4
G1 Z5
G1 E.4 F1800 ; CC2_CARD retract 0.4
G1 F2717
G1 X167.37 Y138.13 E.08167
G1 X167.37 Y140.87 E.08167
G1 X164.63 Y140.87 E.08167
G1 X164.63 Y138.17 E.08047
G1 X164.21 Y137.71 F30000
G1 F2717
G1 X167.79 Y137.71 E.1067
G1 X167.79 Y141.29 E.1067
G1 X164.21 Y141.29 E.1067
G1 X164.21 Y137.75 E.10551
G1 E-1.092 F1800
;WIPE_START
G1 F30000
G1 X165.41 Y137.737 E-.108
;WIPE_END
G1 X164.997 Y145.358 Z5.4
G1 X164.63 Y152.13 Z5.4
G1 Z5
G1 E1.2 F1800 ; CC2_CARD retract 1.2
G1 F2717
G1 X167.37 Y152.13 E.08167
G1 X167.37 Y154.87 E.08167
G1 X164.63 Y154.87 E.08167
G1 X164.63 Y152.17 E.08047
G1 X164.21 Y151.71 F30000
G1 F2717
G1 X167.79 Y151.71 E.1067
G1 X167.79 Y155.29 E.1067
G1 X164.21 Y155.29 E.1067
G1 X164.21 Y151.75 E.10551
G1 E-1.092 F1800
;WIPE_START
G1 F30000
G1 X165.41 Y151.737 E-.108
;WIPE_END
G1 X157.779 Y151.888 Z5.4
G1 X145.63 Y152.13 Z5.4
G1 Z5
G1 E1.2 F1800 ; CC2_CARD retract 1.2
G1 F2717
G1 X148.37 Y152.13 E.08167
G1 X148.37 Y154.87 E.08167
G1 X145.63 Y154.87 E.08167
G1 X145.63 Y152.17 E.08047
G1 E-.91 F1800
;WIPE_START
G1 F30000
G1 X146.83 Y152.152 E-.09
;WIPE_END
G1 X148.79 Y151.71 Z5.4
G1 Z5
G1 E1 F1800 ; CC2_CARD retract 1.0
G1 F2717
G1 X148.79 Y155.29 E.1067
G1 X145.21 Y155.29 E.1067
G1 X145.21 Y151.71 E.1067
G1 X148.75 Y151.71 E.10551
G1 E-.91 F1800
;WIPE_START
G1 F30000
G1 X148.763 Y152.91 E-.09
;WIPE_END
G1 X147.18 Y145.443 Z5.4
G1 X145.63 Y138.13 Z5.4
G1 Z5
G1 E1 F1800 ; CC2_CARD retract 1.0
G1 F2717
G1 X148.37 Y138.13 E.08167
G1 X148.37 Y140.87 E.08167
G1 X145.63 Y140.87 E.08167
G1 X145.63 Y138.17 E.08047
G1 X145.21 Y137.71 F30000
G1 F2717
G1 X148.79 Y137.71 E.1067
G1 X148.79 Y141.29 E.1067
G1 X145.21 Y141.29 E.1067
G1 X145.21 Y137.75 E.10551
G1 E-.91 F1800
;WIPE_START
G1 F30000
G1 X146.41 Y137.737 E-.09
;WIPE_END
G1 X140.238 Y142.227 Z5.4
G1 X126.63 Y152.13 Z5.4
G1 Z5
G1 E1 F1800 ; CC2_CARD retract 1.0
G1 F2717
G1 X129.37 Y152.13 E.08167
G1 X129.37 Y154.87 E.08167
G1 X126.63 Y154.87 E.08167
G1 X126.63 Y152.17 E.08047
G1 X126.21 Y151.71 F30000
G1 F2717
G1 X129.79 Y151.71 E.1067
G1 X129.79 Y155.29 E.1067
G1 X126.21 Y155.29 E.1067
G1 X126.21 Y151.75 E.10551
G1 E-.728 F1800
;WIPE_START
G1 F30000
G1 X127.41 Y151.737 E-.072
;WIPE_END
G1 X128.498 Y144.182 Z5.4
G1 X129.37 Y138.13 Z5.4
G1 Z5
G1 E.8 F1800 ; CC2_CARD retract 0.8
G1 F2717
G1 X129.37 Y140.87 E.08167
G1 X126.63 Y140.87 E.08167
G1 X126.63 Y138.13 E.08167
G1 X129.33 Y138.13 E.08047
G1 X129.79 Y137.71 F30000
G1 F2717
G1 X129.79 Y141.29 E.1067
G1 X126.21 Y141.29 E.1067
G1 X126.21 Y137.71 E.1067
G1 X129.75 Y137.71 E.10551
G1 E-.728 F1800
;WIPE_START
G1 F30000
G1 X129.763 Y138.91 E-.072
;WIPE_END
G1 X122.136 Y138.641 Z5.4
G1 X107.63 Y138.13 Z5.4
G1 Z5
G1 E.8 F1800 ; CC2_CARD retract 0.8
G1 F2717
G1 X110.37 Y138.13 E.08167
G1 X110.37 Y140.87 E.08167
G1 X107.63 Y140.87 E.08167
G1 X107.63 Y138.17 E.08047
G1 X107.21 Y137.71 F30000
G1 F2717
G1 X110.79 Y137.71 E.1067
G1 X110.79 Y141.29 E.1067
G1 X107.21 Y141.29 E.1067
G1 X107.21 Y137.75 E.10551
G1 E-.546 F1800
;WIPE_START
G1 F30000
G1 X108.41 Y137.737 E-.054
;WIPE_END
G1 X107.997 Y145.358 Z5.4
G1 X107.63 Y152.13 Z5.4
G1 Z5
G1 E.6 F1800 ; CC2_CARD retract 0.6
G1 F2717
G1 X110.37 Y152.13 E.08167
G1 X110.37 Y154.87 E.08167
G1 X107.63 Y154.87 E.08167
G1 X107.63 Y152.17 E.08047
G1 E-.546 F1800
;WIPE_START
G1 F30000
G1 X108.83 Y152.152 E-.054
;WIPE_END
G1 X110.79 Y151.71 Z5.4
G1 Z5
G1 E.6 F1800 ; CC2_CARD retract 0.6
G1 F2717
G1 X110.79 Y155.29 E.1067
G1 X107.21 Y155.29 E.1067
G1 X107.21 Y151.71 E.1067
G1 X110.75 Y151.71 E.10551
G1 E-.546 F1800
;WIPE_START
G1 F30000
G1 X110.763 Y152.91 E-.054
;WIPE_END
G1 X104.55 Y157.343 Z5.4
G1 X101.384 Y159.602 Z5.4
G1 Z5
G1 E.6 F1800 ; CC2_CARD retract 0.6
SET_VELOCITY_LIMIT ACCEL=3000
;TYPE:Inner wall
;WIDTH:0.45
G1 F2717
G1 X102.423 Y161.401 E.06684
G1 X102.769 Y162 E.02225
G1 X101.384 Y164.398 E.08909
G1 X98.616 Y164.398 E.08909
G1 X97.231 Y162 E.08909
G1 X98.616 Y159.602 E.08909
G1 X101.344 Y159.602 E.08781
SET_VELOCITY_LIMIT ACCEL=2000
G1 X101.611 Y159.21 F30000
;TYPE:Outer wall
;WIDTH:0.42
G1 F2717
G1 X102.763 Y161.205 E.06866
G1 X103.222 Y162 E.02736
G1 X101.611 Y164.79 E.09602
G1 X98.389 Y164.79 E.09602
G1 X96.778 Y162 E.09602
G1 X98.389 Y159.21 E.09602
G1 X101.571 Y159.21 E.09483
G1 E-.728 F1800
;WIPE_START
G1 F30000
G1 X102.186 Y160.24 E-.072
;WIPE_END
G1 X101.768 Y160.963 Z5.4
G1 Z5
M73 P97 R0
G1 E.8 F1800
SET_VELOCITY_LIMIT ACCEL=3000
;TYPE:Sparse infill
;WIDTH:0.45
G1 F2717
G1 X102.367 Y162 E.03855
G1 X102.152 Y162.373 E.01385
G1 X98.425 Y163.371 E.12414
G1 X97.863 Y162.398 E.03615
G1 X98.262 Y160.912 E.04952
G1 X98.286 Y160.87 E.00157
G1 X101.287 Y163.871 E.13655
G1 X101.183 Y164.05 E.00666
G1 X99.762 Y164.05 E.04574
G1 E-.728 F1800
;WIPE_START
G1 F30000
G1 X100.962 Y164.05 E-.072
;WIPE_END
G1 X95.474 Y158.745 Z5.4
G1 X88.63 Y152.13 Z5.4
G1 Z5
G1 E.8 F1800
SET_VELOCITY_LIMIT ACCEL=2000
;TYPE:Outer wall
;WIDTH:0.42
G1 F2717
G1 X91.37 Y152.13 E.08167
G1 X91.37 Y154.87 E.08167
G1 X88.63 Y154.87 E.08167
G1 X88.63 Y152.17 E.08047
G1 X88.21 Y151.71 F30000
G1 F2717
G1 X91.79 Y151.71 E.1067
G1 X91.79 Y155.29 E.1067
G1 X88.21 Y155.29 E.1067
G1 X88.21 Y151.75 E.10551
G1 E-.364 F1800
;WIPE_START
G1 F30000
G1 X89.41 Y151.737 E-.036
;WIPE_END
G1 X90.498 Y144.182 Z5.4
G1 X91.37 Y138.13 Z5.4
G1 Z5
G1 E.4 F1800 ; CC2_CARD retract 0.4
G1 F2717
G1 X91.37 Y140.87 E.08167
G1 X88.63 Y140.87 E.08167
G1 X88.63 Y138.13 E.08167
G1 X91.33 Y138.13 E.08047
G1 X91.79 Y137.71 F30000
G1 F2717
G1 X91.79 Y141.29 E.1067
G1 X88.21 Y141.29 E.1067
G1 X88.21 Y137.71 E.1067
G1 X91.75 Y137.71 E.10551
M106 S255
;LAYER_CHANGE
;Z:5.2
;HEIGHT:0.2
;BEFORE_LAYER_CHANGE
;5.2
G92 E0

G1 E-.364 F1800
;WIPE_START
G1 F30000
G1 X91.763 Y138.91 E-.036
;WIPE_END
M73 L26
;LAYER:26
SET_PRINT_STATS_INFO TOTAL_LAYER=35 CURRENT_LAYER=26
;_SET_FAN_SPEED_CHANGING_LAYER

G1 X91.7491 Y139.966 Z5.25714
G1 X90.9146 Y140.613 Z5.31429
G1 X89.8883 Y140.364 Z5.37143
G1 X89.443 Y139.406 Z5.42857
G1 X89.9141 Y138.461 Z5.48571
G1 X90.9468 Y138.24 Z5.54286
G1 X91.7634 Y138.91 Z5.6
G1 X101.384 Y159.602 Z5.6
G1 Z5.2
G1 E.4 F1800 ; CC2_CARD retract 0.4
SET_VELOCITY_LIMIT ACCEL=3000
;TYPE:Inner wall
;WIDTH:0.45
G1 F1200
G1 X102.473 Y161.487 E.07002
G1 X102.769 Y162 E.01907
G1 X101.384 Y164.398 E.08909
G1 X98.616 Y164.398 E.08909
G1 X97.231 Y162 E.08909
G1 X98.616 Y159.602 E.08909
G1 X101.344 Y159.602 E.08781
SET_VELOCITY_LIMIT ACCEL=2000
G1 X101.611 Y159.21 F30000
;TYPE:Outer wall
;WIDTH:0.42
G1 F1200
G1 X102.812 Y161.291 E.07161
G1 X103.222 Y162 E.02441
G1 X101.611 Y164.79 E.09602
G1 X98.389 Y164.79 E.09602
G1 X96.778 Y162 E.09602
G1 X98.389 Y159.21 E.09602
G1 X101.571 Y159.21 E.09483
G1 E-.728 F1800
;WIPE_START
G1 F30000
G1 X102.186 Y160.241 E-.072
;WIPE_END
G1 X99.808 Y164.05 Z5.6
G1 Z5.2
G1 E.8 F1800
SET_VELOCITY_LIMIT ACCEL=3000
;TYPE:Sparse infill
;WIDTH:0.45
G1 F1200
G1 X98.817 Y164.05 E.0319
G1 X98.498 Y163.498 E.02049
G1 X102.052 Y162.546 E.11837
G1 X101.36 Y163.744 E.0445
G1 X98.359 Y160.743 E.13656
G1 X97.988 Y161.385 E.02386
G1 X97.763 Y162.225 E.02799
G1 X98.396 Y163.322 E.04075
;LAYER_CHANGE
;Z:5.4
;HEIGHT:0.2
;BEFORE_LAYER_CHANGE
;5.4
G92 E0

G1 E-.728 F1800
;WIPE_START
G1 F30000
G1 X97.796 Y162.283 E-.072
;WIPE_END
M73 L27
;LAYER:27
SET_PRINT_STATS_INFO TOTAL_LAYER=35 CURRENT_LAYER=27
;_SET_FAN_SPEED_CHANGING_LAYER

G1 X98.8329 Y162.08 Z5.45714
G1 X99.6373 Y162.764 Z5.51429
G1 X99.604 Y163.82 Z5.57143
G1 X98.7579 Y164.452 Z5.62857
G1 X97.7363 Y164.185 Z5.68571
G1 X97.3084 Y163.219 Z5.74286
G1 X97.7964 Y162.283 Z5.8
G1 X101.384 Y159.602 Z5.8
G1 Z5.4
G1 E.8 F1800
;TYPE:Inner wall
G1 F1200
G1 X102.522 Y161.572 E.07321
G1 X102.769 Y162 E.01588
G1 X101.384 Y164.398 E.08909
G1 X98.616 Y164.398 E.08909
G1 X97.231 Y162 E.08909
G1 X98.616 Y159.602 E.08909
G1 X101.344 Y159.602 E.08781
SET_VELOCITY_LIMIT ACCEL=2000
G1 X101.611 Y159.21 F30000
;TYPE:Outer wall
;WIDTH:0.42
G1 F1200
G1 X102.862 Y161.376 E.07456
G1 X103.222 Y162 E.02146
G1 X101.611 Y164.79 E.09602
G1 X98.389 Y164.79 E.09602
G1 X96.778 Y162 E.09602
G1 X98.389 Y159.21 E.09602
G1 X101.571 Y159.21 E.09483
G1 E-.728 F1800
;WIPE_START
G1 F30000
G1 X102.185 Y160.241 E-.072
;WIPE_END
G1 X99.676 Y159.95 Z5.8
G1 Z5.4
G1 E.8 F1800
SET_VELOCITY_LIMIT ACCEL=3000
;TYPE:Sparse infill
;WIDTH:0.45
G1 F1200
G1 X98.817 Y159.95 E.02766
G1 X98.432 Y160.616 E.02473
G1 X101.433 Y163.617 E.13655
G1 X101.952 Y162.719 E.03336
G1 X98.571 Y163.625 E.1126
G1 X97.757 Y162.215 E.05239
;LAYER_CHANGE
;Z:5.6
;HEIGHT:0.2
;BEFORE_LAYER_CHANGE
;5.6
G92 E0

G1 E-.728 F1800
;WIPE_START
G1 F30000
G1 X98.357 Y163.254 E-.072
;WIPE_END
M73 L28
;LAYER:28
SET_PRINT_STATS_INFO TOTAL_LAYER=35 CURRENT_LAYER=28
;_SET_FAN_SPEED_CHANGING_LAYER

G1 X99.3172 Y162.814 Z5.65714
G1 X100.26 Y163.29 Z5.71429
G1 X100.475 Y164.324 Z5.77143
G1 X99.8013 Y165.137 Z5.82857
G1 X98.7454 Y165.117 Z5.88571
G1 X98.1027 Y164.279 Z5.94286
G1 X98.3572 Y163.254 Z6
G1 X101.384 Y159.602 Z6
G1 Z5.6
G1 E.8 F1800
;TYPE:Inner wall
G1 F1200
G1 X102.572 Y161.658 E.07639
G1 X102.769 Y162 E.0127
G1 X101.384 Y164.398 E.08909
G1 X98.616 Y164.398 E.08909
G1 X97.231 Y162 E.08909
G1 X98.616 Y159.602 E.08909
G1 X101.344 Y159.602 E.08781
SET_VELOCITY_LIMIT ACCEL=2000
G1 X101.611 Y159.21 F30000
;TYPE:Outer wall
;WIDTH:0.42
G1 F1200
G1 X102.911 Y161.462 E.07751
G1 X103.222 Y162 E.01851
G1 X101.611 Y164.79 E.09602
G1 X98.389 Y164.79 E.09602
G1 X96.778 Y162 E.09602
G1 X98.389 Y159.21 E.09602
G1 X101.571 Y159.21 E.09483
G1 E-.728 F1800
;WIPE_START
G1 F30000
G1 X102.184 Y160.241 E-.072
;WIPE_END
G1 X99.823 Y159.95 Z6
G1 Z5.6
G1 E.8 F1800
SET_VELOCITY_LIMIT ACCEL=3000
;TYPE:Sparse infill
;WIDTH:0.45
G1 F1200
G1 X98.817 Y159.95 E.03237
G1 X98.506 Y160.489 E.02002
G1 X101.506 Y163.49 E.13656
G1 X101.852 Y162.892 E.02221
G1 X98.645 Y163.752 E.10683
G1 X97.83 Y162.341 E.05239
;LAYER_CHANGE
;Z:5.8
;HEIGHT:0.2
;BEFORE_LAYER_CHANGE
;5.8
G92 E0

G1 E-.728 F1800
;WIPE_START
G1 F30000
G1 X98.43 Y163.381 E-.072
;WIPE_END
M73 L29
;LAYER:29
SET_PRINT_STATS_INFO TOTAL_LAYER=35 CURRENT_LAYER=29
;_SET_FAN_SPEED_CHANGING_LAYER

G1 X99.3774 Y162.913 Z5.85714
G1 X100.333 Y163.362 Z5.91429
G1 X100.578 Y164.39 Z5.97143
G1 X99.9278 Y165.222 Z6.02857
G1 X98.8718 Y165.232 Z6.08571
G1 X98.2054 Y164.412 Z6.14286
G1 X98.4304 Y163.381 Z6.2
G1 X101.384 Y159.602 Z6.2
G1 Z5.8
G1 E.8 F1800
;TYPE:Inner wall
G1 F1200
G1 X102.621 Y161.744 E.07958
G1 X102.769 Y162 E.00952
G1 X101.384 Y164.398 E.08909
G1 X98.616 Y164.398 E.08909
G1 X97.231 Y162 E.08909
G1 X98.616 Y159.602 E.08909
G1 X101.344 Y159.602 E.08781
SET_VELOCITY_LIMIT ACCEL=2000
G1 X101.611 Y159.21 F30000
;TYPE:Outer wall
;WIDTH:0.42
G1 F1200
G1 X102.961 Y161.548 E.08046
G1 X103.222 Y162 E.01556
G1 X101.611 Y164.79 E.09602
G1 X98.389 Y164.79 E.09602
G1 X96.778 Y162 E.09602
G1 X98.389 Y159.21 E.09602
G1 X101.571 Y159.21 E.09483
G1 E-.728 F1800
;WIPE_START
G1 F30000
G1 X102.184 Y160.242 E-.072
;WIPE_END
G1 X99.969 Y159.95 Z6.2
G1 Z5.8
G1 E.8 F1800
SET_VELOCITY_LIMIT ACCEL=3000
;TYPE:Sparse infill
;WIDTH:0.45
G1 F1200
G1 X98.817 Y159.95 E.03708
G1 X98.579 Y160.362 E.01531
G1 X101.58 Y163.363 E.13656
G1 X101.752 Y163.066 E.01106
G1 X98.718 Y163.878 E.10106
G1 X97.904 Y162.468 E.05239
;LAYER_CHANGE
;Z:6
;HEIGHT:0.2
;BEFORE_LAYER_CHANGE
;6
G92 E0

G1 E-.728 F1800
;WIPE_START
G1 F30000
G1 X98.504 Y163.507 E-.072
;WIPE_END
M73 L30
;LAYER:30
SET_PRINT_STATS_INFO TOTAL_LAYER=35 CURRENT_LAYER=30
;_SET_FAN_SPEED_CHANGING_LAYER

G1 X99.4372 Y163.014 Z6.05714
G1 X100.405 Y163.436 Z6.11429
G1 X100.679 Y164.456 Z6.17143
G1 X100.052 Y165.306 Z6.22857
G1 X98.9966 Y165.345 Z6.28571
G1 X98.3075 Y164.545 Z6.34286
G1 X98.5036 Y163.507 Z6.4
G1 X101.384 Y159.602 Z6.4
G1 Z6
G1 E.8 F1800
;TYPE:Inner wall
G1 F1200
G1 X102.671 Y161.83 E.08276
G1 X102.769 Y162 E.00633
G1 X101.384 Y164.398 E.08909
G1 X98.616 Y164.398 E.08909
G1 X97.231 Y162 E.08909
G1 X98.616 Y159.602 E.08909
M73 P98 R0
G1 X101.344 Y159.602 E.08781
SET_VELOCITY_LIMIT ACCEL=2000
G1 X101.611 Y159.21 F30000
;TYPE:Outer wall
;WIDTH:0.42
G1 F1200
G1 X103.01 Y161.634 E.08341
G1 X103.222 Y162 E.01261
G1 X101.611 Y164.79 E.09602
G1 X98.389 Y164.79 E.09602
G1 X96.778 Y162 E.09602
G1 X98.389 Y159.21 E.09602
G1 X101.571 Y159.21 E.09483
G1 E-.728 F1800
;WIPE_START
G1 F30000
G1 X102.184 Y160.242 E-.072
;WIPE_END
G1 X101.183 Y159.978 Z6.4
G1 Z6
G1 E.8 F1800
SET_VELOCITY_LIMIT ACCEL=3000
;TYPE:Internal solid infill
;WIDTH:0.38292
G1 F1200
G1 X102.304 Y161.92 E.06027
G1 X102.342 Y162.012 E.00266
G1 X101.206 Y163.979 E.06104
G1 X101.111 Y164.034 E.00295
G1 X98.917 Y164.035 E.05896
G1 X98.817 Y164.022 E.0027
G1 X97.696 Y162.08 E.06027
G1 X97.658 Y161.987 E.0027
G1 X98.779 Y160.044 E.06027
G1 X98.84 Y159.965 E.0027
G1 X101.143 Y159.973 E.06189
G1 X100.45 Y160.327 F30000
;TYPE:Sparse infill
;WIDTH:0.45
G1 F1200
G1 X99.034 Y160.327 E.04555
G1 X98.928 Y160.512 E.00685
G1 X101.377 Y162.96 E.11143
G1 X101.136 Y163.377 E.01547
G1 X100.032 Y163.673 E.03677
G1 X99.034 Y163.673 E.03212
G1 X98.719 Y163.127 E.02028
;LAYER_CHANGE
;Z:6.2
;HEIGHT:0.2
;BEFORE_LAYER_CHANGE
;6.2
G92 E0

G1 E-.728 F1800
;WIPE_START
G1 F30000
G1 X99.034 Y163.673 E-.03781
G1 X99.604 Y163.673 E-.03419
;WIPE_END
M73 L31
;LAYER:31
SET_PRINT_STATS_INFO TOTAL_LAYER=35 CURRENT_LAYER=31
;_SET_FAN_SPEED_CHANGING_LAYER

G1 X100.405 Y162.984 Z6.25714
G1 X101.443 Y163.182 Z6.31429
G1 X101.935 Y164.116 Z6.37143
G1 X101.512 Y165.083 Z6.42857
G1 X100.492 Y165.356 Z6.48571
G1 X99.6427 Y164.728 Z6.54286
G1 X99.6042 Y163.673 Z6.6
G1 X101.384 Y159.602 Z6.6
G1 Z6.2
G1 E.8 F1800
;TYPE:Inner wall
G1 F1200
G1 X102.72 Y161.915 E.08595
G1 X102.769 Y162 E.00315
G1 X101.384 Y164.398 E.08909
G1 X98.616 Y164.398 E.08909
G1 X97.231 Y162 E.08909
G1 X98.616 Y159.602 E.08909
G1 X101.344 Y159.602 E.08781
SET_VELOCITY_LIMIT ACCEL=2000
G1 X101.611 Y159.21 F30000
;TYPE:Outer wall
;WIDTH:0.42
G1 F1200
G1 X103.06 Y161.719 E.08636
G1 X103.222 Y162 E.00966
G1 X101.611 Y164.79 E.09602
G1 X98.389 Y164.79 E.09602
G1 X96.778 Y162 E.09602
G1 X98.389 Y159.21 E.09602
G1 X101.571 Y159.21 E.09483
G1 E-.728 F1800
;WIPE_START
G1 F30000
G1 X102.183 Y160.242 E-.072
;WIPE_END
G1 X101.996 Y163.005 Z6.6
G1 Z6.2
G1 E.8 F1800
SET_VELOCITY_LIMIT ACCEL=1000
;TYPE:Internal Bridge
;WIDTH:0.4
;HEIGHT:0.4
G1 F1200
G1 X100.972 Y164.028 E.06829
G1 X100.336 Y164.028 E.03003
G1 X102.312 Y162.052 E.13184
G1 X102.342 Y162 E.00285
G1 X102.117 Y161.611 E.02122
G1 X99.699 Y164.028 E.16131
G1 X99.063 Y164.028 E.03003
G1 X101.884 Y161.207 E.18823
G1 X101.651 Y160.804 E.02198
G1 X98.682 Y163.773 E.19813
G1 X98.449 Y163.37 E.02198
G1 X101.418 Y160.4 E.19813
G1 X101.185 Y159.997 E.02198
G1 X98.216 Y162.966 E.19813
G1 X97.983 Y162.563 E.02198
G1 X100.574 Y159.972 E.17288
G1 X99.937 Y159.972 E.03003
G1 X97.75 Y162.159 E.14596
G1 X97.658 Y162 E.00868
G1 X98.184 Y161.089 E.04965
G1 X99.504 Y159.769 E.08804
;LAYER_CHANGE
;Z:6.4
;HEIGHT:0.2
;BEFORE_LAYER_CHANGE
;6.4
G92 E0

G1 E-.728 F1800
;WIPE_START
G1 F30000
G1 X98.655 Y160.618 E-.072
;WIPE_END
M73 L32
;LAYER:32
SET_PRINT_STATS_INFO TOTAL_LAYER=35 CURRENT_LAYER=32
;_SET_FAN_SPEED_CHANGING_LAYER

G1 X99.7066 Y160.715 Z6.45714
G1 X100.286 Y161.598 Z6.51429
G1 X99.9568 Y162.602 Z6.57143
G1 X98.9671 Y162.97 Z6.62857
G1 X98.062 Y162.426 Z6.68571
G1 X97.9232 Y161.379 Z6.74286
G1 X98.6551 Y160.618 Z6.8
G1 X101.384 Y159.602 Z6.8
G1 Z6.4
G1 E.8 F1800
SET_VELOCITY_LIMIT ACCEL=3000
;TYPE:Inner wall
;WIDTH:0.45
G1 F1200
G1 X102.769 Y162 E.08909
G1 X101.384 Y164.398 E.08909
G1 X98.616 Y164.398 E.08909
G1 X97.231 Y162 E.08909
G1 X98.616 Y159.602 E.08909
G1 X101.344 Y159.602 E.08781
SET_VELOCITY_LIMIT ACCEL=2000
G1 X101.611 Y159.21 F30000
;TYPE:Outer wall
;WIDTH:0.42
G1 F1200
G1 X103.109 Y161.805 E.08931
G1 X103.222 Y162 E.00671
G1 X101.611 Y164.79 E.09602
G1 X98.389 Y164.79 E.09602
G1 X96.778 Y162 E.09602
G1 X98.389 Y159.21 E.09602
G1 X101.571 Y159.21 E.09483
G1 E-.728 F1800
;WIPE_START
G1 F30000
G1 X102.183 Y160.242 E-.072
;WIPE_END
G1 X102.097 Y162.283 Z6.8
G1 Z6.4
G1 E.8 F1800
SET_VELOCITY_LIMIT ACCEL=3000
;TYPE:Internal solid infill
;WIDTH:0.516266
G1 F1200
G1 X100.422 Y163.958 E.08864
G1 X101.13 Y163.958 E.02649
G1 X102.077 Y162.317 E.07088
G1 E-.728 F1800
;WIPE_START
G1 F30000
G1 X101.477 Y163.356 E-.072
;WIPE_END
G1 X99.811 Y164.234 Z6.8
G1 Z6.4
G1 E.8 F1800
;WIDTH:0.419999
G1 F1200
G1 X102.26 Y161.785 E.10324
G1 X102.065 Y161.447 E.01164
G1 X99.447 Y164.065 E.11033
G1 X98.914 Y164.065 E.01589
G1 X101.87 Y161.109 E.12458
G1 X101.674 Y160.771 E.01164
G1 X98.652 Y163.794 E.12742
G1 X98.456 Y163.456 E.01164
G1 X101.479 Y160.433 E.12742
G1 X101.284 Y160.095 E.01164
G1 X98.261 Y163.118 E.12742
G1 X98.066 Y162.78 E.01164
G1 X100.91 Y159.935 E.11989
G1 X100.377 Y159.935 E.01589
G1 X97.871 Y162.441 E.10564
G1 X97.676 Y162.103 E.01164
G1 X99.844 Y159.935 E.09139
G1 X99.31 Y159.935 E.01589
G1 X97.658 Y161.588 E.06965
G1 E-.728 F1800
;WIPE_START
G1 F30000
G1 X98.507 Y160.739 E-.072
;WIPE_END
G1 X98.931 Y159.806 Z6.8
G1 Z6.4
G1 E.8 F1800
;TYPE:Gap infill
;WIDTH:0.312451
G1 F1200
G1 X98.789 Y159.99 E.00495
;WIDTH:0.26261
G1 X98.648 Y160.175 E.00404
;WIDTH:0.21277
G1 X98.506 Y160.359 E.00312
;WIDTH:0.16293
G1 X98.365 Y160.544 E.00221
;WIDTH:0.138009
G1 X98.223 Y160.728 E.00175
;LAYER_CHANGE
;Z:6.6
;HEIGHT:0.2
;BEFORE_LAYER_CHANGE
;6.6
G92 E0

G1 E-.78605 F1800
;WIPE_START
G1 F30000
G1 X98.365 Y160.544 E-.01395
;WIPE_END
M73 L33
;LAYER:33
SET_PRINT_STATS_INFO TOTAL_LAYER=35 CURRENT_LAYER=33
;_SET_FAN_SPEED_CHANGING_LAYER

G1 X99.4095 Y160.698 Z6.65714
G1 X99.9403 Y161.611 Z6.71429
G1 X99.5575 Y162.595 Z6.77143
G1 X98.5493 Y162.909 Z6.82857
G1 X97.6749 Y162.317 Z6.88571
G1 X97.5928 Y161.264 Z6.94286
G1 X98.3647 Y160.544 Z7
G1 X101.384 Y159.602 Z7
G1 Z6.6
G1 E.8 F1800
;TYPE:Inner wall
;WIDTH:0.45
G1 F1200
G1 X102.769 Y162 E.08909
G1 X101.384 Y164.398 E.08909
G1 X98.616 Y164.398 E.08909
G1 X97.231 Y162 E.08909
G1 X98.616 Y159.602 E.08909
G1 X101.344 Y159.602 E.08781
SET_VELOCITY_LIMIT ACCEL=2000
G1 X101.611 Y159.21 F30000
;TYPE:Outer wall
;WIDTH:0.42
G1 F1200
G1 X103.159 Y161.891 E.09226
G1 X103.222 Y162 E.00376
G1 X101.611 Y164.79 E.09602
G1 X98.389 Y164.79 E.09602
G1 X96.778 Y162 E.09602
G1 X98.389 Y159.21 E.09602
G1 X101.571 Y159.21 E.09483
G1 E-.728 F1800
;WIPE_START
G1 F30000
G1 X102.182 Y160.242 E-.072
;WIPE_END
G1 X101.13 Y160.042 Z7
G1 Z6.6
G1 E.8 F1800
SET_VELOCITY_LIMIT ACCEL=3000
;TYPE:Internal solid infill
;WIDTH:0.516266
G1 F1200
G1 X100.422 Y160.042 E.02649
G1 X102.097 Y161.717 E.08864
G1 X101.15 Y160.077 E.07088
G1 E-.728 F1800
;WIPE_START
G1 F30000
G1 X101.75 Y161.116 E-.072
;WIPE_END
G1 X99.811 Y159.766 Z7
G1 Z6.6
G1 E.8 F1800
;WIDTH:0.419999
G1 F1200
G1 X102.26 Y162.215 E.10323
G1 X102.065 Y162.553 E.01164
G1 X99.447 Y159.935 E.11033
G1 X98.914 Y159.935 E.01589
G1 X101.87 Y162.891 E.12458
G1 X101.674 Y163.229 E.01164
M73 P99 R0
G1 X98.652 Y160.206 E.12742
G1 X98.456 Y160.544 E.01164
G1 X101.479 Y163.567 E.12742
G1 X101.284 Y163.905 E.01164
G1 X98.261 Y160.882 E.12742
G1 X98.066 Y161.22 E.01164
G1 X100.91 Y164.065 E.11989
G1 X100.377 Y164.065 E.01589
G1 X97.871 Y161.559 E.10564
G1 X97.676 Y161.897 E.01164
G1 X99.844 Y164.065 E.09139
G1 X99.31 Y164.065 E.01589
G1 X97.658 Y162.412 E.06965
G1 E-.728 F1800
;WIPE_START
G1 F30000
G1 X98.507 Y163.261 E-.072
;WIPE_END
G1 X98.931 Y164.194 Z7
G1 Z6.6
G1 E.8 F1800
;TYPE:Gap infill
;WIDTH:0.31245
G1 F1200
G1 X98.789 Y164.01 E.00495
;WIDTH:0.26261
G1 X98.648 Y163.825 E.00404
;WIDTH:0.21277
G1 X98.506 Y163.641 E.00312
;WIDTH:0.16293
G1 X98.365 Y163.456 E.00221
;WIDTH:0.13801
G1 X98.223 Y163.272 E.00175
;LAYER_CHANGE
;Z:6.8
;HEIGHT:0.2
;BEFORE_LAYER_CHANGE
;6.8
G92 E0

G1 E-.78605 F1800
;WIPE_START
G1 F30000
G1 X98.365 Y163.456 E-.01395
;WIPE_END
M73 L34
;LAYER:34
SET_PRINT_STATS_INFO TOTAL_LAYER=35 CURRENT_LAYER=34
;_SET_FAN_SPEED_CHANGING_LAYER

G1 X99.3122 Y162.99 Z6.85714
G1 X100.268 Y163.44 Z6.91429
G1 X100.511 Y164.467 Z6.97143
G1 X99.8602 Y165.299 Z7.02857
G1 X98.8042 Y165.308 Z7.08571
G1 X98.1386 Y164.488 Z7.14286
G1 X98.3648 Y163.456 Z7.2
G1 X101.384 Y159.602 Z7.2
G1 Z6.8
G1 E.8 F1800
;TYPE:Inner wall
;WIDTH:0.45
G1 F1200
G1 X102.769 Y162 E.08909
G1 X101.384 Y164.398 E.08909
G1 X98.616 Y164.398 E.08909
G1 X97.231 Y162 E.08909
G1 X98.616 Y159.602 E.08909
G1 X101.344 Y159.602 E.08781
SET_VELOCITY_LIMIT ACCEL=2000
G1 X101.611 Y159.21 F30000
;TYPE:Outer wall
;WIDTH:0.42
G1 F1200
G1 X103.208 Y161.976 E.09521
G1 X103.222 Y162 E.00081
G1 X101.611 Y164.79 E.09602
G1 X98.389 Y164.79 E.09602
G1 X96.778 Y162 E.09602
G1 X98.389 Y159.21 E.09602
G1 X101.571 Y159.21 E.09483
G1 E-.728 F1800
;WIPE_START
G1 F30000
G1 X102.182 Y160.243 E-.072
;WIPE_END
G1 X102.097 Y162.283 Z7.2
G1 Z6.8
G1 E.8 F1800
SET_VELOCITY_LIMIT ACCEL=3000
;TYPE:Internal solid infill
;WIDTH:0.516266
G1 F1200
G1 X100.422 Y163.958 E.08864
G1 X101.13 Y163.958 E.02649
G1 X102.077 Y162.317 E.07088
G1 E-.728 F1800
;WIPE_START
G1 F30000
G1 X101.477 Y163.356 E-.072
;WIPE_END
G1 X99.811 Y164.234 Z7.2
G1 Z6.8
G1 E.8 F1800
;WIDTH:0.419999
G1 F1200
G1 X102.26 Y161.785 E.10324
G1 X102.065 Y161.447 E.01164
G1 X99.447 Y164.065 E.11033
G1 X98.914 Y164.065 E.01589
G1 X101.87 Y161.109 E.12458
G1 X101.674 Y160.771 E.01164
G1 X98.652 Y163.794 E.12742
G1 X98.456 Y163.456 E.01164
G1 X101.479 Y160.433 E.12742
G1 X101.284 Y160.095 E.01164
G1 X98.261 Y163.118 E.12742
G1 X98.066 Y162.78 E.01164
G1 X100.91 Y159.935 E.11989
G1 X100.377 Y159.935 E.01589
G1 X97.871 Y162.441 E.10564
G1 X97.676 Y162.103 E.01164
G1 X99.844 Y159.935 E.09139
G1 X99.31 Y159.935 E.01589
G1 X97.658 Y161.588 E.06965
G1 E-.728 F1800
;WIPE_START
G1 F30000
G1 X98.507 Y160.739 E-.072
;WIPE_END
G1 X98.931 Y159.806 Z7.2
G1 Z6.8
G1 E.8 F1800
;TYPE:Gap infill
;WIDTH:0.312451
G1 F1200
G1 X98.789 Y159.99 E.00495
;WIDTH:0.26261
G1 X98.648 Y160.175 E.00404
;WIDTH:0.21277
G1 X98.506 Y160.359 E.00312
;WIDTH:0.16293
G1 X98.365 Y160.544 E.00221
;WIDTH:0.138009
G1 X98.223 Y160.728 E.00175
;LAYER_CHANGE
;Z:7
;HEIGHT:0.2
;BEFORE_LAYER_CHANGE
;7
G92 E0

G1 E-.78605 F1800
;WIPE_START
G1 F30000
G1 X98.365 Y160.544 E-.01395
;WIPE_END
M73 L35
;LAYER:35
SET_PRINT_STATS_INFO TOTAL_LAYER=35 CURRENT_LAYER=35
;_SET_FAN_SPEED_CHANGING_LAYER

G1 X99.419 Y160.606 Z7.05714
G1 X100.028 Y161.469 Z7.11429
G1 X99.7323 Y162.483 Z7.17143
G1 X98.7555 Y162.884 Z7.22857
G1 X97.8327 Y162.371 Z7.28571
G1 X97.6588 Y161.329 Z7.34286
G1 X98.3647 Y160.544 Z7.4
G1 X101.611 Y159.21 Z7.4
G1 Z7
G1 E.8 F1800
SET_VELOCITY_LIMIT ACCEL=2000
;TYPE:Outer wall
;WIDTH:0.42
G1 F1200
G1 X103.222 Y162 E.09602
G1 X101.611 Y164.79 E.09602
G1 X98.389 Y164.79 E.09602
G1 X96.778 Y162 E.09602
G1 X98.389 Y159.21 E.09602
G1 X101.571 Y159.21 E.09483
G1 E-.728 F1800
;WIPE_START
G1 F30000
G1 X102.182 Y160.243 E-.072
;WIPE_END
G1 X102.591 Y161.284 Z7.4
G1 Z7
G1 E.8 F1800
SET_VELOCITY_LIMIT ACCEL=1500
;TYPE:Top surface
;WIDTH:0.432597
G1 F1200
G1 X100.875 Y159.568 E.08147
G1 X100.324 Y159.568 E.0185
G1 X102.789 Y162.033 E.11704
G1 X102.587 Y162.383 E.01354
G1 X99.773 Y159.568 E.13363
G1 X99.221 Y159.568 E.0185
G1 X102.385 Y162.732 E.15022
G1 X102.184 Y163.081 E.01354
G1 X98.67 Y159.568 E.16681
G1 X98.596 Y159.568 E.00249
G1 X98.422 Y159.87 E.01172
G1 X101.982 Y163.431 E.16905
G1 X101.78 Y163.78 E.01354
G1 X98.22 Y160.22 E.16905
G1 X98.018 Y160.569 E.01354
G1 X101.578 Y164.13 E.16905
G1 X101.404 Y164.432 E.01171
G1 X101.33 Y164.432 E.0025
G1 X97.816 Y160.919 E.1668
G1 X97.615 Y161.268 E.01354
G1 X100.778 Y164.432 E.15022
G1 X100.227 Y164.432 E.0185
G1 X97.413 Y161.617 E.13363
G1 X97.211 Y161.967 E.01354
G1 X99.676 Y164.432 E.11704
G1 X99.125 Y164.432 E.0185
G1 X97.41 Y162.716 E.08146
G1 E-.728 F1800
;WIPE_START
G1 F30000
G1 X98.258 Y163.565 E-.072
;WIPE_END
G1 X98.732 Y164.601 Z7.4
G1 Z7
G1 E.8 F1800
SET_VELOCITY_LIMIT ACCEL=3000
;TYPE:Gap infill
;WIDTH:0.369752
G1 F1200
G1 X98.61 Y164.442 E.00518
;WIDTH:0.326432
G1 X98.488 Y164.283 E.00449
;WIDTH:0.283112
G1 X98.366 Y164.124 E.00381
;WIDTH:0.239791
G1 X98.244 Y163.965 E.00312
;WIDTH:0.196471
G1 X98.122 Y163.806 E.00243
;WIDTH:0.15315
G1 X98 Y163.647 E.00175
;WIDTH:0.13149
G1 X97.878 Y163.488 E.0014
G1 E-.78797 F1800
;WIPE_START
G1 F30000
G1 X98 Y163.647 E-.01203
;WIPE_END
G1 X102.122 Y160.513 Z7.4
G1 Z7
G1 E.8 F1800
;WIDTH:0.109836
G1 F1200
G1 X102 Y160.353 E.00106
;WIDTH:0.15317
G1 X101.878 Y160.194 E.00175
;WIDTH:0.196504
G1 X101.756 Y160.035 E.00244
;WIDTH:0.239838
G1 X101.634 Y159.876 E.00312
;WIDTH:0.283172
G1 X101.512 Y159.717 E.00381
;WIDTH:0.326506
G1 X101.39 Y159.558 E.0045
;WIDTH:0.348172
G1 X101.268 Y159.399 E.00484
G1 E-.78796 F1800
;WIPE_START
G1 F30000
G1 X101.39 Y159.558 E-.01204
;WIPE_END
M106 S0
M106 P2 S0
;TYPE:Custom
; filament end gcode 
;===== CC2_END_GCODE ================
;===== date: 2026-01-16-001 =====================


M140 S0 ;Turn-off bed
M83
G92 E0 ; zero the extruder
G1 E-1.5 F1800
G2 I0 J1 Z7.5 F3000 ; lower z a little
M106 S0
M106 P2 S0
G90
G1 Z80 F20000 ; Move print head up 
G180 S9
M104 S0
M84
M73 P100 R0
; EXECUTABLE_BLOCK_END

; filament used [mm] = 1730.58
; filament used [cm3] = 4.16
; filament used [g] = 5.20
; filament cost = 0.10
; total filament used [g] = 5.20
; total filament cost = 0.10
; total layers count = 35
; estimated printing time (normal mode) = 27m 4s
; estimated first layer printing time (normal mode) = 1m 50s

; CONFIG_BLOCK_START
; accel_to_decel_enable = 0
; accel_to_decel_factor = 50%
; activate_air_filtration = 0
; activate_air_filtration_during_print = 1
; activate_air_filtration_on_completion = 1
; activate_chamber_temp_control = 0
; adaptive_bed_mesh_margin = 0
; adaptive_pressure_advance = 0
; adaptive_pressure_advance_bridges = 0
; adaptive_pressure_advance_model = "0,0,0\n0,0,0"
; adaptive_pressure_advance_overhangs = 0
; additional_cooling_fan_speed = 0
; additional_fan_full_speed_layer = 0
; align_infill_direction_to_model = 0
; alternate_extra_wall = 0
; auxiliary_fan = 1
; bbl_calib_mark_logo = 1
; bed_custom_model = 
; bed_custom_texture = 
; bed_exclude_area = 246x0,256x0,256x20,246x20
; bed_mesh_max = 243,245
; bed_mesh_min = 10,10
; bed_mesh_probe_distance = 22,22
; bed_temperature_formula = by_highest_temp
; bed_texture_area = 0x-10,256x-10,256x256,0x256
; before_layer_change_gcode = ;BEFORE_LAYER_CHANGE\n;[layer_z]\nG92 E0\n
; best_object_pos = 0.5,0.5
; bottom_shell_layers = 3
; bottom_shell_thickness = 0.6
; bottom_solid_infill_flow_ratio = 1
; bottom_surface_density = 100%
; bottom_surface_filament_id = 0
; bottom_surface_pattern = monotonic
; bridge_acceleration = 50%
; bridge_angle = 0
; bridge_density = 100%
; bridge_flow = 1
; bridge_line_width = 100%
; bridge_no_support = 0
; bridge_speed = 50
; brim_ears_detection_length = 1
; brim_ears_max_angle = 125
; brim_flow_ratio = 1
; brim_object_gap = 0.1
; brim_type = no_brim
; brim_use_efc_outline = 0
; brim_width = 5
; calib_flowrate_topinfill_special_order = 0
; chamber_minimal_temperature = 0
; chamber_temperature = 0
; change_extrusion_role_gcode = 
; change_filament_gcode = \n;==========CC2_CHANGE_FILAMENT_GCODE==========\n;===== date: 2026-01-16-001 =====================\nM106 S0\nM106 P2 S0\nG1 Z{min(max_layer_z+3, printable_height+0.5)} F1200\nM6211 T[next_extruder] L[flush_length] M{old_filament_e_feedrate} N{new_filament_e_feedrate} Q[old_filament_temp] R[nozzle_temperature_range_high] S[new_filament_temp]\nT[next_extruder]\n
; close_additional_fan_first_x_layers = 1
; close_fan_the_first_x_layers = 1
; combine_brims = 0
; compatible_printers_condition = 
; complete_print_exhaust_fan_speed = 70
; cool_plate_temp = 35
; cool_plate_temp_initial_layer = 35
; cooling_tube_length = 5
; cooling_tube_retraction = 90
; counterbore_hole_bridging = none
; curr_bed_type = Textured PEI Plate
; default_acceleration = 3000
; default_bed_type = 4
; default_filament_colour = ""
; default_filament_profile = "Elegoo PLA @ECC2"
; default_jerk = 0
; default_junction_deviation = 0
; default_print_profile = 0.20mm Standard @Elegoo CC2 0.4 nozzle
; deretraction_speed = 30
; detect_narrow_internal_solid_infill = 1
; detect_overhang_wall = 1
; detect_thin_wall = 0
; different_settings_to_system = ;;
; disable_m73 = 0
; dont_filter_internal_bridges = disabled
; dont_slow_down_outer_wall = 0
; draft_shield = disabled
; during_print_exhaust_fan_speed = 70
; elefant_foot_compensation = 0.1
; elefant_foot_compensation_layers = 1
; elefant_foot_layers_density = 100%
; emit_machine_limits_to_gcode = 1
; enable_arc_fitting = 0
; enable_extra_bridge_layer = disabled
; enable_filament_ramming = 0
; enable_long_retraction_when_cut = 0
; enable_overhang_bridge_fan = 1
; enable_overhang_speed = 1
; enable_power_loss_recovery = printer_configuration
; enable_pressure_advance = 1
; enable_prime_tower = 0
; enable_support = 0
; enable_tower_interface_cooldown_during_tower = 0
; enable_tower_interface_features = 0
; enable_wrapping_detection = 0
; enforce_support_layers = 0
; eng_plate_temp = 0
; eng_plate_temp_initial_layer = 0
; ensure_vertical_shell_thickness = ensure_all
; exclude_object = 0
; extra_loading_move = -2
; extra_perimeters_on_overhangs = 0
; extra_solid_infills = 
; extruder_ams_count = 
; extruder_clearance_height_to_lid = 90
; extruder_clearance_height_to_rod = 36
; extruder_clearance_radius = 65
; extruder_colour = #F2754E
; extruder_offset = 0x1.5
; extruder_printable_area = 
; extruder_printable_height = 0
; extruder_type = Direct Drive
; extrusion_rate_smoothing_external_perimeter_only = 0
; fan_cooling_layer_time = 80
; fan_kickstart = 0
; fan_max_speed = 100
; fan_min_speed = 50
; fan_speedup_overhangs = 1
; fan_speedup_time = 0.5
; filament_adaptive_volumetric_speed = 0
; filament_adhesiveness_category = 0
; filament_change_extrusion_role_gcode = ""
; filament_change_length = 10
; filament_colour = #F2754E
; filament_cooling_before_tower = 10
; filament_cooling_final_speed = 3.4
; filament_cooling_initial_speed = 2.2
; filament_cooling_moves = 4
; filament_cost = 20
; filament_density = 1.25
; filament_diameter = 1.75
; filament_end_gcode = "; filament end gcode \n"
; filament_extruder_variant = "Direct Drive Standard"
; filament_flow_ratio = 0.98
; filament_flush_temp = 0
; filament_flush_volumetric_speed = 0
; filament_ids = EPLAB00
; filament_is_support = 0
; filament_loading_speed = 28
; filament_loading_speed_start = 3
; filament_map = 1
; filament_map_mode = Auto For Flush
; filament_max_volumetric_speed = 21
; filament_minimal_purge_on_wipe_tower = 15
; filament_multitool_ramming = 0
; filament_multitool_ramming_flow = 10
; filament_multitool_ramming_volume = 10
; filament_notes = ""
; filament_printable = 3
; filament_ramming_parameters = "120 100 6.6 6.8 7.2 7.6 7.9 8.2 8.7 9.4 9.9 10.0| 0.05 6.6 0.45 6.8 0.95 7.8 1.45 8.3 1.95 9.7 2.45 10 2.95 7.6 3.45 7.6 3.95 7.6 4.45 7.6 4.95 7.6"
; filament_self_index = 1
; filament_settings_id = "Elegoo PLA @ECC2"
; filament_shrink = 100%
; filament_shrinkage_compensation_z = 100%
; filament_soluble = 0
; filament_stamping_distance = 0
; filament_stamping_loading_speed = 0
; filament_start_gcode = "; filament start gcode\n{if  (bed_temperature[current_extruder] >55)||(bed_temperature_initial_layer[current_extruder] >55)}M106 P3 S200\n{elsif(bed_temperature[current_extruder] >50)||(bed_temperature_initial_layer[current_extruder] >50)}M106 P3 S150\n{elsif(bed_temperature[current_extruder] >45)||(bed_temperature_initial_layer[current_extruder] >45)}M106 P3 S50\n{endif}\n\n{if activate_air_filtration[current_extruder] && support_air_filtration}\nM106 P3 S{during_print_exhaust_fan_speed_num[current_extruder]} \n{endif}"
; filament_toolchange_delay = 0
; filament_tower_interface_pre_extrusion_dist = 10
; filament_tower_interface_pre_extrusion_length = 0
; filament_tower_interface_print_temp = -1
; filament_tower_interface_purge_volume = 20
; filament_tower_ironing_area = 4
; filament_type = PLA
; filament_unloading_speed = 90
; filament_unloading_speed_start = 100
; filament_vendor = Elegoo
; file_start_gcode = 
; filename_format = ECC2_{nozzle_diameter[0]}_{input_filename_base}_{filament_name}_{layer_height}_{print_time}.gcode
; fill_multiline = 1
; filter_out_gap_fill = 1
; first_layer_flow_ratio = 1
; first_layer_print_sequence = 0
; first_x_layer_fan_speed = 0
; flush_into_infill = 0
; flush_into_objects = 0
; flush_into_support = 1
; flush_multiplier = 1
; flush_volumes_matrix = 0,280,280,280,280,0,280,280,280,280,0,280,280,280,280,0
; flush_volumes_vector = 140,140,140,140,140,140,140,140
; full_fan_speed_layer = 0
; fuzzy_skin = disabled_fuzzy
; fuzzy_skin_first_layer = 0
; fuzzy_skin_layers_between_ripple_offset = 1
; fuzzy_skin_mode = displacement
; fuzzy_skin_noise_type = classic
; fuzzy_skin_octaves = 4
; fuzzy_skin_persistence = 0.5
; fuzzy_skin_point_distance = 0.3
; fuzzy_skin_ripple_offset = 50%
; fuzzy_skin_ripples_per_layer = 15
; fuzzy_skin_scale = 1
; fuzzy_skin_thickness = 0.2
; gap_fill_flow_ratio = 1
; gap_fill_target = everywhere
; gap_infill_speed = 250
; gcode_add_line_number = 0
; gcode_comments = 0
; gcode_flavor = klipper
; gcode_label_objects = 0
; grab_length = 0
; gyroid_optimized = 0
; has_scarf_joint_seam = 0
; head_wrap_detect_zone = 
; high_current_on_filament_swap = 0
; hole_to_polyhole = 0
; hole_to_polyhole_threshold = 0.01
; hole_to_polyhole_twisted = 1
; host_type = elegoolink
; hot_plate_temp = 60
; hot_plate_temp_initial_layer = 60
; idle_temperature = 0
; independent_support_layer_height = 0
; infill_anchor = 400%
; infill_anchor_max = 40
; infill_combination = 0
; infill_combination_max_layer_height = 100%
; infill_direction = 45
; infill_jerk = 9
; infill_lock_depth = 1
; infill_overhang_angle = 60
; infill_shift_step = 0.4
; infill_wall_overlap = 15%
; inherits_group = ;;
; initial_layer_acceleration = 500
; initial_layer_infill_speed = 105
; initial_layer_jerk = 9
; initial_layer_line_width = 0.5
; initial_layer_min_bead_width = 85%
; initial_layer_print_height = 0.2
; initial_layer_speed = 50
; initial_layer_travel_acceleration = 100%
; initial_layer_travel_jerk = 100%
; initial_layer_travel_speed = 100%
; inner_wall_acceleration = 3000
; inner_wall_filament_id = 0
; inner_wall_flow_ratio = 1
; inner_wall_jerk = 9
; inner_wall_line_width = 0.45
; inner_wall_speed = 200
; input_shaping_damp_x = 0.1
; input_shaping_damp_y = 0.1
; input_shaping_emit = 0
; input_shaping_freq_x = 0
; input_shaping_freq_y = 0
; input_shaping_type = Default
; interface_shells = 0
; interlocking_beam = 0
; interlocking_beam_layer_count = 2
; interlocking_beam_width = 0.8
; interlocking_boundary_avoidance = 2
; interlocking_depth = 2
; interlocking_orientation = 22.5
; internal_bridge_angle = 0
; internal_bridge_density = 100%
; internal_bridge_fan_speed = -1
; internal_bridge_flow = 0.95
; internal_bridge_speed = 150%
; internal_solid_filament_id = 0
; internal_solid_infill_acceleration = 100%
; internal_solid_infill_flow_ratio = 1
; internal_solid_infill_line_width = 0.42
; internal_solid_infill_pattern = monotonic
; internal_solid_infill_speed = 250
; ironing_angle = 0
; ironing_angle_fixed = 0
; ironing_fan_speed = -1
; ironing_flow = 15%
; ironing_inset = 0
; ironing_pattern = rectilinear
; ironing_spacing = 0.15
; ironing_speed = 15
; ironing_type = no ironing
; is_infill_first = 0
; lateral_lattice_angle_1 = -45
; lateral_lattice_angle_2 = 45
; layer_change_gcode = M73 L{layer_num+1}\n;LAYER:{layer_num+1}\nSET_PRINT_STATS_INFO TOTAL_LAYER=[total_layer_count] CURRENT_LAYER={layer_num+1}
; layer_height = 0.2
; lightning_overhang_angle = 45
; lightning_prune_angle = 45
; lightning_straightening_angle = 45
; line_width = 0.42
; long_retractions_when_cut = 0
; long_retractions_when_ec = 0
; machine_end_gcode = ;===== CC2_END_GCODE ================\n;===== date: 2026-01-16-001 =====================\n\n\nM140 S0 ;Turn-off bed\nM83\nG92 E0 ; zero the extruder\nG1 E-1.5 F1800\nG2 I0 J1 Z{max_layer_z+0.5} F3000 ; lower z a little\nM106 S0\nM106 P2 S0\nG90\n{if max_layer_z > 75}G1 Z{min(max_layer_z+5, printable_height+0.5)} F20000{else}G1 Z80 F20000 {endif}; Move print head up \nG180 S9\nM104 S0\nM84\n
; machine_load_filament_time = 51
; machine_max_acceleration_e = 5000,5000
; machine_max_acceleration_extruding = 20000,20000
; machine_max_acceleration_retracting = 5000,5000
; machine_max_acceleration_travel = 20000,20000
; machine_max_acceleration_x = 20000,20000
; machine_max_acceleration_y = 20000,20000
; machine_max_acceleration_z = 500,500
; machine_max_jerk_e = 1,1
; machine_max_jerk_x = 9,9
; machine_max_jerk_y = 9,9
; machine_max_jerk_z = 3,3
; machine_max_junction_deviation = 0.01
; machine_max_speed_e = 30,30
; machine_max_speed_x = 500,200
; machine_max_speed_y = 500,200
; machine_max_speed_z = 20,20
; machine_min_extruding_rate = 0,0
; machine_min_travel_rate = 0,0
; machine_pause_gcode = M600
; machine_start_gcode = ;===== CC2_START_GCODE ================\n;===== date: 2026-01-16-001 =====================\n\nG90\nM104 S140\nM140 S[bed_temperature_initial_layer_single]\nM190 S[bed_temperature_initial_layer_single] A\nM106 S0\nBED_MESH_CALIBRATE mesh_min={adaptive_bed_mesh_min[0]},{adaptive_bed_mesh_min[1]} mesh_max={adaptive_bed_mesh_max[0]},{adaptive_bed_mesh_max[1]} ALGORITHM=[bed_mesh_algo] PROBE_COUNT={bed_mesh_probe_count[0]},{bed_mesh_probe_count[1]} ADAPTIVE=0 ADAPTIVE_MARGIN=0 FROM_SLICER=1\nM204 S{min(20000,max(1000,outer_wall_acceleration))} ;Call exterior wall print acceleration\nG28\nM109 S[nozzle_temperature_initial_layer]\nM6211 A1 L200 T[initial_no_support_extruder] Q[nozzle_temperature_initial_layer] R[nozzle_temperature_initial_layer] S[nozzle_temperature_initial_layer]\nT[initial_no_support_extruder]\n\n{if first_layer_print_min[1] > 0.5}\nG180 S7\nG1 X{print_bed_max[0]*0.5-1} Y-1.2 F20000\nG1 Z0.5 F900\nM109 S[nozzle_temperature_initial_layer]\nM83\nG92 E0 ;Reset Extruder\nG1 E6 F{min(1200, max(120, filament_max_volumetric_speed[initial_no_support_extruder]*60/2/2.5043))} \nM106 S200\nG1 X{print_bed_max[0]*0.5-41} E20 F{min(12000, max(1200, filament_max_volumetric_speed[initial_no_support_extruder]*60/2/2.5043))} \nG1 F6000\nG1 X{print_bed_max[0]*0.5-46} E0.8\n{else}\nG1 E30 F{min(1200, max(120, filament_max_volumetric_speed[initial_no_support_extruder]*60/2/2.5043))}\n{endif}\nM106 S0\nG180 S8\nG1 F20000\nG92 E0 ;Reset Extruder\nSET_PRINT_STATS_INFO TOTAL_LAYER=[total_layer_count] CURRENT_LAYER=0\n;LAYER_COUNT:[total_layer_count]\n;LAYER:0
; machine_tool_change_time = 0
; machine_unload_filament_time = 0
; make_overhang_printable = 0
; make_overhang_printable_angle = 55
; make_overhang_printable_hole_size = 0
; manual_filament_change = 0
; master_extruder_id = 1
; max_bridge_length = 10
; max_layer_height = 0.28
; max_resonance_avoidance_speed = 120
; max_travel_detour_distance = 0
; max_volumetric_extrusion_rate_slope = 0
; max_volumetric_extrusion_rate_slope_segment_length = 3
; min_bead_width = 85%
; min_feature_size = 25%
; min_layer_height = 0.08
; min_length_factor = 0.5
; min_resonance_avoidance_speed = 70
; min_skirt_length = 0
; min_width_top_surface = 50%
; minimum_sparse_infill_area = 15
; mmu_segmented_region_interlocking_depth = 0
; mmu_segmented_region_max_width = 0
; notes = 
; nozzle_diameter = 0.4
; nozzle_flush_dataset = 0
; nozzle_height = 2.5
; nozzle_hrc = 0
; nozzle_temperature = 210
; nozzle_temperature_initial_layer = 210
; nozzle_temperature_range_high = 240
; nozzle_temperature_range_low = 190
; nozzle_type = hardened_steel
; nozzle_volume = 107
; nozzle_volume_type = Standard
; only_one_wall_first_layer = 0
; only_one_wall_top = 1
; ooze_prevention = 0
; other_layers_print_sequence = 0
; other_layers_print_sequence_nums = 0
; outer_wall_acceleration = 2000
; outer_wall_filament_id = 0
; outer_wall_flow_ratio = 1
; outer_wall_jerk = 9
; outer_wall_line_width = 0.42
; outer_wall_speed = 120
; overhang_1_4_speed = 0
; overhang_2_4_speed = 50
; overhang_3_4_speed = 30
; overhang_4_4_speed = 10
; overhang_fan_speed = 100
; overhang_fan_threshold = 50%
; overhang_flow_ratio = 1
; overhang_reverse = 0
; overhang_reverse_internal_only = 0
; overhang_reverse_threshold = 50%
; parallel_printheads_bed_exclude_areas = 
; parallel_printheads_count = 1
; parking_pos_retraction = 90
; part_cooling_fan_min_pwm = 0
; physical_extruder_map = 0
; post_process = 
; precise_outer_wall = 0
; precise_z_height = 0
; preferred_orientation = 0
; preheat_steps = 1
; preheat_time = 30
; pressure_advance = 0.04
; prime_tower_brim_width = 3
; prime_tower_enable_framework = 0
; prime_tower_flat_ironing = 0
; prime_tower_infill_gap = 150%
; prime_tower_skip_points = 1
; prime_tower_width = 35
; prime_volume = 45
; print_compatible_printers = "Elegoo Centauri Carbon 2 0.4 nozzle"
; print_extruder_id = 1
; print_extruder_variant = "Direct Drive Standard"
; print_flow_ratio = 0.97
; print_order = default
; print_sequence = by layer
; print_settings_id = CC2 PLA Quality (antiwobble)
; printable_area = 0x0,256x0,256x256,0x256
; printable_height = 256
; printer_extruder_id = 1
; printer_extruder_variant = "Direct Drive Standard"
; printer_model = Elegoo Centauri Carbon 2
; printer_notes = 
; printer_settings_id = Elegoo Centauri Carbon 2 0.4 nozzle
; printer_structure = corexy
; printer_technology = FFF
; printer_variant = 0.4
; printing_by_object_gcode = 
; process_change_extrusion_role_gcode = 
; purge_in_prime_tower = 0
; raft_contact_distance = 0.1
; raft_expansion = 1.5
; raft_first_layer_density = 90%
; raft_first_layer_expansion = 2
; raft_layers = 0
; reduce_crossing_wall = 0
; reduce_fan_stop_start_freq = 1
; reduce_infill_retraction = 0
; relative_bridge_angle = 0
; required_nozzle_HRC = 3
; resolution = 0.012
; resonance_avoidance = 0
; retract_before_wipe = 0%
; retract_length_toolchange = 2
; retract_lift_above = 0
; retract_lift_below = 255
; retract_lift_enforce = All Surfaces
; retract_restart_extra = 0
; retract_restart_extra_toolchange = 0.5
; retract_when_changing_layer = 1
; retraction_distances_when_cut = 18
; retraction_distances_when_ec = 10
; retraction_length = 0.8
; retraction_minimum_travel = 0.8
; retraction_speed = 30
; role_based_wipe_speed = 0
; scan_first_layer = 1
; scarf_angle_threshold = 155
; scarf_joint_flow_ratio = 1
; scarf_joint_speed = 100%
; scarf_overhang_threshold = 40%
; seam_gap = 10%
; seam_position = aligned
; seam_slope_conditional = 1
; seam_slope_entire_loop = 0
; seam_slope_inner_walls = 1
; seam_slope_min_length = 0
; seam_slope_start_height = 0
; seam_slope_steps = 10
; seam_slope_type = none
; set_other_flow_ratios = 0
; silent_mode = 0
; single_extruder_multi_material = 1
; single_extruder_multi_material_priming = 0
; single_loop_draft_shield = 0
; skeleton_infill_density = 25%
; skeleton_infill_line_width = 100%
; skin_infill_density = 25%
; skin_infill_depth = 2
; skin_infill_line_width = 100%
; skirt_distance = 2
; skirt_height = 4
; skirt_loops = 0
; skirt_speed = 50
; skirt_start_angle = -135
; skirt_type = combined
; slice_closing_radius = 0.049
; slicing_mode = regular
; slow_down_for_layer_cooling = 1
; slow_down_layer_time = 8
; slow_down_layers = 0
; slow_down_min_speed = 20
; slowdown_for_curled_perimeters = 0
; small_area_infill_flow_compensation = 0
; small_area_infill_flow_compensation_model = 0,0;"\n0.2,0.4444";"\n0.4,0.6145";"\n0.6,0.7059";"\n0.8,0.7619";"\n1.5,0.8571";"\n2,0.8889";"\n3,0.9231";"\n5,0.9520";"\n10,1"
; small_perimeter_speed = 50%
; small_perimeter_threshold = 0
; solid_infill_direction = 45
; solid_infill_rotate_template = 
; sparse_infill_acceleration = 100%
; sparse_infill_density = 15%
; sparse_infill_filament_id = 0
; sparse_infill_flow_ratio = 1
; sparse_infill_line_width = 0.45
; sparse_infill_pattern = cubic
; sparse_infill_rotate_template = 
; sparse_infill_speed = 200
; spiral_finishing_flow_ratio = 0
; spiral_mode = 0
; spiral_mode_max_xy_smoothing = 200%
; spiral_mode_smooth = 0
; spiral_starting_flow_ratio = 0
; staggered_inner_seams = 0
; standby_temperature_delta = -5
; start_end_points = 30x-3,54x245
; supertack_plate_temp = 35
; supertack_plate_temp_initial_layer = 35
; support_air_filtration = 0
; support_angle = 0
; support_base_pattern = rectilinear
; support_base_pattern_spacing = 1
; support_bottom_interface_spacing = 0.5
; support_bottom_z_distance = 0.2
; support_chamber_temp_control = 0
; support_critical_regions_only = 0
; support_expansion = 0
; support_filament = 0
; support_flow_ratio = 1
; support_interface_bottom_layers = 2
; support_interface_filament = 0
; support_interface_flow_ratio = 1
; support_interface_loop_pattern = 0
; support_interface_not_for_body = 1
; support_interface_pattern = auto
; support_interface_spacing = 0.5
; support_interface_speed = 80
; support_interface_top_layers = 2
; support_ironing = 0
; support_ironing_flow = 10%
; support_ironing_pattern = rectilinear
; support_ironing_spacing = 0.1
; support_line_width = 0.42
; support_material_interface_fan_speed = -1
; support_mms = 1
; support_multi_bed_types = 1
; support_object_first_layer_gap = 0.2
; support_object_skip_flush = 0
; support_object_xy_distance = 0.35
; support_on_build_plate_only = 0
; support_parallel_printheads = 0
; support_remove_small_overhang = 1
; support_speed = 150
; support_style = default
; support_threshold_angle = 30
; support_threshold_overlap = 50%
; support_top_z_distance = 0.2
; support_type = tree(auto)
; support_wan_network = 1
; symmetric_infill_y_axis = 0
; temperature_vitrification = 45
; template_custom_gcode = 
; textured_cool_plate_temp = 40
; textured_cool_plate_temp_initial_layer = 40
; textured_plate_temp = 60
; textured_plate_temp_initial_layer = 60
; thick_bridges = 0
; thick_internal_bridges = 1
; thumbnails = 144x144/PNG
; thumbnails_format = PNG
; time_cost = 0
; time_lapse_gcode = 
; timelapse_type = 0
; tool_change_on_wipe_tower = 0
; top_bottom_infill_wall_overlap = 5%
; top_shell_layers = 5
; top_shell_thickness = 0.9
; top_solid_infill_flow_ratio = 1.09
; top_surface_acceleration = 1500
; top_surface_density = 100%
; top_surface_filament_id = 0
; top_surface_jerk = 9
; top_surface_line_width = 0.42
; top_surface_pattern = monotonic
; top_surface_speed = 200
; travel_acceleration = 0
; travel_jerk = 12
; travel_slope = 3
; travel_speed = 500
; travel_speed_z = 0
; tree_support_angle_slow = 30
; tree_support_auto_brim = 1
; tree_support_branch_angle = 45
; tree_support_branch_angle_organic = 45
; tree_support_branch_diameter = 2
; tree_support_branch_diameter_angle = 5
; tree_support_branch_diameter_organic = 2
; tree_support_branch_distance = 5
; tree_support_branch_distance_organic = 2
; tree_support_brim_width = 3
; tree_support_tip_diameter = 0.8
; tree_support_top_rate = 30%
; tree_support_wall_count = 0
; upward_compatible_machine = 
; use_3mf = 0
; use_firmware_retraction = 0
; use_relative_e_distances = 1
; volumetric_speed_coefficients = ""
; wall_direction = ccw
; wall_distribution_count = 1
; wall_generator = classic
; wall_loops = 2
; wall_maximum_deviation = 0.025
; wall_maximum_resolution = 0.5
; wall_sequence = inner wall/outer wall
; wall_transition_angle = 10
; wall_transition_filter_deviation = 25%
; wall_transition_length = 100%
; wipe = 1
; wipe_before_external_loop = 0
; wipe_distance = 1.2
; wipe_on_loops = 0
; wipe_speed = 100%
; wipe_tower_bridging = 10
; wipe_tower_cone_angle = 30
; wipe_tower_extra_flow = 100%
; wipe_tower_extra_rib_length = 0
; wipe_tower_extra_spacing = 100%
; wipe_tower_filament = 0
; wipe_tower_fillet_wall = 1
; wipe_tower_max_purge_speed = 90
; wipe_tower_no_sparse_layers = 0
; wipe_tower_rib_width = 8
; wipe_tower_rotation_angle = 0
; wipe_tower_type = type2
; wipe_tower_wall_type = rib
; wipe_tower_x = 15.000
; wipe_tower_x = 15
; wipe_tower_y = 220.000
; wipe_tower_y = 220
; wiping_volumes_extruders = 70,70,70,70,70,70,70,70,70,70
; wrapping_detection_gcode = 
; wrapping_detection_layers = 20
; wrapping_exclude_area = 
; xy_contour_compensation = 0
; xy_hole_compensation = 0
; z_hop = 0.4
; z_hop_types = Auto Lift
; z_offset = 0
; zaa_dont_alternate_fill_direction = 0
; zaa_enabled = 0
; zaa_min_z = 0.05
; zaa_minimize_perimeter_height = 35
; first_layer_bed_temperature = 60
; bed_shape = 0x0,256x0,256x256,0x256
; first_layer_temperature = 210
; first_layer_height = 0.200
; CONFIG_BLOCK_END


